trade_id,instrument,expiry,strike,cp,timestamp,hour,tau,index,price_btc,forward,future_sources,carry_extrapolated,reason,x,date,price_usd,market_call_fwd,regime
157589289,BTC-11JUN21-34000-P,2021-06-11,34000.0,P,1621842084746,7,0.04935043296549974,36875.43,0.0805,36928.29600447315,"[{""instrument"": ""BTC-24SEP21"", ""trade_seq"": 2008233, ""age_seconds"": 7.416}, {""instrument"": ""BTC-25JUN21"", ""trade_seq"": 4430099, ""age_seconds"": 1.495}, {""instrument"": ""BTC-31DEC21"", ""trade_seq"": 435667, ""age_seconds"": 817.128}]",False,,0.08261756195639935,2021-05-24,2968.472115,0.1596815655604275,shock
157592326,BTC-11JUN21-36000-P,2021-06-11,36000.0,P,1621842715488,7,0.049330432267884326,36782.08,0.103,36884.01037579786,"[{""instrument"": ""BTC-24SEP21"", ""trade_seq"": 2008408, ""age_seconds"": 1.671}, {""instrument"": ""BTC-25JUN21"", ""trade_seq"": 4430392, ""age_seconds"": 0.257}, {""instrument"": ""BTC-31DEC21"", ""trade_seq"": 435669, ""age_seconds"": 46.676}]",False,,0.02425919552965579,2021-05-24,3788.55424,0.1266826618957859,shock
157589240,BTC-11JUN21-38000-C,2021-06-11,38000.0,C,1621842083264,7,0.04935047995941147,36857.04,0.0995,36909.87966189729,"[{""instrument"": ""BTC-24SEP21"", ""trade_seq"": 2008233, ""age_seconds"": 5.934}, {""instrument"": ""BTC-25JUN21"", ""trade_seq"": 4430099, ""age_seconds"": 0.013}, {""instrument"": ""BTC-31DEC21"", ""trade_seq"": 435667, ""age_seconds"": 815.646}]",False,,-0.029106903001435484,2021-05-24,3667.2754800000002,0.09935755720671699,shock
157590107,BTC-24SEP21-32000-P,2021-09-24,32000.0,P,1621842243987,7,0.33701661634322677,36740.94,0.1855,37440.22052033449,"[{""instrument"": ""BTC-24SEP21"", ""trade_seq"": 2008254, ""age_seconds"": 137.775}, {""instrument"": ""BTC-25JUN21"", ""trade_seq"": 4430190, ""age_seconds"": 8.214}]",False,,0.157009638758518,2021-05-24,6815.44437,0.32733954875287685,shock
157591350,BTC-25JUN21-28000-P,2021-06-25,28000.0,P,1621842499313,7,0.08769345151572805,36576.6,0.056,36682.430091177106,"[{""instrument"": ""BTC-24SEP21"", ""trade_seq"": 2008397, ""age_seconds"": 46.102}, {""instrument"": ""BTC-25JUN21"", ""trade_seq"": 4430315, ""age_seconds"": 6.023}, {""instrument"": ""BTC-31DEC21"", ""trade_seq"": 435668, ""age_seconds"": 46.351}]",False,,0.27009338614115525,2021-05-24,2048.2896,0.29253022944513346,shock
157593932,BTC-25JUN21-32000-P,2021-06-25,32000.0,P,1621843109842,7,0.087674091768138,36679.04,0.0915,36763.917527550744,"[{""instrument"": ""BTC-24SEP21"", ""trade_seq"": 2008450, ""age_seconds"": 8.077}, {""instrument"": ""BTC-25JUN21"", ""trade_seq"": 4430586, ""age_seconds"": 7.976}, {""instrument"": ""BTC-31DEC21"", ""trade_seq"": 435672, ""age_seconds"": 374.054}]",False,,0.13878095939992938,2021-05-24,3356.13216,0.22087008767402463,shock
157593884,BTC-25JUN21-36000-P,2021-06-25,36000.0,P,1621843097385,7,0.08767448677701675,36654.5,0.1355,36724.083315069416,"[{""instrument"": ""BTC-24SEP21"", ""trade_seq"": 2008449, ""age_seconds"": 83.51}, {""instrument"": ""BTC-25JUN21"", ""trade_seq"": 4430585, ""age_seconds"": 12.134}, {""instrument"": ""BTC-31DEC21"", ""trade_seq"": 435672, ""age_seconds"": 361.597}]",False,,0.01991382250454264,2021-05-24,4966.68475,0.15496011203999904,shock
157594079,BTC-25JUN21-40000-C,2021-06-25,40000.0,C,1621843170910,7,0.08767215531456113,36755.07,0.112,36830.336600671486,"[{""instrument"": ""BTC-24SEP21"", ""trade_seq"": 2008452, ""age_seconds"": 46.009}, {""instrument"": ""BTC-25JUN21"", ""trade_seq"": 4430609, ""age_seconds"": 2.321}, {""instrument"": ""BTC-31DEC21"", ""trade_seq"": 435672, ""age_seconds"": 435.122}]",False,,-0.08255758439187016,2021-05-24,4116.56784,0.11177111642050393,shock
157578915,BTC-25JUN21-44000-C,2021-06-25,44000.0,C,1621839669439,7,0.08778318623160833,36274.95,0.074,36387.31701005357,"[{""instrument"": ""BTC-24SEP21"", ""trade_seq"": 2007564, ""age_seconds"": 2.027}, {""instrument"": ""BTC-25JUN21"", ""trade_seq"": 4429121, ""age_seconds"": 2.582}, {""instrument"": ""BTC-31DEC21"", ""trade_seq"": 435625, ""age_seconds"": 0.88}]",False,,-0.18996935378246052,2021-05-24,2684.3462999999997,0.07377148194955767,shock
157589367,BTC-25JUN21-48000-C,2021-06-25,48000.0,C,1621842088341,7,0.08770648335235921,36855.5,0.0495,36964.40109785054,"[{""instrument"": ""BTC-24SEP21"", ""trade_seq"": 2008252, ""age_seconds"": 0.847}, {""instrument"": ""BTC-25JUN21"", ""trade_seq"": 4430119, ""age_seconds"": 1.382}, {""instrument"": ""BTC-31DEC21"", ""trade_seq"": 435667, ""age_seconds"": 820.723}]",False,,-0.2612456939007532,2021-05-24,1824.34725,0.0493541676807009,shock
157582041,BTC-25JUN21-50000-C,2021-06-25,50000.0,C,1621840166854,7,0.08776741330542873,36617.33,0.04,36735.84369616686,"[{""instrument"": ""BTC-24SEP21"", ""trade_seq"": 2007747, ""age_seconds"": 6.82}, {""instrument"": ""BTC-25JUN21"", ""trade_seq"": 4429345, ""age_seconds"": 10.979}, {""instrument"": ""BTC-31DEC21"", ""trade_seq"": 435634, ""age_seconds"": 192.945}]",False,,-0.308270059526495,2021-05-24,1464.6932000000002,0.03987095579222619,shock
157585082,BTC-25MAR22-40000-C,2022-03-25,40000.0,C,1621841151194,7,0.8356814055682396,36407.22,0.377,38712.670110123436,"[{""instrument"": ""BTC-24SEP21"", ""trade_seq"": 2008010, ""age_seconds"": 86.161}, {""instrument"": ""BTC-25JUN21"", ""trade_seq"": 4429607, ""age_seconds"": 23.866}, {""instrument"": ""BTC-31DEC21"", ""trade_seq"": 435647, ""age_seconds"": 46.886}]",True,,-0.03271251463315725,2021-05-24,13725.52194,0.35454857288210534,shock
157593853,BTC-31DEC21-32000-P,2021-12-31,32000.0,P,1621843074138,7,0.6054834431126331,36660.46,0.228,38332.79639442449,"[{""instrument"": ""BTC-24SEP21"", ""trade_seq"": 2008449, ""age_seconds"": 60.263}, {""instrument"": ""BTC-25JUN21"", ""trade_seq"": 4430583, ""age_seconds"": 52.203}, {""instrument"": ""BTC-31DEC21"", ""trade_seq"": 435672, ""age_seconds"": 338.35}]",False,,0.18056992969534366,2021-05-24,8358.58488,0.38325879289519704,shock
157591647,BTC-4JUN21-28000-P,2021-06-04,28000.0,P,1621842575606,7,0.030156785705225772,36604.66,0.022,36638.52645758384,"[{""instrument"": ""BTC-24SEP21"", ""trade_seq"": 2008397, ""age_seconds"": 122.395}, {""instrument"": ""BTC-25JUN21"", ""trade_seq"": 4430331, ""age_seconds"": 1.86}, {""instrument"": ""BTC-31DEC21"", ""trade_seq"": 435668, ""age_seconds"": 122.644}]",False,,0.2688958120530096,2021-05-24,805.3025200000001,0.25775679020598413,shock
157593517,BTC-4JUN21-30000-P,2021-06-04,30000.0,P,1621842890986,7,0.030146785071029934,36789.99,0.0305,36822.13435795378,"[{""instrument"": ""BTC-24SEP21"", ""trade_seq"": 2008446, ""age_seconds"": 67.304}, {""instrument"": ""BTC-25JUN21"", ""trade_seq"": 4430537, ""age_seconds"": 0.978}, {""instrument"": ""BTC-31DEC21"", ""trade_seq"": 435672, ""age_seconds"": 155.198}]",False,,0.20490175981617748,2021-05-24,1122.094695,0.21574602318612696,shock
157593467,BTC-4JUN21-32000-P,2021-06-04,32000.0,P,1621842867408,7,0.030147532724505325,36770.77,0.044,36802.19779608614,"[{""instrument"": ""BTC-24SEP21"", ""trade_seq"": 2008446, ""age_seconds"": 43.726}, {""instrument"": ""BTC-25JUN21"", ""trade_seq"": 4430530, ""age_seconds"": 10.302}, {""instrument"": ""BTC-31DEC21"", ""trade_seq"": 435672, ""age_seconds"": 131.62}]",False,,0.13982166331156015,2021-05-24,1617.9138799999998,0.17444913783841764,shock
157583602,BTC-4JUN21-33000-P,2021-06-04,33000.0,P,1621840647239,7,0.03021793382166413,36423.5,0.053,36468.07461666709,"[{""instrument"": ""BTC-24SEP21"", ""trade_seq"": 2007794, ""age_seconds"": 8.084}, {""instrument"": ""BTC-25JUN21"", ""trade_seq"": 4429471, ""age_seconds"": 23.146}, {""instrument"": ""BTC-31DEC21"", ""trade_seq"": 435646, ""age_seconds"": 110.825}]",False,,0.09992964834016078,2021-05-24,1930.4455,0.14803414146245572,shock
157582016,BTC-4JUN21-34000-P,2021-06-04,34000.0,P,1621840156836,7,0.030233484398782345,36594.56,0.0605,36635.31600412594,"[{""instrument"": ""BTC-24SEP21"", ""trade_seq"": 2007746, ""age_seconds"": 9.305}, {""instrument"": ""BTC-25JUN21"", ""trade_seq"": 4429345, ""age_seconds"": 0.961}, {""instrument"": ""BTC-31DEC21"", ""trade_seq"": 435634, ""age_seconds"": 182.927}]",False,,0.07465216870241424,2021-05-24,2213.97088,0.13236645436823322,shock
157581380,BTC-4JUN21-35000-P,2021-06-04,35000.0,P,1621840040184,7,0.030237183409436832,36505.82,0.073,36546.53085530609,"[{""instrument"": ""BTC-24SEP21"", ""trade_seq"": 2007685, ""age_seconds"": 0.305}, {""instrument"": ""BTC-25JUN21"", ""trade_seq"": 4429308, ""age_seconds"": 38.292}, {""instrument"": ""BTC-31DEC21"", ""trade_seq"": 435634, ""age_seconds"": 66.275}]",False,,0.04323820516215132,2021-05-24,2664.9248599999996,0.115235444151456,shock
157591226,BTC-4JUN21-36000-P,2021-06-04,36000.0,P,1621842469216,7,0.030160159309994924,36554.75,0.0835,36592.97334549506,"[{""instrument"": ""BTC-24SEP21"", ""trade_seq"": 2008397, ""age_seconds"": 16.005}, {""instrument"": ""BTC-25JUN21"", ""trade_seq"": 4430304, ""age_seconds"": 0.07}, {""instrument"": ""BTC-31DEC21"", ""trade_seq"": 435668, ""age_seconds"": 16.254}]",False,,0.01633729842394961,2021-05-24,3052.321625,0.09961734828371992,shock
157594054,BTC-4JUN21-37000-C,2021-06-04,37000.0,C,1621843162505,7,0.030138175260020293,36741.3,0.0895,36754.65977873568,"[{""instrument"": ""BTC-24SEP21"", ""trade_seq"": 2008452, ""age_seconds"": 37.604}, {""instrument"": ""BTC-25JUN21"", ""trade_seq"": 4430600, ""age_seconds"": 10.468}, {""instrument"": ""BTC-31DEC21"", ""trade_seq"": 435672, ""age_seconds"": 426.717}]",False,,-0.006652898323110314,2021-05-24,3288.3463500000003,0.08946746806516395,shock
157586768,BTC-4JUN21-38000-C,2021-06-04,38000.0,C,1621841401487,7,0.03019401677447996,36260.72,0.071,36283.21168965956,"[{""instrument"": ""BTC-24SEP21"", ""trade_seq"": 2008082, ""age_seconds"": 18.978}, {""instrument"": ""BTC-25JUN21"", ""trade_seq"": 4429662, ""age_seconds"": 15.657}, {""instrument"": ""BTC-31DEC21"", ""trade_seq"": 435667, ""age_seconds"": 133.869}]",False,,-0.04623101332425648,2021-05-24,2574.5111199999997,0.07095598763473619,shock
157585069,BTC-4JUN21-39000-C,2021-06-04,39000.0,C,1621841133885,7,0.030202502378234398,36384.22,0.061,36411.24367978626,"[{""instrument"": ""BTC-24SEP21"", ""trade_seq"": 2008010, ""age_seconds"": 68.852}, {""instrument"": ""BTC-25JUN21"", ""trade_seq"": 4429607, ""age_seconds"": 6.557}, {""instrument"": ""BTC-31DEC21"", ""trade_seq"": 435647, ""age_seconds"": 29.577}]",False,,-0.0686840268825362,2021-05-24,2219.43742,0.06095472704856064,shock
157592565,BTC-4JUN21-40000-C,2021-06-04,40000.0,C,1621842732316,7,0.030151816463723998,36892.57,0.0545,36933.765346269436,"[{""instrument"": ""BTC-24SEP21"", ""trade_seq"": 2008414, ""age_seconds"": 1.986}, {""instrument"": ""BTC-25JUN21"", ""trade_seq"": 4430426, ""age_seconds"": 0.566}, {""instrument"": ""BTC-31DEC21"", ""trade_seq"": 435671, ""age_seconds"": 16.133}]",False,,-0.07975327143611503,2021-05-24,2010.645065,0.054439211549360454,shock
157588522,BTC-4JUN21-41000-C,2021-06-04,41000.0,C,1621841937982,7,0.03017700462962963,36700.0,0.0455,36730.516343752344,"[{""instrument"": ""BTC-24SEP21"", ""trade_seq"": 2008203, ""age_seconds"": 9.172}, {""instrument"": ""BTC-25JUN21"", ""trade_seq"": 4430059, ""age_seconds"": 7.35}, {""instrument"": ""BTC-31DEC21"", ""trade_seq"": 435667, ""age_seconds"": 670.364}]",False,,-0.10996414915089567,2021-05-24,1669.85,0.04546219781862751,shock
157581431,BTC-4JUN21-44000-C,2021-06-04,44000.0,C,1621840047952,7,0.030236937087772704,36551.1,0.0265,36591.86113323816,"[{""instrument"": ""BTC-24SEP21"", ""trade_seq"": 2007685, ""age_seconds"": 8.073}, {""instrument"": ""BTC-25JUN21"", ""trade_seq"": 4429308, ""age_seconds"": 46.06}, {""instrument"": ""BTC-31DEC21"", ""trade_seq"": 435634, ""age_seconds"": 74.043}]",False,,-0.1843637916483665,2021-05-24,968.6041499999999,0.02647048059329701,shock
157583025,BTC-4JUN21-45000-C,2021-06-04,45000.0,C,1621840431980,7,0.030224759639776763,36584.44,0.0215,36628.24167586182,"[{""instrument"": ""BTC-24SEP21"", ""trade_seq"": 2007762, ""age_seconds"": 5.229}, {""instrument"": ""BTC-25JUN21"", ""trade_seq"": 4429416, ""age_seconds"": 6.919}, {""instrument"": ""BTC-31DEC21"", ""trade_seq"": 435639, ""age_seconds"": 158.69}]",False,,-0.20584291642871844,2021-05-24,786.56546,0.02147428934647306,shock
157895377,BTC-11JUN21-28000-P,2021-06-11,28000.0,P,1621927198547,7,0.046651492040842214,39069.37,0.019,39066.43458624849,"[{""instrument"": ""BTC-24SEP21"", ""trade_seq"": 2022019, ""age_seconds"": 14.426}, {""instrument"": ""BTC-25JUN21"", ""trade_seq"": 4458687, ""age_seconds"": 14.419}, {""instrument"": ""BTC-31DEC21"", ""trade_seq"": 437804, ""age_seconds"": 690.883}]",False,,0.3330591376569145,2021-05-25,742.31803,0.3022736203422365,shock
157895433,BTC-11JUN21-30000-P,2021-06-11,30000.0,P,1621927261560,7,0.046649493911719936,39076.71,0.026,39073.77409150827,"[{""instrument"": ""BTC-24SEP21"", ""trade_seq"": 2022019, ""age_seconds"": 77.439}, {""instrument"": ""BTC-25JUN21"", ""trade_seq"": 4458687, ""age_seconds"": 77.432}, {""instrument"": ""BTC-31DEC21"", ""trade_seq"": 437804, ""age_seconds"": 753.896}]",False,,0.2642541209352766,2021-05-25,1015.9944599999999,0.25822354727953023,shock
157895878,BTC-11JUN21-32000-P,2021-06-11,32000.0,P,1621927480420,7,0.04664255390664637,38986.71,0.0355,38982.336055638705,"[{""instrument"": ""BTC-24SEP21"", ""trade_seq"": 2022058, ""age_seconds"": 33.106}, {""instrument"": ""BTC-25JUN21"", ""trade_seq"": 4458719, ""age_seconds"": 20.468}, {""instrument"": ""BTC-31DEC21"", ""trade_seq"": 437810, ""age_seconds"": 33.367}]",False,,0.1973727190796386,2021-05-25,1384.0282049999998,0.21461936628676026,shock
157892893,BTC-11JUN21-36000-P,2021-06-11,36000.0,P,1621926193132,7,0.04668337354134957,38917.07,0.0635,38912.803362796345,"[{""instrument"": ""BTC-24SEP21"", ""trade_seq"": 2021839, ""age_seconds"": 27.449}, {""instrument"": ""BTC-25JUN21"", ""trade_seq"": 4458415, ""age_seconds"": 14.788}, {""instrument"": ""BTC-31DEC21"", ""trade_seq"": 437802, ""age_seconds"": 60.094}]",False,,0.07780439330554759,2021-05-25,2471.233945,0.13836158905333198,shock
157896058,BTC-11JUN21-38000-P,2021-06-11,38000.0,P,1621927553255,7,0.04664024432394724,39085.09,0.0825,39084.267219359834,"[{""instrument"": ""BTC-24SEP21"", ""trade_seq"": 2022060, ""age_seconds"": 40.849}, {""instrument"": ""BTC-25JUN21"", ""trade_seq"": 4458743, ""age_seconds"": 3.31}, {""instrument"": ""BTC-31DEC21"", ""trade_seq"": 437811, ""age_seconds"": 2.369}]",False,,0.02813385338483654,2021-05-25,3224.519925,0.11024351870733139,shock
157898109,BTC-11JUN21-45000-C,2021-06-11,45000.0,C,1621928445777,7,0.0466119426369863,38779.53,0.038,38778.18886218182,"[{""instrument"": ""BTC-24SEP21"", ""trade_seq"": 2022189, ""age_seconds"": 64.27}, {""instrument"": ""BTC-25JUN21"", ""trade_seq"": 4458849, ""age_seconds"": 66.686}, {""instrument"": ""BTC-31DEC21"", ""trade_seq"": 437823, ""age_seconds"": 335.13}]",False,,-0.14880454392982578,2021-05-25,1473.62214,0.03800131422427365,shock
157896187,BTC-25JUN21-28000-P,2021-06-25,28000.0,P,1621927636996,7,0.08499375329781837,39024.55,0.0335,39016.40982464268,"[{""instrument"": ""BTC-24SEP21"", ""trade_seq"": 2022060, ""age_seconds"": 124.59}, {""instrument"": ""BTC-25JUN21"", ""trade_seq"": 4458753, ""age_seconds"": 8.98}, {""instrument"": ""BTC-31DEC21"", ""trade_seq"": 437813, ""age_seconds"": 35.499}]",False,,0.33177781219221264,2021-05-25,1307.322425,0.31586023175968997,shock
157900959,BTC-25JUN21-32000-P,2021-06-25,32000.0,P,1621929446474,7,0.08493637512683917,38970.0,0.055,38991.31493193847,"[{""instrument"": ""BTC-24SEP21"", ""trade_seq"": 2022319, ""age_seconds"": 4.403}, {""instrument"": ""BTC-25JUN21"", ""trade_seq"": 4459010, ""age_seconds"": 4.511}, {""instrument"": ""BTC-31DEC21"", ""trade_seq"": 437835, ""age_seconds"": 5.337}]",False,,0.19760302447705758,2021-05-25,2143.35,0.23427434924632673,shock
157894936,BTC-25JUN21-48000-C,2021-06-25,48000.0,C,1621927005227,7,0.08501378656139016,39160.44,0.0485,39160.59992077559,"[{""instrument"": ""BTC-24SEP21"", ""trade_seq"": 2022009, ""age_seconds"": 46.799}, {""instrument"": ""BTC-25JUN21"", ""trade_seq"": 4458579, ""age_seconds"": 9.304}, {""instrument"": ""BTC-31DEC21"", ""trade_seq"": 437804, ""age_seconds"": 497.563}]",False,,-0.20352987362912772,2021-05-25,1899.2813400000002,0.048499801939765184,shock
157897778,BTC-25JUN21-50000-C,2021-06-25,50000.0,C,1621928367616,7,0.0849705854895992,38764.46,0.0385,38782.15376233476,"[{""instrument"": ""BTC-24SEP21"", ""trade_seq"": 2022176, ""age_seconds"": 0.615}, {""instrument"": ""BTC-25JUN21"", ""trade_seq"": 4458829, ""age_seconds"": 99.057}, {""instrument"": ""BTC-31DEC21"", ""trade_seq"": 437823, ""age_seconds"": 256.969}]",False,,-0.25406281918947365,2021-05-25,1492.4317099999998,0.038482434965988147,shock
157892896,BTC-31DEC21-32000-P,2021-12-31,32000.0,P,1621926194044,7,0.6028477281836632,38917.25,0.1915,40727.981772570965,"[{""instrument"": ""BTC-24SEP21"", ""trade_seq"": 2021839, ""age_seconds"": 28.361}, {""instrument"": ""BTC-25JUN21"", ""trade_seq"": 4458415, ""age_seconds"": 15.7}, {""instrument"": ""BTC-31DEC21"", ""trade_seq"": 437802, ""age_seconds"": 61.006}]",False,,0.24117946625971917,2021-05-25,7452.653375,0.3972854642767525,shock
157896679,BTC-4JUN21-28000-P,2021-06-04,28000.0,P,1621927882840,7,0.027451711060375444,38847.68,0.0095,38838.38325098726,"[{""instrument"": ""BTC-24SEP21"", ""trade_seq"": 2022110, ""age_seconds"": 5.163}, {""instrument"": ""BTC-25JUN21"", ""trade_seq"": 4458779, ""age_seconds"": 6.127}, {""instrument"": ""BTC-31DEC21"", ""trade_seq"": 437816, ""age_seconds"": 3.875}]",False,,0.3272045065058251,2021-05-25,369.05296,0.2885659822284793,shock
157893580,BTC-4JUN21-37000-P,2021-06-04,37000.0,P,1621926441252,7,0.027497423515981737,38988.14,0.0525,38993.361938681315,"[{""instrument"": ""BTC-24SEP21"", ""trade_seq"": 2021946, ""age_seconds"": 63.333}, {""instrument"": ""BTC-25JUN21"", ""trade_seq"": 4458472, ""age_seconds"": 12.849}, {""instrument"": ""BTC-31DEC21"", ""trade_seq"": 437802, ""age_seconds"": 308.214}]",False,,0.052473512298138576,2021-05-25,2046.87735,0.10361351491145496,shock
157893698,BTC-4JUN21-38000-P,2021-06-04,38000.0,P,1621926482573,7,0.027496113235667176,39000.15,0.0635,38998.022521203864,"[{""instrument"": ""BTC-24SEP21"", ""trade_seq"": 2021973, ""age_seconds"": 8.067}, {""instrument"": ""BTC-25JUN21"", ""trade_seq"": 4458473, ""age_seconds"": 0.965}, {""instrument"": ""BTC-31DEC21"", ""trade_seq"": 437802, ""age_seconds"": 349.535}]",False,,0.025924780533223377,2021-05-25,2476.509525,0.0890950828164352,shock
157895708,BTC-4JUN21-40000-C,2021-06-04,40000.0,C,1621927389013,7,0.02746737021182141,38971.6,0.063,38968.23761046114,"[{""instrument"": ""BTC-24SEP21"", ""trade_seq"": 2022029, ""age_seconds"": 92.324}, {""instrument"": ""BTC-25JUN21"", ""trade_seq"": 4458708, ""age_seconds"": 46.793}, {""instrument"": ""BTC-31DEC21"", ""trade_seq"": 437809, ""age_seconds"": 46.717}]",False,,-0.026132560049216446,2021-05-25,2455.2108,0.06300543597950375,shock
157900374,BTC-4JUN21-41000-C,2021-06-04,41000.0,C,1621929240312,7,0.02740866590563166,38992.24,0.0525,39001.736946157806,"[{""instrument"": ""BTC-24SEP21"", ""trade_seq"": 2022295, ""age_seconds"": 27.128}, {""instrument"": ""BTC-25JUN21"", ""trade_seq"": 4458955, ""age_seconds"": 8.781}, {""instrument"": ""BTC-31DEC21"", ""trade_seq"": 437830, ""age_seconds"": 38.663}]",False,,-0.04996588448543841,2021-05-25,2047.0925999999997,0.052487216218755246,shock
157893082,BTC-4JUN21-42000-C,2021-06-04,42000.0,C,1621926281633,7,0.027502485001268392,38958.07,0.0425,38957.04482864429,"[{""instrument"": ""BTC-24SEP21"", ""trade_seq"": 2021877, ""age_seconds"": 4.562}, {""instrument"": ""BTC-25JUN21"", ""trade_seq"": 4458424, ""age_seconds"": 36.493}, {""instrument"": ""BTC-31DEC21"", ""trade_seq"": 437802, ""age_seconds"": 148.595}]",False,,-0.07520999380673289,2021-05-25,1655.717975,0.04250111840574174,shock
157894733,BTC-4JUN21-45000-C,2021-06-04,45000.0,C,1621926936499,7,0.02748171933663115,39169.53,0.025,39179.295136516455,"[{""instrument"": ""BTC-24SEP21"", ""trade_seq"": 2022006, ""age_seconds"": 17.095}, {""instrument"": ""BTC-25JUN21"", ""trade_seq"": 4458560, ""age_seconds"": 17.092}, {""instrument"": ""BTC-31DEC21"", ""trade_seq"": 437804, ""age_seconds"": 428.835}]",False,,-0.1385140678058394,2021-05-25,979.23825,0.02499376894321195,shock
157893797,BTC-4JUN21-48000-C,2021-06-04,48000.0,C,1621926521744,7,0.02749487113140538,38981.68,0.0135,38978.828430086134,"[{""instrument"": ""BTC-24SEP21"", ""trade_seq"": 2021979, ""age_seconds"": 1.274}, {""instrument"": ""BTC-25JUN21"", ""trade_seq"": 4458497, ""age_seconds"": 1.151}, {""instrument"": ""BTC-31DEC21"", ""trade_seq"": 437804, ""age_seconds"": 14.08}]",False,,-0.2081823729475212,2021-05-25,526.2526799999999,0.013500987618032343,shock
157894717,BTC-4JUN21-52000-C,2021-06-04,52000.0,C,1621926928357,7,0.027481977517757484,39158.84,0.0065,39168.60253352766,"[{""instrument"": ""BTC-24SEP21"", ""trade_seq"": 2022006, ""age_seconds"": 8.953}, {""instrument"": ""BTC-25JUN21"", ""trade_seq"": 4458560, ""age_seconds"": 8.95}, {""instrument"": ""BTC-31DEC21"", ""trade_seq"": 437804, ""age_seconds"": 420.693}]",False,,-0.2833682484988269,2021-05-25,254.53245999999996,0.00649837991493632,shock
157900649,BTC-4JUN21-55000-C,2021-06-04,55000.0,C,1621929334733,7,0.02740567183536276,38992.15,0.005,38996.42452474124,"[{""instrument"": ""BTC-24SEP21"", ""trade_seq"": 2022311, ""age_seconds"": 14.936}, {""instrument"": ""BTC-25JUN21"", ""trade_seq"": 4458993, ""age_seconds"": 22.941}, {""instrument"": ""BTC-31DEC21"", ""trade_seq"": 437834, ""age_seconds"": 17.483}]",False,,-0.3438632221583761,2021-05-25,194.96075000000002,0.0049994519337614495,shock
158180140,BTC-11JUN21-30000-P,2021-06-11,30000.0,P,1622013158143,7,0.04392573113267377,40407.52,0.023,40474.45666684197,"[{""instrument"": ""BTC-24SEP21"", ""trade_seq"": 2038537, ""age_seconds"": 1.676}, {""instrument"": ""BTC-25JUN21"", ""trade_seq"": 4484332, ""age_seconds"": 21.521}, {""instrument"": ""BTC-31DEC21"", ""trade_seq"": 441509, ""age_seconds"": 189.819}]",False,,0.29947369389154,2021-05-26,929.3729599999999,0.28175374213693577,shock
158184378,BTC-11JUN21-32000-P,2021-06-11,32000.0,P,1622015400191,7,0.04385463625697615,40452.46,0.027,40509.96135121724,"[{""instrument"": ""BTC-24SEP21"", ""trade_seq"": 2038979, ""age_seconds"": 1.963}, {""instrument"": ""BTC-25JUN21"", ""trade_seq"": 4484898, ""age_seconds"": 1.894}, {""instrument"": ""BTC-31DEC21"", ""trade_seq"": 441968, ""age_seconds"": 0.033}]",False,,0.2358120003590543,2021-05-26,1092.21642,0.23703250881844423,shock
158180000,BTC-11JUN21-36000-P,2021-06-11,36000.0,P,1622013106275,7,0.04392737585616439,40413.28,0.046,40479.54787432148,"[{""instrument"": ""BTC-24SEP21"", ""trade_seq"": 2038529, ""age_seconds"": 0.45}, {""instrument"": ""BTC-25JUN21"", ""trade_seq"": 4484280, ""age_seconds"": 0.255}, {""instrument"": ""BTC-31DEC21"", ""trade_seq"": 441509, ""age_seconds"": 137.951}]",False,,0.11727791734811335,2021-05-26,1859.0108799999998,0.1565866983989313,shock
158180208,BTC-11JUN21-38000-P,2021-06-11,38000.0,P,1622013195635,7,0.04392454226915271,40395.91,0.0625,40451.44383384787,"[{""instrument"": ""BTC-24SEP21"", ""trade_seq"": 2038541, ""age_seconds"": 1.177}, {""instrument"": ""BTC-25JUN21"", ""trade_seq"": 4484354, ""age_seconds"": 0.006}, {""instrument"": ""BTC-31DEC21"", ""trade_seq"": 441509, ""age_seconds"": 227.311}]",False,,0.06251617742657407,2021-05-26,2524.744375,0.12301633111755655,shock
158178267,BTC-11JUN21-42000-C,2021-06-11,42000.0,C,1622012607642,7,0.043943187404870625,40471.55,0.069,40529.48345388976,"[{""instrument"": ""BTC-24SEP21"", ""trade_seq"": 2038320, ""age_seconds"": 2.244}, {""instrument"": ""BTC-25JUN21"", ""trade_seq"": 4483946, ""age_seconds"": 2.12}, {""instrument"": ""BTC-31DEC21"", ""trade_seq"": 441475, ""age_seconds"": 2.69}]",False,,-0.035639922508729646,2021-05-26,2792.5369500000006,0.06890137036108686,shock
158178626,BTC-11JUN21-44000-C,2021-06-11,44000.0,C,1622012715180,7,0.04393977739726027,40459.46,0.0515,40524.40856635623,"[{""instrument"": ""BTC-24SEP21"", ""trade_seq"": 2038470, ""age_seconds"": 20.485}, {""instrument"": ""BTC-25JUN21"", ""trade_seq"": 4484062, ""age_seconds"": 2.284}, {""instrument"": ""BTC-31DEC21"", ""trade_seq"": 441478, ""age_seconds"": 98.867}]",False,,-0.08228516069404365,2021-05-26,2083.66219,0.051417460827050225,shock
158184413,BTC-11JUN21-45000-C,2021-06-11,45000.0,C,1622015410055,7,0.043854323471588026,40465.89,0.044,40520.59389133035,"[{""instrument"": ""BTC-24SEP21"", ""trade_seq"": 2038992, ""age_seconds"": 0.253}, {""instrument"": ""BTC-25JUN21"", ""trade_seq"": 4484906, ""age_seconds"": 0.184}, {""instrument"": ""BTC-31DEC21"", ""trade_seq"": 441968, ""age_seconds"": 9.897}]",False,,-0.10485215375167989,2021-05-26,1780.4991599999998,0.04394059881686358,shock
158179101,BTC-11JUN21-48000-C,2021-06-11,48000.0,C,1622012823557,7,0.04393634078513445,40416.15,0.0255,40484.12497716527,"[{""instrument"": ""BTC-24SEP21"", ""trade_seq"": 2038495, ""age_seconds"": 9.711}, {""instrument"": ""BTC-25JUN21"", ""trade_seq"": 4484152, ""age_seconds"": 0.972}, {""instrument"": ""BTC-31DEC21"", ""trade_seq"": 441491, ""age_seconds"": 14.105}]",False,,-0.17029108951048308,2021-05-26,1030.611825,0.025457184157526135,shock
158181766,BTC-11JUN21-50000-C,2021-06-11,50000.0,C,1622014203647,7,0.04389257841831557,40414.79,0.02,40473.70199520961,"[{""instrument"": ""BTC-24SEP21"", ""trade_seq"": 2038682, ""age_seconds"": 39.848}, {""instrument"": ""BTC-25JUN21"", ""trade_seq"": 4484591, ""age_seconds"": 5.299}, {""instrument"": ""BTC-31DEC21"", ""trade_seq"": 441652, ""age_seconds"": 22.116}]",False,,-0.21137057567553766,2021-05-26,808.2958,0.019970888753780624,shock
158184385,BTC-11JUN21-55000-C,2021-06-11,55000.0,C,1622015401509,7,0.043854594463470314,40450.82,0.0095,40506.0941412769,"[{""instrument"": ""BTC-24SEP21"", ""trade_seq"": 2038979, ""age_seconds"": 3.281}, {""instrument"": ""BTC-25JUN21"", ""trade_seq"": 4484899, ""age_seconds"": 0.067}, {""instrument"": ""BTC-31DEC21"", ""trade_seq"": 441968, ""age_seconds"": 1.351}]",False,,-0.30588074981572616,2021-05-26,384.28279,0.009487036411353336,shock
158185679,BTC-24SEP21-32000-P,2021-09-24,32000.0,P,1622015999664,7,0.3315068599695586,40532.94,0.123,41500.35116051373,"[{""instrument"": ""BTC-24SEP21"", ""trade_seq"": 2039168, ""age_seconds"": 47.971}, {""instrument"": ""BTC-25JUN21"", ""trade_seq"": 4485224, ""age_seconds"": 0.063}, {""instrument"": ""BTC-31DEC21"", ""trade_seq"": 442045, ""age_seconds"": 30.743}]",False,,0.2599659861002521,2021-05-26,4985.55162,0.34905494472771137,shock
158185668,BTC-24SEP21-48000-C,2021-09-24,48000.0,C,1622015985385,7,0.33150731275367834,40536.76,0.1865,41504.2623335358,"[{""instrument"": ""BTC-24SEP21"", ""trade_seq"": 2039168, ""age_seconds"": 33.692}, {""instrument"": ""BTC-25JUN21"", ""trade_seq"": 4485223, ""age_seconds"": 37.369}, {""instrument"": ""BTC-31DEC21"", ""trade_seq"": 442045, ""age_seconds"": 16.464}]",False,,-0.14540488211303587,2021-05-26,7560.10574,0.18215251434287918,shock
158184950,BTC-24SEP21-50000-C,2021-09-24,50000.0,C,1622015704600,7,0.3315162163876205,40536.64,0.1705,41456.51984278001,"[{""instrument"": ""BTC-24SEP21"", ""trade_seq"": 2039035, ""age_seconds"": 21.385}, {""instrument"": ""BTC-25JUN21"", ""trade_seq"": 4485023, ""age_seconds"": 0.015}, {""instrument"": ""BTC-31DEC21"", ""trade_seq"": 442018, ""age_seconds"": 32.795}]",False,,-0.18737784205993752,2021-05-26,6911.49712,0.1667167708773242,shock
158184942,BTC-24SEP21-56000-C,2021-09-24,56000.0,C,1622015693275,7,0.3315165755010147,40535.79,0.1345,41455.65055411015,"[{""instrument"": ""BTC-24SEP21"", ""trade_seq"": 2039035, ""age_seconds"": 10.06}, {""instrument"": ""BTC-25JUN21"", ""trade_seq"": 4485020, ""age_seconds"": 0.615}, {""instrument"": ""BTC-31DEC21"", ""trade_seq"": 442018, ""age_seconds"": 21.47}]",False,,-0.30072749627092027,2021-05-26,5452.063755,0.13151557585337306,shock
158184859,BTC-25JUN21-32000-P,2021-06-25,32000.0,P,1622015607228,7,0.08220423554033485,40530.6,0.043,40623.71685714151,"[{""instrument"": ""BTC-24SEP21"", ""trade_seq"": 2039018, ""age_seconds"": 24.596}, {""instrument"": ""BTC-25JUN21"", ""trade_seq"": 4484992, ""age_seconds"": 58.133}, {""instrument"": ""BTC-31DEC21"", ""trade_seq"": 442016, ""age_seconds"": 37.99}]",False,,0.23861615229637845,2021-05-26,1742.8157999999999,0.25518424849200144,shock
158184111,BTC-25JUN21-36000-P,2021-06-25,36000.0,P,1622015321876,7,0.082213283992897,40420.48,0.0715,40525.245464191365,"[{""instrument"": ""BTC-24SEP21"", ""trade_seq"": 2038959, ""age_seconds"": 1.307}, {""instrument"": ""BTC-25JUN21"", ""trade_seq"": 4484879, ""age_seconds"": 1.175}, {""instrument"": ""BTC-31DEC21"", ""trade_seq"": 441890, ""age_seconds"": 1.298}]",False,,0.11840618625256287,2021-05-26,2890.06432,0.18298000910922618,shock
158183386,BTC-25JUN21-40000-P,2021-06-25,40000.0,P,1622014990976,7,0.08222377676306444,40515.09,0.111,40622.0,"[{""instrument"": ""BTC-24SEP21"", ""trade_seq"": 2038902, ""age_seconds"": 0.023}, {""instrument"": ""BTC-25JUN21"", ""trade_seq"": 4484764, ""age_seconds"": 0.052}, {""instrument"": ""BTC-31DEC21"", ""trade_seq"": 441801, ""age_seconds"": 169.685}]",False,,0.015430337655357593,2021-05-26,4497.1749899999995,0.12601976736743636,shock
158184492,BTC-25JUN21-44000-C,2021-06-25,44000.0,C,1622015430221,7,0.08220984839548452,40475.78,0.082,40574.33259079815,"[{""instrument"": ""BTC-24SEP21"", ""trade_seq"": 2038992, ""age_seconds"": 20.419}, {""instrument"": ""BTC-25JUN21"", ""trade_seq"": 4484909, ""age_seconds"": 2.691}, {""instrument"": ""BTC-31DEC21"", ""trade_seq"": 441995, ""age_seconds"": 0.35}]",False,,-0.08105396943173926,2021-05-26,3319.01396,0.08180082697781009,shock
158185378,BTC-25JUN21-48000-C,2021-06-25,48000.0,C,1622015780321,7,0.08219874679731101,40520.97,0.0525,40564.5,"[{""instrument"": ""BTC-24SEP21"", ""trade_seq"": 2039132, ""age_seconds"": 0.486}, {""instrument"": ""BTC-25JUN21"", ""trade_seq"": 4485141, ""age_seconds"": 0.013}, {""instrument"": ""BTC-31DEC21"", ""trade_seq"": 442023, ""age_seconds"": 0.207}]",False,,-0.1683077110335361,2021-05-26,2127.350925,0.052443661945790046,shock
158179846,BTC-25JUN21-50000-C,2021-06-25,50000.0,C,1622013065188,7,0.08228484309994927,40422.07,0.0425,40548.402812808235,"[{""instrument"": ""BTC-24SEP21"", ""trade_seq"": 2038525, ""age_seconds"": 8.013}, {""instrument"": ""BTC-25JUN21"", ""trade_seq"": 4484265, ""age_seconds"": 7.958}, {""instrument"": ""BTC-31DEC21"", ""trade_seq"": 441509, ""age_seconds"": 96.864}]",False,,-0.2095266137359638,2021-05-26,1717.937975,0.04236758678093595,shock
158184548,BTC-30JUL21-40000-P,2021-07-30,40000.0,P,1622015457040,7,0.17809940892947743,40482.07,0.1655,40897.81686980059,"[{""instrument"": ""BTC-24SEP21"", ""trade_seq"": 2038996, ""age_seconds"": 21.536}, {""instrument"": ""BTC-25JUN21"", ""trade_seq"": 4484909, ""age_seconds"": 29.51}, {""instrument"": ""BTC-31DEC21"", ""trade_seq"": 441995, ""age_seconds"": 27.169}]",False,,0.02219723024371352,2021-05-26,6699.782585,0.18577029377846194,shock
158184285,BTC-30JUL21-45000-C,2021-07-30,45000.0,C,1622015376636,7,0.1781019585235921,40442.1,0.1355,40882.92947597872,"[{""instrument"": ""BTC-24SEP21"", ""trade_seq"": 2038968, ""age_seconds"": 5.627}, {""instrument"": ""BTC-25JUN21"", ""trade_seq"": 4484890, ""age_seconds"": 5.624}, {""instrument"": ""BTC-31DEC21"", ""trade_seq"": 441926, ""age_seconds"": 6.875}]",False,,-0.095949886071053,2021-05-26,5479.90455,0.13403894046339773,shock
158184112,BTC-30JUL21-50000-C,2021-07-30,50000.0,C,1622015322631,7,0.17810367101090815,40418.47,0.0975,40836.45341214346,"[{""instrument"": ""BTC-24SEP21"", ""trade_seq"": 2038959, ""age_seconds"": 2.062}, {""instrument"": ""BTC-25JUN21"", ""trade_seq"": 4484879, ""age_seconds"": 1.93}, {""instrument"": ""BTC-31DEC21"", ""trade_seq"": 441890, ""age_seconds"": 2.053}]",False,,-0.20244785693726722,2021-05-26,3940.8008250000003,0.09650203422974366,shock
158182063,BTC-30JUL21-55000-C,2021-07-30,55000.0,C,1622014381683,7,0.1781335082762557,40488.61,0.071,40911.385442035054,"[{""instrument"": ""BTC-24SEP21"", ""trade_seq"": 2038725, ""age_seconds"": 66.638}, {""instrument"": ""BTC-25JUN21"", ""trade_seq"": 4484600, ""age_seconds"": 87.287}, {""instrument"": ""BTC-31DEC21"", ""trade_seq"": 441702, ""age_seconds"": 56.476}]",False,,-0.2959247882563026,2021-05-26,2874.6913099999997,0.07026629088552822,shock
158181137,BTC-31DEC21-40000-P,2021-12-31,40000.0,P,1622013580801,7,0.6000767122970574,40374.11,0.28,42380.47289199396,"[{""instrument"": ""BTC-24SEP21"", ""trade_seq"": 2038606, ""age_seconds"": 27.286}, {""instrument"": ""BTC-25JUN21"", ""trade_seq"": 4484524, ""age_seconds"": 4.931}, {""instrument"": ""BTC-31DEC21"", ""trade_seq"": 441591, ""age_seconds"": 38.763}]",True,,0.057808257040412675,2021-05-26,11304.750800000002,0.32291342588060695,shock
158180885,BTC-31DEC21-50000-C,2021-12-31,50000.0,C,1622013523935,7,0.6000785155060884,40379.73,0.257,42382.31947477329,"[{""instrument"": ""BTC-24SEP21"", ""trade_seq"": 2038599, ""age_seconds"": 0.767}, {""instrument"": ""BTC-25JUN21"", ""trade_seq"": 4484432, ""age_seconds"": 14.534}, {""instrument"": ""BTC-31DEC21"", ""trade_seq"": 441563, ""age_seconds"": 69.397}]",True,,-0.1652917236757064,2021-05-26,10377.590610000001,0.24485659913391306,shock
158180141,BTC-4JUN21-31000-P,2021-06-04,31000.0,P,1622013158826,7,0.024747627283105023,40406.12,0.012,40443.81699757423,"[{""instrument"": ""BTC-24SEP21"", ""trade_seq"": 2038537, ""age_seconds"": 2.359}, {""instrument"": ""BTC-25JUN21"", ""trade_seq"": 4484332, ""age_seconds"": 22.204}, {""instrument"": ""BTC-31DEC21"", ""trade_seq"": 441509, ""age_seconds"": 190.502}]",False,,0.26592657189879315,2021-05-26,484.87344,0.2454934072659299,shock
158181429,BTC-4JUN21-32000-P,2021-06-04,32000.0,P,1622013815259,7,0.024726811929223744,40422.6,0.014,40458.00533400942,"[{""instrument"": ""BTC-24SEP21"", ""trade_seq"": 2038653, ""age_seconds"": 53.833}, {""instrument"": ""BTC-25JUN21"", ""trade_seq"": 4484544, ""age_seconds"": 35.724}, {""instrument"": ""BTC-31DEC21"", ""trade_seq"": 441635, ""age_seconds"": 65.12}]",False,,0.23452862802142443,2021-05-26,565.9164,0.22304415799816546,shock
158179976,BTC-4JUN21-33000-P,2021-06-04,33000.0,P,1622013101569,7,0.024749442890664636,40413.14,0.016,40444.212525817136,"[{""instrument"": ""BTC-24SEP21"", ""trade_seq"": 2038528, ""age_seconds"": 11.667}, {""instrument"": ""BTC-25JUN21"", ""trade_seq"": 4484279, ""age_seconds"": 1.345}, {""instrument"": ""BTC-31DEC21"", ""trade_seq"": 441509, ""age_seconds"": 133.245}]",False,,0.2034159945658261,2021-05-26,646.61024,0.20004896276945547,shock
158177457,BTC-4JUN21-36000-P,2021-06-04,36000.0,P,1622012455097,7,0.02476994238330797,40574.22,0.027,40597.011576062716,"[{""instrument"": ""BTC-24SEP21"", ""trade_seq"": 2038148, ""age_seconds"": 3.357}, {""instrument"": ""BTC-25JUN21"", ""trade_seq"": 4483803, ""age_seconds"": 0.008}, {""instrument"": ""BTC-31DEC21"", ""trade_seq"": 441419, ""age_seconds"": 44.171}]",False,,0.12017551894156711,2021-05-26,1095.50394,0.14022006288313116,shock
158179997,BTC-4JUN21-38000-P,2021-06-04,38000.0,P,1622013106086,7,0.024749299657534245,40413.28,0.041,40450.602893193165,"[{""instrument"": ""BTC-24SEP21"", ""trade_seq"": 2038529, ""age_seconds"": 0.261}, {""instrument"": ""BTC-25JUN21"", ""trade_seq"": 4484280, ""age_seconds"": 0.066}, {""instrument"": ""BTC-31DEC21"", ""trade_seq"": 441509, ""age_seconds"": 137.762}]",False,,0.06249538831953041,2021-05-26,1656.94448,0.1015447750936826,shock
158182525,BTC-4JUN21-40000-P,2021-06-04,40000.0,P,1622014628708,7,0.024701017630644344,40566.4,0.059,40607.271662067535,"[{""instrument"": ""BTC-24SEP21"", ""trade_seq"": 2038784, ""age_seconds"": 13.851}, {""instrument"": ""BTC-25JUN21"", ""trade_seq"": 4484637, ""age_seconds"": 16.144}, {""instrument"": ""BTC-31DEC21"", ""trade_seq"": 441718, ""age_seconds"": 0.558}]",False,,0.015067701433401958,2021-05-26,2393.4175999999998,0.07389536748588224,shock
158179647,BTC-4JUN21-41000-C,2021-06-04,41000.0,C,1622012952851,7,0.02475415870750888,40370.88,0.059,40401.28794596846,"[{""instrument"": ""BTC-24SEP21"", ""trade_seq"": 2038510, ""age_seconds"": 70.286}, {""instrument"": ""BTC-25JUN21"", ""trade_seq"": 4484248, ""age_seconds"": 1.565}, {""instrument"": ""BTC-31DEC21"", ""trade_seq"": 441501, ""age_seconds"": 3.183}]",False,,-0.014710402394650554,2021-05-26,2381.88192,0.058955593771799084,shock
158180568,BTC-4JUN21-42000-C,2021-06-04,42000.0,C,1622013368463,7,0.024740979737442922,40499.04,0.051,40525.171956555794,"[{""instrument"": ""BTC-24SEP21"", ""trade_seq"": 2038571, ""age_seconds"": 2.475}, {""instrument"": ""BTC-25JUN21"", ""trade_seq"": 4484391, ""age_seconds"": 2.622}, {""instrument"": ""BTC-31DEC21"", ""trade_seq"": 441512, ""age_seconds"": 51.887}]",False,,-0.035746307449019715,2021-05-26,2065.45104,0.05096711353166436,shock
158181636,BTC-4JUN21-45000-C,2021-06-04,45000.0,C,1622014074475,7,0.024718592243784882,40401.88,0.027,40434.023466808314,"[{""instrument"": ""BTC-24SEP21"", ""trade_seq"": 2038671, ""age_seconds"": 26.809}, {""instrument"": ""BTC-25JUN21"", ""trade_seq"": 4484577, ""age_seconds"": 25.922}, {""instrument"": ""BTC-31DEC21"", ""trade_seq"": 441648, ""age_seconds"": 56.705}]",False,,-0.10699089420519413,2021-05-26,1090.8507599999998,0.02697853605628594,shock
158184225,BTC-4JUN21-50000-C,2021-06-04,50000.0,C,1622015369018,7,0.02467754255454084,40419.81,0.0085,40448.25610525307,"[{""instrument"": ""BTC-24SEP21"", ""trade_seq"": 2038964, ""age_seconds"": 1.745}, {""instrument"": ""BTC-25JUN21"", ""trade_seq"": 4484889, ""age_seconds"": 27.968}, {""instrument"": ""BTC-31DEC21"", ""trade_seq"": 441893, ""age_seconds"": 14.773}]",False,,-0.21199947520769266,2021-05-26,343.568385,0.008494022192353066,shock
219470294,BTC-1JUL22-15000-P,2022-07-01,15000.0,P,1655452559232,7,0.03836379908675799,21109.49,0.0185,21084.12055474169,"[{""instrument"": ""BTC-24JUN22"", ""trade_seq"": 1986173, ""age_seconds"": 0.049}, {""instrument"": ""BTC-30DEC22"", ""trade_seq"": 223492, ""age_seconds"": 1.23}, {""instrument"": ""BTC-30SEP22"", ""trade_seq"": 1091748, ""age_seconds"": 17.603}]",False,,0.3404699757050662,2022-06-17,390.52556500000003,0.3070863735070791,shock
219470438,BTC-1JUL22-15500-P,2022-07-01,15500.0,P,1655452569232,7,0.03836348198883815,21091.83,0.021,21063.494376428112,"[{""instrument"": ""BTC-24JUN22"", ""trade_seq"": 1986192, ""age_seconds"": 0.328}, {""instrument"": ""BTC-30DEC22"", ""trade_seq"": 223496, ""age_seconds"": 0.531}, {""instrument"": ""BTC-30SEP22"", ""trade_seq"": 1091753, ""age_seconds"": 0.554}]",False,,0.3067013938232832,2022-06-17,442.92843000000005,0.2851579466866535,shock
219470293,BTC-1JUL22-16000-P,2022-07-01,16000.0,P,1655452559216,7,0.038363799594114664,21109.49,0.0235,21084.12055474169,"[{""instrument"": ""BTC-24JUN22"", ""trade_seq"": 1986173, ""age_seconds"": 0.033}, {""instrument"": ""BTC-30DEC22"", ""trade_seq"": 223492, ""age_seconds"": 1.214}, {""instrument"": ""BTC-30SEP22"", ""trade_seq"": 1091748, ""age_seconds"": 17.587}]",False,,0.2759314545674951,2022-06-17,496.07301500000005,0.2646633306451447,shock
219457521,BTC-1JUL22-16500-P,2022-07-01,16500.0,P,1655450619227,7,0.03842531624175546,21059.38,0.0285,21053.857919159003,"[{""instrument"": ""BTC-24JUN22"", ""trade_seq"": 1984573, ""age_seconds"": 4.582}, {""instrument"": ""BTC-30DEC22"", ""trade_seq"": 222717, ""age_seconds"": 8.219}, {""instrument"": ""BTC-30SEP22"", ""trade_seq"": 1090974, ""age_seconds"": 4.198}]",False,,0.2437234364985264,2022-06-17,600.1923300000001,0.24480312676893382,shock
219462101,BTC-1JUL22-17500-P,2022-07-01,17500.0,P,1655451424177,7,0.03839979144469813,21045.6,0.035,21024.668647040828,"[{""instrument"": ""BTC-24JUN22"", ""trade_seq"": 1985165, ""age_seconds"": 1.34}, {""instrument"": ""BTC-30DEC22"", ""trade_seq"": 223079, ""age_seconds"": 1.276}, {""instrument"": ""BTC-30SEP22"", ""trade_seq"": 1091237, ""age_seconds"": 3.121}]",False,,0.18349556485485843,2022-06-17,736.596,0.2026792773088764,shock
219469787,BTC-1JUL22-18000-P,2022-07-01,18000.0,P,1655452483147,7,0.038366211726281074,21194.93,0.036,21173.297817095172,"[{""instrument"": ""BTC-24JUN22"", ""trade_seq"": 1986135, ""age_seconds"": 1.396}, {""instrument"": ""BTC-30DEC22"", ""trade_seq"": 223441, ""age_seconds"": 1.407}, {""instrument"": ""BTC-30SEP22"", ""trade_seq"": 1091713, ""age_seconds"": 9.362}]",False,,0.16236909296900381,2022-06-17,763.01748,0.18590940962994526,shock
219462103,BTC-1JUL22-18500-P,2022-07-01,18500.0,P,1655451424250,7,0.03839978912988331,21045.6,0.0445,21024.668647040828,"[{""instrument"": ""BTC-24JUN22"", ""trade_seq"": 1985165, ""age_seconds"": 1.413}, {""instrument"": ""BTC-30DEC22"", ""trade_seq"": 223079, ""age_seconds"": 1.349}, {""instrument"": ""BTC-30SEP22"", ""trade_seq"": 1091237, ""age_seconds"": 3.194}]",False,,0.1279257137000476,2022-06-17,936.5292,0.1646255598671698,shock
219462768,BTC-1JUL22-19000-P,2022-07-01,19000.0,P,1655451524311,7,0.03839661621638762,21038.25,0.0505,21009.524690357754,"[{""instrument"": ""BTC-24JUN22"", ""trade_seq"": 1985243, ""age_seconds"": 0.258}, {""instrument"": ""BTC-30DEC22"", ""trade_seq"": 223099, ""age_seconds"": 7.318}, {""instrument"": ""BTC-30SEP22"", ""trade_seq"": 1091279, ""age_seconds"": 3.024}]",False,,0.10053691241494285,2022-06-17,1062.4316250000002,0.14621731622360873,shock
219468630,BTC-1JUL22-19500-P,2022-07-01,19500.0,P,1655452374901,7,0.03836964418442415,21148.06,0.054,21125.277296582004,"[{""instrument"": ""BTC-24JUN22"", ""trade_seq"": 1985972, ""age_seconds"": 1.245}, {""instrument"": ""BTC-30DEC22"", ""trade_seq"": 223410, ""age_seconds"": 8.462}, {""instrument"": ""BTC-30SEP22"", ""trade_seq"": 1091619, ""age_seconds"": 1.188}]",False,,0.08005583405280553,2022-06-17,1141.99524,0.13099343017995504,shock
219468816,BTC-1JUL22-20000-P,2022-07-01,20000.0,P,1655452380747,7,0.03836945880898021,21182.47,0.0595,21186.23391768606,"[{""instrument"": ""BTC-24JUN22"", ""trade_seq"": 1986007, ""age_seconds"": 0.003}, {""instrument"": ""BTC-30DEC22"", ""trade_seq"": 223411, ""age_seconds"": 1.948}, {""instrument"": ""BTC-30SEP22"", ""trade_seq"": 1091629, ""age_seconds"": 0.014}]",False,,0.05761935370379818,2022-06-17,1260.356965,0.11548021664405714,shock
219468986,BTC-1JUL22-20500-P,2022-07-01,20500.0,P,1655452383688,7,0.03836936555048199,21233.27,0.067,21212.980448340368,"[{""instrument"": ""BTC-24JUN22"", ""trade_seq"": 1986014, ""age_seconds"": 0.757}, {""instrument"": ""BTC-30DEC22"", ""trade_seq"": 223411, ""age_seconds"": 4.889}, {""instrument"": ""BTC-30SEP22"", ""trade_seq"": 1091649, ""age_seconds"": 0.436}]",False,,0.034188393462513275,2022-06-17,1422.6290900000001,0.1006746573656249,shock
219468985,BTC-1JUL22-21000-P,2022-07-01,21000.0,P,1655452383680,7,0.038369365804160324,21233.27,0.076,21212.980448340368,"[{""instrument"": ""BTC-24JUN22"", ""trade_seq"": 1986014, ""age_seconds"": 0.749}, {""instrument"": ""BTC-30DEC22"", ""trade_seq"": 223411, ""age_seconds"": 4.881}, {""instrument"": ""BTC-30SEP22"", ""trade_seq"": 1091649, ""age_seconds"": 0.428}]",False,,0.010090841883452824,2022-06-17,1613.72852,0.08611279177807772,shock
219457400,BTC-1JUL22-22000-C,2022-07-01,22000.0,C,1655450613377,7,0.038425501744038554,21045.85,0.0575,21019.03220427537,"[{""instrument"": ""BTC-24JUN22"", ""trade_seq"": 1984568, ""age_seconds"": 3.029}, {""instrument"": ""BTC-30DEC22"", ""trade_seq"": 222717, ""age_seconds"": 2.369}, {""instrument"": ""BTC-30SEP22"", ""trade_seq"": 1090970, ""age_seconds"": 10.197}]",False,,-0.045614130630955874,2022-06-17,1210.136375,0.0575733631900451,shock
219470376,BTC-1JUL22-22500-C,2022-07-01,22500.0,C,1655452566830,7,0.038363558155758495,21097.96,0.045,21067.618997679776,"[{""instrument"": ""BTC-24JUN22"", ""trade_seq"": 1986185, ""age_seconds"": 4.842}, {""instrument"": ""BTC-30DEC22"", ""trade_seq"": 223494, ""age_seconds"": 6.498}, {""instrument"": ""BTC-30SEP22"", ""trade_seq"": 1091751, ""age_seconds"": 6.514}]",False,,-0.06577809216134883,2022-06-17,949.4082,0.04506480775566334,shock
219456544,BTC-1JUL22-23000-C,2022-07-01,23000.0,C,1655450530330,7,0.03842813514713343,20960.25,0.0365,20930.95662005033,"[{""instrument"": ""BTC-24JUN22"", ""trade_seq"": 1984470, ""age_seconds"": 1.697}, {""instrument"": ""BTC-30DEC22"", ""trade_seq"": 222685, ""age_seconds"": 4.892}, {""instrument"": ""BTC-30SEP22"", ""trade_seq"": 1090938, ""age_seconds"": 1.703}]",False,,-0.0942649748276911,2022-06-17,765.049125,0.036551082632656114,shock
219465004,BTC-1JUL22-23500-C,2022-07-01,23500.0,C,1655451864098,7,0.03838584164129883,21085.11,0.03,21070.84886613121,"[{""instrument"": ""BTC-24JUN22"", ""trade_seq"": 1985480, ""age_seconds"": 0.865}, {""instrument"": ""BTC-30DEC22"", ""trade_seq"": 223239, ""age_seconds"": 2.225}, {""instrument"": ""BTC-30SEP22"", ""trade_seq"": 1091418, ""age_seconds"": 0.531}]",False,,-0.10910990624183949,2022-06-17,632.5533,0.030020304545810273,shock
219469989,BTC-1JUL22-24000-C,2022-07-01,24000.0,C,1655452504948,7,0.03836552042110603,21166.62,0.0235,21144.294861077564,"[{""instrument"": ""BTC-24JUN22"", ""trade_seq"": 1986149, ""age_seconds"": 1.527}, {""instrument"": ""BTC-30DEC22"", ""trade_seq"": 223463, ""age_seconds"": 1.44}, {""instrument"": ""BTC-30SEP22"", ""trade_seq"": 1091742, ""age_seconds"": 1.549}]",False,,-0.12668370776495078,2022-06-17,497.41557,0.023524812402973203,shock
219469096,BTC-1JUL22-24500-C,2022-07-01,24500.0,C,1655452387223,7,0.038369253456367325,21225.69,0.019,21187.264356812153,"[{""instrument"": ""BTC-24JUN22"", ""trade_seq"": 1986046, ""age_seconds"": 0.064}, {""instrument"": ""BTC-30DEC22"", ""trade_seq"": 223415, ""age_seconds"": 2.843}, {""instrument"": ""BTC-30SEP22"", ""trade_seq"": 1091665, ""age_seconds"": 1.993}]",False,,-0.14527285427423628,2022-06-17,403.28810999999996,0.019034458777134874,shock
219469276,BTC-1JUL22-25000-C,2022-07-01,25000.0,C,1655452407069,7,0.03836862414383562,21184.71,0.0145,21163.05611099178,"[{""instrument"": ""BTC-24JUN22"", ""trade_seq"": 1986085, ""age_seconds"": 0.071}, {""instrument"": ""BTC-30DEC22"", ""trade_seq"": 223419, ""age_seconds"": 4.29}, {""instrument"": ""BTC-30SEP22"", ""trade_seq"": 1091692, ""age_seconds"": 0.046}]",False,,-0.16661879962110876,2022-06-17,307.178295,0.014514836297223449,shock
219468459,BTC-1JUL22-25500-C,2022-07-01,25500.0,C,1655452363907,7,0.03836999280187722,21135.03,0.011,21112.007081836753,"[{""instrument"": ""BTC-24JUN22"", ""trade_seq"": 1985943, ""age_seconds"": 0.756}, {""instrument"": ""BTC-30DEC22"", ""trade_seq"": 223407, ""age_seconds"": 16.522}, {""instrument"": ""BTC-30SEP22"", ""trade_seq"": 1091609, ""age_seconds"": 21.324}]",False,,-0.1888365175221125,2022-06-17,232.48532999999998,0.011011995642991877,shock
219470436,BTC-1JUL22-26000-C,2022-07-01,26000.0,C,1655452569203,7,0.03836348290842212,21091.83,0.008,21063.494376428112,"[{""instrument"": ""BTC-24JUN22"", ""trade_seq"": 1986192, ""age_seconds"": 0.299}, {""instrument"": ""BTC-30DEC22"", ""trade_seq"": 223496, ""age_seconds"": 0.502}, {""instrument"": ""BTC-30SEP22"", ""trade_seq"": 1091753, ""age_seconds"": 0.525}]",False,,-0.21055512027299786,2022-06-17,168.73464,0.008010761983957837,shock
219469583,BTC-1JUL22-27000-C,2022-07-01,27000.0,C,1655452443646,7,0.03836746429477423,21222.39,0.0055,21194.912581272645,"[{""instrument"": ""BTC-24JUN22"", ""trade_seq"": 1986118, ""age_seconds"": 1.758}, {""instrument"": ""BTC-30DEC22"", ""trade_seq"": 223425, ""age_seconds"": 24.624}, {""instrument"": ""BTC-30SEP22"", ""trade_seq"": 1091706, ""age_seconds"": 2.438}]",False,,-0.2420756857058685,2022-06-17,116.72314499999999,0.005507130286686531,shock
219451891,BTC-1JUL22-27500-C,2022-07-01,27500.0,C,1655449204456,7,0.03847017833587012,20868.68,0.004,20844.41364149163,"[{""instrument"": ""BTC-24JUN22"", ""trade_seq"": 1984073, ""age_seconds"": 0.317}, {""instrument"": ""BTC-30DEC22"", ""trade_seq"": 222094, ""age_seconds"": 0.306}, {""instrument"": ""BTC-30SEP22"", ""trade_seq"": 1090143, ""age_seconds"": 0.265}]",False,,-0.27710002319131244,2022-06-17,83.47472,0.004004656664164459,shock
219469819,BTC-1JUL22-28000-C,2022-07-01,28000.0,C,1655452486884,7,0.03836609322678843,21177.93,0.003,21151.050619863527,"[{""instrument"": ""BTC-24JUN22"", ""trade_seq"": 1986138, ""age_seconds"": 0.746}, {""instrument"": ""BTC-30DEC22"", ""trade_seq"": 223441, ""age_seconds"": 5.144}, {""instrument"": ""BTC-30SEP22"", ""trade_seq"": 1091718, ""age_seconds"": 1.407}]",False,,-0.2805149312186248,2022-06-17,63.53379,0.00300381248864932,shock
219462017,BTC-1JUL22-30000-C,2022-07-01,30000.0,C,1655451417854,7,0.038399991945712836,21027.91,0.002,20999.480985246544,"[{""instrument"": ""BTC-24JUN22"", ""trade_seq"": 1985156, ""age_seconds"": 11.842}, {""instrument"": ""BTC-30DEC22"", ""trade_seq"": 223072, ""age_seconds"": 25.324}, {""instrument"": ""BTC-30SEP22"", ""trade_seq"": 1091233, ""age_seconds"": 17.804}]",False,,-0.35669965923241254,2022-06-17,42.05582,0.0020027075921327225,shock
219472701,BTC-24JUN22-15000-P,2022-06-24,15000.0,P,1655452765198,7,0.01917918575596144,21063.79,0.0105,21027.859889349933,"[{""instrument"": ""BTC-24JUN22"", ""trade_seq"": 1986342, ""age_seconds"": 6.633}, {""instrument"": ""BTC-30DEC22"", ""trade_seq"": 223558, ""age_seconds"": 27.833}, {""instrument"": ""BTC-30SEP22"", ""trade_seq"": 1091834, ""age_seconds"": 6.714}]",False,,0.33779801878114474,2022-06-17,221.16979500000002,0.2971785867526588,shock
219469294,BTC-24JUN22-17000-P,2022-06-24,17000.0,P,1655452410399,7,0.01919043635844749,21189.94,0.017,21157.859454977395,"[{""instrument"": ""BTC-24JUN22"", ""trade_seq"": 1986086, ""age_seconds"": 2.394}, {""instrument"": ""BTC-30DEC22"", ""trade_seq"": 223419, ""age_seconds"": 7.62}, {""instrument"": ""BTC-30SEP22"", ""trade_seq"": 1091693, ""age_seconds"": 2.607}]",False,,0.21879809784415455,2022-06-17,360.22898,0.21354184928733483,shock
219469295,BTC-24JUN22-17500-P,2022-06-24,17500.0,P,1655452410449,7,0.019190434772957888,21189.94,0.0195,21157.859454977395,"[{""instrument"": ""BTC-24JUN22"", ""trade_seq"": 1986086, ""age_seconds"": 2.444}, {""instrument"": ""BTC-30DEC22"", ""trade_seq"": 223419, ""age_seconds"": 7.67}, {""instrument"": ""BTC-30SEP22"", ""trade_seq"": 1091693, ""age_seconds"": 2.657}]",False,,0.18981056097090218,2022-06-17,413.20383,0.19241375970193786,shock
219468604,BTC-24JUN22-18000-P,2022-06-24,18000.0,P,1655452373935,7,0.019191592624302384,21135.79,0.023,21106.0,"[{""instrument"": ""BTC-24JUN22"", ""trade_seq"": 1985972, ""age_seconds"": 0.279}, {""instrument"": ""BTC-30DEC22"", ""trade_seq"": 223410, ""age_seconds"": 7.496}, {""instrument"": ""BTC-30SEP22"", ""trade_seq"": 1091619, ""age_seconds"": 0.222}]",False,,0.15918560235273377,2022-06-17,486.12317,0.1701944077513503,shock
219472800,BTC-24JUN22-19000-P,2022-06-24,19000.0,P,1655452784259,7,0.01917858133561644,21066.03,0.031,21041.067463055882,"[{""instrument"": ""BTC-24JUN22"", ""trade_seq"": 1986345, ""age_seconds"": 2.895}, {""instrument"": ""BTC-30DEC22"", ""trade_seq"": 223559, ""age_seconds"": 6.789}, {""instrument"": ""BTC-30SEP22"", ""trade_seq"": 1091834, ""age_seconds"": 25.775}]",False,,0.10203714235221145,2022-06-17,653.04693,0.12804076588729327,shock
219467169,BTC-24JUN22-19500-P,2022-06-24,19500.0,P,1655452195617,7,0.019197247050989345,21111.96,0.037,21081.985092026807,"[{""instrument"": ""BTC-24JUN22"", ""trade_seq"": 1985705, ""age_seconds"": 8.727}, {""instrument"": ""BTC-30DEC22"", ""trade_seq"": 223360, ""age_seconds"": 2.473}, {""instrument"": ""BTC-30SEP22"", ""trade_seq"": 1091511, ""age_seconds"": 2.55}]",False,,0.07800442312078303,2022-06-17,781.1425199999999,0.11209227222727433,shock
219471642,BTC-24JUN22-20000-P,2022-06-24,20000.0,P,1655452617028,7,0.019183884195839673,21071.89,0.0435,21041.144674400897,"[{""instrument"": ""BTC-24JUN22"", ""trade_seq"": 1986243, ""age_seconds"": 2.31}, {""instrument"": ""BTC-30DEC22"", ""trade_seq"": 223514, ""age_seconds"": 3.022}, {""instrument"": ""BTC-30SEP22"", ""trade_seq"": 1091803, ""age_seconds"": 3.07}]",False,,0.05074751751248612,2022-06-17,916.6272149999999,0.09304493266389462,shock
219472372,BTC-24JUN22-20500-P,2022-06-24,20500.0,P,1655452716289,7,0.019180736650177575,21067.87,0.0505,21040.85569163489,"[{""instrument"": ""BTC-24JUN22"", ""trade_seq"": 1986320, ""age_seconds"": 10.771}, {""instrument"": ""BTC-30DEC22"", ""trade_seq"": 223547, ""age_seconds"": 1.874}, {""instrument"": ""BTC-30SEP22"", ""trade_seq"": 1091820, ""age_seconds"": 33.595}]",False,,0.02604117065266446,2022-06-17,1063.927435,0.07626986041603319,shock
219472902,BTC-24JUN22-21000-P,2022-06-24,21000.0,P,1655452796379,7,0.019178197012937596,21065.14,0.06,21034.961489933154,"[{""instrument"": ""BTC-24JUN22"", ""trade_seq"": 1986346, ""age_seconds"": 3.257}, {""instrument"": ""BTC-30DEC22"", ""trade_seq"": 223559, ""age_seconds"": 18.909}, {""instrument"": ""BTC-30SEP22"", ""trade_seq"": 1091834, ""age_seconds"": 37.895}]",False,,0.0016634485559474468,2022-06-17,1263.9084,0.06174814679621654,shock
219463436,BTC-24JUN22-21500-C,2022-06-24,21500.0,C,1655451644984,7,0.01921470750887874,21043.77,0.049,21003.79989576692,"[{""instrument"": ""BTC-24JUN22"", ""trade_seq"": 1985307, ""age_seconds"": 1.466}, {""instrument"": ""BTC-30DEC22"", ""trade_seq"": 223144, ""age_seconds"": 1.393}, {""instrument"": ""BTC-30SEP22"", ""trade_seq"": 1091316, ""age_seconds"": 0.073}]",False,,-0.023349566361731192,2022-06-17,1031.14473,0.049093246703793614,shock
219471164,BTC-24JUN22-22000-C,2022-06-24,22000.0,C,1655452603377,7,0.019184317066210047,21072.86,0.037,21049.62930548879,"[{""instrument"": ""BTC-24JUN22"", ""trade_seq"": 1986220, ""age_seconds"": 0.955}, {""instrument"": ""BTC-30DEC22"", ""trade_seq"": 223506, ""age_seconds"": 0.06}, {""instrument"": ""BTC-30SEP22"", ""trade_seq"": 1091778, ""age_seconds"": 0.058}]",False,,-0.04415950357554296,2022-06-17,779.69582,0.03704083376882512,shock
219465019,BTC-24JUN22-22500-C,2022-06-24,22500.0,C,1655451867816,7,0.019207641552511416,21089.47,0.028,21061.5,"[{""instrument"": ""BTC-24JUN22"", ""trade_seq"": 1985481, ""age_seconds"": 0.526}, {""instrument"": ""BTC-30DEC22"", ""trade_seq"": 223240, ""age_seconds"": 0.521}, {""instrument"": ""BTC-30SEP22"", ""trade_seq"": 1091419, ""age_seconds"": 0.301}]",False,,-0.06606857996970483,2022-06-17,590.50516,0.028037184436056312,shock
219468890,BTC-24JUN22-23000-C,2022-06-24,23000.0,C,1655452381514,7,0.01919135229578894,21182.47,0.021,21208.0,"[{""instrument"": ""BTC-24JUN22"", ""trade_seq"": 1986012, ""age_seconds"": 0.386}, {""instrument"": ""BTC-30DEC22"", ""trade_seq"": 223411, ""age_seconds"": 2.715}, {""instrument"": ""BTC-30SEP22"", ""trade_seq"": 1091632, ""age_seconds"": 0.015}]",False,,-0.08111574694242529,2022-06-17,444.83187000000004,0.020974720388532632,shock
219470615,BTC-24JUN22-24000-C,2022-06-24,24000.0,C,1655452590982,7,0.019184710109081685,21073.62,0.009,21040.15974595534,"[{""instrument"": ""BTC-24JUN22"", ""trade_seq"": 1986197, ""age_seconds"": 14.151}, {""instrument"": ""BTC-30DEC22"", ""trade_seq"": 223505, ""age_seconds"": 7.791}, {""instrument"": ""BTC-30SEP22"", ""trade_seq"": 1091764, ""age_seconds"": 2.847}]",False,,-0.13162085001888754,2022-06-17,189.66257999999996,0.009014312737642582,shock
219470284,BTC-24JUN22-25000-C,2022-06-24,25000.0,C,1655452556664,7,0.019185798325722984,21111.81,0.004,21082.351125420213,"[{""instrument"": ""BTC-24JUN22"", ""trade_seq"": 1986171, ""age_seconds"": 1.311}, {""instrument"": ""BTC-30DEC22"", ""trade_seq"": 223491, ""age_seconds"": 4.322}, {""instrument"": ""BTC-30SEP22"", ""trade_seq"": 1091748, ""age_seconds"": 15.035}]",False,,-0.17043957395047657,2022-06-17,84.44724000000001,0.004005589295881571,shock
219456915,BTC-24JUN22-26000-C,2022-06-24,26000.0,C,1655450586632,7,0.019248267630644345,21010.47,0.002,20997.0,"[{""instrument"": ""BTC-24JUN22"", ""trade_seq"": 1984502, ""age_seconds"": 0.035}, {""instrument"": ""BTC-30DEC22"", ""trade_seq"": 222694, ""age_seconds"": 4.37}, {""instrument"": ""BTC-30SEP22"", ""trade_seq"": 1090954, ""age_seconds"": 0.141}]",False,,-0.21371696764596973,2022-06-17,42.02094,0.002001283040434348,shock
219460331,BTC-24JUN22-29000-C,2022-06-24,29000.0,C,1655451101477,7,0.019231942002790464,21052.36,0.001,21032.999540183147,"[{""instrument"": ""BTC-24JUN22"", ""trade_seq"": 1984959, ""age_seconds"": 2.754}, {""instrument"": ""BTC-30DEC22"", ""trade_seq"": 222959, ""age_seconds"": 2.504}, {""instrument"": ""BTC-30SEP22"", ""trade_seq"": 1091101, ""age_seconds"": 3.895}]",False,,-0.3212032189552205,2022-06-17,21.05236,0.0010009204802092,shock
219460177,BTC-24JUN22-30000-C,2022-06-24,30000.0,C,1655451074596,7,0.01923279439370878,21072.84,0.0005,21048.17097164376,"[{""instrument"": ""BTC-24JUN22"", ""trade_seq"": 1984933, ""age_seconds"": 2.094}, {""instrument"": ""BTC-30DEC22"", ""trade_seq"": 222943, ""age_seconds"": 2.151}, {""instrument"": ""BTC-30SEP22"", ""trade_seq"": 1091100, ""age_seconds"": 18.683}]",False,,-0.3543837150170291,2022-06-17,10.53642,0.0005005860135873438,shock
219464667,BTC-26AUG22-15000-P,2022-08-26,15000.0,P,1655451817040,7,0.19181199137493657,21060.33,0.0585,21092.930775311303,"[{""instrument"": ""BTC-24JUN22"", ""trade_seq"": 1985441, ""age_seconds"": 5.517}, {""instrument"": ""BTC-30DEC22"", ""trade_seq"": 223225, ""age_seconds"": 5.201}, {""instrument"": ""BTC-30SEP22"", ""trade_seq"": 1091398, ""age_seconds"": 5.798}]",False,,0.3408877488978298,2022-06-17,1232.0293050000002,0.3472708538390961,shock
219466735,BTC-26AUG22-16000-P,2022-08-26,16000.0,P,1655452112818,7,0.1918026123160832,21065.68,0.069,21088.446838653195,"[{""instrument"": ""BTC-24JUN22"", ""trade_seq"": 1985670, ""age_seconds"": 0.581}, {""instrument"": ""BTC-30DEC22"", ""trade_seq"": 223333, ""age_seconds"": 0.585}, {""instrument"": ""BTC-30SEP22"", ""trade_seq"": 1091489, ""age_seconds"": 0.56}]",False,,0.27613662509393344,2022-06-17,1453.5319200000001,0.31021624345811694,shock
219472182,BTC-26AUG22-17000-P,2022-08-26,17000.0,P,1655452682538,7,0.19178454661339422,21063.73,0.08,21089.24542408854,"[{""instrument"": ""BTC-24JUN22"", ""trade_seq"": 1986310, ""age_seconds"": 0.012}, {""instrument"": ""BTC-30DEC22"", ""trade_seq"": 223538, ""age_seconds"": 0.019}, {""instrument"": ""BTC-30SEP22"", ""trade_seq"": 1091815, ""age_seconds"": 0.01}]",False,,0.21554987094605052,2022-06-17,1685.0984,0.2738051413396221,shock
219457538,BTC-26AUG22-19000-P,2022-08-26,19000.0,P,1655450622708,7,0.19184986339421614,21070.09,0.114,21122.033394690552,"[{""instrument"": ""BTC-24JUN22"", ""trade_seq"": 1984573, ""age_seconds"": 8.063}, {""instrument"": ""BTC-30DEC22"", ""trade_seq"": 222717, ""age_seconds"": 11.7}, {""instrument"": ""BTC-30SEP22"", ""trade_seq"": 1090974, ""age_seconds"": 7.679}]",False,,0.10587775319487251,2022-06-17,2401.99026,0.21418504412684797,shock
219460063,BTC-26AUG22-20000-P,2022-08-26,20000.0,P,1655451049866,7,0.1918363183028919,21081.09,0.133,21116.691820252123,"[{""instrument"": ""BTC-24JUN22"", ""trade_seq"": 1984916, ""age_seconds"": 4.23}, {""instrument"": ""BTC-30DEC22"", ""trade_seq"": 222926, ""age_seconds"": 7.793}, {""instrument"": ""BTC-30SEP22"", ""trade_seq"": 1091098, ""age_seconds"": 21.491}]",False,,0.05433153571649843,2022-06-17,2803.78497,0.18565771682532958,shock
219457498,BTC-26AUG22-21000-P,2022-08-26,21000.0,P,1655450615884,7,0.19185007978183663,21055.49,0.156,21107.397401794344,"[{""instrument"": ""BTC-24JUN22"", ""trade_seq"": 1984573, ""age_seconds"": 1.239}, {""instrument"": ""BTC-30DEC22"", ""trade_seq"": 222717, ""age_seconds"": 4.876}, {""instrument"": ""BTC-30SEP22"", ""trade_seq"": 1090974, ""age_seconds"": 0.855}]",False,,0.005101129079833256,2022-06-17,3284.65644,0.16070450454995383,shock
219466859,BTC-26AUG22-24000-C,2022-08-26,24000.0,C,1655452140428,7,0.19180173680872653,21077.66,0.0925,21111.585889407394,"[{""instrument"": ""BTC-24JUN22"", ""trade_seq"": 1985677, ""age_seconds"": 3.177}, {""instrument"": ""BTC-30DEC22"", ""trade_seq"": 223336, ""age_seconds"": 0.82}, {""instrument"": ""BTC-30SEP22"", ""trade_seq"": 1091496, ""age_seconds"": 27.557}]",False,,-0.12823184627831882,2022-06-17,1949.68355,0.09235135438016721,shock
219466860,BTC-26AUG22-25000-C,2022-08-26,25000.0,C,1655452140431,7,0.19180173671359715,21077.66,0.0765,21111.585889407394,"[{""instrument"": ""BTC-24JUN22"", ""trade_seq"": 1985677, ""age_seconds"": 3.18}, {""instrument"": ""BTC-30DEC22"", ""trade_seq"": 223336, ""age_seconds"": 0.823}, {""instrument"": ""BTC-30SEP22"", ""trade_seq"": 1091496, ""age_seconds"": 27.56}]",False,,-0.16905384079857397,2022-06-17,1612.44099,0.07637706605494911,shock
219466870,BTC-26AUG22-26000-C,2022-08-26,26000.0,C,1655452141052,7,0.19180171702181634,21074.85,0.063,21108.77136652633,"[{""instrument"": ""BTC-24JUN22"", ""trade_seq"": 1985677, ""age_seconds"": 3.801}, {""instrument"": ""BTC-30DEC22"", ""trade_seq"": 223336, ""age_seconds"": 1.444}, {""instrument"": ""BTC-30SEP22"", ""trade_seq"": 1091496, ""age_seconds"": 28.181}]",False,,-0.20840787934596192,2022-06-17,1327.71555,0.06289876028054633,shock
219466325,BTC-26AUG22-28000-C,2022-08-26,28000.0,C,1655452054509,7,0.191804461282344,21102.07,0.043,21139.24557997788,"[{""instrument"": ""BTC-24JUN22"", ""trade_seq"": 1985609, ""age_seconds"": 0.517}, {""instrument"": ""BTC-30DEC22"", ""trade_seq"": 223322, ""age_seconds"": 0.076}, {""instrument"": ""BTC-30SEP22"", ""trade_seq"": 1091475, ""age_seconds"": 4.324}]",False,,-0.28107321722052375,2022-06-17,907.3890099999999,0.042924379991092824,shock
219468473,BTC-26AUG22-30000-C,2022-08-26,30000.0,C,1655452365137,7,0.19179461133307965,21137.89,0.0275,21170.89735021232,"[{""instrument"": ""BTC-24JUN22"", ""trade_seq"": 1985943, ""age_seconds"": 1.986}, {""instrument"": ""BTC-30DEC22"", ""trade_seq"": 223407, ""age_seconds"": 17.752}, {""instrument"": ""BTC-30SEP22"", ""trade_seq"": 1091609, ""age_seconds"": 22.554}]",False,,-0.34856990959074785,2022-06-17,581.291975,0.027457125004395257,shock
219469453,BTC-29JUL22-15000-P,2022-07-29,15000.0,P,1655452429398,7,0.1150802448630137,21224.66,0.0405,21257.866275232667,"[{""instrument"": ""BTC-24JUN22"", ""trade_seq"": 1986109, ""age_seconds"": 6.958}, {""instrument"": ""BTC-30DEC22"", ""trade_seq"": 223425, ""age_seconds"": 10.376}, {""instrument"": ""BTC-30SEP22"", ""trade_seq"": 1091697, ""age_seconds"": 12.536}]",False,,0.3486768034273784,2022-06-17,859.59873,0.33481558840762665,shock
219464760,BTC-29JUL22-16000-P,2022-07-29,16000.0,P,1655451838950,7,0.11509896784627092,21065.31,0.0525,21067.08562954875,"[{""instrument"": ""BTC-24JUN22"", ""trade_seq"": 1985448, ""age_seconds"": 7.418}, {""instrument"": ""BTC-30DEC22"", ""trade_seq"": 223230, ""age_seconds"": 15.98}, {""instrument"": ""BTC-30SEP22"", ""trade_seq"": 1091398, ""age_seconds"": 27.708}]",False,,0.27512317752574744,2022-06-17,1105.928775,0.29301700828948374,shock
219457835,BTC-29JUL22-17000-P,2022-07-29,17000.0,P,1655450656651,7,0.11513645830162354,21063.16,0.0665,21071.979324314358,"[{""instrument"": ""BTC-24JUN22"", ""trade_seq"": 1984623, ""age_seconds"": 4.087}, {""instrument"": ""BTC-30DEC22"", ""trade_seq"": 222721, ""age_seconds"": 0.097}, {""instrument"": ""BTC-30SEP22"", ""trade_seq"": 1090991, ""age_seconds"": 4.05}]",False,,0.21473081975185673,2022-06-17,1400.7001400000001,0.2597135931127072,shock
219469959,BTC-29JUL22-18000-P,2022-07-29,18000.0,P,1655452502865,7,0.11507791523972602,21171.78,0.0725,21185.458107773797,"[{""instrument"": ""BTC-24JUN22"", ""trade_seq"": 1986148, ""age_seconds"": 0.627}, {""instrument"": ""BTC-30DEC22"", ""trade_seq"": 223449, ""age_seconds"": 0.629}, {""instrument"": ""BTC-30SEP22"", ""trade_seq"": 1091740, ""age_seconds"": 1.676}]",False,,0.16294325010592509,2022-06-17,1534.9540499999998,0.222813787351697,shock
219455525,BTC-29JUL22-19000-P,2022-07-29,19000.0,P,1655450239039,7,0.11514970069127346,20842.11,0.1005,20834.25372526811,"[{""instrument"": ""BTC-24JUN22"", ""trade_seq"": 1984418, ""age_seconds"": 2.935}, {""instrument"": ""BTC-30DEC22"", ""trade_seq"": 222547, ""age_seconds"": 9.759}, {""instrument"": ""BTC-30SEP22"", ""trade_seq"": 1090737, ""age_seconds"": 0.99}]",False,,0.09215946674481985,2022-06-17,2094.632055,0.18857818629246587,shock
219468681,BTC-29JUL22-20000-P,2022-07-29,20000.0,P,1655452378785,7,0.11508184979071537,21153.75,0.1035,21173.9062625453,"[{""instrument"": ""BTC-24JUN22"", ""trade_seq"": 1985996, ""age_seconds"": 0.007}, {""instrument"": ""BTC-30DEC22"", ""trade_seq"": 223410, ""age_seconds"": 12.346}, {""instrument"": ""BTC-30SEP22"", ""trade_seq"": 1091621, ""age_seconds"": 0.003}]",False,,0.05703731334999716,2022-06-17,2189.413125,0.15884265028105393,shock
219469860,BTC-29JUL22-22000-C,2022-07-29,22000.0,C,1655452490231,7,0.11507831586123794,21173.27,0.102,21169.941093385358,"[{""instrument"": ""BTC-24JUN22"", ""trade_seq"": 1986138, ""age_seconds"": 4.093}, {""instrument"": ""BTC-30DEC22"", ""trade_seq"": 223443, ""age_seconds"": 1.745}, {""instrument"": ""BTC-30SEP22"", ""trade_seq"": 1091729, ""age_seconds"": 0.147}]",False,,-0.03846015076688437,2022-06-17,2159.67354,0.10201603917900363,shock
219468636,BTC-29JUL22-23000-C,2022-07-29,23000.0,C,1655452376736,7,0.11508191476407914,21152.93,0.081,21158.270262324702,"[{""instrument"": ""BTC-24JUN22"", ""trade_seq"": 1985972, ""age_seconds"": 3.08}, {""instrument"": ""BTC-30DEC22"", ""trade_seq"": 223410, ""age_seconds"": 10.297}, {""instrument"": ""BTC-30SEP22"", ""trade_seq"": 1091619, ""age_seconds"": 3.023}]",False,,-0.0834633579172365,2022-06-17,1713.38733,0.08097955592574733,shock
219458824,BTC-29JUL22-24000-C,2022-07-29,24000.0,C,1655450802331,7,0.11513183881912735,21088.07,0.0655,21097.78020737378,"[{""instrument"": ""BTC-24JUN22"", ""trade_seq"": 1984756, ""age_seconds"": 11.694}, {""instrument"": ""BTC-30DEC22"", ""trade_seq"": 222831, ""age_seconds"": 7.914}, {""instrument"": ""BTC-30SEP22"", ""trade_seq"": 1091043, ""age_seconds"": 11.741}]",False,,-0.12888599884219598,2022-06-17,1381.268585,0.06546985376770774,shock
219457376,BTC-29JUL22-25000-C,2022-07-29,25000.0,C,1655450611780,7,0.11513788115169965,21045.3,0.0515,21045.157700088846,"[{""instrument"": ""BTC-24JUN22"", ""trade_seq"": 1984568, ""age_seconds"": 1.432}, {""instrument"": ""BTC-30DEC22"", ""trade_seq"": 222717, ""age_seconds"": 0.772}, {""instrument"": ""BTC-30SEP22"", ""trade_seq"": 1090970, ""age_seconds"": 8.6}]",False,,-0.17220532920313944,2022-06-17,1083.83295,0.051500348224780675,shock
219465881,BTC-29JUL22-26000-C,2022-07-29,26000.0,C,1655451975294,7,0.1150946444063927,21108.73,0.038,21119.540297829153,"[{""instrument"": ""BTC-24JUN22"", ""trade_seq"": 1985560, ""age_seconds"": 0.596}, {""instrument"": ""BTC-30DEC22"", ""trade_seq"": 223317, ""age_seconds"": 0.655}, {""instrument"": ""BTC-30SEP22"", ""trade_seq"": 1091470, ""age_seconds"": 0.574}]",False,,-0.20789784562157973,2022-06-17,802.1317399999999,0.037980549230157715,shock
219468472,BTC-29JUL22-27000-C,2022-07-29,27000.0,C,1655452365099,7,0.11508228377092847,21137.89,0.028,21142.862095649525,"[{""instrument"": ""BTC-24JUN22"", ""trade_seq"": 1985943, ""age_seconds"": 1.948}, {""instrument"": ""BTC-30DEC22"", ""trade_seq"": 223407, ""age_seconds"": 17.714}, {""instrument"": ""BTC-30SEP22"", ""trade_seq"": 1091609, ""age_seconds"": 22.516}]",False,,-0.24453450704186105,2022-06-17,591.86092,0.02799341533433095,shock
219469811,BTC-29JUL22-30000-C,2022-07-29,30000.0,C,1655452485453,7,0.11507846737062404,21182.37,0.0125,21186.38633384074,"[{""instrument"": ""BTC-24JUN22"", ""trade_seq"": 1986137, ""age_seconds"": 0.865}, {""instrument"": ""BTC-30DEC22"", ""trade_seq"": 223441, ""age_seconds"": 3.713}, {""instrument"": ""BTC-30SEP22"", ""trade_seq"": 1091716, ""age_seconds"": 1.904}]",False,,-0.34783856031753485,2022-06-17,264.779625,0.012497630356955728,shock
219455938,BTC-30DEC22-16000-P,2022-12-30,16000.0,P,1655450343669,7,0.5370641911149163,20889.45,0.114,21055.5,"[{""instrument"": ""BTC-24JUN22"", ""trade_seq"": 1984429, ""age_seconds"": 31.941}, {""instrument"": ""BTC-30DEC22"", ""trade_seq"": 222615, ""age_seconds"": 0.459}, {""instrument"": ""BTC-30SEP22"", ""trade_seq"": 1090809, ""age_seconds"": 0.094}]",False,,0.274573086420572,2022-06-17,2381.3973,0.3532044976371969,shock
219467602,BTC-30SEP22-15000-P,2022-09-30,15000.0,P,1655452256335,7,0.28768847238077117,21078.72,0.068,21146.0,"[{""instrument"": ""BTC-24JUN22"", ""trade_seq"": 1985798, ""age_seconds"": 5.473}, {""instrument"": ""BTC-30DEC22"", ""trade_seq"": 223377, ""age_seconds"": 1.281}, {""instrument"": ""BTC-30SEP22"", ""trade_seq"": 1091538, ""age_seconds"": 0.274}]",False,,0.3434005612081247,2022-06-17,1433.3529600000002,0.3584296301901068,shock
219457539,BTC-30SEP22-17000-P,2022-09-30,17000.0,P,1655450623482,7,0.2877402498097412,21071.18,0.099,21159.125211608858,"[{""instrument"": ""BTC-24JUN22"", ""trade_seq"": 1984573, ""age_seconds"": 8.837}, {""instrument"": ""BTC-30DEC22"", ""trade_seq"": 222717, ""age_seconds"": 12.474}, {""instrument"": ""BTC-30SEP22"", ""trade_seq"": 1090974, ""age_seconds"": 8.453}]",False,,0.21885792047290803,2022-06-17,2086.04682,0.29515265726498335,shock
219467419,BTC-30SEP22-18000-P,2022-09-30,18000.0,P,1655452235262,7,0.28768914060121764,21090.1,0.1115,21160.72744747542,"[{""instrument"": ""BTC-24JUN22"", ""trade_seq"": 1985724, ""age_seconds"": 1.317}, {""instrument"": ""BTC-30DEC22"", ""trade_seq"": 223364, ""age_seconds"": 1.232}, {""instrument"": ""BTC-30SEP22"", ""trade_seq"": 1091531, ""age_seconds"": 1.255}]",False,,0.16177522692812377,2022-06-17,2351.5461499999997,0.26049546789720884,shock
219467356,BTC-30SEP22-19000-P,2022-09-30,19000.0,P,1655452228858,7,0.2876893436707256,21081.06,0.13,21143.433754011243,"[{""instrument"": ""BTC-24JUN22"", ""trade_seq"": 1985719, ""age_seconds"": 1.911}, {""instrument"": ""BTC-30DEC22"", ""trade_seq"": 223362, ""age_seconds"": 7.202}, {""instrument"": ""BTC-30SEP22"", ""trade_seq"": 1091519, ""age_seconds"": 20.631}]",False,,0.10689041731966346,2022-06-17,2740.5378,0.2309923549236498,shock
219467598,BTC-30SEP22-20000-P,2022-09-30,20000.0,P,1655452255766,7,0.2876884904236428,21078.85,0.1495,21146.272899098574,"[{""instrument"": ""BTC-24JUN22"", ""trade_seq"": 1985798, ""age_seconds"": 4.904}, {""instrument"": ""BTC-30DEC22"", ""trade_seq"": 223377, ""age_seconds"": 0.712}, {""instrument"": ""BTC-30SEP22"", ""trade_seq"": 1091536, ""age_seconds"": 4.421}]",False,,0.05573139414448548,2022-06-17,3151.2880749999995,0.20323018598146295,shock
219471165,BTC-30SEP22-22000-C,2022-09-30,22000.0,C,1655452603396,7,0.2876774671486555,21072.86,0.156,21148.0,"[{""instrument"": ""BTC-24JUN22"", ""trade_seq"": 1986220, ""age_seconds"": 0.974}, {""instrument"": ""BTC-30DEC22"", ""trade_seq"": 223506, ""age_seconds"": 0.079}, {""instrument"": ""BTC-30SEP22"", ""trade_seq"": 1091778, ""age_seconds"": 0.077}]",False,,-0.03949711498511207,2022-06-17,3287.36616,0.1554457234726688,shock
219471177,BTC-30SEP22-24000-C,2022-09-30,24000.0,C,1655452603419,7,0.2876774664193303,21072.86,0.117,21148.0,"[{""instrument"": ""BTC-24JUN22"", ""trade_seq"": 1986224, ""age_seconds"": 0.019}, {""instrument"": ""BTC-30DEC22"", ""trade_seq"": 223506, ""age_seconds"": 0.102}, {""instrument"": ""BTC-30SEP22"", ""trade_seq"": 1091780, ""age_seconds"": 0.002}]",False,,-0.12650849197474184,2022-06-17,2465.52462,0.11658429260450161,shock
219466855,BTC-30SEP22-25000-C,2022-09-30,25000.0,C,1655452139657,7,0.2876921722158803,21070.13,0.1025,21141.965171549175,"[{""instrument"": ""BTC-24JUN22"", ""trade_seq"": 1985677, ""age_seconds"": 2.406}, {""instrument"": ""BTC-30DEC22"", ""trade_seq"": 223336, ""age_seconds"": 0.049}, {""instrument"": ""BTC-30SEP22"", ""trade_seq"": 1091496, ""age_seconds"": 26.786}]",False,,-0.16761588888146428,2022-06-17,2159.688325,0.10215173033707865,shock
219455658,BTC-30SEP22-26000-C,2022-09-30,26000.0,C,1655450280289,7,0.2877511323883815,20844.6,0.086,20908.097368819028,"[{""instrument"": ""BTC-24JUN22"", ""trade_seq"": 1984419, ""age_seconds"": 19.364}, {""instrument"": ""BTC-30DEC22"", ""trade_seq"": 222568, ""age_seconds"": 3.104}, {""instrument"": ""BTC-30SEP22"", ""trade_seq"": 1090752, ""age_seconds"": 7.769}]",False,,-0.2179600201690703,2022-06-17,1792.6355999999998,0.0857388201507718,shock
219455659,BTC-30SEP22-28000-C,2022-09-30,28000.0,C,1655450282304,7,0.2877510684931507,20847.63,0.0635,20911.136598884732,"[{""instrument"": ""BTC-24JUN22"", ""trade_seq"": 1984419, ""age_seconds"": 21.379}, {""instrument"": ""BTC-30DEC22"", ""trade_seq"": 222568, ""age_seconds"": 5.119}, {""instrument"": ""BTC-30SEP22"", ""trade_seq"": 1090752, ""age_seconds"": 9.784}]",False,,-0.2919226414981739,2022-06-17,1323.824505,0.06330715208806988,shock
219467837,BTC-30SEP22-30000-C,2022-09-30,30000.0,C,1655452298305,7,0.28768714152080166,21103.36,0.047,21175.52528510202,"[{""instrument"": ""BTC-24JUN22"", ""trade_seq"": 1985863, ""age_seconds"": 1.248}, {""instrument"": ""BTC-30DEC22"", ""trade_seq"": 223385, ""age_seconds"": 11.737}, {""instrument"": ""BTC-30SEP22"", ""trade_seq"": 1091539, ""age_seconds"": 29.724}]",False,,-0.34835133457920653,2022-06-17,991.85792,0.04683982600884139,shock
219453385,BTC-31MAR23-19000-P,2023-03-31,19000.0,P,1655449511324,7,0.7864056530948756,20844.54,0.21,21092.146517515248,"[{""instrument"": ""BTC-24JUN22"", ""trade_seq"": 1984239, ""age_seconds"": 0.947}, {""instrument"": ""BTC-30DEC22"", ""trade_seq"": 222288, ""age_seconds"": 0.929}, {""instrument"": ""BTC-30SEP22"", ""trade_seq"": 1090342, ""age_seconds"": 0.509}]",True,,0.1044617890695029,2022-06-17,4377.3534,0.30672553465067554,shock
219457174,BTC-31MAR23-20000-P,2023-03-31,20000.0,P,1655450596968,7,0.7863712275494673,21049.85,0.228,21328.12011670772,"[{""instrument"": ""BTC-24JUN22"", ""trade_seq"": 1984543, ""age_seconds"": 0.046}, {""instrument"": ""BTC-30DEC22"", ""trade_seq"": 222704, ""age_seconds"": 0.028}, {""instrument"": ""BTC-30SEP22"", ""trade_seq"": 1090964, ""age_seconds"": 0.569}]",True,,0.06429412174514686,2022-06-17,4799.3658,0.28729610876054923,shock
219471588,BTC-8JUL22-15000-P,2022-07-08,15000.0,P,1655452613589,7,0.057540157629375956,21062.18,0.025,21018.280062433387,"[{""instrument"": ""BTC-24JUN22"", ""trade_seq"": 1986242, ""age_seconds"": 2.018}, {""instrument"": ""BTC-30DEC22"", ""trade_seq"": 223511, ""age_seconds"": 2.349}, {""instrument"": ""BTC-30SEP22"", ""trade_seq"": 1091800, ""age_seconds"": 2.047}]",False,,0.337342337137441,2022-06-17,526.5545000000001,0.3113877321546956,shock
219470467,BTC-8JUL22-15500-P,2022-07-08,15500.0,P,1655452571947,7,0.05754147808853374,21085.48,0.028,21063.62932623335,"[{""instrument"": ""BTC-24JUN22"", ""trade_seq"": 1986192, ""age_seconds"": 3.043}, {""instrument"": ""BTC-30DEC22"", ""trade_seq"": 223496, ""age_seconds"": 3.246}, {""instrument"": ""BTC-30SEP22"", ""trade_seq"": 1091756, ""age_seconds"": 1.678}]",False,,0.3067078006127043,2022-06-17,590.39344,0.29216345725230375,shock
219470298,BTC-8JUL22-16000-P,2022-07-08,16000.0,P,1655452559379,7,0.057541876617199395,21109.49,0.031,21091.24351505817,"[{""instrument"": ""BTC-24JUN22"", ""trade_seq"": 1986173, ""age_seconds"": 0.196}, {""instrument"": ""BTC-30DEC22"", ""trade_seq"": 223492, ""age_seconds"": 1.377}, {""instrument"": ""BTC-30SEP22"", ""trade_seq"": 1091748, ""age_seconds"": 17.75}]",False,,0.2762692328198614,2022-06-17,654.3941900000001,0.2724181578462195,shock
219470950,BTC-8JUL22-16500-P,2022-07-08,16500.0,P,1655452600111,7,0.05754058501395231,21055.35,0.035,21044.491128797144,"[{""instrument"": ""BTC-24JUN22"", ""trade_seq"": 1986217, ""age_seconds"": 0.176}, {""instrument"": ""BTC-30DEC22"", ""trade_seq"": 223505, ""age_seconds"": 16.92}, {""instrument"": ""BTC-30SEP22"", ""trade_seq"": 1091774, ""age_seconds"": 2.989}]",False,,0.24327844087621547,2022-06-17,736.9372500000001,0.2509648889333357,shock
219463942,BTC-8JUL22-17000-P,2022-07-08,17000.0,P,1655451683205,7,0.057569659912480975,21025.98,0.041,21006.32750534114,"[{""instrument"": ""BTC-24JUN22"", ""trade_seq"": 1985353, ""age_seconds"": 1.844}, {""instrument"": ""BTC-30DEC22"", ""trade_seq"": 223156, ""age_seconds"": 0.523}, {""instrument"": ""BTC-30SEP22"", ""trade_seq"": 1091351, ""age_seconds"": 1.852}]",False,,0.21161035806068162,2022-06-17,862.06518,0.23175839204179255,shock
219469679,BTC-8JUL22-17500-P,2022-07-08,17500.0,P,1655452459316,7,0.05754504959411466,21184.72,0.042,21166.275752149097,"[{""instrument"": ""BTC-24JUN22"", ""trade_seq"": 1986127, ""age_seconds"": 1.805}, {""instrument"": ""BTC-30DEC22"", ""trade_seq"": 223437, ""age_seconds"": 2.633}, {""instrument"": ""BTC-30SEP22"", ""trade_seq"": 1091707, ""age_seconds"": 14.812}]",False,,0.19020826772812002,2022-06-17,889.7582400000001,0.21524967573412174,shock
219463110,BTC-8JUL22-18000-P,2022-07-08,18000.0,P,1655451584092,7,0.05757280276509386,21038.75,0.0515,21021.801041815048,"[{""instrument"": ""BTC-24JUN22"", ""trade_seq"": 1985289, ""age_seconds"": 1.072}, {""instrument"": ""BTC-30DEC22"", ""trade_seq"": 223128, ""age_seconds"": 0.989}, {""instrument"": ""BTC-30SEP22"", ""trade_seq"": 1091291, ""age_seconds"": 1.57}]",False,,0.15518828617589236,2022-06-17,1083.495625,0.1952875806715651,shock
219463160,BTC-8JUL22-18500-P,2022-07-08,18500.0,P,1655451585450,7,0.05757275970319635,21037.37,0.0575,21021.036909986837,"[{""instrument"": ""BTC-24JUN22"", ""trade_seq"": 1985292, ""age_seconds"": 0.121}, {""instrument"": ""BTC-30DEC22"", ""trade_seq"": 223130, ""age_seconds"": 0.136}, {""instrument"": ""BTC-30SEP22"", ""trade_seq"": 1091295, ""age_seconds"": 0.049}]",False,,0.12775296183324417,2022-06-17,1209.648775,0.17747391344022778,shock
219463185,BTC-8JUL22-19000-P,2022-07-08,19000.0,P,1655451586067,7,0.05757274013825469,21050.1,0.0635,21033.757026610925,"[{""instrument"": ""BTC-24JUN22"", ""trade_seq"": 1985292, ""age_seconds"": 0.738}, {""instrument"": ""BTC-30DEC22"", ""trade_seq"": 223130, ""age_seconds"": 0.753}, {""instrument"": ""BTC-30SEP22"", ""trade_seq"": 1091295, ""age_seconds"": 0.666}]",False,,0.10168964540565532,2022-06-17,1336.6813499999998,0.16023948419423145,shock
219463183,BTC-8JUL22-19500-P,2022-07-08,19500.0,P,1655451585593,7,0.05757275516869609,21037.37,0.071,21021.036909986837,"[{""instrument"": ""BTC-24JUN22"", ""trade_seq"": 1985292, ""age_seconds"": 0.264}, {""instrument"": ""BTC-30DEC22"", ""trade_seq"": 223130, ""age_seconds"": 0.279}, {""instrument"": ""BTC-30SEP22"", ""trade_seq"": 1091295, ""age_seconds"": 0.192}]",False,,0.07510922834782216,2022-06-17,1493.6532699999998,0.14341301016195798,shock
219465576,BTC-8JUL22-20000-P,2022-07-08,20000.0,P,1655451931198,7,0.05756179610603754,21129.21,0.0765,21107.73328470765,"[{""instrument"": ""BTC-24JUN22"", ""trade_seq"": 1985528, ""age_seconds"": 2.755}, {""instrument"": ""BTC-30DEC22"", ""trade_seq"": 223259, ""age_seconds"": 9.909}, {""instrument"": ""BTC-30SEP22"", ""trade_seq"": 1091441, ""age_seconds"": 10.164}]",False,,0.05390720616521996,2022-06-17,1616.3845649999998,0.1290578108489388,shock
219469647,BTC-8JUL22-20500-P,2022-07-08,20500.0,P,1655452454010,7,0.05754521784627093,21194.19,0.0815,21173.086635715197,"[{""instrument"": ""BTC-24JUN22"", ""trade_seq"": 1986120, ""age_seconds"": 6.256}, {""instrument"": ""BTC-30DEC22"", ""trade_seq"": 223431, ""age_seconds"": 6.969}, {""instrument"": ""BTC-30SEP22"", ""trade_seq"": 1091707, ""age_seconds"": 9.506}]",False,,0.03230599072266165,2022-06-17,1727.326485,0.11337095823648745,shock
219464387,BTC-8JUL22-21000-P,2022-07-08,21000.0,P,1655451759260,7,0.057567248224251646,21054.12,0.0965,21034.029829697953,"[{""instrument"": ""BTC-24JUN22"", ""trade_seq"": 1985395, ""age_seconds"": 7.81}, {""instrument"": ""BTC-30DEC22"", ""trade_seq"": 223205, ""age_seconds"": 1.5}, {""instrument"": ""BTC-30SEP22"", ""trade_seq"": 1091387, ""age_seconds"": 0.008}]",False,,0.0016191565391375435,2022-06-17,2031.7225799999999,0.09821001617014526,shock
219464388,BTC-8JUL22-21500-C,2022-07-08,21500.0,C,1655451759338,7,0.057567245750887876,21054.12,0.083,21034.029829697953,"[{""instrument"": ""BTC-24JUN22"", ""trade_seq"": 1985395, ""age_seconds"": 7.888}, {""instrument"": ""BTC-30DEC22"", ""trade_seq"": 223205, ""age_seconds"": 1.578}, {""instrument"": ""BTC-30SEP22"", ""trade_seq"": 1091387, ""age_seconds"": 0.086}]",False,,-0.02191134087105658,2022-06-17,1747.49196,0.08307927554294497,shock
219472347,BTC-8JUL22-22000-C,2022-07-08,22000.0,C,1655452714022,7,0.05753697291983764,21071.51,0.068,21057.369121554562,"[{""instrument"": ""BTC-24JUN22"", ""trade_seq"": 1986320, ""age_seconds"": 8.504}, {""instrument"": ""BTC-30DEC22"", ""trade_seq"": 223544, ""age_seconds"": 25.888}, {""instrument"": ""BTC-30SEP22"", ""trade_seq"": 1091820, ""age_seconds"": 31.328}]",False,,-0.0437918774591219,2022-06-17,1432.86268,0.06804566476128802,shock
219469022,BTC-8JUL22-22500-C,2022-07-08,22500.0,C,1655452383964,7,0.057547438990360224,21234.87,0.062,21210.466101709277,"[{""instrument"": ""BTC-24JUN22"", ""trade_seq"": 1986034, ""age_seconds"": 0.032}, {""instrument"": ""BTC-30DEC22"", ""trade_seq"": 223411, ""age_seconds"": 5.165}, {""instrument"": ""BTC-30SEP22"", ""trade_seq"": 1091651, ""age_seconds"": 0.182}]",False,,-0.05902056531139171,2022-06-17,1316.5619399999998,0.0620713346744371,shock
219465061,BTC-8JUL22-23000-C,2022-07-08,23000.0,C,1655451869032,7,0.05756376737696601,21109.93,0.0515,21103.5305523416,"[{""instrument"": ""BTC-24JUN22"", ""trade_seq"": 1985482, ""age_seconds"": 0.705}, {""instrument"": ""BTC-30DEC22"", ""trade_seq"": 223241, ""age_seconds"": 0.646}, {""instrument"": ""BTC-30SEP22"", ""trade_seq"": 1091420, ""age_seconds"": 0.706}]",False,,-0.08605386468882842,2022-06-17,1087.1613949999999,0.05151561689185561,shock
219472457,BTC-8JUL22-23500-C,2022-07-08,23500.0,C,1655452725359,7,0.05753661342592593,21073.37,0.041,21057.11638246483,"[{""instrument"": ""BTC-24JUN22"", ""trade_seq"": 1986329, ""age_seconds"": 4.209}, {""instrument"": ""BTC-30DEC22"", ""trade_seq"": 223554, ""age_seconds"": 2.355}, {""instrument"": ""BTC-30SEP22"", ""trade_seq"": 1091822, ""age_seconds"": 2.4}]",False,,-0.10976184772877039,2022-06-17,864.00817,0.04103164717840933,shock
219470231,BTC-8JUL22-24000-C,2022-07-08,24000.0,C,1655452545190,7,0.05754232654743785,21116.61,0.034,21103.86999637093,"[{""instrument"": ""BTC-24JUN22"", ""trade_seq"": 1986163, ""age_seconds"": 3.509}, {""instrument"": ""BTC-30DEC22"", ""trade_seq"": 223487, ""age_seconds"": 8.419}, {""instrument"": ""BTC-30SEP22"", ""trade_seq"": 1091748, ""age_seconds"": 3.561}]",False,,-0.12859739453359587,2022-06-17,717.9647400000001,0.03402052515123828,shock
219470154,BTC-8JUL22-24500-C,2022-07-08,24500.0,C,1655452532456,7,0.05754273033992897,21130.88,0.028,21108.89451378743,"[{""instrument"": ""BTC-24JUN22"", ""trade_seq"": 1986159, ""age_seconds"": 0.915}, {""instrument"": ""BTC-30DEC22"", ""trade_seq"": 223481, ""age_seconds"": 0.98}, {""instrument"": ""BTC-30SEP22"", ""trade_seq"": 1091746, ""age_seconds"": 1.085}]",False,,-0.14897862495428785,2022-06-17,591.6646400000001,0.02802916275949695,shock
219466027,BTC-8JUL22-25000-C,2022-07-08,25000.0,C,1655451996277,7,0.057559732464485036,21119.43,0.024,21106.060377749527,"[{""instrument"": ""BTC-24JUN22"", ""trade_seq"": 1985565, ""age_seconds"": 6.537}, {""instrument"": ""BTC-30DEC22"", ""trade_seq"": 223320, ""age_seconds"": 13.502}, {""instrument"": ""BTC-30SEP22"", ""trade_seq"": 1091470, ""age_seconds"": 21.557}]",False,,-0.16931560393214382,2022-06-17,506.86632000000003,0.024015202786700527,shock
219471587,BTC-8JUL22-25500-C,2022-07-08,25500.0,C,1655452613349,7,0.05754016523972603,21065.14,0.018,21021.233892900353,"[{""instrument"": ""BTC-24JUN22"", ""trade_seq"": 1986242, ""age_seconds"": 1.778}, {""instrument"": ""BTC-30DEC22"", ""trade_seq"": 223511, ""age_seconds"": 2.109}, {""instrument"": ""BTC-30SEP22"", ""trade_seq"": 1091800, ""age_seconds"": 1.807}]",False,,-0.1931453875392453,2022-06-17,379.17251999999996,0.018037595791561053,shock
219468971,BTC-8JUL22-26000-C,2022-07-08,26000.0,C,1655452383129,7,0.05754746546803653,21233.27,0.016,21219.754878291813,"[{""instrument"": ""BTC-24JUN22"", ""trade_seq"": 1986014, ""age_seconds"": 0.198}, {""instrument"": ""BTC-30DEC22"", ""trade_seq"": 223411, ""age_seconds"": 4.33}, {""instrument"": ""BTC-30SEP22"", ""trade_seq"": 1091648, ""age_seconds"": 0.191}]",False,,-0.20316395634949763,2022-06-17,339.73232,0.01601019059591269,shock
219470244,BTC-8JUL22-26500-C,2022-07-08,26500.0,C,1655452547697,7,0.05754224705098935,21113.18,0.012,21095.62994978881,"[{""instrument"": ""BTC-24JUN22"", ""trade_seq"": 1986168, ""age_seconds"": 0.417}, {""instrument"": ""BTC-30DEC22"", ""trade_seq"": 223489, ""age_seconds"": 2.157}, {""instrument"": ""BTC-30SEP22"", ""trade_seq"": 1091748, ""age_seconds"": 6.068}]",False,,-0.22807882534509694,2022-06-17,253.35816,0.01200998313883186,shock
219458244,BTC-8JUL22-27000-C,2022-07-08,27000.0,C,1655450679622,7,0.05760148332064942,21152.2,0.0115,21152.60147289539,"[{""instrument"": ""BTC-24JUN22"", ""trade_seq"": 1984664, ""age_seconds"": 0.127}, {""instrument"": ""BTC-30DEC22"", ""trade_seq"": 222753, ""age_seconds"": 0.023}, {""instrument"": ""BTC-30SEP22"", ""trade_seq"": 1091018, ""age_seconds"": 0.064}]",False,,-0.24407396699353076,2022-06-17,243.2503,0.011499781731892275,shock
219649110,BTC-1JUL22-14000-P,2022-07-01,14000.0,P,1655536593163,7,0.03569910061516997,19380.19,0.025,19326.304782164927,"[{""instrument"": ""BTC-24JUN22"", ""trade_seq"": 2016464, ""age_seconds"": 0.045}, {""instrument"": ""BTC-30DEC22"", ""trade_seq"": 229092, ""age_seconds"": 2.025}, {""instrument"": ""BTC-30SEP22"", ""trade_seq"": 1111237, ""age_seconds"": 1.441}]",False,,0.32240978041418433,2022-06-18,484.50475,0.30066842045911274,shock
219667164,BTC-1JUL22-14500-P,2022-07-01,14500.0,P,1655538708263,7,0.0356320312341451,19274.83,0.029,19220.99022023925,"[{""instrument"": ""BTC-24JUN22"", ""trade_seq"": 2019262, ""age_seconds"": 0.557}, {""instrument"": ""BTC-30DEC22"", ""trade_seq"": 229793, ""age_seconds"": 23.777}, {""instrument"": ""BTC-30SEP22"", ""trade_seq"": 1113652, ""age_seconds"": 14.143}]",False,,0.28185427309230365,2022-06-18,558.9700700000001,0.27469762118080565,shock
219655910,BTC-1JUL22-15000-P,2022-07-01,15000.0,P,1655537168584,7,0.03568085413495688,19163.28,0.037,19138.080452889033,"[{""instrument"": ""BTC-24JUN22"", ""trade_seq"": 2017113, ""age_seconds"": 3.298}, {""instrument"": ""BTC-30DEC22"", ""trade_seq"": 229327, ""age_seconds"": 9.263}, {""instrument"": ""BTC-30SEP22"", ""trade_seq"": 1112412, ""age_seconds"": 1.445}]",False,,0.24362989007552832,2022-06-18,709.0413599999999,0.2532710542638211,shock
219654508,BTC-1JUL22-16000-P,2022-07-01,16000.0,P,1655537059414,7,0.03568431589294774,19284.75,0.043,19273.40006192887,"[{""instrument"": ""BTC-24JUN22"", ""trade_seq"": 2016895, ""age_seconds"": 2.224}, {""instrument"": ""BTC-30DEC22"", ""trade_seq"": 229300, ""age_seconds"": 2.283}, {""instrument"": ""BTC-30SEP22"", ""trade_seq"": 1112193, ""age_seconds"": 0.282}]",False,,0.18613718789822797,2022-06-18,829.24425,0.21286562302169537,shock
219668444,BTC-1JUL22-16500-P,2022-07-01,16500.0,P,1655538972446,7,0.035623654046169455,19222.61,0.0475,19141.780730763192,"[{""instrument"": ""BTC-24JUN22"", ""trade_seq"": 2019498, ""age_seconds"": 1.896}, {""instrument"": ""BTC-30DEC22"", ""trade_seq"": 229821, ""age_seconds"": 20.824}, {""instrument"": ""BTC-30SEP22"", ""trade_seq"": 1113718, ""age_seconds"": 6.137}]",False,,0.14851303792555057,2022-06-18,913.073975,0.18571180789100272,shock
219657455,BTC-1JUL22-17500-P,2022-07-01,17500.0,P,1655537382351,7,0.03567407562785388,19224.39,0.062,19199.79313734985,"[{""instrument"": ""BTC-24JUN22"", ""trade_seq"": 2017248, ""age_seconds"": 1.148}, {""instrument"": ""BTC-30DEC22"", ""trade_seq"": 229383, ""age_seconds"": 0.982}, {""instrument"": ""BTC-30SEP22"", ""trade_seq"": 1112734, ""age_seconds"": 0.384}]",False,,0.09269862394986463,2022-06-18,1191.91218,0.15061127464569093,shock
219667413,BTC-1JUL22-18000-P,2022-07-01,18000.0,P,1655538761142,7,0.03563035445205479,19273.39,0.0665,19212.268257221196,"[{""instrument"": ""BTC-24JUN22"", ""trade_seq"": 2019313, ""age_seconds"": 0.031}, {""instrument"": ""BTC-30DEC22"", ""trade_seq"": 229800, ""age_seconds"": 0.709}, {""instrument"": ""BTC-30SEP22"", ""trade_seq"": 1113685, ""age_seconds"": 0.746}]",False,,0.06517728881232487,2022-06-18,1281.680435,0.12981021599486625,shock
219662522,BTC-1JUL22-18500-P,2022-07-01,18500.0,P,1655538093321,7,0.03565153091704718,19151.39,0.0805,19109.609483631117,"[{""instrument"": ""BTC-24JUN22"", ""trade_seq"": 2018347, ""age_seconds"": 0.011}, {""instrument"": ""BTC-30DEC22"", ""trade_seq"": 229629, ""age_seconds"": 8.342}, {""instrument"": ""BTC-30SEP22"", ""trade_seq"": 1113123, ""age_seconds"": 40.573}]",False,,0.03242059077496297,2022-06-18,1541.686895,0.11257667931277562,shock
219663296,BTC-1JUL22-19000-P,2022-07-01,19000.0,P,1655538178397,7,0.03564883317478437,19138.79,0.091,19094.89448807732,"[{""instrument"": ""BTC-24JUN22"", ""trade_seq"": 2018523, ""age_seconds"": 1.533}, {""instrument"": ""BTC-30DEC22"", ""trade_seq"": 229664, ""age_seconds"": 1.38}, {""instrument"": ""BTC-30SEP22"", ""trade_seq"": 1113225, ""age_seconds"": 7.352}]",False,,0.004982015864838928,2022-06-18,1741.62989,0.09617881781038531,shock
219661260,BTC-1JUL22-19500-C,2022-07-01,19500.0,C,1655537884475,7,0.035658153380263825,19222.38,0.079,19177.931613741865,"[{""instrument"": ""BTC-24JUN22"", ""trade_seq"": 2018071, ""age_seconds"": 1.068}, {""instrument"": ""BTC-30DEC22"", ""trade_seq"": 229570, ""age_seconds"": 2.416}, {""instrument"": ""BTC-30SEP22"", ""trade_seq"": 1113066, ""age_seconds"": 0.112}]",False,,-0.016654242714740204,2022-06-18,1518.5680200000002,0.07918309704013528,shock
219668513,BTC-1JUL22-20000-C,2022-07-01,20000.0,C,1655538978481,7,0.03562346267757484,19201.27,0.064,19137.23275442636,"[{""instrument"": ""BTC-24JUN22"", ""trade_seq"": 2019502, ""age_seconds"": 5.372}, {""instrument"": ""BTC-30DEC22"", ""trade_seq"": 229822, ""age_seconds"": 5.412}, {""instrument"": ""BTC-30SEP22"", ""trade_seq"": 1113726, ""age_seconds"": 0.169}]",False,,-0.044096477165336156,2022-06-18,1228.88128,0.0642141575936973,shock
219668416,BTC-1JUL22-20500-C,2022-07-01,20500.0,C,1655538969462,7,0.03562374866818874,19229.91,0.0525,19150.768420109987,"[{""instrument"": ""BTC-24JUN22"", ""trade_seq"": 2019491, ""age_seconds"": 0.428}, {""instrument"": ""BTC-30DEC22"", ""trade_seq"": 229821, ""age_seconds"": 17.84}, {""instrument"": ""BTC-30SEP22"", ""trade_seq"": 1113718, ""age_seconds"": 3.153}]",False,,-0.06808204494624834,2022-06-18,1009.5702749999999,0.05271695907198494,shock
219656300,BTC-1JUL22-21000-C,2022-07-01,21000.0,C,1655537222342,7,0.03567914947995941,19219.45,0.0435,19176.47227749052,"[{""instrument"": ""BTC-24JUN22"", ""trade_seq"": 2017145, ""age_seconds"": 0.286}, {""instrument"": ""BTC-30DEC22"", ""trade_seq"": 229335, ""age_seconds"": 18.759}, {""instrument"": ""BTC-30SEP22"", ""trade_seq"": 1112477, ""age_seconds"": 1.199}]",False,,-0.09083831232293886,2022-06-18,836.046075,0.04359749086808614,shock
219644624,BTC-1JUL22-21500-C,2022-07-01,21500.0,C,1655536029124,7,0.035716986174530695,19312.21,0.0365,19221.518838818323,"[{""instrument"": ""BTC-24JUN22"", ""trade_seq"": 2016064, ""age_seconds"": 2.348}, {""instrument"": ""BTC-30DEC22"", ""trade_seq"": 228930, ""age_seconds"": 2.34}, {""instrument"": ""BTC-30SEP22"", ""trade_seq"": 1110200, ""age_seconds"": 0.713}]",False,,-0.1120225108417713,2022-06-18,704.8956649999999,0.036672214662685554,shock
219655331,BTC-1JUL22-22000-C,2022-07-01,22000.0,C,1655537129778,7,0.0356820846651446,19163.85,0.028,19074.892731498312,"[{""instrument"": ""BTC-24JUN22"", ""trade_seq"": 2017030, ""age_seconds"": 0.381}, {""instrument"": ""BTC-30DEC22"", ""trade_seq"": 229321, ""age_seconds"": 0.563}, {""instrument"": ""BTC-30SEP22"", ""trade_seq"": 1112311, ""age_seconds"": 0.591}]",False,,-0.1426694997161465,2022-06-18,536.5878,0.02813058021101918,shock
219668150,BTC-1JUL22-22500-C,2022-07-01,22500.0,C,1655538910785,7,0.03562560930365297,19267.78,0.0215,19200.56091326354,"[{""instrument"": ""BTC-24JUN22"", ""trade_seq"": 2019422, ""age_seconds"": 6.724}, {""instrument"": ""BTC-30DEC22"", ""trade_seq"": 229813, ""age_seconds"": 36.566}, {""instrument"": ""BTC-30SEP22"", ""trade_seq"": 1113712, ""age_seconds"": 60.62}]",False,,-0.1585758163708899,2022-06-18,414.25726999999995,0.021575269174237275,shock
219649406,BTC-1JUL22-23000-C,2022-07-01,23000.0,C,1655536623737,7,0.03569813111998985,19365.03,0.0175,19329.912210363953,"[{""instrument"": ""BTC-24JUN22"", ""trade_seq"": 2016481, ""age_seconds"": 0.416}, {""instrument"": ""BTC-30DEC22"", ""trade_seq"": 229109, ""age_seconds"": 0.599}, {""instrument"": ""BTC-30SEP22"", ""trade_seq"": 1111295, ""age_seconds"": 0.274}]",False,,-0.17384046434550626,2022-06-18,338.888025,0.01753179328038031,shock
219665410,BTC-1JUL22-23500-C,2022-07-01,23500.0,C,1655538532924,7,0.03563759119736174,19247.03,0.0145,19195.610149902095,"[{""instrument"": ""BTC-24JUN22"", ""trade_seq"": 2018943, ""age_seconds"": 2.117}, {""instrument"": ""BTC-30DEC22"", ""trade_seq"": 229752, ""age_seconds"": 25.145}, {""instrument"": ""BTC-30SEP22"", ""trade_seq"": 1113434, ""age_seconds"": 9.307}]",False,,-0.2023188062839681,2022-06-18,279.081935,0.014538841579954854,shock
219669766,BTC-1JUL22-24500-C,2022-07-01,24500.0,C,1655539193026,7,0.035616659500253674,19224.67,0.0075,19170.371133342884,"[{""instrument"": ""BTC-24JUN22"", ""trade_seq"": 2019695, ""age_seconds"": 29.146}, {""instrument"": ""BTC-30DEC22"", ""trade_seq"": 229871, ""age_seconds"": 79.937}, {""instrument"": ""BTC-30SEP22"", ""trade_seq"": 1113956, ""age_seconds"": 65.456}]",False,,-0.24530720056874952,2022-06-18,144.18502499999997,0.0075212432767783,shock
219650327,BTC-1JUL22-26000-C,2022-07-01,26000.0,C,1655536695599,7,0.03569585239091832,19283.98,0.0035,19219.34258255301,"[{""instrument"": ""BTC-24JUN22"", ""trade_seq"": 2016548, ""age_seconds"": 3.463}, {""instrument"": ""BTC-30DEC22"", ""trade_seq"": 229122, ""age_seconds"": 0.161}, {""instrument"": ""BTC-30SEP22"", ""trade_seq"": 1111500, ""age_seconds"": 2.471}]",False,,-0.30217933992630136,2022-06-18,67.49393,0.003511771004137771,shock
219646477,BTC-1JUL22-27000-C,2022-07-01,27000.0,C,1655536248415,7,0.03571003250253678,19431.11,0.0035,19386.00337573312,"[{""instrument"": ""BTC-24JUN22"", ""trade_seq"": 2016211, ""age_seconds"": 0.818}, {""instrument"": ""BTC-30DEC22"", ""trade_seq"": 228992, ""age_seconds"": 9.87}, {""instrument"": ""BTC-30SEP22"", ""trade_seq"": 1110560, ""age_seconds"": 0.166}]",False,,-0.3312855358014037,2022-06-18,68.008885,0.0035081436684949573,shock
219647162,BTC-26AUG22-14000-P,2022-08-26,14000.0,P,1655536355490,7,0.1891312947108067,19408.93,0.0715,19370.161110533885,"[{""instrument"": ""BTC-24JUN22"", ""trade_seq"": 2016267, ""age_seconds"": 1.007}, {""instrument"": ""BTC-30DEC22"", ""trade_seq"": 229006, ""age_seconds"": 0.172}, {""instrument"": ""BTC-30SEP22"", ""trade_seq"": 1110828, ""age_seconds"": 3.107}]",False,,0.32467646529790856,2022-06-18,1387.7384949999998,0.34888195131525274,shock
219641446,BTC-26AUG22-15000-P,2022-08-26,15000.0,P,1655535772508,7,0.18914978094875695,19300.86,0.087,19240.35391826048,"[{""instrument"": ""BTC-24JUN22"", ""trade_seq"": 2015847, ""age_seconds"": 1.745}, {""instrument"": ""BTC-30DEC22"", ""trade_seq"": 228787, ""age_seconds"": 1.739}, {""instrument"": ""BTC-30SEP22"", ""trade_seq"": 1109714, ""age_seconds"": 0.401}]",False,,0.24895963888614933,2022-06-18,1679.17482,0.3076621544181898,shock
219653147,BTC-26AUG22-19000-P,2022-08-26,19000.0,P,1655536985595,7,0.18911131421232877,19079.04,0.169,19004.89281939171,"[{""instrument"": ""BTC-24JUN22"", ""trade_seq"": 2016770, ""age_seconds"": 0.046}, {""instrument"": ""BTC-30DEC22"", ""trade_seq"": 229235, ""age_seconds"": 4.129}, {""instrument"": ""BTC-30SEP22"", ""trade_seq"": 1112001, ""age_seconds"": 0.001}]",False,,0.00025748365832757076,2022-06-18,3224.3577600000003,0.16991680037767598,shock
219668396,BTC-26AUG22-22000-C,2022-08-26,22000.0,C,1655538965863,7,0.18904852032597666,19243.73,0.101,19184.282871240142,"[{""instrument"": ""BTC-24JUN22"", ""trade_seq"": 2019483, ""age_seconds"": 2.257}, {""instrument"": ""BTC-30DEC22"", ""trade_seq"": 229821, ""age_seconds"": 14.241}, {""instrument"": ""BTC-30SEP22"", ""trade_seq"": 1113717, ""age_seconds"": 2.25}]",False,,-0.13695111001713833,2022-06-18,1943.6167300000002,0.10131297286664527,shock
219656925,BTC-26AUG22-24000-C,2022-08-26,24000.0,C,1655537315557,7,0.18910085118594622,19169.22,0.069,19110.770487731395,"[{""instrument"": ""BTC-24JUN22"", ""trade_seq"": 2017200, ""age_seconds"": 2.541}, {""instrument"": ""BTC-30DEC22"", ""trade_seq"": 229365, ""age_seconds"": 2.539}, {""instrument"": ""BTC-30SEP22"", ""trade_seq"": 1112620, ""age_seconds"": 0.405}]",False,,-0.22780175434592964,2022-06-18,1322.6761800000002,0.06921103368642949,shock
219661607,BTC-26AUG22-26000-C,2022-08-26,26000.0,C,1655537931818,7,0.18908130967782852,19172.7,0.046,19118.598378165036,"[{""instrument"": ""BTC-24JUN22"", ""trade_seq"": 2018187, ""age_seconds"": 2.152}, {""instrument"": ""BTC-30DEC22"", ""trade_seq"": 229582, ""age_seconds"": 4.86}, {""instrument"": ""BTC-30SEP22"", ""trade_seq"": 1113083, ""age_seconds"": 13.652}]",False,,-0.3074349396666122,2022-06-18,881.9442,0.046130170348013096,shock
219668596,BTC-26AUG22-27000-C,2022-08-26,27000.0,C,1655538988512,7,0.18904780213089803,19229.6,0.0375,19175.76117534037,"[{""instrument"": ""BTC-24JUN22"", ""trade_seq"": 2019507, ""age_seconds"": 6.299}, {""instrument"": ""BTC-30DEC22"", ""trade_seq"": 229825, ""age_seconds"": 5.036}, {""instrument"": ""BTC-30SEP22"", ""trade_seq"": 1113744, ""age_seconds"": 2.8}]",False,,-0.34218982330209813,2022-06-18,721.1099999999999,0.03760528687264485,shock
219663706,BTC-29JUL22-14000-P,2022-07-29,14000.0,P,1655538275355,7,0.1123580874238965,19150.21,0.0585,19088.750492348936,"[{""instrument"": ""BTC-24JUN22"", ""trade_seq"": 2018626, ""age_seconds"": 1.663}, {""instrument"": ""BTC-30DEC22"", ""trade_seq"": 229688, ""age_seconds"": 1.659}, {""instrument"": ""BTC-30SEP22"", ""trade_seq"": 1113265, ""age_seconds"": 0.154}]",False,,0.3100418524626185,2022-06-18,1120.287285,0.32527209048269634,shock
219667485,BTC-29JUL22-15000-P,2022-07-29,15000.0,P,1655538768441,7,0.1123424517694064,19266.04,0.068,19207.438958655966,"[{""instrument"": ""BTC-24JUN22"", ""trade_seq"": 2019320, ""age_seconds"": 0.444}, {""instrument"": ""BTC-30DEC22"", ""trade_seq"": 229800, ""age_seconds"": 8.008}, {""instrument"": ""BTC-30SEP22"", ""trade_seq"": 1113685, ""age_seconds"": 8.045}]",False,,0.24724744865712905,2022-06-18,1310.0907200000001,0.2872600397446248,shock
219668512,BTC-29JUL22-16000-P,2022-07-29,16000.0,P,1655538978470,7,0.11233579179350583,19201.27,0.0825,19139.622340449077,"[{""instrument"": ""BTC-24JUN22"", ""trade_seq"": 2019502, ""age_seconds"": 5.361}, {""instrument"": ""BTC-30DEC22"", ""trade_seq"": 229822, ""age_seconds"": 5.401}, {""instrument"": ""BTC-30SEP22"", ""trade_seq"": 1113726, ""age_seconds"": 0.158}]",False,,0.17917193216136687,2022-06-18,1584.104775,0.24680356965383282,shock
219656339,BTC-29JUL22-18000-P,2022-07-29,18000.0,P,1655537226389,7,0.11239134991755455,19223.35,0.1165,19179.501514691725,"[{""instrument"": ""BTC-24JUN22"", ""trade_seq"": 2017145, ""age_seconds"": 4.333}, {""instrument"": ""BTC-30DEC22"", ""trade_seq"": 229337, ""age_seconds"": 3.347}, {""instrument"": ""BTC-30SEP22"", ""trade_seq"": 1112480, ""age_seconds"": 0.017}]",False,,0.06347032137215323,2022-06-18,2239.520275,0.17826437183848148,shock
219666395,BTC-29JUL22-19000-P,2022-07-29,19000.0,P,1655538599622,7,0.1123478049847793,19382.52,0.134,19339.34928053785,"[{""instrument"": ""BTC-24JUN22"", ""trade_seq"": 2019073, ""age_seconds"": 1.113}, {""instrument"": ""BTC-30DEC22"", ""trade_seq"": 229768, ""age_seconds"": 16.192}, {""instrument"": ""BTC-30SEP22"", ""trade_seq"": 1113543, ""age_seconds"": 0.554}]",False,,0.017702863991616417,2022-06-18,2597.25768,0.1518462135379654,shock
219668923,BTC-29JUL22-20000-C,2022-07-29,20000.0,C,1655539021258,7,0.11233443499492643,19234.67,0.1175,19210.775875500643,"[{""instrument"": ""BTC-24JUN22"", ""trade_seq"": 2019538, ""age_seconds"": 0.574}, {""instrument"": ""BTC-30DEC22"", ""trade_seq"": 229841, ""age_seconds"": 0.831}, {""instrument"": ""BTC-30SEP22"", ""trade_seq"": 1113806, ""age_seconds"": 0.857}]",False,,-0.040260908442833865,2022-06-18,2260.0737249999997,0.11764614504103682,shock
219669428,BTC-29JUL22-21000-C,2022-07-29,21000.0,C,1655539090531,7,0.11233223836250635,19239.03,0.0925,19184.55190885002,"[{""instrument"": ""BTC-24JUN22"", ""trade_seq"": 2019591, ""age_seconds"": 2.41}, {""instrument"": ""BTC-30DEC22"", ""trade_seq"": 229866, ""age_seconds"": 8.27}, {""instrument"": ""BTC-30SEP22"", ""trade_seq"": 1113915, ""age_seconds"": 2.441}]",False,,-0.09041707062512988,2022-06-18,1779.6102749999998,0.0927626708955891,shock
219669163,BTC-29JUL22-22000-C,2022-07-29,22000.0,C,1655539033317,7,0.1123340526065449,19278.2,0.073,19236.113250203354,"[{""instrument"": ""BTC-24JUN22"", ""trade_seq"": 2019561, ""age_seconds"": 6.711}, {""instrument"": ""BTC-30DEC22"", ""trade_seq"": 229850, ""age_seconds"": 0.128}, {""instrument"": ""BTC-30SEP22"", ""trade_seq"": 1113845, ""age_seconds"": 6.71}]",False,,-0.1342530425510312,2022-06-18,1407.3086,0.07315971691865157,shock
219669435,BTC-29JUL22-24000-C,2022-07-29,24000.0,C,1655539090598,7,0.11233223623795027,19239.03,0.043,19184.55190885002,"[{""instrument"": ""BTC-24JUN22"", ""trade_seq"": 2019591, ""age_seconds"": 2.477}, {""instrument"": ""BTC-30DEC22"", ""trade_seq"": 229866, ""age_seconds"": 8.337}, {""instrument"": ""BTC-30SEP22"", ""trade_seq"": 1113915, ""age_seconds"": 2.508}]",False,,-0.2239484632496525,2022-06-18,827.2782899999999,0.043122106470381956,shock
219669158,BTC-29JUL22-25000-C,2022-07-29,25000.0,C,1655539033153,7,0.11233405780695079,19278.2,0.0335,19236.113250203354,"[{""instrument"": ""BTC-24JUN22"", ""trade_seq"": 2019561, ""age_seconds"": 6.547}, {""instrument"": ""BTC-30DEC22"", ""trade_seq"": 229849, ""age_seconds"": 8.849}, {""instrument"": ""BTC-30SEP22"", ""trade_seq"": 1113845, ""age_seconds"": 6.546}]",False,,-0.26208641406091615,2022-06-18,645.8197,0.033573294750340106,shock
219667685,BTC-29JUL22-26000-C,2022-07-29,26000.0,C,1655538807039,7,0.11234122783485541,19284.82,0.026,19234.344446041305,"[{""instrument"": ""BTC-24JUN22"", ""trade_seq"": 2019337, ""age_seconds"": 1.377}, {""instrument"": ""BTC-30DEC22"", ""trade_seq"": 229802, ""age_seconds"": 14.18}, {""instrument"": ""BTC-30SEP22"", ""trade_seq"": 1113687, ""age_seconds"": 2.715}]",False,,-0.30139908370596896,2022-06-18,501.40531999999996,0.026068230264182264,shock
219667209,BTC-29JUL22-27000-C,2022-07-29,27000.0,C,1655538714306,7,0.11234416837899544,19289.21,0.0195,19235.042744822716,"[{""instrument"": ""BTC-24JUN22"", ""trade_seq"": 2019264, ""age_seconds"": 2.091}, {""instrument"": ""BTC-30DEC22"", ""trade_seq"": 229793, ""age_seconds"": 29.82}, {""instrument"": ""BTC-30SEP22"", ""trade_seq"": 1113672, ""age_seconds"": 4.631}]",False,,-0.3391031075606517,2022-06-18,376.139595,0.01955491339374545,shock
219657803,BTC-30SEP22-15000-P,2022-09-30,15000.0,P,1655537441106,7,0.2849872810121765,19269.13,0.101,19212.68121995791,"[{""instrument"": ""BTC-24JUN22"", ""trade_seq"": 2017297, ""age_seconds"": 6.485}, {""instrument"": ""BTC-30DEC22"", ""trade_seq"": 229403, ""age_seconds"": 6.864}, {""instrument"": ""BTC-30SEP22"", ""trade_seq"": 1112779, ""age_seconds"": 3.975}]",False,,0.24752034011660948,2022-06-18,1946.1821300000001,0.32056240768519884,shock
219643319,BTC-30SEP22-17000-P,2022-09-30,17000.0,P,1655535939793,7,0.2850348873351091,19305.06,0.137,19260.5,"[{""instrument"": ""BTC-24JUN22"", ""trade_seq"": 2015973, ""age_seconds"": 0.085}, {""instrument"": ""BTC-30DEC22"", ""trade_seq"": 228890, ""age_seconds"": 0.105}, {""instrument"": ""BTC-30SEP22"", ""trade_seq"": 1109948, ""age_seconds"": 0.057}]",False,,0.12484302251677361,2022-06-18,2644.7932200000005,0.2546815098258093,shock
219659586,BTC-30SEP22-18000-P,2022-09-30,18000.0,P,1655537635673,7,0.28498111133307963,19101.78,0.165,19040.142200447335,"[{""instrument"": ""BTC-24JUN22"", ""trade_seq"": 2017669, ""age_seconds"": 0.57}, {""instrument"": ""BTC-30DEC22"", ""trade_seq"": 229514, ""age_seconds"": 0.726}, {""instrument"": ""BTC-30SEP22"", ""trade_seq"": 1112910, ""age_seconds"": 0.756}]",False,,0.056177739950054865,2022-06-18,3151.7937,0.2201630563635627,shock
219646401,BTC-30SEP22-20000-C,2022-09-30,20000.0,C,1655536243562,7,0.28502525488330793,19455.39,0.1755,19417.0,"[{""instrument"": ""BTC-24JUN22"", ""trade_seq"": 2016209, ""age_seconds"": 1.161}, {""instrument"": ""BTC-30DEC22"", ""trade_seq"": 228992, ""age_seconds"": 5.017}, {""instrument"": ""BTC-30SEP22"", ""trade_seq"": 1110520, ""age_seconds"": 0.136}]",False,,-0.029583302541674315,2022-06-18,3414.420945,0.1758469869186795,shock
219656053,BTC-30SEP22-21000-C,2022-09-30,21000.0,C,1655537186643,7,0.28499534998097414,19142.21,0.1455,19104.0,"[{""instrument"": ""BTC-24JUN22"", ""trade_seq"": 2017133, ""age_seconds"": 0.141}, {""instrument"": ""BTC-30DEC22"", ""trade_seq"": 229330, ""age_seconds"": 3.418}, {""instrument"": ""BTC-30SEP22"", ""trade_seq"": 1112438, ""age_seconds"": 0.155}]",False,,-0.09462470051323144,2022-06-18,2785.191555,0.14579101523241206,shock
219639260,BTC-30SEP22-23000-C,2022-09-30,23000.0,C,1655535611622,7,0.2850452935692542,19403.01,0.111,19380.416690646143,"[{""instrument"": ""BTC-24JUN22"", ""trade_seq"": 2015498, ""age_seconds"": 0.99}, {""instrument"": ""BTC-30DEC22"", ""trade_seq"": 228719, ""age_seconds"": 9.454}, {""instrument"": ""BTC-30SEP22"", ""trade_seq"": 1109390, ""age_seconds"": 1.36}]",False,,-0.17123110863234162,2022-06-18,2153.73411,0.1111294016211472,shock
219649262,BTC-30SEP22-25000-C,2022-09-30,25000.0,C,1655536608750,7,0.285013674847793,19358.28,0.079,19302.30680795684,"[{""instrument"": ""BTC-24JUN22"", ""trade_seq"": 2016473, ""age_seconds"": 2.822}, {""instrument"": ""BTC-30DEC22"", ""trade_seq"": 229100, ""age_seconds"": 1.407}, {""instrument"": ""BTC-30SEP22"", ""trade_seq"": 1111254, ""age_seconds"": 2.9}]",False,,-0.2586512123714189,2022-06-18,1529.30412,0.07922908568470101,shock
219653914,BTC-30SEP22-26000-C,2022-09-30,26000.0,C,1655537004128,7,0.285001137493658,19177.69,0.065,19124.37634232139,"[{""instrument"": ""BTC-24JUN22"", ""trade_seq"": 2016858, ""age_seconds"": 1.661}, {""instrument"": ""BTC-30DEC22"", ""trade_seq"": 229248, ""age_seconds"": 1.787}, {""instrument"": ""BTC-30SEP22"", ""trade_seq"": 1112075, ""age_seconds"": 1.622}]",False,,-0.30713276839240833,2022-06-18,1246.5498499999999,0.06518120265398882,shock
219665151,BTC-8JUL22-14000-P,2022-07-08,14000.0,P,1655538477254,7,0.0548174386732623,19222.78,0.035,19172.03614029833,"[{""instrument"": ""BTC-24JUN22"", ""trade_seq"": 2018922, ""age_seconds"": 1.449}, {""instrument"": ""BTC-30DEC22"", ""trade_seq"": 229740, ""age_seconds"": 7.181}, {""instrument"": ""BTC-30SEP22"", ""trade_seq"": 1113386, ""age_seconds"": 5.655}]",False,,0.3143954367365944,2022-06-18,672.7973000000001,0.3048624255413791,shock
219669750,BTC-8JUL22-18000-P,2022-07-08,18000.0,P,1655539183444,7,0.054795045535261294,19222.93,0.081,19168.762188060377,"[{""instrument"": ""BTC-24JUN22"", ""trade_seq"": 2019695, ""age_seconds"": 19.564}, {""instrument"": ""BTC-30DEC22"", ""trade_seq"": 229871, ""age_seconds"": 70.355}, {""instrument"": ""BTC-30SEP22"", ""trade_seq"": 1113956, ""age_seconds"": 55.874}]",False,,0.06291022681374807,2022-06-18,1557.05733,0.14220112343812186,shock
219665446,BTC-8JUL22-18500-P,2022-07-08,18500.0,P,1655538540176,7,0.0548154434297311,19250.96,0.0925,19207.146781704254,"[{""instrument"": ""BTC-24JUN22"", ""trade_seq"": 2018947, ""age_seconds"": 0.044}, {""instrument"": ""BTC-30DEC22"", ""trade_seq"": 229754, ""age_seconds"": 5.217}, {""instrument"": ""BTC-30SEP22"", ""trade_seq"": 1113438, ""age_seconds"": 0.2}]",False,,0.037511705903484835,2022-06-18,1780.7138,0.12952785804053218,shock
219663428,BTC-8JUL22-19500-C,2022-07-08,19500.0,C,1655538208901,7,0.05482594809107052,19159.95,0.0935,19111.648873873688,"[{""instrument"": ""BTC-24JUN22"", ""trade_seq"": 2018542, ""age_seconds"": 0.635}, {""instrument"": ""BTC-30DEC22"", ""trade_seq"": 229668, ""age_seconds"": 4.428}, {""instrument"": ""BTC-30SEP22"", ""trade_seq"": 1113230, ""age_seconds"": 6.242}]",False,,-0.020116427739150088,2022-06-18,1791.4553250000001,0.09373630380207455,shock
219660947,BTC-8JUL22-20000-C,2022-07-08,20000.0,C,1655537810885,7,0.05483856909563673,19184.91,0.0805,19144.042734474162,"[{""instrument"": ""BTC-24JUN22"", ""trade_seq"": 2018013, ""age_seconds"": 0.726}, {""instrument"": ""BTC-30DEC22"", ""trade_seq"": 229559, ""age_seconds"": 12.28}, {""instrument"": ""BTC-30SEP22"", ""trade_seq"": 1113023, ""age_seconds"": 3.749}]",False,,-0.04374069068577581,2022-06-18,1544.385255,0.08067184535787238,shock
219659389,BTC-8JUL22-20500-C,2022-07-08,20500.0,C,1655537616636,7,0.054844728691019785,19118.64,0.068,19074.313079986812,"[{""instrument"": ""BTC-24JUN22"", ""trade_seq"": 2017609, ""age_seconds"": 0.883}, {""instrument"": ""BTC-30DEC22"", ""trade_seq"": 229502, ""age_seconds"": 1.131}, {""instrument"": ""BTC-30SEP22"", ""trade_seq"": 1112897, ""age_seconds"": 1.219}]",False,,-0.07208232115638472,2022-06-18,1300.06752,0.06815802564151363,shock
219666908,BTC-8JUL22-21000-C,2022-07-08,21000.0,C,1655538663038,7,0.0548115475012684,19308.24,0.059,19263.68575239464,"[{""instrument"": ""BTC-24JUN22"", ""trade_seq"": 2019180, ""age_seconds"": 0.33}, {""instrument"": ""BTC-30DEC22"", ""trade_seq"": 229788, ""age_seconds"": 15.117}, {""instrument"": ""BTC-30SEP22"", ""trade_seq"": 1113639, ""age_seconds"": 0.206}]",False,,-0.0863006814172212,2022-06-18,1139.18616,0.05913645886059938,shock
219659393,BTC-8JUL22-21500-C,2022-07-08,21500.0,C,1655537616711,7,0.05484472631278539,19118.64,0.048,19074.313079986812,"[{""instrument"": ""BTC-24JUN22"", ""trade_seq"": 2017609, ""age_seconds"": 0.958}, {""instrument"": ""BTC-30DEC22"", ""trade_seq"": 229502, ""age_seconds"": 1.206}, {""instrument"": ""BTC-30SEP22"", ""trade_seq"": 1112897, ""age_seconds"": 1.294}]",False,,-0.11971037014563933,2022-06-18,917.69472,0.04811154751165668,shock
219648366,BTC-8JUL22-23000-C,2022-07-08,23000.0,C,1655536515930,7,0.05487963184931507,19443.04,0.0295,19387.533422698038,"[{""instrument"": ""BTC-24JUN22"", ""trade_seq"": 2016378, ""age_seconds"": 2.788}, {""instrument"": ""BTC-30DEC22"", ""trade_seq"": 229030, ""age_seconds"": 0.023}, {""instrument"": ""BTC-30SEP22"", ""trade_seq"": 1111097, ""age_seconds"": 1.841}]",False,,-0.1708639634977122,2022-06-18,573.56968,0.029584458605161748,shock
219667321,BTC-8JUL22-23500-C,2022-07-08,23500.0,C,1655538743044,7,0.05480901052765094,19271.72,0.0225,19215.659416388633,"[{""instrument"": ""BTC-24JUN22"", ""trade_seq"": 2019301, ""age_seconds"": 0.657}, {""instrument"": ""BTC-30DEC22"", ""trade_seq"": 229797, ""age_seconds"": 19.997}, {""instrument"": ""BTC-30SEP22"", ""trade_seq"": 1113676, ""age_seconds"": 9.394}]",False,,-0.20127487992934892,2022-06-18,433.6137,0.02256564245878442,shock
219643580,BTC-8JUL22-24000-C,2022-07-08,24000.0,C,1655535947889,7,0.054897644311263316,19253.47,0.02,19209.460606561584,"[{""instrument"": ""BTC-24JUN22"", ""trade_seq"": 2015990, ""age_seconds"": 0.515}, {""instrument"": ""BTC-30DEC22"", ""trade_seq"": 228895, ""age_seconds"": 6.829}, {""instrument"": ""BTC-30SEP22"", ""trade_seq"": 1109993, ""age_seconds"": 0.131}]",False,,-0.22265093274558098,2022-06-18,385.06940000000003,0.020045820540555297,shock
219639520,BTC-8JUL22-27500-C,2022-07-08,27500.0,C,1655535625249,7,0.05490787515854896,19438.98,0.005,19384.199963124414,"[{""instrument"": ""BTC-24JUN22"", ""trade_seq"": 2015534, ""age_seconds"": 0.675}, {""instrument"": ""BTC-30DEC22"", ""trade_seq"": 228722, ""age_seconds"": 10.361}, {""instrument"": ""BTC-30SEP22"", ""trade_seq"": 1109398, ""age_seconds"": 6.541}]",False,,-0.3497277053260155,2022-06-18,97.1949,0.005014130074230507,shock
219962368,BTC-1JUL22-15000-P,2022-07-01,15000.0,P,1655623704476,7,0.03293681900050736,18428.98,0.0285,18408.384453780836,"[{""instrument"": ""BTC-24JUN22"", ""trade_seq"": 2066195, ""age_seconds"": 14.179}, {""instrument"": ""BTC-30DEC22"", ""trade_seq"": 233633, ""age_seconds"": 717.297}, {""instrument"": ""BTC-30SEP22"", ""trade_seq"": 1147579, ""age_seconds"": 5.562}]",False,,0.20475603655948377,2022-06-19,525.2259300000001,0.2136858013617227,shock
219961262,BTC-1JUL22-18000-P,2022-07-01,18000.0,P,1655622739436,7,0.03296742021816337,18333.0,0.0735,18312.1410413507,"[{""instrument"": ""BTC-24JUN22"", ""trade_seq"": 2066125, ""age_seconds"": 3.21}, {""instrument"": ""BTC-30DEC22"", ""trade_seq"": 233630, ""age_seconds"": 252.482}, {""instrument"": ""BTC-30SEP22"", ""trade_seq"": 1147435, ""age_seconds"": 25.674}]",False,,0.017192526851498423,2022-06-19,1347.4755,0.09062930094318927,shock
219964600,BTC-1JUL22-18500-C,2022-07-01,18500.0,C,1655624722123,7,0.03290454962582445,18363.12,0.0715,18334.04395532275,"[{""instrument"": ""BTC-24JUN22"", ""trade_seq"": 2066555, ""age_seconds"": 47.186}, {""instrument"": ""BTC-30DEC22"", ""trade_seq"": 233833, ""age_seconds"": 0.239}, {""instrument"": ""BTC-30SEP22"", ""trade_seq"": 1147742, ""age_seconds"": 148.358}]",False,,-0.009011075071691004,2022-06-19,1312.9630799999998,0.07161339217902439,shock
219965254,BTC-1JUL22-20000-C,2022-07-01,20000.0,C,1655624972265,7,0.03289661767503805,18320.88,0.034,18251.964208962938,"[{""instrument"": ""BTC-24JUN22"", ""trade_seq"": 2066672, ""age_seconds"": 0.035}, {""instrument"": ""BTC-30DEC22"", ""trade_seq"": 233922, ""age_seconds"": 0.46}, {""instrument"": ""BTC-30SEP22"", ""trade_seq"": 1147765, ""age_seconds"": 0.518}]",False,,-0.09145957142857591,2022-06-19,622.90992,0.034128377245782104,shock
219963517,BTC-1JUL22-20500-C,2022-07-01,20500.0,C,1655624163024,7,0.032922278538812785,18377.57,0.0275,18333.882553876316,"[{""instrument"": ""BTC-24JUN22"", ""trade_seq"": 2066358, ""age_seconds"": 12.047}, {""instrument"": ""BTC-30DEC22"", ""trade_seq"": 233639, ""age_seconds"": 116.068}, {""instrument"": ""BTC-30SEP22"", ""trade_seq"": 1147688, ""age_seconds"": 28.622}]",False,,-0.11167403254455509,2022-06-19,505.383175,0.027565529206095372,shock
219963599,BTC-1JUL22-22500-C,2022-07-01,22500.0,C,1655624206832,7,0.03292088939624556,18387.1,0.0105,18360.192481820723,"[{""instrument"": ""BTC-24JUN22"", ""trade_seq"": 2066373, ""age_seconds"": 0.371}, {""instrument"": ""BTC-30DEC22"", ""trade_seq"": 233639, ""age_seconds"": 159.876}, {""instrument"": ""BTC-30SEP22"", ""trade_seq"": 1147692, ""age_seconds"": 22.697}]",False,,-0.2033304403136856,2022-06-19,193.06455,0.010515388125215035,shock
219962232,BTC-1JUL22-23000-C,2022-07-01,23000.0,C,1655623503990,7,0.03294317636986301,18438.73,0.008,18413.134425364453,"[{""instrument"": ""BTC-24JUN22"", ""trade_seq"": 2066190, ""age_seconds"": 42.691}, {""instrument"": ""BTC-30DEC22"", ""trade_seq"": 233633, ""age_seconds"": 516.811}, {""instrument"": ""BTC-30SEP22"", ""trade_seq"": 1147560, ""age_seconds"": 1.902}]",False,,-0.22242997850239699,2022-06-19,147.50984,0.008011120572540996,shock
219966157,BTC-1JUL22-24000-C,2022-07-01,24000.0,C,1655625324801,7,0.03288543883181126,18289.48,0.0055,18236.25720175105,"[{""instrument"": ""BTC-24JUN22"", ""trade_seq"": 2066849, ""age_seconds"": 2.96}, {""instrument"": ""BTC-30DEC22"", ""trade_seq"": 233931, ""age_seconds"": 60.689}, {""instrument"": ""BTC-30SEP22"", ""trade_seq"": 1147858, ""age_seconds"": 2.943}]",False,,-0.27464206403002156,2022-06-19,100.59213999999999,0.005516051834931408,shock
219964476,BTC-26AUG22-26000-C,2022-08-26,26000.0,C,1655624662245,7,0.18633110587899543,18348.02,0.03,18294.38534615893,"[{""instrument"": ""BTC-24JUN22"", ""trade_seq"": 2066547, ""age_seconds"": 1.153}, {""instrument"": ""BTC-30DEC22"", ""trade_seq"": 233781, ""age_seconds"": 1.166}, {""instrument"": ""BTC-30SEP22"", ""trade_seq"": 1147742, ""age_seconds"": 88.48}]",False,,-0.3515023369357455,2022-06-19,550.4406,0.030087952646934372,shock
219960889,BTC-29JUL22-16000-P,2022-07-29,16000.0,P,1655622487465,7,0.1096877389332826,18323.43,0.083,18303.80731571042,"[{""instrument"": ""BTC-24JUN22"", ""trade_seq"": 2066105, ""age_seconds"": 0.446}, {""instrument"": ""BTC-30DEC22"", ""trade_seq"": 233630, ""age_seconds"": 0.511}, {""instrument"": ""BTC-30SEP22"", ""trade_seq"": 1147385, ""age_seconds"": 1.222}]",False,,0.1345203660070067,2022-06-19,1520.8446900000001,0.20895390449328358,shock
219965248,BTC-29JUL22-18000-P,2022-07-29,18000.0,P,1655624972243,7,0.10960894713977677,18320.88,0.122,18253.821162884673,"[{""instrument"": ""BTC-24JUN22"", ""trade_seq"": 2066672, ""age_seconds"": 0.013}, {""instrument"": ""BTC-30DEC22"", ""trade_seq"": 233922, ""age_seconds"": 0.438}, {""instrument"": ""BTC-30SEP22"", ""trade_seq"": 1147765, ""age_seconds"": 0.496}]",False,,0.014002679003857793,2022-06-19,2235.14736,0.13635328738431327,shock
219961165,BTC-29JUL22-19000-C,2022-07-29,19000.0,C,1655622659161,7,0.10968229448883816,18363.79,0.107,18330.825997689008,"[{""instrument"": ""BTC-24JUN22"", ""trade_seq"": 2066119, ""age_seconds"": 17.546}, {""instrument"": ""BTC-30DEC22"", ""trade_seq"": 233630, ""age_seconds"": 172.207}, {""instrument"": ""BTC-30SEP22"", ""trade_seq"": 1147426, ""age_seconds"": 15.268}]",False,,-0.03585485571751314,2022-06-19,1964.92553,0.10719241621996307,shock
219962420,BTC-29JUL22-22000-C,2022-07-29,22000.0,C,1655623781036,7,0.10964672006595637,18446.83,0.047,18413.22586577149,"[{""instrument"": ""BTC-24JUN22"", ""trade_seq"": 2066195, ""age_seconds"": 90.739}, {""instrument"": ""BTC-30DEC22"", ""trade_seq"": 233633, ""age_seconds"": 793.857}, {""instrument"": ""BTC-30SEP22"", ""trade_seq"": 1147581, ""age_seconds"": 47.702}]",False,,-0.17797324990145244,2022-06-19,867.0010100000001,0.04708577499240239,shock
219964042,BTC-30SEP22-17000-P,2022-09-30,17000.0,P,1655624427580,7,0.28222895801623543,18385.46,0.142,18332.5,"[{""instrument"": ""BTC-24JUN22"", ""trade_seq"": 2066447, ""age_seconds"": 4.492}, {""instrument"": ""BTC-30DEC22"", ""trade_seq"": 233701, ""age_seconds"": 71.591}, {""instrument"": ""BTC-30SEP22"", ""trade_seq"": 1147727, ""age_seconds"": 0.113}]",False,,0.07546209692960143,2022-06-19,2610.73532,0.2150953399699986,shock
219962182,BTC-8JUL22-13000-P,2022-07-08,13000.0,P,1655623480535,7,0.05212200231481482,18417.99,0.025,18389.477498877994,"[{""instrument"": ""BTC-24JUN22"", ""trade_seq"": 2066190, ""age_seconds"": 19.236}, {""instrument"": ""BTC-30DEC22"", ""trade_seq"": 233633, ""age_seconds"": 493.356}, {""instrument"": ""BTC-30SEP22"", ""trade_seq"": 1147556, ""age_seconds"": 19.158}]",False,,0.3468292685095129,2022-06-19,460.44975000000005,0.3181127494913827,shock
219962405,BTC-8JUL22-15500-P,2022-07-08,15500.0,P,1655623763697,7,0.052113023306697114,18445.94,0.045,18421.303647870976,"[{""instrument"": ""BTC-24JUN22"", ""trade_seq"": 2066195, ""age_seconds"": 73.4}, {""instrument"": ""BTC-30DEC22"", ""trade_seq"": 233633, ""age_seconds"": 776.518}, {""instrument"": ""BTC-30SEP22"", ""trade_seq"": 1147581, ""age_seconds"": 30.363}]",False,,0.1726677778976869,2022-06-19,830.0672999999999,0.20364307649336955,shock
219964248,BTC-8JUL22-16000-P,2022-07-08,16000.0,P,1655624573111,7,0.05208735695712836,18383.74,0.0515,18337.07590925936,"[{""instrument"": ""BTC-24JUN22"", ""trade_seq"": 2066489, ""age_seconds"": 20.769}, {""instrument"": ""BTC-30DEC22"", ""trade_seq"": 233759, ""age_seconds"": 7.474}, {""instrument"": ""BTC-30SEP22"", ""trade_seq"": 1147739, ""age_seconds"": 20.726}]",False,,0.13633629399579847,2022-06-19,946.76261,0.17908190681597044,shock
219966436,BTC-8JUL22-17500-P,2022-07-08,17500.0,P,1655625490910,7,0.052058253741755454,18284.57,0.0785,18254.36645311804,"[{""instrument"": ""BTC-24JUN22"", ""trade_seq"": 2066940, ""age_seconds"": 0.004}, {""instrument"": ""BTC-30DEC22"", ""trade_seq"": 233931, ""age_seconds"": 226.798}, {""instrument"": ""BTC-30SEP22"", ""trade_seq"": 1147874, ""age_seconds"": 42.43}]",False,,0.042203428186570115,2022-06-19,1435.338745,0.11995514627920796,shock
219964205,BTC-8JUL22-18000-P,2022-07-08,18000.0,P,1655624542357,7,0.05208833216007103,18384.83,0.0865,18353.402985386547,"[{""instrument"": ""BTC-24JUN22"", ""trade_seq"": 2066482, ""age_seconds"": 12.154}, {""instrument"": ""BTC-30DEC22"", ""trade_seq"": 233753, ""age_seconds"": 3.409}, {""instrument"": ""BTC-30SEP22"", ""trade_seq"": 1147736, ""age_seconds"": 13.792}]",False,,0.019443248205819656,2022-06-19,1590.287795,0.10590356360257346,shock
219962342,BTC-8JUL22-18500-C,2022-07-08,18500.0,C,1655623638259,7,0.05211700091958397,18435.57,0.0885,18407.71569890994,"[{""instrument"": ""BTC-24JUN22"", ""trade_seq"": 2066191, ""age_seconds"": 134.017}, {""instrument"": ""BTC-30DEC22"", ""trade_seq"": 233633, ""age_seconds"": 651.08}, {""instrument"": ""BTC-30SEP22"", ""trade_seq"": 1147575, ""age_seconds"": 7.873}]",False,,-0.005000823901709685,2022-06-19,1631.5479449999998,0.08863391697735837,shock
219962339,BTC-8JUL22-19000-C,2022-07-08,19000.0,C,1655623632366,7,0.05211718778538813,18432.98,0.0745,18405.12961214071,"[{""instrument"": ""BTC-24JUN22"", ""trade_seq"": 2066191, ""age_seconds"": 128.124}, {""instrument"": ""BTC-30DEC22"", ""trade_seq"": 233633, ""age_seconds"": 645.187}, {""instrument"": ""BTC-30SEP22"", ""trade_seq"": 1147575, ""age_seconds"": 1.98}]",False,,-0.03180957013581816,2022-06-19,1373.2570099999998,0.07461273237077061,shock
219962202,BTC-8JUL22-20500-C,2022-07-08,20500.0,C,1655623481293,7,0.05212197827879249,18414.85,0.042,18388.86630825252,"[{""instrument"": ""BTC-24JUN22"", ""trade_seq"": 2066190, ""age_seconds"": 19.994}, {""instrument"": ""BTC-30DEC22"", ""trade_seq"": 233633, ""age_seconds"": 494.114}, {""instrument"": ""BTC-30SEP22"", ""trade_seq"": 1147557, ""age_seconds"": 0.184}]",False,,-0.1086794966142322,2022-06-19,773.4236999999999,0.04205934651082347,shock
219962241,BTC-8JUL22-25000-C,2022-07-08,25000.0,C,1655623519839,7,0.052120755993150684,18429.37,0.007,18402.647480442534,"[{""instrument"": ""BTC-24JUN22"", ""trade_seq"": 2066191, ""age_seconds"": 15.597}, {""instrument"": ""BTC-30DEC22"", ""trade_seq"": 233633, ""age_seconds"": 532.66}, {""instrument"": ""BTC-30SEP22"", ""trade_seq"": 1147561, ""age_seconds"": 9.27}]",False,,-0.3063812857970272,2022-06-19,129.00558999999998,0.007010164713370782,shock
234953920,BTC-18NOV22-12000-P,2022-11-18,12000.0,P,1668066952151,7,0.021925667459411467,16652.88,0.007,16624.201320180066,"[{""instrument"": ""BTC-30DEC22"", ""trade_seq"": 857963, ""age_seconds"": 0.754}, {""instrument"": ""BTC-30JUN23"", ""trade_seq"": 102267, ""age_seconds"": 1.782}, {""instrument"": ""BTC-31MAR23"", ""trade_seq"": 295612, ""age_seconds"": 1.785}]",False,,0.32595289470849226,2022-11-10,116.57016000000002,0.2851728867374373,shock
234950532,BTC-18NOV22-14000-P,2022-11-18,14000.0,P,1668066096461,7,0.021952801211314054,16707.69,0.0175,16686.831071124205,"[{""instrument"": ""BTC-30DEC22"", ""trade_seq"": 857215, ""age_seconds"": 0.756}, {""instrument"": ""BTC-30JUN23"", ""trade_seq"": 102113, ""age_seconds"": 2.594}, {""instrument"": ""BTC-31MAR23"", ""trade_seq"": 295398, ""age_seconds"": 2.875}]",False,,0.1755625201162438,2022-11-10,292.384575,0.17853693331141832,shock
234950109,BTC-18NOV22-14500-P,2022-11-18,14500.0,P,1668065981074,7,0.021956460109081685,16774.95,0.021,16754.736135556268,"[{""instrument"": ""BTC-30DEC22"", ""trade_seq"": 857104, ""age_seconds"": 36.524}, {""instrument"": ""BTC-30JUN23"", ""trade_seq"": 102110, ""age_seconds"": 68.216}, {""instrument"": ""BTC-31MAR23"", ""trade_seq"": 295381, ""age_seconds"": 4.8}]",False,,0.14453232323863424,2022-11-10,352.27395,0.15559839704212172,shock
234944026,BTC-18NOV22-15000-P,2022-11-18,15000.0,P,1668064461679,7,0.022004639808472858,16640.76,0.0295,16618.650559990252,"[{""instrument"": ""BTC-30DEC22"", ""trade_seq"": 856686, ""age_seconds"": 1.282}, {""instrument"": ""BTC-30JUN23"", ""trade_seq"": 101974, ""age_seconds"": 14.888}, {""instrument"": ""BTC-31MAR23"", ""trade_seq"": 295067, ""age_seconds"": 39.857}]",False,,0.1024753912856363,2022-11-10,490.90241999999995,0.12693888546336274,shock
234954376,BTC-18NOV22-16000-P,2022-11-18,16000.0,P,1668067061817,7,0.021922189973363773,16645.5,0.044,16617.29395008075,"[{""instrument"": ""BTC-30DEC22"", ""trade_seq"": 858011, ""age_seconds"": 1.176}, {""instrument"": ""BTC-30JUN23"", ""trade_seq"": 102278, ""age_seconds"": 28.896}, {""instrument"": ""BTC-31MAR23"", ""trade_seq"": 295661, ""age_seconds"": 3.246}]",False,,0.037855235043045284,2022-11-10,732.4019999999999,0.08122236713963848,shock
234955025,BTC-18NOV22-16500-P,2022-11-18,16500.0,P,1668067193176,7,0.02191802460679858,16708.73,0.053,16679.782212060436,"[{""instrument"": ""BTC-30DEC22"", ""trade_seq"": 858079, ""age_seconds"": 1.076}, {""instrument"": ""BTC-30JUN23"", ""trade_seq"": 102311, ""age_seconds"": 1.084}, {""instrument"": ""BTC-31MAR23"", ""trade_seq"": 295707, ""age_seconds"": 0.142}]",False,,0.010836959107915434,2022-11-10,885.56269,0.06387043239030606,shock
234954814,BTC-18NOV22-17000-C,2022-11-18,17000.0,C,1668067158073,7,0.021919137715626587,16714.5,0.0435,16686.499329957514,"[{""instrument"": ""BTC-30DEC22"", ""trade_seq"": 858041, ""age_seconds"": 1.243}, {""instrument"": ""BTC-30JUN23"", ""trade_seq"": 102282, ""age_seconds"": 6.563}, {""instrument"": ""BTC-31MAR23"", ""trade_seq"": 295667, ""age_seconds"": 8.684}]",False,,-0.01861337493972673,2022-11-10,727.08075,0.043572994887828946,shock
234951155,BTC-18NOV22-17500-C,2022-11-18,17500.0,C,1668066215605,7,0.02194902317985794,16678.25,0.0305,16655.703417942943,"[{""instrument"": ""BTC-30DEC22"", ""trade_seq"": 857347, ""age_seconds"": 0.334}, {""instrument"": ""BTC-30JUN23"", ""trade_seq"": 102119, ""age_seconds"": 20.342}, {""instrument"": ""BTC-31MAR23"", ""trade_seq"": 295425, ""age_seconds"": 5.429}]",False,,-0.04944817553485758,2022-11-10,508.686625,0.030541287403809042,shock
234954507,BTC-18NOV22-18500-C,2022-11-18,18500.0,C,1668067095786,7,0.02192111282343988,16657.98,0.013,16629.75396655329,"[{""instrument"": ""BTC-30DEC22"", ""trade_seq"": 858011, ""age_seconds"": 35.145}, {""instrument"": ""BTC-30JUN23"", ""trade_seq"": 102280, ""age_seconds"": 22.74}, {""instrument"": ""BTC-31MAR23"", ""trade_seq"": 295661, ""age_seconds"": 37.215}]",False,,-0.10657723354370657,2022-11-10,216.55373999999998,0.01302206517520014,shock
234954905,BTC-18NOV22-19000-C,2022-11-18,19000.0,C,1668067179090,7,0.021918471270928462,16712.18,0.0095,16683.728346764856,"[{""instrument"": ""BTC-30DEC22"", ""trade_seq"": 858055, ""age_seconds"": 0.962}, {""instrument"": ""BTC-30JUN23"", ""trade_seq"": 102282, ""age_seconds"": 27.58}, {""instrument"": ""BTC-31MAR23"", ""trade_seq"": 295675, ""age_seconds"": 1.886}]",False,,-0.13000508522485674,2022-11-10,158.76571,0.009516200857513141,shock
234942936,BTC-18NOV22-19500-C,2022-11-18,19500.0,C,1668064042070,7,0.022017945522577374,16665.16,0.0065,16643.110730581393,"[{""instrument"": ""BTC-30DEC22"", ""trade_seq"": 856642, ""age_seconds"": 8.73}, {""instrument"": ""BTC-30JUN23"", ""trade_seq"": 101919, ""age_seconds"": 56.043}, {""instrument"": ""BTC-31MAR23"", ""trade_seq"": 295040, ""age_seconds"": 44.728}]",False,,-0.15841810470469983,2022-11-10,108.32354,0.006508611386028791,shock
234947272,BTC-18NOV22-20000-C,2022-11-18,20000.0,C,1668065380307,7,0.021975510305682393,16694.88,0.005,16676.50405961692,"[{""instrument"": ""BTC-30DEC22"", ""trade_seq"": 856869, ""age_seconds"": 18.443}, {""instrument"": ""BTC-30JUN23"", ""trade_seq"": 102076, ""age_seconds"": 18.466}, {""instrument"": ""BTC-31MAR23"", ""trade_seq"": 295231, ""age_seconds"": 3.045}]",False,,-0.1817314873421653,2022-11-10,83.4744,0.005005509530150141,shock
234953880,BTC-18NOV22-20500-C,2022-11-18,20500.0,C,1668066949335,7,0.021925756754185694,16657.68,0.0035,16624.916932871027,"[{""instrument"": ""BTC-30DEC22"", ""trade_seq"": 857954, ""age_seconds"": 0.396}, {""instrument"": ""BTC-30JUN23"", ""trade_seq"": 102260, ""age_seconds"": 0.374}, {""instrument"": ""BTC-31MAR23"", ""trade_seq"": 295604, ""age_seconds"": 0.552}]",False,,-0.20952229613396328,2022-11-10,58.301880000000004,0.0035068975222802275,shock
234951923,BTC-18NOV22-21500-C,2022-11-18,21500.0,C,1668066447876,7,0.021941657914764077,16695.68,0.002,16670.408125340426,"[{""instrument"": ""BTC-30DEC22"", ""trade_seq"": 857579, ""age_seconds"": 0.019}, {""instrument"": ""BTC-30JUN23"", ""trade_seq"": 102138, ""age_seconds"": 14.998}, {""instrument"": ""BTC-31MAR23"", ""trade_seq"": 295449, ""age_seconds"": 48.408}]",False,,-0.25441775604670824,2022-11-10,33.39136,0.002003031944325485,shock
234951676,BTC-18NOV22-22000-C,2022-11-18,22000.0,C,1668066373938,7,0.021944002473363776,16666.38,0.002,16643.036520563463,"[{""instrument"": ""BTC-30DEC22"", ""trade_seq"": 857434, ""age_seconds"": 4.424}, {""instrument"": ""BTC-30JUN23"", ""trade_seq"": 102137, ""age_seconds"": 83.47}, {""instrument"": ""BTC-31MAR23"", ""trade_seq"": 295447, ""age_seconds"": 7.674}]",False,,-0.2790505514063496,2022-11-10,33.33276,0.002002805194762109,shock
234951176,BTC-18NOV22-22500-C,2022-11-18,22500.0,C,1668066234276,7,0.021948431126331814,16673.44,0.0015,16650.136005067292,"[{""instrument"": ""BTC-30DEC22"", ""trade_seq"": 857349, ""age_seconds"": 12.383}, {""instrument"": ""BTC-30JUN23"", ""trade_seq"": 102121, ""age_seconds"": 6.991}, {""instrument"": ""BTC-31MAR23"", ""trade_seq"": 295426, ""age_seconds"": 9.439}]",False,,-0.3010969243447733,2022-11-10,25.01016,0.0015020994418537136,shock
234954454,BTC-25NOV22-12000-P,2022-11-25,12000.0,P,1668067082158,7,0.041099627156265854,16653.91,0.013,16601.04166979123,"[{""instrument"": ""BTC-30DEC22"", ""trade_seq"": 858011, ""age_seconds"": 21.517}, {""instrument"": ""BTC-30JUN23"", ""trade_seq"": 102280, ""age_seconds"": 9.112}, {""instrument"": ""BTC-31MAR23"", ""trade_seq"": 295661, ""age_seconds"": 23.587}]",False,,0.32455879479796623,2022-11-10,216.50082999999998,0.29019519350750556,shock
234954084,BTC-25NOV22-13000-P,2022-11-25,13000.0,P,1668066994695,7,0.04110240058980213,16651.93,0.0185,16597.796421857493,"[{""instrument"": ""BTC-30DEC22"", ""trade_seq"": 857984, ""age_seconds"": 0.914}, {""instrument"": ""BTC-30JUN23"", ""trade_seq"": 102273, ""age_seconds"": 17.774}, {""instrument"": ""BTC-31MAR23"", ""trade_seq"": 295635, ""age_seconds"": 3.356}]",False,,0.24432058341823895,2022-11-10,308.060705,0.23532383622406067,shock
234947670,BTC-25NOV22-14000-P,2022-11-25,14000.0,P,1668065514010,7,0.04114935280314561,16736.89,0.0285,16706.832878510075,"[{""instrument"": ""BTC-30DEC22"", ""trade_seq"": 856890, ""age_seconds"": 0.097}, {""instrument"": ""BTC-30JUN23"", ""trade_seq"": 102080, ""age_seconds"": 1.277}, {""instrument"": ""BTC-31MAR23"", ""trade_seq"": 295264, ""age_seconds"": 0.623}]",False,,0.17676046052841418,2022-11-10,477.001365,0.1905707842211929,shock
234951420,BTC-25NOV22-14500-P,2022-11-25,14500.0,P,1668066290362,7,0.04112473484271943,16669.54,0.0335,16627.534168452057,"[{""instrument"": ""BTC-30DEC22"", ""trade_seq"": 857391, ""age_seconds"": 0.123}, {""instrument"": ""BTC-30JUN23"", ""trade_seq"": 102133, ""age_seconds"": 0.006}, {""instrument"": ""BTC-31MAR23"", ""trade_seq"": 295435, ""age_seconds"": 13.611}]",False,,0.1369113566840227,2022-11-10,558.4295900000001,0.16153710653911757,shock
234950060,BTC-25NOV22-15000-P,2022-11-25,15000.0,P,1668065970451,7,0.041134879153982756,16786.9,0.039,16749.022890780707,"[{""instrument"": ""BTC-30DEC22"", ""trade_seq"": 857104, ""age_seconds"": 25.901}, {""instrument"": ""BTC-30JUN23"", ""trade_seq"": 102110, ""age_seconds"": 57.593}, {""instrument"": ""BTC-31MAR23"", ""trade_seq"": 295378, ""age_seconds"": 22.125}]",False,,0.11028972058855648,2022-11-10,654.6891,0.14351356532587942,shock
234951405,BTC-25NOV22-15500-P,2022-11-25,15500.0,P,1668066290335,7,0.041124735698883814,16669.54,0.0485,16627.5341678408,"[{""instrument"": ""BTC-30DEC22"", ""trade_seq"": 857391, ""age_seconds"": 0.096}, {""instrument"": ""BTC-30JUN23"", ""trade_seq"": 102121, ""age_seconds"": 63.05}, {""instrument"": ""BTC-31MAR23"", ""trade_seq"": 295435, ""age_seconds"": 13.584}]",False,,0.07021998214858861,2022-11-10,808.4726900000001,0.11643379218460531,shock
234949680,BTC-25NOV22-16000-P,2022-11-25,16000.0,P,1668065812942,7,0.041139873731608316,16762.5,0.057,16723.383603083847,"[{""instrument"": ""BTC-30DEC22"", ""trade_seq"": 857096, ""age_seconds"": 12.243}, {""instrument"": ""BTC-30JUN23"", ""trade_seq"": 102108, ""age_seconds"": 12.217}, {""instrument"": ""BTC-31MAR23"", ""trade_seq"": 295355, ""age_seconds"": 5.299}]",False,,0.044219233548503385,2022-11-10,955.4625000000001,0.10038914031573502,shock
234953973,BTC-25NOV22-16500-P,2022-11-25,16500.0,P,1668066969519,7,0.041103198915525115,16653.5,0.071,16601.385459933455,"[{""instrument"": ""BTC-30DEC22"", ""trade_seq"": 857973, ""age_seconds"": 5.289}, {""instrument"": ""BTC-30JUN23"", ""trade_seq"": 102268, ""age_seconds"": 17.148}, {""instrument"": ""BTC-31MAR23"", ""trade_seq"": 295626, ""age_seconds"": 6.164}]",False,,0.006125772415024772,2022-11-10,1182.3984999999998,0.07732992906114969,shock
234954783,BTC-25NOV22-17000-C,2022-11-25,17000.0,C,1668067151033,7,0.04109744314434297,16716.99,0.059,16665.355837424155,"[{""instrument"": ""BTC-30DEC22"", ""trade_seq"": 858034, ""age_seconds"": 0.181}, {""instrument"": ""BTC-30JUN23"", ""trade_seq"": 102281, ""age_seconds"": 50.696}, {""instrument"": ""BTC-31MAR23"", ""trade_seq"": 295667, ""age_seconds"": 1.644}]",False,,-0.019881280143784576,2022-11-10,986.30241,0.05918279931263956,shock
234941520,BTC-25NOV22-17500-C,2022-11-25,17500.0,C,1668063669344,7,0.04120784677828513,16660.44,0.0465,16617.451271826343,"[{""instrument"": ""BTC-30DEC22"", ""trade_seq"": 856581, ""age_seconds"": 3.355}, {""instrument"": ""BTC-30JUN23"", ""trade_seq"": 101807, ""age_seconds"": 9.657}, {""instrument"": ""BTC-31MAR23"", ""trade_seq"": 294935, ""age_seconds"": 5.419}]",False,,-0.051747456340992655,2022-11-10,774.7104599999999,0.046620293769927525,shock
234954173,BTC-25NOV22-18000-C,2022-11-25,18000.0,C,1668067004058,7,0.04110210369101979,16644.7,0.032,16589.622789515663,"[{""instrument"": ""BTC-30DEC22"", ""trade_seq"": 857993, ""age_seconds"": 1.498}, {""instrument"": ""BTC-30JUN23"", ""trade_seq"": 102273, ""age_seconds"": 27.137}, {""instrument"": ""BTC-31MAR23"", ""trade_seq"": 295646, ""age_seconds"": 1.494}]",False,,-0.08159439117257954,2022-11-10,532.6304,0.032106239349613944,shock
234953819,BTC-25NOV22-18500-C,2022-11-25,18500.0,C,1668066948423,7,0.0411038678652968,16671.32,0.024,16619.850815474332,"[{""instrument"": ""BTC-30DEC22"", ""trade_seq"": 857949, ""age_seconds"": 1.492}, {""instrument"": ""BTC-30JUN23"", ""trade_seq"": 102257, ""age_seconds"": 0.025}, {""instrument"": ""BTC-31MAR23"", ""trade_seq"": 295602, ""age_seconds"": 0.092}]",False,,-0.10717291890217714,2022-11-10,400.11168,0.024074324399318066,shock
234954437,BTC-25NOV22-19000-C,2022-11-25,19000.0,C,1668067076170,7,0.041099817034500254,16654.15,0.018,16601.28073720389,"[{""instrument"": ""BTC-30DEC22"", ""trade_seq"": 858011, ""age_seconds"": 15.529}, {""instrument"": ""BTC-30JUN23"", ""trade_seq"": 102280, ""age_seconds"": 3.124}, {""instrument"": ""BTC-31MAR23"", ""trade_seq"": 295661, ""age_seconds"": 17.599}]",False,,-0.13495913393646253,2022-11-10,299.7747,0.01805732369359897,shock
234948463,BTC-25NOV22-20000-C,2022-11-25,20000.0,C,1668065610418,7,0.04114629572552004,16815.38,0.011,16778.84232646165,"[{""instrument"": ""BTC-30DEC22"", ""trade_seq"": 856986, ""age_seconds"": 0.457}, {""instrument"": ""BTC-30JUN23"", ""trade_seq"": 102084, ""age_seconds"": 17.402}, {""instrument"": ""BTC-31MAR23"", ""trade_seq"": 295309, ""age_seconds"": 24.27}]",False,,-0.17561356616659193,2022-11-10,184.96918,0.011023953643588866,shock
234942672,BTC-25NOV22-20500-C,2022-11-25,20500.0,C,1668063965772,7,0.041198447108066964,16686.86,0.008,16647.56004877676,"[{""instrument"": ""BTC-30DEC22"", ""trade_seq"": 856633, ""age_seconds"": 4.702}, {""instrument"": ""BTC-30JUN23"", ""trade_seq"": 101918, ""age_seconds"": 32.989}, {""instrument"": ""BTC-31MAR23"", ""trade_seq"": 295032, ""age_seconds"": 18.801}]",False,,-0.2081612240734861,2022-11-10,133.49488,0.008018885627014694,shock
234953874,BTC-25NOV22-21000-C,2022-11-25,21000.0,C,1668066949051,7,0.04110384795154744,16671.32,0.006,16609.902219141935,"[{""instrument"": ""BTC-30DEC22"", ""trade_seq"": 857954, ""age_seconds"": 0.112}, {""instrument"": ""BTC-30JUN23"", ""trade_seq"": 102260, ""age_seconds"": 0.09}, {""instrument"": ""BTC-31MAR23"", ""trade_seq"": 295604, ""age_seconds"": 0.268}]",False,,-0.23452340098237823,2022-11-10,100.02792,0.006022185963546715,shock
234952531,BTC-25NOV22-21500-C,2022-11-25,21500.0,C,1668066593475,7,0.041115123192541854,16709.34,0.005,16658.340086201093,"[{""instrument"": ""BTC-30DEC22"", ""trade_seq"": 857837, ""age_seconds"": 0.031}, {""instrument"": ""BTC-30JUN23"", ""trade_seq"": 102153, ""age_seconds"": 20.758}, {""instrument"": ""BTC-31MAR23"", ""trade_seq"": 295458, ""age_seconds"": 12.588}]",False,,-0.2551419380405923,2022-11-10,83.5467,0.005015307621748326,shock
234943493,BTC-27JAN23-12000-P,2023-01-27,12000.0,P,1668064214515,7,0.21379329924530696,16615.84,0.0465,16500.000118767293,"[{""instrument"": ""BTC-30DEC22"", ""trade_seq"": 856661, ""age_seconds"": 7.842}, {""instrument"": ""BTC-30JUN23"", ""trade_seq"": 101936, ""age_seconds"": 24.958}, {""instrument"": ""BTC-31MAR23"", ""trade_seq"": 295047, ""age_seconds"": 4.459}]",False,,0.31845373831655227,2022-11-10,772.63656,0.3195537358069553,shock
234950314,BTC-27JAN23-14000-P,2023-01-27,14000.0,P,1668066042482,7,0.21373533479198378,16750.76,0.0705,16640.19733228335,"[{""instrument"": ""BTC-30DEC22"", ""trade_seq"": 857171, ""age_seconds"": 26.046}, {""instrument"": ""BTC-30JUN23"", ""trade_seq"": 102112, ""age_seconds"": 5.49}, {""instrument"": ""BTC-31MAR23"", ""trade_seq"": 295394, ""age_seconds"": 11.771}]",False,,0.17276396461874668,2022-11-10,1180.9285799999998,0.22963224750165986,shock
234947658,BTC-27JAN23-16000-P,2023-01-27,16000.0,P,1668065513355,7,0.21375211329908675,16736.89,0.119,16650.194347939418,"[{""instrument"": ""BTC-30DEC22"", ""trade_seq"": 856887, ""age_seconds"": 0.29}, {""instrument"": ""BTC-30JUN23"", ""trade_seq"": 102080, ""age_seconds"": 0.622}, {""instrument"": ""BTC-31MAR23"", ""trade_seq"": 295263, ""age_seconds"": 0.083}]",False,,0.03983316666746196,2022-11-10,1991.6899099999998,0.15866987512169012,shock
234952426,BTC-27JAN23-17000-C,2023-01-27,17000.0,C,1668066579891,7,0.21371829366438358,16711.72,0.1215,16570.489441095477,"[{""instrument"": ""BTC-30DEC22"", ""trade_seq"": 857792, ""age_seconds"": 0.035}, {""instrument"": ""BTC-30JUN23"", ""trade_seq"": 102153, ""age_seconds"": 7.174}, {""instrument"": ""BTC-31MAR23"", ""trade_seq"": 295454, ""age_seconds"": 57.575}]",False,,-0.025589975269095455,2022-11-10,2030.47398,0.1225355465339692,shock
234953194,BTC-27JAN23-18000-C,2023-01-27,18000.0,C,1668066760178,7,0.2137125768011162,16683.41,0.096,16537.585613521194,"[{""instrument"": ""BTC-30DEC22"", ""trade_seq"": 857911, ""age_seconds"": 107.329}, {""instrument"": ""BTC-30JUN23"", ""trade_seq"": 102172, ""age_seconds"": 10.059}, {""instrument"": ""BTC-31MAR23"", ""trade_seq"": 295510, ""age_seconds"": 4.787}]",False,,-0.08473605153599241,2022-11-10,1601.60736,0.09684650452787495,shock
234953334,BTC-27JAN23-20000-C,2023-01-27,20000.0,C,1668066799491,7,0.2137113301940639,16684.85,0.0585,16533.153034911942,"[{""instrument"": ""BTC-30DEC22"", ""trade_seq"": 857914, ""age_seconds"": 10.755}, {""instrument"": ""BTC-30JUN23"", ""trade_seq"": 102174, ""age_seconds"": 10.769}, {""instrument"": ""BTC-31MAR23"", ""trade_seq"": 295555, ""age_seconds"": 6.181}]",False,,-0.19036463369713552,2022-11-10,976.063725,0.059036756203666184,shock
234943276,BTC-27JAN23-21000-C,2023-01-27,21000.0,C,1668064175832,7,0.21379452587519024,16610.76,0.0485,16493.85325172628,"[{""instrument"": ""BTC-30DEC22"", ""trade_seq"": 856649, ""age_seconds"": 32.216}, {""instrument"": ""BTC-30JUN23"", ""trade_seq"": 101919, ""age_seconds"": 189.805}, {""instrument"": ""BTC-31MAR23"", ""trade_seq"": 295042, ""age_seconds"": 101.667}]",False,,-0.2415346564219076,2022-11-10,805.62186,0.04884376304946705,shock
234950290,BTC-27JAN23-22000-C,2023-01-27,22000.0,C,1668066032558,7,0.2137356494799594,16760.1,0.037,16649.475684016856,"[{""instrument"": ""BTC-30DEC22"", ""trade_seq"": 857171, ""age_seconds"": 16.122}, {""instrument"": ""BTC-30JUN23"", ""trade_seq"": 102111, ""age_seconds"": 34.96}, {""instrument"": ""BTC-31MAR23"", ""trade_seq"": 295394, ""age_seconds"": 1.847}]",False,,-0.2786637278771357,2022-11-10,620.1236999999999,0.03724583955489394,shock
234943504,BTC-27JAN23-23000-C,2023-01-27,23000.0,C,1668064219202,7,0.21379315062151194,16609.4,0.03,16497.64534375234,"[{""instrument"": ""BTC-30DEC22"", ""trade_seq"": 856661, ""age_seconds"": 12.529}, {""instrument"": ""BTC-30JUN23"", ""trade_seq"": 101936, ""age_seconds"": 29.645}, {""instrument"": ""BTC-31MAR23"", ""trade_seq"": 295048, ""age_seconds"": 1.042}]",False,,-0.3322765516453995,2022-11-10,498.28200000000004,0.030203219284787173,shock
234951967,BTC-30DEC22-12000-P,2022-12-30,12000.0,P,1668066457253,7,0.13700985372272959,16694.02,0.031,16535.5,"[{""instrument"": ""BTC-30DEC22"", ""trade_seq"": 857602, ""age_seconds"": 0.404}, {""instrument"": ""BTC-30JUN23"", ""trade_seq"": 102139, ""age_seconds"": 8.794}, {""instrument"": ""BTC-31MAR23"", ""trade_seq"": 295449, ""age_seconds"": 57.785}]",False,,0.32060293507577886,2022-11-10,517.51462,0.3055858377430377,shock
234951482,BTC-30DEC22-14000-P,2022-12-30,14000.0,P,1668066305579,7,0.13701466327371892,16678.32,0.057,16535.0,"[{""instrument"": ""BTC-30DEC22"", ""trade_seq"": 857404, ""age_seconds"": 0.749}, {""instrument"": ""BTC-30JUN23"", ""trade_seq"": 102137, ""age_seconds"": 15.111}, {""instrument"": ""BTC-31MAR23"", ""trade_seq"": 295436, ""age_seconds"": 8.471}]",False,,0.16642201681849747,2022-11-10,950.6642400000001,0.21080521560326582,shock
234951648,BTC-30DEC22-15000-P,2022-12-30,15000.0,P,1668066356394,7,0.13701305194063926,16665.29,0.0765,16532.48780276209,"[{""instrument"": ""BTC-30DEC22"", ""trade_seq"": 857432, ""age_seconds"": 0.305}, {""instrument"": ""BTC-30JUN23"", ""trade_seq"": 102137, ""age_seconds"": 65.926}, {""instrument"": ""BTC-31MAR23"", ""trade_seq"": 295446, ""age_seconds"": 0.455}]",False,,0.09727720169084818,2022-11-10,1274.894685,0.1698100443959233,shock
234944327,BTC-30DEC22-16000-P,2022-12-30,16000.0,P,1668064551565,7,0.13707028269279553,16686.49,0.1015,16550.5,"[{""instrument"": ""BTC-30DEC22"", ""trade_seq"": 856748, ""age_seconds"": 0.025}, {""instrument"": ""BTC-30JUN23"", ""trade_seq"": 101974, ""age_seconds"": 104.774}, {""instrument"": ""BTC-31MAR23"", ""trade_seq"": 295076, ""age_seconds"": 31.866}]",False,,0.0338275906072956,2022-11-10,1693.6787350000002,0.1355958270142896,shock
234954785,BTC-30DEC22-17000-C,2022-12-30,17000.0,C,1668067151041,7,0.13698785384956874,16716.99,0.1015,16545.5,"[{""instrument"": ""BTC-30DEC22"", ""trade_seq"": 858034, ""age_seconds"": 0.189}, {""instrument"": ""BTC-30JUN23"", ""trade_seq"": 102281, ""age_seconds"": 50.704}, {""instrument"": ""BTC-31MAR23"", ""trade_seq"": 295667, ""age_seconds"": 1.652}]",False,,-0.027099182528817736,2022-11-10,1696.7744850000004,0.10255202230213656,shock
234948944,BTC-30DEC22-18000-C,2022-12-30,18000.0,C,1668065682870,7,0.13703440924657534,16821.58,0.0795,16695.5,"[{""instrument"": ""BTC-30DEC22"", ""trade_seq"": 857043, ""age_seconds"": 0.022}, {""instrument"": ""BTC-30JUN23"", ""trade_seq"": 102098, ""age_seconds"": 5.895}, {""instrument"": ""BTC-31MAR23"", ""trade_seq"": 295327, ""age_seconds"": 0.732}]",False,,-0.07523253586245898,2022-11-10,1337.31561,0.08010036297205834,shock
234948924,BTC-30DEC22-19000-C,2022-12-30,19000.0,C,1668065679421,7,0.1370345186136479,16821.68,0.0585,16709.837620809176,"[{""instrument"": ""BTC-30DEC22"", ""trade_seq"": 857037, ""age_seconds"": 1.534}, {""instrument"": ""BTC-30JUN23"", ""trade_seq"": 102098, ""age_seconds"": 2.446}, {""instrument"": ""BTC-31MAR23"", ""trade_seq"": 295326, ""age_seconds"": 1.985}]",False,,-0.12844135409233906,2022-11-10,984.0682800000001,0.05889155252918289,shock
234952781,BTC-30DEC22-20000-C,2022-12-30,20000.0,C,1668066631412,7,0.1370043311770675,16689.77,0.039,16524.0,"[{""instrument"": ""BTC-30DEC22"", ""trade_seq"": 857893, ""age_seconds"": 0.29}, {""instrument"": ""BTC-30JUN23"", ""trade_seq"": 102160, ""age_seconds"": 7.389}, {""instrument"": ""BTC-31MAR23"", ""trade_seq"": 295462, ""age_seconds"": 1.57}]",False,,-0.19091840401947283,2022-11-10,650.90103,0.039391250907770514,shock
234954636,BTC-30DEC22-21000-C,2022-12-30,21000.0,C,1668067127076,7,0.13698861377473362,16700.89,0.028,16527.581953683042,"[{""instrument"": ""BTC-30DEC22"", ""trade_seq"": 858018, ""age_seconds"": 0.788}, {""instrument"": ""BTC-30JUN23"", ""trade_seq"": 102281, ""age_seconds"": 26.739}, {""instrument"": ""BTC-31MAR23"", ""trade_seq"": 295664, ""age_seconds"": 16.61}]",False,,-0.2394918188846153,2022-11-10,467.62492,0.028293607698359858,shock
234950048,BTC-31MAR23-12000-P,2023-03-31,12000.0,P,1668065957984,7,0.3863407539320142,16786.53,0.06,16713.678325699006,"[{""instrument"": ""BTC-30DEC22"", ""trade_seq"": 857104, ""age_seconds"": 13.434}, {""instrument"": ""BTC-30JUN23"", ""trade_seq"": 102110, ""age_seconds"": 45.126}, {""instrument"": ""BTC-31MAR23"", ""trade_seq"": 295378, ""age_seconds"": 9.658}]",False,,0.33132079580605356,2022-11-10,1007.1918,0.3422867195488965,shock
234949946,BTC-31MAR23-13000-P,2023-03-31,13000.0,P,1668065933123,7,0.38634154226915274,16787.05,0.0775,16716.601678634932,"[{""instrument"": ""BTC-30DEC22"", ""trade_seq"": 857101, ""age_seconds"": 97.24}, {""instrument"": ""BTC-30JUN23"", ""trade_seq"": 102110, ""age_seconds"": 20.265}, {""instrument"": ""BTC-31MAR23"", ""trade_seq"": 295376, ""age_seconds"": 7.678}]",False,,0.2514529806516944,2022-11-10,1300.996375,0.3001565838616468,shock
234952650,BTC-31MAR23-15000-P,2023-03-31,15000.0,P,1668066618643,7,0.38631980457255205,16674.9,0.127,16579.313322964583,"[{""instrument"": ""BTC-30DEC22"", ""trade_seq"": 857859, ""age_seconds"": 2.798}, {""instrument"": ""BTC-30JUN23"", ""trade_seq"": 102158, ""age_seconds"": 6.041}, {""instrument"": ""BTC-31MAR23"", ""trade_seq"": 295460, ""age_seconds"": 6.637}]",False,,0.10010553176202493,2022-11-10,2117.7123,0.22299027414143285,shock
234949970,BTC-31MAR23-16000-P,2023-03-31,16000.0,P,1668065933673,7,0.3863415248287671,16787.57,0.1515,16717.11949640952,"[{""instrument"": ""BTC-30DEC22"", ""trade_seq"": 857103, ""age_seconds"": 0.027}, {""instrument"": ""BTC-30JUN23"", ""trade_seq"": 102110, ""age_seconds"": 20.815}, {""instrument"": ""BTC-31MAR23"", ""trade_seq"": 295376, ""age_seconds"": 8.228}]",False,,0.04384459165218046,2022-11-10,2543.316855,0.19503577468054778,shock
234947515,BTC-31MAR23-18000-C,2023-03-31,18000.0,C,1668065487409,7,0.38635567576737695,16712.24,0.1435,16662.07075400559,"[{""instrument"": ""BTC-30DEC22"", ""trade_seq"": 856876, ""age_seconds"": 4.007}, {""instrument"": ""BTC-30JUN23"", ""trade_seq"": 102079, ""age_seconds"": 78.138}, {""instrument"": ""BTC-31MAR23"", ""trade_seq"": 295251, ""age_seconds"": 7.941}]",False,,-0.07723683392312776,2022-11-10,2398.20644,0.14393207635512334,shock
234950307,BTC-31MAR23-19000-C,2023-03-31,19000.0,C,1668066041750,7,0.3863380977295789,16753.46,0.123,16686.589677767373,"[{""instrument"": ""BTC-30DEC22"", ""trade_seq"": 857171, ""age_seconds"": 25.314}, {""instrument"": ""BTC-30JUN23"", ""trade_seq"": 102112, ""age_seconds"": 4.758}, {""instrument"": ""BTC-31MAR23"", ""trade_seq"": 295394, ""age_seconds"": 11.039}]",False,,-0.12983359563896632,2022-11-10,2060.67558,0.12349291375849986,shock
234950388,BTC-31MAR23-21000-C,2023-03-31,21000.0,C,1668066059560,7,0.38633753297818363,16721.94,0.09,16654.418709370824,"[{""instrument"": ""BTC-30DEC22"", ""trade_seq"": 857181, ""age_seconds"": 2.683}, {""instrument"": ""BTC-30JUN23"", ""trade_seq"": 102112, ""age_seconds"": 22.568}, {""instrument"": ""BTC-31MAR23"", ""trade_seq"": 295397, ""age_seconds"": 12.267}]",False,,-0.23184686855592332,2022-11-10,1504.9745999999998,0.09036488311376525,shock
234949718,BTC-31MAR23-22000-C,2023-03-31,22000.0,C,1668065814225,7,0.38634531250000004,16765.3,0.077,16690.0,"[{""instrument"": ""BTC-30DEC22"", ""trade_seq"": 857098, ""age_seconds"": 0.009}, {""instrument"": ""BTC-30JUN23"", ""trade_seq"": 102108, ""age_seconds"": 13.5}, {""instrument"": ""BTC-31MAR23"", ""trade_seq"": 295360, ""age_seconds"": 0.002}]",False,,-0.2762327156845721,2022-11-10,1290.9280999999999,0.07734739964050329,shock
234950901,BTC-31MAR23-23000-C,2023-03-31,23000.0,C,1668066172337,7,0.3863339568429731,16647.07,0.066,16563.661986917195,"[{""instrument"": ""BTC-30DEC22"", ""trade_seq"": 857282, ""age_seconds"": 1.757}, {""instrument"": ""BTC-30JUN23"", ""trade_seq"": 102117, ""age_seconds"": 2.499}, {""instrument"": ""BTC-31MAR23"", ""trade_seq"": 295409, ""age_seconds"": 2.401}]",False,,-0.32828295694298426,2022-11-10,1098.70662,0.06633234974656047,shock
235367836,BTC-18NOV22-13000-P,2022-11-18,13000.0,P,1668152656075,7,0.019208013857179098,17372.68,0.0065,17347.728299223625,"[{""instrument"": ""BTC-30DEC22"", ""trade_seq"": 899788, ""age_seconds"": 0.202}, {""instrument"": ""BTC-30JUN23"", ""trade_seq"": 116314, ""age_seconds"": 10.524}, {""instrument"": ""BTC-31MAR23"", ""trade_seq"": 326214, ""age_seconds"": 8.156}]",False,,0.28851220659643095,2022-11-11,112.92242,0.2571316913825112,shock
235367772,BTC-18NOV22-14000-P,2022-11-18,14000.0,P,1668152649135,7,0.019208233923135466,17379.01,0.0095,17353.38152773486,"[{""instrument"": ""BTC-30DEC22"", ""trade_seq"": 899780, ""age_seconds"": 1.168}, {""instrument"": ""BTC-30JUN23"", ""trade_seq"": 116314, ""age_seconds"": 3.584}, {""instrument"": ""BTC-31MAR23"", ""trade_seq"": 326214, ""age_seconds"": 1.216}]",False,,0.2147300585209267,2022-11-11,165.10059499999997,0.20275484159162185,shock
235358015,BTC-18NOV22-14500-P,2022-11-18,14500.0,P,1668151665272,7,0.019239432014205988,17338.41,0.0125,17319.32348716059,"[{""instrument"": ""BTC-30DEC22"", ""trade_seq"": 898277, ""age_seconds"": 32.059}, {""instrument"": ""BTC-30JUN23"", ""trade_seq"": 116167, ""age_seconds"": 32.089}, {""instrument"": ""BTC-31MAR23"", ""trade_seq"": 325314, ""age_seconds"": 32.089}]",False,,0.17767419331215256,2022-11-11,216.73012500000002,0.1752986260930642,shock
235357150,BTC-18NOV22-15000-P,2022-11-18,15000.0,P,1668151296026,7,0.019251140728056827,17377.74,0.0155,17358.88399354206,"[{""instrument"": ""BTC-30DEC22"", ""trade_seq"": 898251, ""age_seconds"": 20.604}, {""instrument"": ""BTC-30JUN23"", ""trade_seq"": 116134, ""age_seconds"": 4.871}, {""instrument"": ""BTC-31MAR23"", ""trade_seq"": 325248, ""age_seconds"": 6.869}]",False,,0.146054219977268,2022-11-11,269.35497000000004,0.15140598695859886,shock
235352516,BTC-18NOV22-15500-P,2022-11-18,15500.0,P,1668150368698,7,0.019280546106037546,17207.88,0.0225,17191.03074489867,"[{""instrument"": ""BTC-30DEC22"", ""trade_seq"": 898015, ""age_seconds"": 20.711}, {""instrument"": ""BTC-30JUN23"", ""trade_seq"": 115955, ""age_seconds"": 14.242}, {""instrument"": ""BTC-31MAR23"", ""trade_seq"": 324868, ""age_seconds"": 20.79}]",False,,0.10354775556247142,2022-11-11,387.1773,0.12088908895211917,shock
235367922,BTC-18NOV22-16000-P,2022-11-18,16000.0,P,1668152666626,7,0.019207679287163874,17367.12,0.0245,17342.485127528427,"[{""instrument"": ""BTC-30DEC22"", ""trade_seq"": 899805, ""age_seconds"": 1.265}, {""instrument"": ""BTC-30JUN23"", ""trade_seq"": 116315, ""age_seconds"": 9.429}, {""instrument"": ""BTC-31MAR23"", ""trade_seq"": 326235, ""age_seconds"": 1.262}]",False,,0.08057055646348875,2022-11-11,425.49444,0.10194499545639174,shock
235368265,BTC-18NOV22-16500-P,2022-11-18,16500.0,P,1668152686677,7,0.01920704347412481,17383.81,0.0315,17358.191362681628,"[{""instrument"": ""BTC-30DEC22"", ""trade_seq"": 899890, ""age_seconds"": 0.284}, {""instrument"": ""BTC-30JUN23"", ""trade_seq"": 116332, ""age_seconds"": 3.565}, {""instrument"": ""BTC-31MAR23"", ""trade_seq"": 326295, ""age_seconds"": 3.145}]",False,,0.050704138720795204,2022-11-11,547.590015,0.08098662748377791,shock
235376934,BTC-18NOV22-17000-P,2022-11-18,17000.0,P,1668153541339,7,0.01917994231988838,17369.0,0.0405,17343.538962484086,"[{""instrument"": ""BTC-30DEC22"", ""trade_seq"": 901333, ""age_seconds"": 2.319}, {""instrument"": ""BTC-30JUN23"", ""trade_seq"": 116474, ""age_seconds"": 73.177}, {""instrument"": ""BTC-31MAR23"", ""trade_seq"": 326895, ""age_seconds"": 24.067}]",False,,0.02000669888761664,2022-11-11,703.4445000000001,0.06036734859873888,shock
235374099,BTC-18NOV22-17500-C,2022-11-18,17500.0,C,1668153180748,7,0.019191376585489597,17394.51,0.0355,17367.077283709918,"[{""instrument"": ""BTC-30DEC22"", ""trade_seq"": 900943, ""age_seconds"": 0.022}, {""instrument"": ""BTC-30JUN23"", ""trade_seq"": 116465, ""age_seconds"": 7.531}, {""instrument"": ""BTC-31MAR23"", ""trade_seq"": 326753, ""age_seconds"": 14.122}]",False,,-0.007624577142152183,2022-11-11,617.5051049999998,0.0355560751479589,shock
235376922,BTC-18NOV22-18000-C,2022-11-18,18000.0,C,1668153540987,7,0.019179953481735162,17369.0,0.0225,17343.538949793157,"[{""instrument"": ""BTC-30DEC22"", ""trade_seq"": 901333, ""age_seconds"": 1.967}, {""instrument"": ""BTC-30JUN23"", ""trade_seq"": 116474, ""age_seconds"": 72.825}, {""instrument"": ""BTC-31MAR23"", ""trade_seq"": 326895, ""age_seconds"": 23.715}]",False,,-0.03715171568407024,2022-11-11,390.8025,0.022533030953562152,shock
235376411,BTC-18NOV22-18500-C,2022-11-18,18500.0,C,1668153445992,7,0.01918296575342466,17346.68,0.013,17319.75050968301,"[{""instrument"": ""BTC-30DEC22"", ""trade_seq"": 901297, ""age_seconds"": 4.974}, {""instrument"": ""BTC-30JUN23"", ""trade_seq"": 116473, ""age_seconds"": 75.711}, {""instrument"": ""BTC-31MAR23"", ""trade_seq"": 326881, ""age_seconds"": 10.984}]",False,,-0.06592323380645249,2022-11-11,225.50683999999998,0.013020212957104961,shock
235374922,BTC-18NOV22-19000-C,2022-11-18,19000.0,C,1668153261078,7,0.019188829337899543,17371.54,0.008,17344.39446035356,"[{""instrument"": ""BTC-30DEC22"", ""trade_seq"": 901122, ""age_seconds"": 0.245}, {""instrument"": ""BTC-30JUN23"", ""trade_seq"": 116467, ""age_seconds"": 46.361}, {""instrument"": ""BTC-31MAR23"", ""trade_seq"": 326795, ""age_seconds"": 4.354}]",False,,-0.09116961083563709,2022-11-11,138.97232,0.008012520720609066,shock
235367598,BTC-18NOV22-19500-C,2022-11-18,19500.0,C,1668152635192,7,0.019208676052765092,17389.49,0.005,17364.278649749496,"[{""instrument"": ""BTC-30DEC22"", ""trade_seq"": 899752, ""age_seconds"": 0.389}, {""instrument"": ""BTC-30JUN23"", ""trade_seq"": 116311, ""age_seconds"": 2.376}, {""instrument"": ""BTC-31MAR23"", ""trade_seq"": 326202, ""age_seconds"": 0.386}]",False,,-0.11599932070585682,2022-11-11,86.94745,0.005007259544366638,shock
235367818,BTC-18NOV22-20000-C,2022-11-18,20000.0,C,1668152652205,7,0.019208136574074077,17370.19,0.0035,17344.574645577897,"[{""instrument"": ""BTC-30DEC22"", ""trade_seq"": 899780, ""age_seconds"": 4.238}, {""instrument"": ""BTC-30JUN23"", ""trade_seq"": 116314, ""age_seconds"": 6.654}, {""instrument"": ""BTC-31MAR23"", ""trade_seq"": 326214, ""age_seconds"": 4.286}]",False,,-0.1424525166051928,2022-11-11,60.795665,0.0035051689789060477,shock
235371388,BTC-18NOV22-20500-C,2022-11-18,20500.0,C,1668152946387,7,0.019198808124048707,17365.91,0.0025,17340.407544368023,"[{""instrument"": ""BTC-30DEC22"", ""trade_seq"": 900490, ""age_seconds"": 4.004}, {""instrument"": ""BTC-30JUN23"", ""trade_seq"": 116445, ""age_seconds"": 36.517}, {""instrument"": ""BTC-31MAR23"", ""trade_seq"": 326667, ""age_seconds"": 10.967}]",False,,-0.16738541193275028,2022-11-11,43.414775,0.0025036767382148784,shock
235356469,BTC-18NOV22-21500-C,2022-11-18,21500.0,C,1668151092075,7,0.019257607971841707,17381.06,0.001,17364.86337113055,"[{""instrument"": ""BTC-30DEC22"", ""trade_seq"": 898246, ""age_seconds"": 67.028}, {""instrument"": ""BTC-30JUN23"", ""trade_seq"": 116114, ""age_seconds"": 79.229}, {""instrument"": ""BTC-31MAR23"", ""trade_seq"": 325231, ""age_seconds"": 7.486}]",False,,-0.21360411702896803,2022-11-11,17.38106,0.0010009327242330268,shock
235371343,BTC-25NOV22-14000-P,2022-11-25,14000.0,P,1668152942088,7,0.03837702663622527,17360.12,0.019,17307.725328545323,"[{""instrument"": ""BTC-30DEC22"", ""trade_seq"": 900483, ""age_seconds"": 0.225}, {""instrument"": ""BTC-30JUN23"", ""trade_seq"": 116445, ""age_seconds"": 32.218}, {""instrument"": ""BTC-31MAR23"", ""trade_seq"": 326667, ""age_seconds"": 6.668}]",False,,0.21209562299731227,2022-11-11,329.84227999999996,0.21017017196049137,shock
235374131,BTC-25NOV22-15000-P,2022-11-25,15000.0,P,1668153182540,7,0.03836940195332318,17387.77,0.0265,17332.171704822835,"[{""instrument"": ""BTC-30DEC22"", ""trade_seq"": 900950, ""age_seconds"": 0.046}, {""instrument"": ""BTC-30JUN23"", ""trade_seq"": 116465, ""age_seconds"": 9.323}, {""instrument"": ""BTC-31MAR23"", ""trade_seq"": 326753, ""age_seconds"": 15.914}]",False,,0.1445142095359144,2022-11-11,460.775905,0.16114239215883558,shock
235356546,BTC-25NOV22-15500-P,2022-11-25,15500.0,P,1668151110388,7,0.038435109462201925,17371.34,0.032,17334.63212378879,"[{""instrument"": ""BTC-30DEC22"", ""trade_seq"": 898248, ""age_seconds"": 2.111}, {""instrument"": ""BTC-30JUN23"", ""trade_seq"": 116115, ""age_seconds"": 2.089}, {""instrument"": ""BTC-31MAR23"", ""trade_seq"": 325231, ""age_seconds"": 25.799}]",False,,0.11186633339957223,2022-11-11,555.88288,0.13790399396524952,shock
235373172,BTC-25NOV22-16000-P,2022-11-25,16000.0,P,1668153111919,7,0.03837164133054287,17400.69,0.0395,17349.144700859924,"[{""instrument"": ""BTC-30DEC22"", ""trade_seq"": 900791, ""age_seconds"": 0.09}, {""instrument"": ""BTC-30JUN23"", ""trade_seq"": 116463, ""age_seconds"": 10.541}, {""instrument"": ""BTC-31MAR23"", ""trade_seq"": 326698, ""age_seconds"": 3.05}]",False,,0.0809544861575529,2022-11-11,687.3272549999999,0.11738169177636662,shock
235373458,BTC-25NOV22-16500-P,2022-11-25,16500.0,P,1668153123913,7,0.03837126100329782,17414.24,0.047,17361.097076804395,"[{""instrument"": ""BTC-30DEC22"", ""trade_seq"": 900837, ""age_seconds"": 0.01}, {""instrument"": ""BTC-30JUN23"", ""trade_seq"": 116464, ""age_seconds"": 7.407}, {""instrument"": ""BTC-31MAR23"", ""trade_seq"": 326742, ""age_seconds"": 0.067}]",False,,0.050871521997362903,2022-11-11,818.46928,0.09674310035674012,shock
235377387,BTC-25NOV22-17000-P,2022-11-25,17000.0,P,1668153596493,7,0.03835627558980213,17357.65,0.0575,17308.576720274406,"[{""instrument"": ""BTC-30DEC22"", ""trade_seq"": 901406, ""age_seconds"": 0.225}, {""instrument"": ""BTC-30JUN23"", ""trade_seq"": 116479, ""age_seconds"": 0.243}, {""instrument"": ""BTC-31MAR23"", ""trade_seq"": 326897, ""age_seconds"": 13.331}]",False,,0.017988798774770075,2022-11-11,998.0648750000001,0.07549099018314262,shock
235367669,BTC-25NOV22-17500-C,2022-11-25,17500.0,C,1668152643936,7,0.03838648097412481,17390.32,0.0515,17338.43492008506,"[{""instrument"": ""BTC-30DEC22"", ""trade_seq"": 899762, ""age_seconds"": 0.249}, {""instrument"": ""BTC-30JUN23"", ""trade_seq"": 116313, ""age_seconds"": 0.089}, {""instrument"": ""BTC-31MAR23"", ""trade_seq"": 326204, ""age_seconds"": 0.379}]",False,,-0.009275172007866187,2022-11-11,895.6014799999999,0.05165411319579508,shock
235374415,BTC-25NOV22-18000-C,2022-11-25,18000.0,C,1668153209254,7,0.038368554857940135,17371.78,0.037,17317.04367700258,"[{""instrument"": ""BTC-30DEC22"", ""trade_seq"": 900999, ""age_seconds"": 0.939}, {""instrument"": ""BTC-30JUN23"", ""trade_seq"": 116466, ""age_seconds"": 22.579}, {""instrument"": ""BTC-31MAR23"", ""trade_seq"": 326776, ""age_seconds"": 6.093}]",False,,-0.03868055772556767,2022-11-11,642.7558599999999,0.03711695090621005,shock
235374322,BTC-25NOV22-18500-C,2022-11-25,18500.0,C,1668153196193,7,0.03836896901953323,17377.95,0.0265,17324.42756793986,"[{""instrument"": ""BTC-30DEC22"", ""trade_seq"": 900993, ""age_seconds"": 2.087}, {""instrument"": ""BTC-30JUN23"", ""trade_seq"": 116466, ""age_seconds"": 9.518}, {""instrument"": ""BTC-31MAR23"", ""trade_seq"": 326774, ""age_seconds"": 8.328}]",False,,-0.06565322836572395,2022-11-11,460.515675,0.02658186962853644,shock
235377086,BTC-25NOV22-19000-C,2022-11-25,19000.0,C,1668153556170,7,0.038357554223744296,17373.89,0.019,17322.58817910784,"[{""instrument"": ""BTC-30DEC22"", ""trade_seq"": 901352, ""age_seconds"": 0.431}, {""instrument"": ""BTC-30JUN23"", ""trade_seq"": 116475, ""age_seconds"": 9.49}, {""instrument"": ""BTC-31MAR23"", ""trade_seq"": 326895, ""age_seconds"": 38.898}]",False,,-0.09242765422225237,2022-11-11,330.10391,0.019056269570509484,shock
235353099,BTC-25NOV22-19500-C,2022-11-25,19500.0,C,1668150603364,7,0.038451187087772704,17222.17,0.0135,17183.245431869105,"[{""instrument"": ""BTC-30DEC22"", ""trade_seq"": 898037, ""age_seconds"": 8.485}, {""instrument"": ""BTC-30JUN23"", ""trade_seq"": 115969, ""age_seconds"": 13.503}, {""instrument"": ""BTC-31MAR23"", ""trade_seq"": 324927, ""age_seconds"": 12.502}]",False,,-0.12647965929505867,2022-11-11,232.49929499999996,0.01353058104895554,shock
235354888,BTC-25NOV22-20000-C,2022-11-25,20000.0,C,1668150835077,7,0.03844383951674277,17288.53,0.0095,17252.71920685478,"[{""instrument"": ""BTC-30DEC22"", ""trade_seq"": 898147, ""age_seconds"": 29.87}, {""instrument"": ""BTC-30JUN23"", ""trade_seq"": 116068, ""age_seconds"": 21.778}, {""instrument"": ""BTC-31MAR23"", ""trade_seq"": 325073, ""age_seconds"": 28.902}]",False,,-0.1477625073197544,2022-11-11,164.24103499999998,0.009519718777706902,shock
235368129,BTC-27JAN23-13000-P,2023-01-27,13000.0,P,1668152680755,7,0.21098805317732117,17376.91,0.0465,17222.695557261468,"[{""instrument"": ""BTC-30DEC22"", ""trade_seq"": 899846, ""age_seconds"": 0.003}, {""instrument"": ""BTC-30JUN23"", ""trade_seq"": 116316, ""age_seconds"": 9.366}, {""instrument"": ""BTC-31MAR23"", ""trade_seq"": 326270, ""age_seconds"": 0.001}]",False,,0.28127866571383375,2022-11-11,808.026315,0.29209840326884284,shock
235376433,BTC-27JAN23-16000-P,2023-01-27,16000.0,P,1668153449405,7,0.21096367944571282,17348.01,0.1005,17183.521684354215,"[{""instrument"": ""BTC-30DEC22"", ""trade_seq"": 901306, ""age_seconds"": 0.157}, {""instrument"": ""BTC-30JUN23"", ""trade_seq"": 116473, ""age_seconds"": 79.124}, {""instrument"": ""BTC-31MAR23"", ""trade_seq"": 326881, ""age_seconds"": 14.397}]",False,,0.07136216075713077,2022-11-11,1743.475005,0.1703374164574935,shock
235355490,BTC-2DEC22-15000-P,2022-12-02,15000.0,P,1668150971687,7,0.057617589833840695,17328.88,0.035,17287.259122722073,"[{""instrument"": ""BTC-30DEC22"", ""trade_seq"": 898182, ""age_seconds"": 0.048}, {""instrument"": ""BTC-30JUN23"", ""trade_seq"": 116103, ""age_seconds"": 0.039}, {""instrument"": ""BTC-31MAR23"", ""trade_seq"": 325127, ""age_seconds"": 0.008}]",False,,0.14191956218187918,2022-11-11,606.5108000000001,0.16739321729252918,shock
235355502,BTC-2DEC22-15500-P,2022-12-02,15500.0,P,1668150971849,7,0.05761758469685439,17328.88,0.0415,17288.549964904923,"[{""instrument"": ""BTC-30DEC22"", ""trade_seq"": 898184, ""age_seconds"": 0.047}, {""instrument"": ""BTC-30JUN23"", ""trade_seq"": 116105, ""age_seconds"": 0.033}, {""instrument"": ""BTC-31MAR23"", ""trade_seq"": 325132, ""age_seconds"": 0.155}]",False,,0.10920440671838096,2022-11-11,719.1485200000001,0.14504967102477956,shock
235373474,BTC-2DEC22-16000-P,2022-12-02,16000.0,P,1668153124009,7,0.057549340150938606,17414.24,0.0485,17334.596886798103,"[{""instrument"": ""BTC-30DEC22"", ""trade_seq"": 900838, ""age_seconds"": 0.042}, {""instrument"": ""BTC-30JUN23"", ""trade_seq"": 116464, ""age_seconds"": 7.503}, {""instrument"": ""BTC-31MAR23"", ""trade_seq"": 326742, ""age_seconds"": 0.163}]",False,,0.08011560233193142,2022-11-11,844.5906400000001,0.12571319316099902,shock
235373482,BTC-2DEC22-16500-P,2022-12-02,16500.0,P,1668153124077,7,0.05754933799467275,17414.24,0.058,17334.596888499193,"[{""instrument"": ""BTC-30DEC22"", ""trade_seq"": 900838, ""age_seconds"": 0.11}, {""instrument"": ""BTC-30JUN23"", ""trade_seq"": 116464, ""age_seconds"": 7.571}, {""instrument"": ""BTC-31MAR23"", ""trade_seq"": 326742, ""age_seconds"": 0.231}]",False,,0.04934394376331045,2022-11-11,1010.0259200000002,0.10641278942708064,shock
235376000,BTC-2DEC22-17000-P,2022-12-02,17000.0,P,1668153409022,7,0.05754030244799594,17354.68,0.0705,17275.68463600219,"[{""instrument"": ""BTC-30DEC22"", ""trade_seq"": 901262, ""age_seconds"": 28.7}, {""instrument"": ""BTC-30JUN23"", ""trade_seq"": 116473, ""age_seconds"": 38.741}, {""instrument"": ""BTC-31MAR23"", ""trade_seq"": 326874, ""age_seconds"": 29.575}]",False,,0.016086656418700416,2022-11-11,1223.5049399999998,0.08678032781855172,shock
235371604,BTC-2DEC22-17500-C,2022-12-02,17500.0,C,1668152966605,7,0.05755433139903602,17371.96,0.063,17293.93826381705,"[{""instrument"": ""BTC-30DEC22"", ""trade_seq"": 900576, ""age_seconds"": 0.264}, {""instrument"": ""BTC-30JUN23"", ""trade_seq"": 116445, ""age_seconds"": 56.735}, {""instrument"": ""BTC-31MAR23"", ""trade_seq"": 326672, ""age_seconds"": 9.848}]",False,,-0.011844830201172208,2022-11-11,1094.43348,0.06328422498707595,shock
235373367,BTC-2DEC22-18500-C,2022-12-02,18500.0,C,1668153121202,7,0.057549429160324704,17410.0,0.0385,17331.107134527043,"[{""instrument"": ""BTC-30DEC22"", ""trade_seq"": 900833, ""age_seconds"": 0.272}, {""instrument"": ""BTC-30JUN23"", ""trade_seq"": 116464, ""age_seconds"": 4.696}, {""instrument"": ""BTC-31MAR23"", ""trade_seq"": 326739, ""age_seconds"": 0.96}]",False,,-0.06526774496590085,2022-11-11,670.285,0.03867525570046577,shock
235362729,BTC-2DEC22-19000-C,2022-12-02,19000.0,C,1668152230759,7,0.057577664922628106,17354.88,0.03,17297.27254873454,"[{""instrument"": ""BTC-30DEC22"", ""trade_seq"": 898806, ""age_seconds"": 0.799}, {""instrument"": ""BTC-30JUN23"", ""trade_seq"": 116220, ""age_seconds"": 5.805}, {""instrument"": ""BTC-31MAR23"", ""trade_seq"": 325892, ""age_seconds"": 0.138}]",False,,-0.09389014623425528,2022-11-11,520.6464,0.030099913066241775,shock
235352257,BTC-30DEC22-14000-P,2022-12-30,14000.0,P,1668150283277,7,0.13435174793886354,17169.29,0.048,17039.993143177788,"[{""instrument"": ""BTC-30DEC22"", ""trade_seq"": 898012, ""age_seconds"": 6.079}, {""instrument"": ""BTC-30JUN23"", ""trade_seq"": 115950, ""age_seconds"": 3.741}, {""instrument"": ""BTC-31MAR23"", ""trade_seq"": 324821, ""age_seconds"": 6.113}]",False,,0.19650578939016042,2022-11-11,824.1259200000001,0.22676764190629062,shock
235373800,BTC-30DEC22-18000-C,2022-12-30,18000.0,C,1668153150874,7,0.13426081703450027,17395.33,0.084,17207.423594586642,"[{""instrument"": ""BTC-30DEC22"", ""trade_seq"": 900900, ""age_seconds"": 2.018}, {""instrument"": ""BTC-30JUN23"", ""trade_seq"": 116464, ""age_seconds"": 34.368}, {""instrument"": ""BTC-31MAR23"", ""trade_seq"": 326746, ""age_seconds"": 3.862}]",False,,-0.04503086285468487,2022-11-11,1461.2077200000003,0.0849172865401935,shock
235355833,BTC-30DEC22-19000-C,2022-12-30,19000.0,C,1668150984579,7,0.13432950979832572,17388.11,0.063,17272.0,"[{""instrument"": ""BTC-30DEC22"", ""trade_seq"": 898234, ""age_seconds"": 0.124}, {""instrument"": ""BTC-30JUN23"", ""trade_seq"": 116113, ""age_seconds"": 1.971}, {""instrument"": ""BTC-31MAR23"", ""trade_seq"": 325163, ""age_seconds"": 1.987}]",False,,-0.09535228595393427,2022-11-11,1095.45093,0.06342351377952755,shock
235356645,BTC-30DEC22-20000-C,2022-12-30,20000.0,C,1668151143863,7,0.13432445893581937,17358.52,0.044,17237.333593759453,"[{""instrument"": ""BTC-30DEC22"", ""trade_seq"": 898249, ""age_seconds"": 11.849}, {""instrument"": ""BTC-30JUN23"", ""trade_seq"": 116116, ""age_seconds"": 2.508}, {""instrument"": ""BTC-31MAR23"", ""trade_seq"": 325232, ""age_seconds"": 4.795}]",False,,-0.14865468421521033,2022-11-11,763.7748799999999,0.04430934029590948,shock
235370646,BTC-31MAR23-22000-C,2023-03-31,22000.0,C,1668152898514,7,0.383583887810756,17402.94,0.08,17289.38760269501,"[{""instrument"": ""BTC-30DEC22"", ""trade_seq"": 900338, ""age_seconds"": 2.391}, {""instrument"": ""BTC-30JUN23"", ""trade_seq"": 116420, ""age_seconds"": 3.532}, {""instrument"": ""BTC-31MAR23"", ""trade_seq"": 326638, ""age_seconds"": 4.379}]",False,,-0.2409495734520436,2022-11-11,1392.2351999999998,0.0805254201012292,shock
235618664,BTC-25NOV22-15000-P,2022-11-25,15000.0,P,1668239541910,7,0.03563096429477423,16769.03,0.037,16690.499458315073,"[{""instrument"": ""BTC-30DEC22"", ""trade_seq"": 924931, ""age_seconds"": 2.073}, {""instrument"": ""BTC-30JUN23"", ""trade_seq"": 124730, ""age_seconds"": 105.856}, {""instrument"": ""BTC-31MAR23"", ""trade_seq"": 342079, ""age_seconds"": 33.031}]",False,,0.10678946172683183,2022-11-12,620.4541099999999,0.13845922191164708,shock
235619073,BTC-25NOV22-17000-C,2022-11-25,17000.0,C,1668239876116,7,0.0356203666920345,16763.85,0.0515,16685.58889865897,"[{""instrument"": ""BTC-30DEC22"", ""trade_seq"": 924968, ""age_seconds"": 2.071}, {""instrument"": ""BTC-30JUN23"", ""trade_seq"": 124731, ""age_seconds"": 102.332}, {""instrument"": ""BTC-31MAR23"", ""trade_seq"": 342126, ""age_seconds"": 2.189}]",False,,-0.018667937380802125,2022-11-12,863.3382749999998,0.051741552560328676,shock
235618912,BTC-25NOV22-18500-C,2022-11-25,18500.0,C,1668239694740,7,0.035626118087265346,16755.72,0.02,16675.814016005552,"[{""instrument"": ""BTC-30DEC22"", ""trade_seq"": 924958, ""age_seconds"": 8.562}, {""instrument"": ""BTC-30JUN23"", ""trade_seq"": 124730, ""age_seconds"": 258.686}, {""instrument"": ""BTC-31MAR23"", ""trade_seq"": 342097, ""age_seconds"": 6.6}]",False,,-0.1038113249220237,2022-11-12,335.11440000000005,0.020095834582848856,shock
235618772,BTC-25NOV22-19000-C,2022-11-25,19000.0,C,1668239597126,7,0.035629213406900055,16770.49,0.0145,16691.29310954764,"[{""instrument"": ""BTC-30DEC22"", ""trade_seq"": 924944, ""age_seconds"": 0.119}, {""instrument"": ""BTC-30JUN23"", ""trade_seq"": 124730, ""age_seconds"": 161.072}, {""instrument"": ""BTC-31MAR23"", ""trade_seq"": 342091, ""age_seconds"": 0.227}]",False,,-0.12955176639045646,2022-11-12,243.17210500000004,0.014568799637273302,shock
235618533,BTC-25NOV22-19500-C,2022-11-25,19500.0,C,1668239500963,7,0.035632262715626584,16753.71,0.0105,16673.750478928156,"[{""instrument"": ""BTC-30DEC22"", ""trade_seq"": 924905, ""age_seconds"": 3.001}, {""instrument"": ""BTC-30JUN23"", ""trade_seq"": 124730, ""age_seconds"": 64.909}, {""instrument"": ""BTC-31MAR23"", ""trade_seq"": 342074, ""age_seconds"": 1.156}]",False,,-0.15657881037310287,2022-11-12,175.91395500000002,0.010550353096762208,shock
235617200,BTC-25NOV22-20000-C,2022-11-25,20000.0,C,1668238706460,7,0.035657456240487065,16761.14,0.0075,16681.363290130495,"[{""instrument"": ""BTC-30DEC22"", ""trade_seq"": 924783, ""age_seconds"": 233.405}, {""instrument"": ""BTC-30JUN23"", ""trade_seq"": 124632, ""age_seconds"": 379.153}, {""instrument"": ""BTC-31MAR23"", ""trade_seq"": 341816, ""age_seconds"": 204.14}]",False,,-0.1814401479410581,2022-11-12,125.70854999999999,0.007535867891227768,shock
235618303,BTC-27JAN23-19000-C,2023-01-27,19000.0,C,1668239286158,7,0.20824181386352106,16752.06,0.082,16476.225230723347,"[{""instrument"": ""BTC-30DEC22"", ""trade_seq"": 924899, ""age_seconds"": 4.594}, {""instrument"": ""BTC-30JUN23"", ""trade_seq"": 124699, ""age_seconds"": 26.288}, {""instrument"": ""BTC-31MAR23"", ""trade_seq"": 342026, ""age_seconds"": 4.637}]",False,,-0.14252053245520127,2022-11-12,1373.66892,0.08337279326811513,shock
235618633,BTC-27JAN23-20000-C,2023-01-27,20000.0,C,1668239535331,7,0.20823391263952307,16760.37,0.065,16494.03940461584,"[{""instrument"": ""BTC-30DEC22"", ""trade_seq"": 924926, ""age_seconds"": 0.153}, {""instrument"": ""BTC-30JUN23"", ""trade_seq"": 124730, ""age_seconds"": 99.277}, {""instrument"": ""BTC-31MAR23"", ""trade_seq"": 342079, ""age_seconds"": 26.452}]",False,,-0.19273320611840816,2022-11-12,1089.42405,0.06604956028510069,shock
235618665,BTC-27JAN23-21000-C,2023-01-27,21000.0,C,1668239541984,7,0.20823370167427702,16769.03,0.051,16496.993220299635,"[{""instrument"": ""BTC-30DEC22"", ""trade_seq"": 924931, ""age_seconds"": 2.147}, {""instrument"": ""BTC-30JUN23"", ""trade_seq"": 124730, ""age_seconds"": 105.93}, {""instrument"": ""BTC-31MAR23"", ""trade_seq"": 342079, ""age_seconds"": 33.105}]",False,,-0.24134430249537234,2022-11-12,855.2205299999999,0.05184099420903239,shock
235613770,BTC-2DEC22-13000-P,2022-12-02,13000.0,P,1668236407494,7,0.05490843816590563,16717.24,0.027,16588.033046254415,"[{""instrument"": ""BTC-30DEC22"", ""trade_seq"": 924530, ""age_seconds"": 57.676}, {""instrument"": ""BTC-30JUN23"", ""trade_seq"": 124519, ""age_seconds"": 177.515}, {""instrument"": ""BTC-31MAR23"", ""trade_seq"": 341656, ""age_seconds"": 127.765}]",False,,0.24373217709896047,2022-11-12,451.36548000000005,0.2435128092035308,shock
235614780,BTC-2DEC22-15000-P,2022-12-02,15000.0,P,1668237170452,7,0.05488424492643328,16768.92,0.048,16639.495418264356,"[{""instrument"": ""BTC-30DEC22"", ""trade_seq"": 924632, ""age_seconds"": 2.056}, {""instrument"": ""BTC-30JUN23"", ""trade_seq"": 124570, ""age_seconds"": 2.057}, {""instrument"": ""BTC-31MAR23"", ""trade_seq"": 341697, ""age_seconds"": 2.149}]",False,,0.10372891040947495,2022-11-12,804.90816,0.14690370812454168,shock
235618835,BTC-2DEC22-16000-P,2022-12-02,16000.0,P,1668239667791,7,0.05480505482623034,16768.53,0.0665,16645.58965228964,"[{""instrument"": ""BTC-30DEC22"", ""trade_seq"": 924946, ""age_seconds"": 66.35}, {""instrument"": ""BTC-30JUN23"", ""trade_seq"": 124730, ""age_seconds"": 231.737}, {""instrument"": ""BTC-31MAR23"", ""trade_seq"": 342091, ""age_seconds"": 70.892}]",False,,0.039556573349875376,2022-11-12,1115.107245,0.10577557984240298,shock
235617522,BTC-2DEC22-16500-P,2022-12-02,16500.0,P,1668238978059,7,0.05482692608447489,16747.9,0.079,16624.80439933242,"[{""instrument"": ""BTC-30DEC22"", ""trade_seq"": 924809, ""age_seconds"": 6.386}, {""instrument"": ""BTC-30JUN23"", ""trade_seq"": 124632, ""age_seconds"": 650.752}, {""instrument"": ""BTC-31MAR23"", ""trade_seq"": 341823, ""age_seconds"": 154.647}]",False,,0.007535440112480532,2022-11-12,1323.0841,0.08709206223145467,shock
235618843,BTC-30DEC22-12000-P,2022-12-30,12000.0,P,1668239682907,7,0.131516904268138,16768.33,0.039,16474.822077557306,"[{""instrument"": ""BTC-30DEC22"", ""trade_seq"": 924946, ""age_seconds"": 81.466}, {""instrument"": ""BTC-30JUN23"", ""trade_seq"": 124730, ""age_seconds"": 246.853}, {""instrument"": ""BTC-31MAR23"", ""trade_seq"": 342091, ""age_seconds"": 86.008}]",False,,0.31692663100096863,2022-11-12,653.96487,0.3113106122429058,shock
235617014,BTC-30DEC22-17000-C,2022-12-30,17000.0,C,1668238564854,7,0.13155235749619484,16757.68,0.1035,16465.30578524237,"[{""instrument"": ""BTC-30DEC22"", ""trade_seq"": 924783, ""age_seconds"": 91.799}, {""instrument"": ""BTC-30JUN23"", ""trade_seq"": 124632, ""age_seconds"": 237.547}, {""instrument"": ""BTC-31MAR23"", ""trade_seq"": 341816, ""age_seconds"": 62.534}]",False,,-0.03195785656661249,2022-11-12,1734.41988,0.1053378481166464,shock
235619004,BTC-30DEC22-18000-C,2022-12-30,18000.0,C,1668239817031,7,0.13151265122399797,16757.66,0.077,16467.588442118995,"[{""instrument"": ""BTC-30DEC22"", ""trade_seq"": 924962, ""age_seconds"": 11.158}, {""instrument"": ""BTC-30JUN23"", ""trade_seq"": 124731, ""age_seconds"": 43.247}, {""instrument"": ""BTC-31MAR23"", ""trade_seq"": 342113, ""age_seconds"": 14.284}]",False,,-0.08897764567078653,2022-11-12,1290.33982,0.0783563315621679,shock
235613841,BTC-30DEC22-20000-C,2022-12-30,20000.0,C,1668236526037,7,0.1316170079591578,16733.24,0.0415,16428.423704876514,"[{""instrument"": ""BTC-30DEC22"", ""trade_seq"": 924531, ""age_seconds"": 79.256}, {""instrument"": ""BTC-30JUN23"", ""trade_seq"": 124535, ""age_seconds"": 15.606}, {""instrument"": ""BTC-31MAR23"", ""trade_seq"": 341660, ""age_seconds"": 109.843}]",False,,-0.19671928616356318,2022-11-12,694.4294600000001,0.0422699993909866,shock
235613807,BTC-30DEC22-22000-C,2022-12-30,22000.0,C,1668236467824,7,0.13161885388127853,16725.38,0.0223,16420.706884325304,"[{""instrument"": ""BTC-30DEC22"", ""trade_seq"": 924531, ""age_seconds"": 21.043}, {""instrument"": ""BTC-30JUN23"", ""trade_seq"": 124519, ""age_seconds"": 237.845}, {""instrument"": ""BTC-31MAR23"", ""trade_seq"": 341660, ""age_seconds"": 51.63}]",False,,-0.2924993000581516,2022-11-12,372.975974,0.022713758708891592,shock
235617292,BTC-31MAR23-20000-C,2023-03-31,20000.0,C,1668238752272,7,0.3808614830035515,16772.99,0.104,16540.25569437659,"[{""instrument"": ""BTC-30DEC22"", ""trade_seq"": 924791, ""age_seconds"": 4.534}, {""instrument"": ""BTC-30JUN23"", ""trade_seq"": 124632, ""age_seconds"": 424.965}, {""instrument"": ""BTC-31MAR23"", ""trade_seq"": 341820, ""age_seconds"": 18.081}]",False,,-0.18993512492578551,2022-11-12,1744.3909600000002,0.1054633611615245,shock
235617152,BTC-31MAR23-21000-C,2023-03-31,21000.0,C,1668238675723,7,0.3808639103564181,16757.24,0.088,16521.931133071026,"[{""instrument"": ""BTC-30DEC22"", ""trade_seq"": 924783, ""age_seconds"": 202.668}, {""instrument"": ""BTC-30JUN23"", ""trade_seq"": 124632, ""age_seconds"": 348.416}, {""instrument"": ""BTC-31MAR23"", ""trade_seq"": 341816, ""age_seconds"": 173.403}]",False,,-0.23983377978747328,2022-11-12,1474.63712,0.0892533147682901,shock
235616023,BTC-31MAR23-23000-C,2023-03-31,23000.0,C,1668237981268,7,0.38088593138001015,16800.25,0.064,16573.98309813741,"[{""instrument"": ""BTC-30DEC22"", ""trade_seq"": 924718, ""age_seconds"": 11.654}, {""instrument"": ""BTC-30JUN23"", ""trade_seq"": 124624, ""age_seconds"": 98.738}, {""instrument"": ""BTC-31MAR23"", ""trade_seq"": 341775, ""age_seconds"": 113.935}]",False,,-0.32766003328456084,2022-11-12,1075.2160000000001,0.06487372369293856,shock
214291442,BTC-20MAY22-22000-P,2022-05-20,22000.0,P,1652426734363,7,0.01924358311136479,30321.79,0.004,30339.04067421899,"[{""instrument"": ""BTC-24JUN22"", ""trade_seq"": 1573969, ""age_seconds"": 52.695}, {""instrument"": ""BTC-30DEC22"", ""trade_seq"": 136980, ""age_seconds"": 376.326}, {""instrument"": ""BTC-30SEP22"", ""trade_seq"": 768747, ""age_seconds"": 31.765}]",False,,0.3213929008867944,2022-05-13,121.28716,0.2788594380773637,shock
214288614,BTC-20MAY22-24000-P,2022-05-20,24000.0,P,1652425345320,7,0.019287629375951295,30274.28,0.0058,30293.060722465707,"[{""instrument"": ""BTC-24JUN22"", ""trade_seq"": 1573552, ""age_seconds"": 73.844}, {""instrument"": ""BTC-30DEC22"", ""trade_seq"": 136956, ""age_seconds"": 18.621}, {""instrument"": ""BTC-30SEP22"", ""trade_seq"": 768678, ""age_seconds"": 18.634}]",False,,0.2328648368779704,2022-05-13,175.59082399999997,0.21353575347599246,shock
214296173,BTC-20MAY22-25000-P,2022-05-20,25000.0,P,1652428205806,7,0.019196923959918823,30206.5,0.0075,30223.299486465603,"[{""instrument"": ""BTC-24JUN22"", ""trade_seq"": 1574172, ""age_seconds"": 6.204}, {""instrument"": ""BTC-30DEC22"", ""trade_seq"": 136991, ""age_seconds"": 14.417}, {""instrument"": ""BTC-30SEP22"", ""trade_seq"": 768842, ""age_seconds"": 6.279}]",False,,0.18973730822907633,2022-05-13,226.54874999999998,0.18031943332018122,shock
214296168,BTC-20MAY22-26000-P,2022-05-20,26000.0,P,1652428204434,7,0.019196967465753424,30200.87,0.0095,30217.66638703954,"[{""instrument"": ""BTC-24JUN22"", ""trade_seq"": 1574172, ""age_seconds"": 4.832}, {""instrument"": ""BTC-30DEC22"", ""trade_seq"": 136991, ""age_seconds"": 13.045}, {""instrument"": ""BTC-30SEP22"", ""trade_seq"": 768842, ""age_seconds"": 4.907}]",False,,0.150330195028709,2022-05-13,286.908265,0.14907089761145703,shock
214298190,BTC-20MAY22-27000-P,2022-05-20,27000.0,P,1652428676316,7,0.019182004185692544,30110.82,0.0145,30126.13497926822,"[{""instrument"": ""BTC-24JUN22"", ""trade_seq"": 1574253, ""age_seconds"": 2.506}, {""instrument"": ""BTC-30DEC22"", ""trade_seq"": 137004, ""age_seconds"": 1.553}, {""instrument"": ""BTC-30SEP22"", ""trade_seq"": 768889, ""age_seconds"": 2.172}]",False,,0.10955620075713592,2022-05-13,436.60689,0.11826083471112299,shock
214298204,BTC-20MAY22-28000-P,2022-05-20,28000.0,P,1652428681447,7,0.019181841482749873,30124.16,0.019,30139.481655941097,"[{""instrument"": ""BTC-24JUN22"", ""trade_seq"": 1574253, ""age_seconds"": 7.637}, {""instrument"": ""BTC-30DEC22"", ""trade_seq"": 137004, ""age_seconds"": 6.684}, {""instrument"": ""BTC-30SEP22"", ""trade_seq"": 768889, ""age_seconds"": 7.303}]",False,,0.07363148499673,2022-05-13,572.3590399999999,0.08997635483245074,shock
214298202,BTC-20MAY22-29000-P,2022-05-20,29000.0,P,1652428681291,7,0.019181846429477425,30124.16,0.028,30139.481659234523,"[{""instrument"": ""BTC-24JUN22"", ""trade_seq"": 1574253, ""age_seconds"": 7.481}, {""instrument"": ""BTC-30DEC22"", ""trade_seq"": 137004, ""age_seconds"": 6.528}, {""instrument"": ""BTC-30SEP22"", ""trade_seq"": 768889, ""age_seconds"": 7.147}]",False,,0.03854016529473277,2022-05-13,843.47648,0.06579270876833272,shock
214298203,BTC-20MAY22-30000-P,2022-05-20,30000.0,P,1652428681385,7,0.019181843448756977,30124.16,0.041,30139.481657250024,"[{""instrument"": ""BTC-24JUN22"", ""trade_seq"": 1574253, ""age_seconds"": 7.575}, {""instrument"": ""BTC-30DEC22"", ""trade_seq"": 137004, ""age_seconds"": 6.622}, {""instrument"": ""BTC-30SEP22"", ""trade_seq"": 768889, ""age_seconds"": 7.241}]",False,,0.004638613553207453,2022-05-13,1235.09056,0.04560702910825852,shock
214297001,BTC-20MAY22-31000-C,2022-05-20,31000.0,C,1652428346929,7,0.019192448978944697,30206.2,0.0315,30226.221294530387,"[{""instrument"": ""BTC-24JUN22"", ""trade_seq"": 1574216, ""age_seconds"": 19.14}, {""instrument"": ""BTC-30DEC22"", ""trade_seq"": 136995, ""age_seconds"": 10.13}, {""instrument"": ""BTC-30SEP22"", ""trade_seq"": 768849, ""age_seconds"": 21.053}]",False,,-0.025277402033693698,2022-05-13,951.4953,0.03147913497782069,shock
214298244,BTC-20MAY22-32000-C,2022-05-20,32000.0,C,1652428700996,7,0.019181221588026383,30109.06,0.0185,30124.373563317862,"[{""instrument"": ""BTC-24JUN22"", ""trade_seq"": 1574253, ""age_seconds"": 27.186}, {""instrument"": ""BTC-30DEC22"", ""trade_seq"": 137004, ""age_seconds"": 26.233}, {""instrument"": ""BTC-30SEP22"", ""trade_seq"": 768889, ""age_seconds"": 26.852}]",False,,-0.06040130578377785,2022-05-13,557.01761,0.018490595624477135,shock
214297582,BTC-20MAY22-33000-C,2022-05-20,33000.0,C,1652428527962,7,0.0191867084601725,30169.02,0.012,30188.489331313373,"[{""instrument"": ""BTC-24JUN22"", ""trade_seq"": 1574219, ""age_seconds"": 89.128}, {""instrument"": ""BTC-30DEC22"", ""trade_seq"": 136997, ""age_seconds"": 6.826}, {""instrument"": ""BTC-30SEP22"", ""trade_seq"": 768862, ""age_seconds"": 6.875}]",False,,-0.08904685771076175,2022-05-13,362.02824000000004,0.01199226089211698,shock
214297553,BTC-20MAY22-34000-C,2022-05-20,34000.0,C,1652428523497,7,0.01918685004439371,30176.14,0.0075,30195.61404592995,"[{""instrument"": ""BTC-24JUN22"", ""trade_seq"": 1574219, ""age_seconds"": 84.663}, {""instrument"": ""BTC-30DEC22"", ""trade_seq"": 136997, ""age_seconds"": 2.361}, {""instrument"": ""BTC-30SEP22"", ""trade_seq"": 768862, ""age_seconds"": 2.41}]",False,,-0.11866384104949408,2022-05-13,226.32104999999999,0.00749516302784065,shock
214297542,BTC-20MAY22-35000-C,2022-05-20,35000.0,C,1652428521630,7,0.019186909246575342,30187.51,0.004,30206.99143361677,"[{""instrument"": ""BTC-24JUN22"", ""trade_seq"": 1574219, ""age_seconds"": 82.796}, {""instrument"": ""BTC-30DEC22"", ""trade_seq"": 136997, ""age_seconds"": 0.494}, {""instrument"": ""BTC-30SEP22"", ""trade_seq"": 768862, ""age_seconds"": 0.543}]",False,,-0.14727465947720755,2022-05-13,120.75004,0.003997420274884431,shock
214297551,BTC-20MAY22-36000-C,2022-05-20,36000.0,C,1652428522629,7,0.019186877568493153,30177.71,0.003,30197.185082409917,"[{""instrument"": ""BTC-24JUN22"", ""trade_seq"": 1574219, ""age_seconds"": 83.795}, {""instrument"": ""BTC-30DEC22"", ""trade_seq"": 136997, ""age_seconds"": 1.493}, {""instrument"": ""BTC-30SEP22"", ""trade_seq"": 768862, ""age_seconds"": 1.542}]",False,,-0.17577022761125738,2022-05-13,90.53313,0.0029980652088242563,shock
214297554,BTC-20MAY22-37000-C,2022-05-20,37000.0,C,1652428523544,7,0.019186848554033485,30176.14,0.002,30195.614044669088,"[{""instrument"": ""BTC-24JUN22"", ""trade_seq"": 1574219, ""age_seconds"": 84.71}, {""instrument"": ""BTC-30DEC22"", ""trade_seq"": 136997, ""age_seconds"": 2.408}, {""instrument"": ""BTC-30SEP22"", ""trade_seq"": 768862, ""age_seconds"": 2.457}]",False,,-0.2032212291193136,2022-05-13,60.35228,0.001998710140840966,shock
214289938,BTC-20MAY22-38000-C,2022-05-20,38000.0,C,1652426025988,7,0.01926604553526129,30339.71,0.002,30356.580767332896,"[{""instrument"": ""BTC-24JUN22"", ""trade_seq"": 1573599, ""age_seconds"": 10.13}, {""instrument"": ""BTC-30DEC22"", ""trade_seq"": 136968, ""age_seconds"": 146.193}, {""instrument"": ""BTC-30SEP22"", ""trade_seq"": 768720, ""age_seconds"": 91.2}]",False,,-0.22457283648827123,2022-05-13,60.67942,0.0019988884935716444,shock
214289939,BTC-20MAY22-39000-C,2022-05-20,39000.0,C,1652426027065,7,0.019266011383815323,30340.91,0.0015,30357.781409697447,"[{""instrument"": ""BTC-24JUN22"", ""trade_seq"": 1573599, ""age_seconds"": 11.207}, {""instrument"": ""BTC-30DEC22"", ""trade_seq"": 136968, ""age_seconds"": 147.27}, {""instrument"": ""BTC-30SEP22"", ""trade_seq"": 768720, ""age_seconds"": 92.277}]",False,,-0.2505087723693273,2022-05-13,45.511365,0.0014991663714088775,shock
214290874,BTC-20MAY22-40000-C,2022-05-20,40000.0,C,1652426445572,7,0.019252740613901573,30324.54,0.001,30340.577729878976,"[{""instrument"": ""BTC-24JUN22"", ""trade_seq"": 1573860, ""age_seconds"": 0.738}, {""instrument"": ""BTC-30DEC22"", ""trade_seq"": 136980, ""age_seconds"": 87.535}, {""instrument"": ""BTC-30SEP22"", ""trade_seq"": 768745, ""age_seconds"": 16.038}]",False,,-0.2763934385199008,2022-05-13,30.324540000000002,0.0009994714098715668,shock
214296874,BTC-24JUN22-24000-P,2022-06-24,24000.0,P,1652428317574,7,0.1150837907787925,30208.12,0.0365,30327.149563944444,"[{""instrument"": ""BTC-24JUN22"", ""trade_seq"": 1574209, ""age_seconds"": 26.981}, {""instrument"": ""BTC-30DEC22"", ""trade_seq"": 136993, ""age_seconds"": 65.628}, {""instrument"": ""BTC-30SEP22"", ""trade_seq"": 768848, ""age_seconds"": 3.042}]",False,,0.2339895061891085,2022-05-13,1102.59638,0.24498662257324613,shock
214296433,BTC-24JUN22-25000-P,2022-06-24,25000.0,P,1652428248584,7,0.11508597843734146,30213.68,0.042,30338.431116541346,"[{""instrument"": ""BTC-24JUN22"", ""trade_seq"": 1574190, ""age_seconds"": 10.801}, {""instrument"": ""BTC-30DEC22"", ""trade_seq"": 136991, ""age_seconds"": 57.195}, {""instrument"": ""BTC-30SEP22"", ""trade_seq"": 768843, ""age_seconds"": 10.857}]",False,,0.19353943764732104,2022-05-13,1268.97456,0.21778995924871042,shock
214297479,BTC-24JUN22-26000-P,2022-06-24,26000.0,P,1652428517981,7,0.11507743591451039,30193.13,0.051,30310.184164326714,"[{""instrument"": ""BTC-24JUN22"", ""trade_seq"": 1574219, ""age_seconds"": 79.147}, {""instrument"": ""BTC-30DEC22"", ""trade_seq"": 136996, ""age_seconds"": 59.716}, {""instrument"": ""BTC-30SEP22"", ""trade_seq"": 768857, ""age_seconds"": 34.092}]",False,,0.15338722905506647,2022-05-13,1539.84963,0.1930055509597284,shock
214296817,BTC-24JUN22-28000-P,2022-06-24,28000.0,P,1652428302068,7,0.115084282470827,30212.22,0.07,30331.265719243493,"[{""instrument"": ""BTC-24JUN22"", ""trade_seq"": 1574209, ""age_seconds"": 11.475}, {""instrument"": ""BTC-30DEC22"", ""trade_seq"": 136993, ""age_seconds"": 50.122}, {""instrument"": ""BTC-30SEP22"", ""trade_seq"": 768847, ""age_seconds"": 7.603}]",False,,0.0799745422484638,2022-05-13,2114.8554000000004,0.14658541322997537,shock
214297161,BTC-24JUN22-30000-P,2022-06-24,30000.0,P,1652428421548,7,0.11508049378488078,30225.98,0.098,30334.335495143463,"[{""instrument"": ""BTC-24JUN22"", ""trade_seq"": 1574218, ""age_seconds"": 40.786}, {""instrument"": ""BTC-30DEC22"", ""trade_seq"": 136995, ""age_seconds"": 84.749}, {""instrument"": ""BTC-30SEP22"", ""trade_seq"": 768851, ""age_seconds"": 62.692}]",False,,0.011082873942265158,2022-05-13,2962.14604,0.10867162511838209,shock
214294137,BTC-24JUN22-35000-C,2022-06-24,35000.0,C,1652427593251,7,0.11510675891045154,30396.89,0.0455,30512.316593065832,"[{""instrument"": ""BTC-24JUN22"", ""trade_seq"": 1574071, ""age_seconds"": 1.953}, {""instrument"": ""BTC-30DEC22"", ""trade_seq"": 136983, ""age_seconds"": 133.811}, {""instrument"": ""BTC-30SEP22"", ""trade_seq"": 768790, ""age_seconds"": 0.036}]",False,,-0.13721763666702966,2022-05-13,1383.058495,0.04532787573770492,shock
214292443,BTC-24JUN22-36000-C,2022-06-24,36000.0,C,1652427188375,7,0.11511959744419077,30250.34,0.0375,30359.0,"[{""instrument"": ""BTC-24JUN22"", ""trade_seq"": 1573996, ""age_seconds"": 0.077}, {""instrument"": ""BTC-30DEC22"", ""trade_seq"": 136981, ""age_seconds"": 53.144}, {""instrument"": ""BTC-30SEP22"", ""trade_seq"": 768757, ""age_seconds"": 57.279}]",False,,-0.17042592454756755,2022-05-13,1134.3877499999999,0.03736578115221186,shock
214291692,BTC-24JUN22-38000-C,2022-06-24,38000.0,C,1652426873062,7,0.11512959595383054,30294.1,0.0255,30390.058070645377,"[{""instrument"": ""BTC-24JUN22"", ""trade_seq"": 1573971, ""age_seconds"": 57.573}, {""instrument"": ""BTC-30DEC22"", ""trade_seq"": 136980, ""age_seconds"": 515.025}, {""instrument"": ""BTC-30SEP22"", ""trade_seq"": 768751, ""age_seconds"": 8.071}]",False,,-0.22347064195234367,2022-05-13,772.4995499999999,0.025419482523009036,shock
214291658,BTC-24JUN22-42000-C,2022-06-24,42000.0,C,1652426831622,7,0.11513091000761035,30268.73,0.012,30364.607709906744,"[{""instrument"": ""BTC-24JUN22"", ""trade_seq"": 1573971, ""age_seconds"": 16.133}, {""instrument"": ""BTC-30DEC22"", ""trade_seq"": 136980, ""age_seconds"": 473.585}, {""instrument"": ""BTC-30SEP22"", ""trade_seq"": 768750, ""age_seconds"": 25.877}]",False,,-0.3243919081706914,2022-05-13,363.22476,0.011962109422592489,shock
214288417,BTC-27MAY22-22000-P,2022-05-27,22000.0,P,1652425224147,7,0.03846955393835616,30281.35,0.008,30316.165539974663,"[{""instrument"": ""BTC-24JUN22"", ""trade_seq"": 1573545, ""age_seconds"": 11.055}, {""instrument"": ""BTC-30DEC22"", ""trade_seq"": 136943, ""age_seconds"": 275.969}, {""instrument"": ""BTC-30SEP22"", ""trade_seq"": 768663, ""age_seconds"": 13.136}]",False,,0.320638633058636,2022-05-13,242.2508,0.2823053703374723,shock
214292341,BTC-27MAY22-24000-P,2022-05-27,24000.0,P,1652427161530,7,0.03840811992643328,30268.55,0.0125,30302.006087096273,"[{""instrument"": ""BTC-24JUN22"", ""trade_seq"": 1573991, ""age_seconds"": 17.665}, {""instrument"": ""BTC-30DEC22"", ""trade_seq"": 136981, ""age_seconds"": 26.299}, {""instrument"": ""BTC-30SEP22"", ""trade_seq"": 768757, ""age_seconds"": 30.434}]",False,,0.2331600874706849,2022-05-13,378.356875,0.2204594290851596,shock
214296988,BTC-27MAY22-25000-P,2022-05-27,25000.0,P,1652428340985,7,0.03837071965372907,30204.9,0.015,30244.939265388995,"[{""instrument"": ""BTC-24JUN22"", ""trade_seq"": 1574216, ""age_seconds"": 13.196}, {""instrument"": ""BTC-30DEC22"", ""trade_seq"": 136995, ""age_seconds"": 4.186}, {""instrument"": ""BTC-30SEP22"", ""trade_seq"": 768849, ""age_seconds"": 15.109}]",False,,0.1904530486010097,2022-05-13,453.0735,0.18839557637695625,shock
214296993,BTC-27MAY22-27000-P,2022-05-27,27000.0,P,1652428344492,7,0.03837060844748858,30206.67,0.0257,30246.711534273058,"[{""instrument"": ""BTC-24JUN22"", ""trade_seq"": 1574216, ""age_seconds"": 16.703}, {""instrument"": ""BTC-30DEC22"", ""trade_seq"": 136995, ""age_seconds"": 7.693}, {""instrument"": ""BTC-30SEP22"", ""trade_seq"": 768849, ""age_seconds"": 18.616}]",False,,0.11355060295239537,2022-05-13,776.311419,0.13300695345722138,shock
214297367,BTC-27MAY22-28000-P,2022-05-27,28000.0,P,1652428494274,7,0.03836585889142567,30197.56,0.0342,30236.540028876214,"[{""instrument"": ""BTC-24JUN22"", ""trade_seq"": 1574219, ""age_seconds"": 55.44}, {""instrument"": ""BTC-30DEC22"", ""trade_seq"": 136996, ""age_seconds"": 36.009}, {""instrument"": ""BTC-30SEP22"", ""trade_seq"": 768857, ""age_seconds"": 10.385}]",False,,0.07684661755548335,2022-05-13,1032.756552,0.10812403065145687,shock
214295967,BTC-27MAY22-29000-P,2022-05-27,29000.0,P,1652428181741,7,0.038375769247843736,30229.05,0.0435,30267.439596305634,"[{""instrument"": ""BTC-24JUN22"", ""trade_seq"": 1574156, ""age_seconds"": 44.125}, {""instrument"": ""BTC-30DEC22"", ""trade_seq"": 136990, ""age_seconds"": 35.454}, {""instrument"": ""BTC-30SEP22"", ""trade_seq"": 768835, ""age_seconds"": 11.103}]",False,,0.04277670394946531,2022-05-13,1314.963675,0.08531951515386307,shock
214297996,BTC-27MAY22-30000-P,2022-05-27,30000.0,P,1652428653078,7,0.03836082324961948,30143.52,0.0575,30180.045953767585,"[{""instrument"": ""BTC-24JUN22"", ""trade_seq"": 1574231, ""age_seconds"": 9.721}, {""instrument"": ""BTC-30DEC22"", ""trade_seq"": 136999, ""age_seconds"": 9.569}, {""instrument"": ""BTC-30SEP22"", ""trade_seq"": 768876, ""age_seconds"": 0.245}]",False,,0.005983594332703158,2022-05-13,1733.2524,0.0633961378554076,shock
214290054,BTC-27MAY22-32000-C,2022-05-27,32000.0,C,1652426056521,7,0.03844315953196347,30348.01,0.037,30382.867038258497,"[{""instrument"": ""BTC-24JUN22"", ""trade_seq"": 1573663, ""age_seconds"": 9.314}, {""instrument"": ""BTC-30DEC22"", ""trade_seq"": 136968, ""age_seconds"": 176.726}, {""instrument"": ""BTC-30SEP22"", ""trade_seq"": 768720, ""age_seconds"": 121.733}]",False,,-0.05185703752867176,2022-05-13,1122.87637,0.036957551391909774,shock
214298630,BTC-27MAY22-33000-C,2022-05-27,33000.0,C,1652428787680,7,0.03835655504819888,30107.99,0.024,30150.19084153572,"[{""instrument"": ""BTC-24JUN22"", ""trade_seq"": 1574277, ""age_seconds"": 19.582}, {""instrument"": ""BTC-30DEC22"", ""trade_seq"": 137007, ""age_seconds"": 41.092}, {""instrument"": ""BTC-30SEP22"", ""trade_seq"": 768901, ""age_seconds"": 44.67}]",False,,-0.09031630857747369,2022-05-13,722.59176,0.023966407502951457,shock
214288681,BTC-27MAY22-34000-C,2022-05-27,34000.0,C,1652425369431,7,0.038464947012937595,30245.68,0.0195,30283.110438258343,"[{""instrument"": ""BTC-24JUN22"", ""trade_seq"": 1573552, ""age_seconds"": 97.955}, {""instrument"": ""BTC-30DEC22"", ""trade_seq"": 136959, ""age_seconds"": 0.642}, {""instrument"": ""BTC-30SEP22"", ""trade_seq"": 768681, ""age_seconds"": 0.14}]",False,,-0.11577037879086194,2022-05-13,589.79076,0.019475897669180123,shock
214297565,BTC-27MAY22-35000-C,2022-05-27,35000.0,C,1652428524527,7,0.03836489957508879,30175.65,0.0115,30214.601097028968,"[{""instrument"": ""BTC-24JUN22"", ""trade_seq"": 1574219, ""age_seconds"": 85.693}, {""instrument"": ""BTC-30DEC22"", ""trade_seq"": 136997, ""age_seconds"": 3.391}, {""instrument"": ""BTC-30SEP22"", ""trade_seq"": 768862, ""age_seconds"": 3.44}]",False,,-0.14702277391333163,2022-05-13,347.019975,0.011485174796304785,shock
214292208,BTC-27MAY22-36000-C,2022-05-27,36000.0,C,1652427130570,7,0.0384091016615931,30294.68,0.009,30327.718899781303,"[{""instrument"": ""BTC-24JUN22"", ""trade_seq"": 1573990, ""age_seconds"": 44.007}, {""instrument"": ""BTC-30DEC22"", ""trade_seq"": 136980, ""age_seconds"": 772.533}, {""instrument"": ""BTC-30SEP22"", ""trade_seq"": 768756, ""age_seconds"": 0.168}]",False,,-0.17145682895486378,2022-05-13,272.65211999999997,0.008990195434776537,shock
214297281,BTC-27MAY22-37000-C,2022-05-27,37000.0,C,1652428451972,7,0.038367200279046165,30210.08,0.006,30249.077099564263,"[{""instrument"": ""BTC-24JUN22"", ""trade_seq"": 1574219, ""age_seconds"": 13.138}, {""instrument"": ""BTC-30DEC22"", ""trade_seq"": 136995, ""age_seconds"": 115.173}, {""instrument"": ""BTC-30SEP22"", ""trade_seq"": 768851, ""age_seconds"": 93.116}]",False,,-0.2014522377380998,2022-05-13,181.26048,0.005992264802108989,shock
214291726,BTC-27MAY22-38000-C,2022-05-27,38000.0,C,1652426917890,7,0.03841584570015221,30307.04,0.0045,30341.069439373525,"[{""instrument"": ""BTC-24JUN22"", ""trade_seq"": 1573972, ""age_seconds"": 15.313}, {""instrument"": ""BTC-30DEC22"", ""trade_seq"": 136980, ""age_seconds"": 559.853}, {""instrument"": ""BTC-30SEP22"", ""trade_seq"": 768751, ""age_seconds"": 52.899}]",False,,-0.22508393793105227,2022-05-13,136.38168,0.004494952963754727,shock
214288824,BTC-29JUL22-30000-P,2022-07-29,30000.0,P,1652425445850,7,0.2110652635083714,30223.17,0.13,30444.721639672334,"[{""instrument"": ""BTC-24JUN22"", ""trade_seq"": 1573552, ""age_seconds"": 174.374}, {""instrument"": ""BTC-30DEC22"", ""trade_seq"": 136961, ""age_seconds"": 11.991}, {""instrument"": ""BTC-30SEP22"", ""trade_seq"": 768689, ""age_seconds"": 31.294}]",False,,0.01471525230098661,2022-05-13,3929.0121,0.14366147903855192,shock
214296067,BTC-29JUL22-32000-C,2022-07-29,32000.0,C,1652428192773,7,0.21097815915144597,30212.13,0.114,30427.05786664258,"[{""instrument"": ""BTC-24JUN22"", ""trade_seq"": 1574162, ""age_seconds"": 0.159}, {""instrument"": ""BTC-30DEC22"", ""trade_seq"": 136991, ""age_seconds"": 1.384}, {""instrument"": ""BTC-30SEP22"", ""trade_seq"": 768841, ""age_seconds"": 0.055}]",False,,-0.05040362885460294,2022-05-13,3444.1828200000004,0.11319473723339794,shock
214291298,BTC-30DEC22-25000-P,2022-12-30,25000.0,P,1652426661715,7,0.6329445169013191,30373.91,0.1295,31001.2996021805,"[{""instrument"": ""BTC-24JUN22"", ""trade_seq"": 1573966, ""age_seconds"": 0.98}, {""instrument"": ""BTC-30DEC22"", ""trade_seq"": 136980, ""age_seconds"": 303.678}, {""instrument"": ""BTC-30SEP22"", ""trade_seq"": 768746, ""age_seconds"": 128.221}]",False,,0.21515330138919955,2022-05-13,3933.421345,0.32046143467100763,shock
214298579,BTC-30DEC22-30000-P,2022-12-30,30000.0,P,1652428765519,7,0.6328778057141045,30118.96,0.21,30751.324128200828,"[{""instrument"": ""BTC-24JUN22"", ""trade_seq"": 1574275, ""age_seconds"": 8.826}, {""instrument"": ""BTC-30DEC22"", ""trade_seq"": 137007, ""age_seconds"": 18.931}, {""instrument"": ""BTC-30SEP22"", ""trade_seq"": 768901, ""age_seconds"": 22.509}]",False,,0.024735672742971605,2022-05-13,6324.981599999999,0.23011385456769404,shock
214297075,BTC-30DEC22-35000-C,2022-12-30,35000.0,C,1652428378070,7,0.6328900916412988,30210.21,0.1745,30818.0384041171,"[{""instrument"": ""BTC-24JUN22"", ""trade_seq"": 1574216, ""age_seconds"": 50.281}, {""instrument"": ""BTC-30DEC22"", ""trade_seq"": 136995, ""age_seconds"": 41.271}, {""instrument"": ""BTC-30SEP22"", ""trade_seq"": 768851, ""age_seconds"": 19.214}]",False,,-0.1272478804718842,2022-05-13,5271.681645,0.1710583125334718,shock
214292233,BTC-30SEP22-25000-P,2022-09-30,25000.0,P,1652427131959,7,0.3836145370687468,30283.13,0.0975,30688.295469699628,"[{""instrument"": ""BTC-24JUN22"", ""trade_seq"": 1573990, ""age_seconds"": 45.396}, {""instrument"": ""BTC-30DEC22"", ""trade_seq"": 136980, ""age_seconds"": 773.922}, {""instrument"": ""BTC-30SEP22"", ""trade_seq"": 768757, ""age_seconds"": 0.863}]",False,,0.20500550197011902,2022-05-13,2952.605175,0.28156991166978634,shock
214298590,BTC-30SEP22-30000-P,2022-09-30,30000.0,P,1652428770137,7,0.38356259078513444,30126.72,0.172,30559.317947087395,"[{""instrument"": ""BTC-24JUN22"", ""trade_seq"": 1574277, ""age_seconds"": 2.039}, {""instrument"": ""BTC-30DEC22"", ""trade_seq"": 137007, ""age_seconds"": 23.549}, {""instrument"": ""BTC-30SEP22"", ""trade_seq"": 768901, ""age_seconds"": 27.127}]",False,,0.018472263901743207,2022-05-13,5181.79584,0.18786786396960733,shock
214298524,BTC-30SEP22-32000-C,2022-09-30,32000.0,C,1652428745317,7,0.3835633778221715,30113.45,0.161,30545.85739946861,"[{""instrument"": ""BTC-24JUN22"", ""trade_seq"": 1574273, ""age_seconds"": 2.369}, {""instrument"": ""BTC-30DEC22"", ""trade_seq"": 137006, ""age_seconds"": 15.472}, {""instrument"": ""BTC-30SEP22"", ""trade_seq"": 768901, ""age_seconds"": 2.307}]",False,,-0.04650682704878317,2022-05-13,4848.26545,0.15872088272383353,shock
214294424,BTC-30SEP22-35000-C,2022-09-30,35000.0,C,1652427620035,7,0.38359906028031454,30365.52,0.1275,30758.77886667274,"[{""instrument"": ""BTC-24JUN22"", ""trade_seq"": 1574094, ""age_seconds"": 3.002}, {""instrument"": ""BTC-30DEC22"", ""trade_seq"": 136983, ""age_seconds"": 160.595}, {""instrument"": ""BTC-30SEP22"", ""trade_seq"": 768812, ""age_seconds"": 5.794}]",False,,-0.12917261638274521,2022-05-13,3871.6038000000003,0.12586987984087036,shock
214293623,BTC-3JUN22-29000-P,2022-06-03,29000.0,P,1652427505461,7,0.05757529613774734,30378.12,0.053,30423.41449587987,"[{""instrument"": ""BTC-24JUN22"", ""trade_seq"": 1574057, ""age_seconds"": 45.483}, {""instrument"": ""BTC-30DEC22"", ""trade_seq"": 136983, ""age_seconds"": 46.021}, {""instrument"": ""BTC-30SEP22"", ""trade_seq"": 768773, ""age_seconds"": 5.38}]",False,,0.04791669564362077,2022-05-13,1610.04036,0.09970790281579611,shock
214297313,BTC-3JUN22-34000-C,2022-06-03,34000.0,C,1652428476742,7,0.05754449701927955,30199.05,0.027,30257.53714529841,"[{""instrument"": ""BTC-24JUN22"", ""trade_seq"": 1574219, ""age_seconds"": 37.908}, {""instrument"": ""BTC-30DEC22"", ""trade_seq"": 136996, ""age_seconds"": 18.477}, {""instrument"": ""BTC-30SEP22"", ""trade_seq"": 768854, ""age_seconds"": 4.231}]",False,,-0.11661520934691745,2022-05-13,815.3743499999999,0.026947809601439998,shock
214292619,BTC-3JUN22-36000-C,2022-06-03,36000.0,C,1652427228027,7,0.05758409351217656,30290.33,0.0155,30338.550805469735,"[{""instrument"": ""BTC-24JUN22"", ""trade_seq"": 1574016, ""age_seconds"": 4.211}, {""instrument"": ""BTC-30DEC22"", ""trade_seq"": 136981, ""age_seconds"": 92.796}, {""instrument"": ""BTC-30SEP22"", ""trade_seq"": 768759, ""age_seconds"": 20.549}]",False,,-0.1710997308225353,2022-05-13,469.50011500000005,0.0154753639358197,shock
214293294,BTC-3JUN22-40000-C,2022-06-03,40000.0,C,1652427428050,7,0.05757775082445459,30362.68,0.0055,30413.298552137046,"[{""instrument"": ""BTC-24JUN22"", ""trade_seq"": 1574038, ""age_seconds"": 6.494}, {""instrument"": ""BTC-30DEC22"", ""trade_seq"": 136982, ""age_seconds"": 3.544}, {""instrument"": ""BTC-30SEP22"", ""trade_seq"": 768771, ""age_seconds"": 29.959}]",False,,-0.27399948898322535,2022-05-13,166.99473999999998,0.005490846042685027,shock
214430230,BTC-24JUN22-24000-P,2022-06-24,24000.0,P,1652514320629,7,0.11235665179477422,29418.1,0.0415,29485.499999999996,"[{""instrument"": ""BTC-24JUN22"", ""trade_seq"": 1588531, ""age_seconds"": 0.139}, {""instrument"": ""BTC-30DEC22"", ""trade_seq"": 137955, ""age_seconds"": 222.886}, {""instrument"": ""BTC-30SEP22"", ""trade_seq"": 777366, ""age_seconds"": 0.12}]",False,,0.2058447867358801,2022-05-14,1220.85115,0.22744573264825071,shock
214428868,BTC-24JUN22-25000-P,2022-06-24,25000.0,P,1652512420838,7,0.11241689377219685,29446.56,0.0495,29535.384088690767,"[{""instrument"": ""BTC-24JUN22"", ""trade_seq"": 1588459, ""age_seconds"": 69.986}, {""instrument"": ""BTC-30SEP22"", ""trade_seq"": 777290, ""age_seconds"": 3.726}]",False,,0.16671318033295973,2022-05-14,1457.60472,0.20290878191035647,shock
214430085,BTC-24JUN22-28000-P,2022-06-24,28000.0,P,1652514136039,7,0.11236250510527651,29444.7,0.0795,29500.67099517891,"[{""instrument"": ""BTC-24JUN22"", ""trade_seq"": 1588523, ""age_seconds"": 56.769}, {""instrument"": ""BTC-30DEC22"", ""trade_seq"": 137955, ""age_seconds"": 38.296}, {""instrument"": ""BTC-30SEP22"", ""trade_seq"": 777359, ""age_seconds"": 56.825}]",False,,0.052208498511178064,2022-05-14,2340.85365,0.13021821252156277,shock
214428676,BTC-24JUN22-40000-C,2022-06-24,40000.0,C,1652512099764,7,0.11242707496194825,29457.44,0.013,29526.969331300428,"[{""instrument"": ""BTC-24JUN22"", ""trade_seq"": 1588440, ""age_seconds"": 2.959}, {""instrument"": ""BTC-30SEP22"", ""trade_seq"": 777274, ""age_seconds"": 44.46}]",False,,-0.3035753937874725,2022-05-14,382.94671999999997,0.012969387941689382,shock
214428613,BTC-27MAY22-22000-P,2022-05-27,22000.0,P,1652511886361,7,0.03572151315956367,29434.04,0.011,29458.862789111896,"[{""instrument"": ""BTC-24JUN22"", ""trade_seq"": 1588434, ""age_seconds"": 4.57}, {""instrument"": ""BTC-30SEP22"", ""trade_seq"": 777268, ""age_seconds"": 2.115}]",False,,0.2919523550679573,2022-05-14,323.77443999999997,0.26418661456233766,shock
214428616,BTC-27MAY22-23000-P,2022-05-27,23000.0,P,1652511909073,7,0.03572079296676813,29440.27,0.0125,29465.097701419236,"[{""instrument"": ""BTC-24JUN22"", ""trade_seq"": 1588434, ""age_seconds"": 27.282}, {""instrument"": ""BTC-30SEP22"", ""trade_seq"": 777268, ""age_seconds"": 24.827}]",False,,0.24771221820180125,2022-05-14,368.003375,0.23190491834310492,shock
214431169,BTC-27MAY22-30000-C,2022-05-27,30000.0,C,1652515171879,7,0.03561733006722476,29367.14,0.047,29392.294471310437,"[{""instrument"": ""BTC-24JUN22"", ""trade_seq"": 1588581, ""age_seconds"": 57.646}, {""instrument"": ""BTC-30DEC22"", ""trade_seq"": 137957, ""age_seconds"": 344.535}, {""instrument"": ""BTC-30SEP22"", ""trade_seq"": 777401, ""age_seconds"": 76.598}]",False,,-0.020464834482413312,2022-05-14,1380.25558,0.04695977652739072,shock
214430001,BTC-29JUL22-36000-C,2022-07-29,36000.0,C,1652514054843,7,0.20825549077245054,29473.39,0.0555,29659.567531040102,"[{""instrument"": ""BTC-24JUN22"", ""trade_seq"": 1588511, ""age_seconds"": 0.247}, {""instrument"": ""BTC-30DEC22"", ""trade_seq"": 137954, ""age_seconds"": 580.169}, {""instrument"": ""BTC-30SEP22"", ""trade_seq"": 777358, ""age_seconds"": 0.2}]",False,,-0.19373418273461862,2022-05-14,1635.7731449999999,0.055151618218576115,shock
214430813,BTC-30DEC22-40000-C,2022-12-30,40000.0,C,1652514732153,7,0.6301518216324201,29385.37,0.1175,29995.679213125706,"[{""instrument"": ""BTC-24JUN22"", ""trade_seq"": 1588552, ""age_seconds"": 37.934}, {""instrument"": ""BTC-30DEC22"", ""trade_seq"": 137955, ""age_seconds"": 634.41}, {""instrument"": ""BTC-30SEP22"", ""trade_seq"": 777387, ""age_seconds"": 7.172}]",False,,-0.2878261090536974,2022-05-14,3452.7809749999997,0.11510927792190513,shock
214515433,BTC-24JUN22-26000-P,2022-06-24,26000.0,P,1652600651353,7,0.10961912249492643,29866.55,0.051,29955.265979652017,"[{""instrument"": ""BTC-24JUN22"", ""trade_seq"": 1599193, ""age_seconds"": 129.615}, {""instrument"": ""BTC-30DEC22"", ""trade_seq"": 138455, ""age_seconds"": 728.84}, {""instrument"": ""BTC-30SEP22"", ""trade_seq"": 784480, ""age_seconds"": 87.853}]",False,,0.14160859678234702,2022-05-15,1523.1940499999998,0.1828880449058078,shock
214514770,BTC-24JUN22-30000-C,2022-06-24,30000.0,C,1652598994994,7,0.10967164529426687,29879.24,0.098,29967.000000000004,"[{""instrument"": ""BTC-24JUN22"", ""trade_seq"": 1599165, ""age_seconds"": 0.225}, {""instrument"": ""BTC-30DEC22"", ""trade_seq"": 138454, ""age_seconds"": 796.173}, {""instrument"": ""BTC-30SEP22"", ""trade_seq"": 784431, ""age_seconds"": 0.169}]",False,,-0.0011006054440328929,2022-05-15,2928.1655200000005,0.09771300163513198,shock
214513853,BTC-24JUN22-40000-C,2022-06-24,40000.0,C,1652598088769,7,0.10970038150050736,29995.36,0.0145,30064.97583449189,"[{""instrument"": ""BTC-24JUN22"", ""trade_seq"": 1599104, ""age_seconds"": 31.904}, {""instrument"": ""BTC-30DEC22"", ""trade_seq"": 138450, ""age_seconds"": 123.675}, {""instrument"": ""BTC-30SEP22"", ""trade_seq"": 784343, ""age_seconds"": 41.135}]",False,,-0.2855185533981509,2022-05-15,434.93272,0.014466425065308907,shock
214516180,BTC-27MAY22-28000-P,2022-05-27,28000.0,P,1652601548369,7,0.03287834953703704,29766.7,0.031,29790.899342800563,"[{""instrument"": ""BTC-24JUN22"", ""trade_seq"": 1599226, ""age_seconds"": 115.247}, {""instrument"": ""BTC-30SEP22"", ""trade_seq"": 784560, ""age_seconds"": 15.072}]",False,,0.06199844551358271,2022-05-15,922.7677,0.09109047066940473,shock
214515002,BTC-27MAY22-29000-P,2022-05-27,29000.0,P,1652599558234,7,0.032941456303906644,29897.75,0.041,29922.37702078797,"[{""instrument"": ""BTC-24JUN22"", ""trade_seq"": 1599188, ""age_seconds"": 55.46}, {""instrument"": ""BTC-30SEP22"", ""trade_seq"": 784456, ""age_seconds"": 55.686}]",False,,0.03131076584609652,2022-05-15,1225.80775,0.0717919157724523,shock
214515595,BTC-27MAY22-30000-C,2022-05-27,30000.0,C,1652600794869,7,0.032902242865296805,29801.83,0.051,29820.842962391114,"[{""instrument"": ""BTC-24JUN22"", ""trade_seq"": 1599198, ""age_seconds"": 1.509}, {""instrument"": ""BTC-30DEC22"", ""trade_seq"": 138455, ""age_seconds"": 872.356}, {""instrument"": ""BTC-30SEP22"", ""trade_seq"": 784510, ""age_seconds"": 1.48}]",False,,-0.005989804368595983,2022-05-15,1519.8933299999999,0.050967483780281805,shock
214514847,BTC-27MAY22-33000-C,2022-05-27,33000.0,C,1652599248934,7,0.03295126414256722,29909.94,0.017,29932.494603532585,"[{""instrument"": ""BTC-24JUN22"", ""trade_seq"": 1599172, ""age_seconds"": 116.535}, {""instrument"": ""BTC-30SEP22"", ""trade_seq"": 784440, ""age_seconds"": 116.462}]",False,,-0.09756289514552981,2022-05-15,508.46898,0.01698719023371982,shock
214514571,BTC-27MAY22-35000-C,2022-05-27,35000.0,C,1652598594458,7,0.03297201744038559,29897.33,0.0075,29922.58895989992,"[{""instrument"": ""BTC-24JUN22"", ""trade_seq"": 1599151, ""age_seconds"": 14.768}, {""instrument"": ""BTC-30DEC22"", ""trade_seq"": 138454, ""age_seconds"": 395.637}, {""instrument"": ""BTC-30SEP22"", ""trade_seq"": 784415, ""age_seconds"": 17.623}]",False,,-0.15673438271817072,2022-05-15,224.229975,0.007493668923517839,shock
214513758,BTC-27MAY22-36000-C,2022-05-27,36000.0,C,1652598041967,7,0.03298953681506849,29973.13,0.005,30004.146806872202,"[{""instrument"": ""BTC-24JUN22"", ""trade_seq"": 1599103, ""age_seconds"": 0.663}, {""instrument"": ""BTC-30DEC22"", ""trade_seq"": 138450, ""age_seconds"": 76.873}, {""instrument"": ""BTC-30SEP22"", ""trade_seq"": 784341, ""age_seconds"": 1.069}]",False,,-0.18218333945067164,2022-05-15,149.86565000000002,0.004994831246648697,shock
214515667,BTC-30DEC22-30000-P,2022-12-30,30000.0,P,1652600853771,7,0.6274209230403348,29778.26,0.2115,30477.010533728208,"[{""instrument"": ""BTC-24JUN22"", ""trade_seq"": 1599202, ""age_seconds"": 2.056}, {""instrument"": ""BTC-30SEP22"", ""trade_seq"": 784519, ""age_seconds"": 2.156}]",True,,0.015775264744078622,2022-05-15,6298.101989999999,0.2223023979412399,shock
214515694,BTC-30DEC22-35000-C,2022-12-30,35000.0,C,1652600871057,7,0.6274203749048706,29758.95,0.1635,30431.4967479739,"[{""instrument"": ""BTC-24JUN22"", ""trade_seq"": 1599202, ""age_seconds"": 19.342}, {""instrument"": ""BTC-30SEP22"", ""trade_seq"": 784524, ""age_seconds"": 0.812}]",True,,-0.13986991219883366,2022-05-15,4865.588325000001,0.15988659267388639,shock
214515252,BTC-3JUN22-36000-C,2022-06-03,36000.0,C,1652600129204,7,0.0521014331557585,29838.06,0.0105,29872.563323532966,"[{""instrument"": ""BTC-24JUN22"", ""trade_seq"": 1599191, ""age_seconds"": 2.192}, {""instrument"": ""BTC-30DEC22"", ""trade_seq"": 138455, ""age_seconds"": 206.691}, {""instrument"": ""BTC-30SEP22"", ""trade_seq"": 784470, ""age_seconds"": 27.511}]",False,,-0.18657849392303,2022-05-15,313.29963000000004,0.010487872319721196,shock
164613211,BTC-25MAR22-40000-C,2022-03-25,40000.0,C,1624434594945,7,0.7534438437024353,34137.05,0.2835,35681.268713743,"[{""instrument"": ""BTC-24SEP21"", ""trade_seq"": 2475365, ""age_seconds"": 1.095}, {""instrument"": ""BTC-25JUN21"", ""trade_seq"": 5144545, ""age_seconds"": 144.587}, {""instrument"": ""BTC-31DEC21"", ""trade_seq"": 645697, ""age_seconds"": 15.647}]",True,,-0.11425358891370296,2021-06-23,9677.853675,0.2712306491297065,shock
164613969,BTC-27AUG21-25000-P,2021-08-27,25000.0,P,1624435094179,7,0.17808554734271945,33989.91,0.0505,34319.07388800546,"[{""instrument"": ""BTC-24SEP21"", ""trade_seq"": 2475403, ""age_seconds"": 15.383}, {""instrument"": ""BTC-25JUN21"", ""trade_seq"": 5144597, ""age_seconds"": 17.008}, {""instrument"": ""BTC-31DEC21"", ""trade_seq"": 645710, ""age_seconds"": 30.986}]",False,,0.3168254647722441,2021-06-23,1716.4904550000003,0.3215577547056827,shock
164611878,BTC-2JUL21-28000-P,2021-07-02,28000.0,P,1624434153493,7,0.024690718765854894,34133.61,0.012,34173.77526280121,"[{""instrument"": ""BTC-24SEP21"", ""trade_seq"": 2475316, ""age_seconds"": 11.66}, {""instrument"": ""BTC-25JUN21"", ""trade_seq"": 5144340, ""age_seconds"": 7.593}, {""instrument"": ""BTC-31DEC21"", ""trade_seq"": 645652, ""age_seconds"": 32.561}]",False,,0.1992540345666335,2021-06-23,409.60332,0.19264417033746167,shock
164613718,BTC-2JUL21-30000-P,2021-07-02,30000.0,P,1624434981854,7,0.02466445161085743,34007.27,0.02,34039.575813289805,"[{""instrument"": ""BTC-24SEP21"", ""trade_seq"": 2475386, ""age_seconds"": 65.52}, {""instrument"": ""BTC-25JUN21"", ""trade_seq"": 5144574, ""age_seconds"": 59.872}, {""instrument"": ""BTC-31DEC21"", ""trade_seq"": 645706, ""age_seconds"": 234.376}]",False,,0.12632646054615543,2021-06-23,680.1454,0.13865393738094475,shock
164612394,BTC-2JUL21-32000-P,2021-07-02,32000.0,P,1624434325329,7,0.024685269882039573,34202.96,0.034,34235.70235177265,"[{""instrument"": ""BTC-24SEP21"", ""trade_seq"": 2475325, ""age_seconds"": 11.939}, {""instrument"": ""BTC-25JUN21"", ""trade_seq"": 5144424, ""age_seconds"": 5.659}, {""instrument"": ""BTC-31DEC21"", ""trade_seq"": 645659, ""age_seconds"": 31.843}]",False,,0.06753312516889379,2021-06-23,1162.90064,0.09927072495408226,shock
164614050,BTC-2JUL21-33000-P,2021-07-02,33000.0,P,1624435118230,7,0.024660127156265855,33969.73,0.0475,34007.90526515515,"[{""instrument"": ""BTC-24SEP21"", ""trade_seq"": 2475403, ""age_seconds"": 39.434}, {""instrument"": ""BTC-25JUN21"", ""trade_seq"": 5144597, ""age_seconds"": 41.059}, {""instrument"": ""BTC-31DEC21"", ""trade_seq"": 645713, ""age_seconds"": 0.234}]",False,,0.03008544392261269,2021-06-23,1613.5621750000003,0.07708406088866426,shock
164610968,BTC-2JUL21-34000-P,2021-07-02,34000.0,P,1624433826951,7,0.02470107334474886,34076.22,0.0605,34115.98721244082,"[{""instrument"": ""BTC-24SEP21"", ""trade_seq"": 2475305, ""age_seconds"": 21.318}, {""instrument"": ""BTC-25JUN21"", ""trade_seq"": 5144268, ""age_seconds"": 4.626}, {""instrument"": ""BTC-31DEC21"", ""trade_seq"": 645600, ""age_seconds"": 20.624}]",False,,0.0034055830147673096,2021-06-23,2061.6113100000002,0.06382926892547122,shock
164609931,BTC-2JUL21-35000-C,2021-07-02,35000.0,C,1624433437343,7,0.02471342773338407,34118.6,0.05,34173.51305517066,"[{""instrument"": ""BTC-24SEP21"", ""trade_seq"": 2475279, ""age_seconds"": 22.902}, {""instrument"": ""BTC-25JUN21"", ""trade_seq"": 5144215, ""age_seconds"": 16.625}, {""instrument"": ""BTC-31DEC21"", ""trade_seq"": 645569, ""age_seconds"": 22.84}]",False,,-0.023897189550316535,2021-06-23,1705.93,0.04991965553105119,shock
164609446,BTC-2JUL21-36000-C,2021-07-02,36000.0,C,1624433276487,7,0.02471852844368341,33976.57,0.038,34001.13288595672,"[{""instrument"": ""BTC-24SEP21"", ""trade_seq"": 2475246, ""age_seconds"": 62.373}, {""instrument"": ""BTC-25JUN21"", ""trade_seq"": 5144177, ""age_seconds"": 24.108}, {""instrument"": ""BTC-31DEC21"", ""trade_seq"": 645559, ""age_seconds"": 14.426}]",False,,-0.05712509421985567,2021-06-23,1291.1096599999998,0.03797254827745045,shock
164613634,BTC-2JUL21-40000-C,2021-07-02,40000.0,C,1624434918809,7,0.02466645075469305,34036.21,0.012,34072.89452714511,"[{""instrument"": ""BTC-24SEP21"", ""trade_seq"": 2475386, ""age_seconds"": 2.475}, {""instrument"": ""BTC-25JUN21"", ""trade_seq"": 5144573, ""age_seconds"": 18.758}, {""instrument"": ""BTC-31DEC21"", ""trade_seq"": 645706, ""age_seconds"": 171.331}]",False,,-0.16037726781249903,2021-06-23,408.43452,0.011987080219281325,shock
164611784,BTC-2JUL21-42000-C,2021-07-02,42000.0,C,1624434136240,7,0.02469126585489599,34155.84,0.0075,34211.26657390006,"[{""instrument"": ""BTC-24SEP21"", ""trade_seq"": 2475315, ""age_seconds"": 15.324}, {""instrument"": ""BTC-25JUN21"", ""trade_seq"": 5144309, ""age_seconds"": 2.057}, {""instrument"": ""BTC-31DEC21"", ""trade_seq"": 645652, ""age_seconds"": 15.308}]",False,,-0.20511459648022926,2021-06-23,256.1688,0.007487849052494081,shock
164612364,BTC-2JUL21-45000-C,2021-07-02,45000.0,C,1624434306364,7,0.02468587125824455,34186.46,0.0035,34230.857195141456,"[{""instrument"": ""BTC-24SEP21"", ""trade_seq"": 2475324, ""age_seconds"": 12.774}, {""instrument"": ""BTC-25JUN21"", ""trade_seq"": 5144422, ""age_seconds"": 0.472}, {""instrument"": ""BTC-31DEC21"", ""trade_seq"": 645659, ""age_seconds"": 12.878}]",False,,-0.2735349953232126,2021-06-23,119.65261,0.0034954605231733095,shock
164609920,BTC-30JUL21-25000-P,2021-07-30,25000.0,P,1624433433024,7,0.10142589345509893,34118.34,0.028,34305.62490686004,"[{""instrument"": ""BTC-24SEP21"", ""trade_seq"": 2475279, ""age_seconds"": 18.583}, {""instrument"": ""BTC-25JUN21"", ""trade_seq"": 5144215, ""age_seconds"": 12.306}, {""instrument"": ""BTC-31DEC21"", ""trade_seq"": 645569, ""age_seconds"": 18.521}]",False,,0.31643350731221037,2021-06-23,955.3135199999999,0.29910367336897503,shock
164613839,BTC-30JUL21-26000-P,2021-07-30,26000.0,P,1624435049375,7,0.10137463930111619,34008.72,0.034,34176.60633132348,"[{""instrument"": ""BTC-24SEP21"", ""trade_seq"": 2475391, ""age_seconds"": 9.806}, {""instrument"": ""BTC-25JUN21"", ""trade_seq"": 5144578, ""age_seconds"": 1.821}, {""instrument"": ""BTC-31DEC21"", ""trade_seq"": 645706, ""age_seconds"": 301.897}]",False,,0.2734448465950674,2021-06-23,1156.2964800000002,0.2730786878265822,shock
164608704,BTC-30JUL21-28000-P,2021-07-30,28000.0,P,1624432729799,7,0.10144819257356671,33861.15,0.051,34026.5656632948,"[{""instrument"": ""BTC-24SEP21"", ""trade_seq"": 2475139, ""age_seconds"": 21.963}, {""instrument"": ""BTC-25JUN21"", ""trade_seq"": 5144148, ""age_seconds"": 19.106}, {""instrument"": ""BTC-31DEC21"", ""trade_seq"": 645540, ""age_seconds"": 16.617}]",False,,0.19493705238947762,2021-06-23,1726.91865,0.22786561506142988,shock
164613572,BTC-30JUL21-30000-P,2021-07-30,30000.0,P,1624434899268,7,0.10137939916286148,34083.21,0.067,34265.53435105932,"[{""instrument"": ""BTC-24SEP21"", ""trade_seq"": 2475383, ""age_seconds"": 11.734}, {""instrument"": ""BTC-25JUN21"", ""trade_seq"": 5144572, ""age_seconds"": 15.817}, {""instrument"": ""BTC-31DEC21"", ""trade_seq"": 645706, ""age_seconds"": 151.79}]",False,,0.1329426379150408,2021-06-23,2283.57507,0.1911281859480722,shock
164609886,BTC-30JUL21-32000-P,2021-07-30,32000.0,P,1624433416125,7,0.10142642931887366,34103.49,0.09,34280.507657047274,"[{""instrument"": ""BTC-24SEP21"", ""trade_seq"": 2475279, ""age_seconds"": 1.684}, {""instrument"": ""BTC-25JUN21"", ""trade_seq"": 5144192, ""age_seconds"": 2.167}, {""instrument"": ""BTC-31DEC21"", ""trade_seq"": 645569, ""age_seconds"": 1.622}]",False,,0.06884099995226586,2021-06-23,3069.3140999999996,0.15606016721130658,shock
164609687,BTC-30JUL21-35000-C,2021-07-30,35000.0,C,1624433369429,7,0.10142791003932014,34014.61,0.1095,34185.07841292346,"[{""instrument"": ""BTC-24SEP21"", ""trade_seq"": 2475268, ""age_seconds"": 22.084}, {""instrument"": ""BTC-25JUN21"", ""trade_seq"": 5144181, ""age_seconds"": 0.053}, {""instrument"": ""BTC-31DEC21"", ""trade_seq"": 645566, ""age_seconds"": 21.362}]",False,,-0.023558816344702794,2021-06-23,3724.599795,0.10895396377361936,shock
164609808,BTC-30JUL21-36000-C,2021-07-30,36000.0,C,1624433411105,7,0.10142658850202943,34092.65,0.0985,34263.83165310899,"[{""instrument"": ""BTC-24SEP21"", ""trade_seq"": 2475270, ""age_seconds"": 1.463}, {""instrument"": ""BTC-25JUN21"", ""trade_seq"": 5144185, ""age_seconds"": 3.209}, {""instrument"": ""BTC-31DEC21"", ""trade_seq"": 645566, ""age_seconds"": 63.038}]",False,,-0.04942861138447659,2021-06-23,3358.1260250000005,0.09800789529314931,shock
164614306,BTC-30JUL21-40000-C,2021-07-30,40000.0,C,1624435182103,7,0.10137043052384576,33998.99,0.0615,34182.61733222462,"[{""instrument"": ""BTC-24SEP21"", ""trade_seq"": 2475436, ""age_seconds"": 9.174}, {""instrument"": ""BTC-25JUN21"", ""trade_seq"": 5144672, ""age_seconds"": 11.547}, {""instrument"": ""BTC-31DEC21"", ""trade_seq"": 645714, ""age_seconds"": 16.399}]",False,,-0.157162204395518,2021-06-23,2090.937885,0.06116962503713348,shock
164611636,BTC-31DEC21-28000-P,2021-12-31,28000.0,P,1624434030128,7,0.5233247676306443,34169.83,0.1545,35206.94689659839,"[{""instrument"": ""BTC-24SEP21"", ""trade_seq"": 2475313, ""age_seconds"": 44.745}, {""instrument"": ""BTC-25JUN21"", ""trade_seq"": 5144292, ""age_seconds"": 24.79}, {""instrument"": ""BTC-31DEC21"", ""trade_seq"": 645635, ""age_seconds"": 60.86}]",False,,0.2290389079739078,2021-06-23,5279.238735,0.3546511905241285,shock
164613264,BTC-31DEC21-30000-P,2021-12-31,30000.0,P,1624434629807,7,0.5233057519342973,34107.28,0.182,35171.62553019876,"[{""instrument"": ""BTC-24SEP21"", ""trade_seq"": 2475367, ""age_seconds"": 3.782}, {""instrument"": ""BTC-25JUN21"", ""trade_seq"": 5144545, ""age_seconds"": 179.449}, {""instrument"": ""BTC-31DEC21"", ""trade_seq"": 645697, ""age_seconds"": 50.509}]",False,,0.15904228298223858,2021-06-23,6207.52496,0.32353211768470846,shock
164606799,BTC-31DEC21-32000-P,2021-12-31,32000.0,P,1624432069460,7,0.5233869400050736,33940.68,0.216,34972.68294256925,"[{""instrument"": ""BTC-24SEP21"", ""trade_seq"": 2474775, ""age_seconds"": 17.319}, {""instrument"": ""BTC-25JUN21"", ""trade_seq"": 5144026, ""age_seconds"": 44.596}, {""instrument"": ""BTC-31DEC21"", ""trade_seq"": 645499, ""age_seconds"": 16.221}]",False,,0.08883136659569354,2021-06-23,7331.18688,0.29462623269395294,shock
164609711,BTC-31DEC21-40000-C,2021-12-31,40000.0,C,1624433396336,7,0.5233448650431254,34043.22,0.225,35089.804775496596,"[{""instrument"": ""BTC-24SEP21"", ""trade_seq"": 2475268, ""age_seconds"": 48.991}, {""instrument"": ""BTC-25JUN21"", ""trade_seq"": 5144181, ""age_seconds"": 26.96}, {""instrument"": ""BTC-31DEC21"", ""trade_seq"": 645566, ""age_seconds"": 48.269}]",True,,-0.1309688280710062,2021-06-23,7659.7245,0.21828917399246484,shock
164611437,BTC-31DEC21-50000-C,2021-12-31,50000.0,C,1624433910534,7,0.5233285599315068,34150.01,0.157,35206.64955733759,"[{""instrument"": ""BTC-24SEP21"", ""trade_seq"": 2475312, ""age_seconds"": 8.953}, {""instrument"": ""BTC-25JUN21"", ""trade_seq"": 5144288, ""age_seconds"": 15.198}, {""instrument"": ""BTC-31DEC21"", ""trade_seq"": 645620, ""age_seconds"": 10.394}]",False,,-0.35078803278603243,2021-06-23,5361.5515700000005,0.15228803755575127,shock
164606138,BTC-9JUL21-24000-P,2021-07-09,24000.0,P,1624431854567,7,0.043941699422881786,33905.89,0.008,33955.75061938028,"[{""instrument"": ""BTC-24SEP21"", ""trade_seq"": 2474573, ""age_seconds"": 2.161}, {""instrument"": ""BTC-25JUN21"", ""trade_seq"": 5144015, ""age_seconds"": 27.897}, {""instrument"": ""BTC-31DEC21"", ""trade_seq"": 645476, ""age_seconds"": 3.039}]",False,,0.34700439427240176,2021-06-23,271.24712,0.30118603043171155,shock
164607117,BTC-9JUL21-28000-P,2021-07-09,28000.0,P,1624432223541,7,0.04392999933409437,33967.6,0.0225,34032.24588757526,"[{""instrument"": ""BTC-24SEP21"", ""trade_seq"": 2474889, ""age_seconds"": 0.938}, {""instrument"": ""BTC-25JUN21"", ""trade_seq"": 5144037, ""age_seconds"": 16.337}, {""instrument"": ""BTC-31DEC21"", ""trade_seq"": 645505, ""age_seconds"": 0.935}]",False,,0.19510397344390742,2021-06-23,764.271,0.19970815061772296,shock
164611151,BTC-9JUL21-32000-P,2021-07-09,32000.0,P,1624433857806,7,0.04387817713089802,34157.35,0.0515,34261.274939497984,"[{""instrument"": ""BTC-24SEP21"", ""trade_seq"": 2475305, ""age_seconds"": 52.173}, {""instrument"": ""BTC-25JUN21"", ""trade_seq"": 5144272, ""age_seconds"": 20.084}, {""instrument"": ""BTC-31DEC21"", ""trade_seq"": 645615, ""age_seconds"": 19.587}]",False,,0.06827980304942892,2021-06-23,1759.1035249999998,0.11734468351214519,shock
164614172,BTC-9JUL21-40000-C,2021-07-09,40000.0,C,1624435164290,7,0.043836748795027906,34017.43,0.025,34116.579070556734,"[{""instrument"": ""BTC-24SEP21"", ""trade_seq"": 2475427, ""age_seconds"": 1.906}, {""instrument"": ""BTC-25JUN21"", ""trade_seq"": 5144632, ""age_seconds"": 0.009}, {""instrument"": ""BTC-31DEC21"", ""trade_seq"": 645713, ""age_seconds"": 46.294}]",False,,-0.15909599822401127,2021-06-23,850.4357500000001,0.024927345389501334,shock
164606054,BTC-9JUL21-45000-C,2021-07-09,45000.0,C,1624431832655,7,0.043942394247843734,33936.41,0.0095,33981.30555122198,"[{""instrument"": ""BTC-24SEP21"", ""trade_seq"": 2474556, ""age_seconds"": 0.12}, {""instrument"": ""BTC-25JUN21"", ""trade_seq"": 5144015, ""age_seconds"": 5.985}, {""instrument"": ""BTC-31DEC21"", ""trade_seq"": 645471, ""age_seconds"": 3.825}]",False,,-0.2808519530985697,2021-06-23,322.39589500000005,0.0094874487536694,shock
164605528,BTC-9JUL21-46000-C,2021-07-09,46000.0,C,1624431642308,7,0.04394843011161847,33884.1,0.007,33924.97869890622,"[{""instrument"": ""BTC-24SEP21"", ""trade_seq"": 2474455, ""age_seconds"": 6.953}, {""instrument"": ""BTC-25JUN21"", ""trade_seq"": 5143995, ""age_seconds"": 29.549}, {""instrument"": ""BTC-31DEC21"", ""trade_seq"": 645435, ""age_seconds"": 28.839}]",False,,-0.3044898186561641,2021-06-23,237.18869999999998,0.0069915651857917665,shock
164892194,BTC-24SEP21-24000-P,2021-09-24,24000.0,P,1624520453229,7,0.25209115839041096,33099.17,0.0635,33341.95970659119,"[{""instrument"": ""BTC-24SEP21"", ""trade_seq"": 2497219, ""age_seconds"": 19.731}, {""instrument"": ""BTC-25JUN21"", ""trade_seq"": 5163666, ""age_seconds"": 9.94}, {""instrument"": ""BTC-31DEC21"", ""trade_seq"": 658956, ""age_seconds"": 108.853}]",False,,0.32876282468910595,2021-06-24,2101.797295,0.3432238867269981,shock
164892167,BTC-24SEP21-28000-P,2021-09-24,28000.0,P,1624520403765,7,0.25209272688356166,33101.99,0.108,33339.53543961503,"[{""instrument"": ""BTC-24SEP21"", ""trade_seq"": 2497217, ""age_seconds"": 61.965}, {""instrument"": ""BTC-25JUN21"", ""trade_seq"": 5163665, ""age_seconds"": 60.949}, {""instrument"": ""BTC-31DEC21"", ""trade_seq"": 658956, ""age_seconds"": 59.389}]",False,,0.17453943302562044,2021-06-24,3575.0149199999996,0.26738675995534406,shock
164891672,BTC-27AUG21-25000-P,2021-08-27,25000.0,P,1624520156389,7,0.17538824235794012,33082.84,0.0535,33231.37708241939,"[{""instrument"": ""BTC-24SEP21"", ""trade_seq"": 2497176, ""age_seconds"": 12.142}, {""instrument"": ""BTC-25JUN21"", ""trade_seq"": 5163608, ""age_seconds"": 48.62}, {""instrument"": ""BTC-31DEC21"", ""trade_seq"": 658947, ""age_seconds"": 48.602}]",False,,0.28461869757914443,2021-06-24,1769.9319399999997,0.30095981269793504,shock
164894468,BTC-27AUG21-30000-P,2021-08-27,30000.0,P,1624521208681,7,0.17535487439751396,32840.46,0.113,32992.06720692935,"[{""instrument"": ""BTC-24SEP21"", ""trade_seq"": 2497455, ""age_seconds"": 3.368}, {""instrument"": ""BTC-25JUN21"", ""trade_seq"": 5163829, ""age_seconds"": 2.324}, {""instrument"": ""BTC-31DEC21"", ""trade_seq"": 659127, ""age_seconds"": 65.37}]",False,,0.09506976323777049,2021-06-24,3710.97198,0.20317123946454338,shock
164895207,BTC-2JUL21-25000-P,2021-07-02,25000.0,P,1624521482031,7,0.021921548991628615,32852.73,0.004,32866.103434153556,"[{""instrument"": ""BTC-24SEP21"", ""trade_seq"": 2497460, ""age_seconds"": 126.614}, {""instrument"": ""BTC-25JUN21"", ""trade_seq"": 5163879, ""age_seconds"": 9.249}, {""instrument"": ""BTC-31DEC21"", ""trade_seq"": 659232, ""age_seconds"": 9.998}]",False,,0.2735660110335614,2021-06-24,131.41092,0.24333624976798307,shock
164889078,BTC-2JUL21-28000-P,2021-07-02,28000.0,P,1624519238104,7,0.021992703450025367,33021.09,0.0095,33050.66036958149,"[{""instrument"": ""BTC-24SEP21"", ""trade_seq"": 2496964, ""age_seconds"": 69.939}, {""instrument"": ""BTC-25JUN21"", ""trade_seq"": 5163380, ""age_seconds"": 11.978}, {""instrument"": ""BTC-31DEC21"", ""trade_seq"": 658858, ""age_seconds"": 2.336}]",False,,0.16583703684818524,2021-06-24,313.70035499999994,0.16230721760460304,shock
164889827,BTC-2JUL21-32000-P,2021-07-02,32000.0,P,1624519599378,7,0.021981247526636223,33170.92,0.037,33190.49256993898,"[{""instrument"": ""BTC-24SEP21"", ""trade_seq"": 2497026, ""age_seconds"": 1.796}, {""instrument"": ""BTC-25JUN21"", ""trade_seq"": 5163463, ""age_seconds"": 3.118}, {""instrument"": ""BTC-31DEC21"", ""trade_seq"": 658868, ""age_seconds"": 5.313}]",False,,0.036527563736131516,2021-06-24,1227.32404,0.07284666248457014,shock
164892722,BTC-2JUL21-34000-C,2021-07-02,34000.0,C,1624520720534,7,0.021945695903094878,33112.13,0.04,33126.286188007754,"[{""instrument"": ""BTC-24SEP21"", ""trade_seq"": 2497317, ""age_seconds"": 0.117}, {""instrument"": ""BTC-25JUN21"", ""trade_seq"": 5163704, ""age_seconds"": 11.262}, {""instrument"": ""BTC-31DEC21"", ""trade_seq"": 659014, ""age_seconds"": 12.437}]",False,,-0.02603341274635951,2021-06-24,1324.4851999999998,0.039982906398951676,shock
164893688,BTC-2JUL21-35000-C,2021-07-02,35000.0,C,1624521086819,7,0.021934081081938103,32949.36,0.028,32951.2274721914,"[{""instrument"": ""BTC-24SEP21"", ""trade_seq"": 2497404, ""age_seconds"": 16.922}, {""instrument"": ""BTC-25JUN21"", ""trade_seq"": 5163777, ""age_seconds"": 53.611}, {""instrument"": ""BTC-31DEC21"", ""trade_seq"": 659092, ""age_seconds"": 1.404}]",False,,-0.060319548664456726,2021-06-24,922.58208,0.027998413132821736,shock
164887685,BTC-2JUL21-36000-C,2021-07-02,36000.0,C,1624518625598,7,0.022012125887874174,33013.67,0.0195,33036.56118529982,"[{""instrument"": ""BTC-24SEP21"", ""trade_seq"": 2496884, ""age_seconds"": 122.847}, {""instrument"": ""BTC-25JUN21"", ""trade_seq"": 5163254, ""age_seconds"": 15.134}, {""instrument"": ""BTC-31DEC21"", ""trade_seq"": 658816, ""age_seconds"": 227.24}]",False,,-0.08590407556813635,2021-06-24,643.766565,0.019486488360249035,shock
164890413,BTC-2JUL21-37000-C,2021-07-02,37000.0,C,1624519730842,7,0.021977078830542875,33218.99,0.0155,33285.70258340023,"[{""instrument"": ""BTC-24SEP21"", ""trade_seq"": 2497091, ""age_seconds"": 0.155}, {""instrument"": ""BTC-25JUN21"", ""trade_seq"": 5163508, ""age_seconds"": 0.298}, {""instrument"": ""BTC-31DEC21"", ""trade_seq"": 658883, ""age_seconds"": 0.022}]",False,,-0.10578995970556596,2021-06-24,514.8943449999999,0.01546893425818149,shock
164891768,BTC-2JUL21-38000-C,2021-07-02,38000.0,C,1624520183996,7,0.02196270941146626,33069.11,0.0105,33078.862815183245,"[{""instrument"": ""BTC-24SEP21"", ""trade_seq"": 2497176, ""age_seconds"": 39.749}, {""instrument"": ""BTC-25JUN21"", ""trade_seq"": 5163620, ""age_seconds"": 11.583}, {""instrument"": ""BTC-31DEC21"", ""trade_seq"": 658947, ""age_seconds"": 76.209}]",False,,-0.13869166697003654,2021-06-24,347.225655,0.010496904229749486,shock
164889502,BTC-2JUL21-40000-C,2021-07-02,40000.0,C,1624519581740,7,0.021981806823947236,33105.61,0.0055,33119.1659821461,"[{""instrument"": ""BTC-24SEP21"", ""trade_seq"": 2497011, ""age_seconds"": 2.894}, {""instrument"": ""BTC-25JUN21"", ""trade_seq"": 5163421, ""age_seconds"": 8.052}, {""instrument"": ""BTC-31DEC21"", ""trade_seq"": 658863, ""age_seconds"": 86.896}]",False,,-0.188767306612429,2021-06-24,182.08085499999999,0.005497748798932806,shock
164891980,BTC-2JUL21-42000-C,2021-07-02,42000.0,C,1624520286370,7,0.021959463153221715,33068.78,0.003,33077.549664413156,"[{""instrument"": ""BTC-24SEP21"", ""trade_seq"": 2497196, ""age_seconds"": 23.047}, {""instrument"": ""BTC-25JUN21"", ""trade_seq"": 5163645, ""age_seconds"": 7.753}, {""instrument"": ""BTC-31DEC21"", ""trade_seq"": 658955, ""age_seconds"": 84.406}]",False,,-0.2388148238939965,2021-06-24,99.20634,0.0029992046268993203,shock
164889947,BTC-30JUL21-25000-P,2021-07-30,25000.0,P,1624519647152,7,0.09869206139015729,33171.92,0.0285,33264.51117446865,"[{""instrument"": ""BTC-24SEP21"", ""trade_seq"": 2497036, ""age_seconds"": 3.597}, {""instrument"": ""BTC-25JUN21"", ""trade_seq"": 5163475, ""age_seconds"": 3.845}, {""instrument"": ""BTC-31DEC21"", ""trade_seq"": 658870, ""age_seconds"": 19.825}]",False,,0.28561527332721326,2021-06-24,945.39972,0.27686896843797565,shock
164889657,BTC-30JUL21-30000-P,2021-07-30,30000.0,P,1624519593689,7,0.09869375669076612,33131.05,0.0735,33251.73089752284,"[{""instrument"": ""BTC-24SEP21"", ""trade_seq"": 2497013, ""age_seconds"": 0.015}, {""instrument"": ""BTC-25JUN21"", ""trade_seq"": 5163427, ""age_seconds"": 0.008}, {""instrument"": ""BTC-31DEC21"", ""trade_seq"": 658866, ""age_seconds"": 0.082}]",False,,0.1029094411531417,2021-06-24,2435.132175,0.17102457282747027,shock
164889767,BTC-30JUL21-32000-P,2021-07-30,32000.0,P,1624519595636,7,0.09869369495180112,33166.95,0.098,33297.22651924103,"[{""instrument"": ""BTC-24SEP21"", ""trade_seq"": 2497014, ""age_seconds"": 1.899}, {""instrument"": ""BTC-25JUN21"", ""trade_seq"": 5163439, ""age_seconds"": 0.72}, {""instrument"": ""BTC-31DEC21"", ""trade_seq"": 658868, ""age_seconds"": 1.571}]",False,,0.039738203007578035,2021-06-24,3250.3610999999996,0.13657556783635338,shock
164890414,BTC-30JUL21-34000-C,2021-07-30,34000.0,C,1624519730867,7,0.09868940680492136,33218.99,0.106,33362.62382500766,"[{""instrument"": ""BTC-24SEP21"", ""trade_seq"": 2497091, ""age_seconds"": 0.18}, {""instrument"": ""BTC-25JUN21"", ""trade_seq"": 5163508, ""age_seconds"": 0.323}, {""instrument"": ""BTC-31DEC21"", ""trade_seq"": 658883, ""age_seconds"": 0.047}]",False,,-0.018924298389741568,2021-06-24,3521.21294,0.10554364544195713,shock
164894365,BTC-30JUL21-45000-C,2021-07-30,45000.0,C,1624521149260,7,0.09864442985794014,32852.18,0.025,32899.96900547635,"[{""instrument"": ""BTC-24SEP21"", ""trade_seq"": 2497454, ""age_seconds"": 13.745}, {""instrument"": ""BTC-25JUN21"", ""trade_seq"": 5163821, ""age_seconds"": 14.58}, {""instrument"": ""BTC-31DEC21"", ""trade_seq"": 659127, ""age_seconds"": 5.949}]",False,,-0.31319077408222307,2021-06-24,821.3045000000001,0.02496368613184074,shock
164889060,BTC-31DEC21-32000-P,2021-12-31,32000.0,P,1624519227392,7,0.5206231801116185,33037.9,0.229,34041.60378743261,"[{""instrument"": ""BTC-24SEP21"", ""trade_seq"": 2496964, ""age_seconds"": 59.227}, {""instrument"": ""BTC-25JUN21"", ""trade_seq"": 5163380, ""age_seconds"": 1.266}, {""instrument"": ""BTC-31DEC21"", ""trade_seq"": 658857, ""age_seconds"": 37.181}]",False,,0.06184751458502203,2021-06-24,7565.6791,0.2822218056300685,shock
164889195,BTC-9JUL21-34000-C,2021-07-09,34000.0,C,1624519370655,7,0.04116658247716895,33062.57,0.0605,33090.38098217653,"[{""instrument"": ""BTC-24SEP21"", ""trade_seq"": 2496970, ""age_seconds"": 23.7}, {""instrument"": ""BTC-25JUN21"", ""trade_seq"": 5163393, ""age_seconds"": 9.185}, {""instrument"": ""BTC-31DEC21"", ""trade_seq"": 658858, ""age_seconds"": 134.887}]",False,,-0.027117889234972815,2021-06-24,2000.2854849999999,0.06044915246147856,shock
164892821,BTC-9JUL21-36000-C,2021-07-09,36000.0,C,1624520792011,7,0.04112151157407408,33068.57,0.0395,33098.0374223389,"[{""instrument"": ""BTC-24SEP21"", ""trade_seq"": 2497325, ""age_seconds"": 20.503}, {""instrument"": ""BTC-25JUN21"", ""trade_seq"": 5163707, ""age_seconds"": 20.144}, {""instrument"": ""BTC-31DEC21"", ""trade_seq"": 659017, ""age_seconds"": 32.058}]",False,,-0.08404495020742347,2021-06-24,1306.208515,0.03946483286402955,shock
164889247,BTC-9JUL21-38000-C,2021-07-09,38000.0,C,1624519401456,7,0.041165605783866056,33070.18,0.024,33089.287874363705,"[{""instrument"": ""BTC-24SEP21"", ""trade_seq"": 2496971, ""age_seconds"": 27.329}, {""instrument"": ""BTC-25JUN21"", ""trade_seq"": 5163394, ""age_seconds"": 1.344}, {""instrument"": ""BTC-31DEC21"", ""trade_seq"": 658859, ""age_seconds"": 26.984}]",False,,-0.1383765588958927,2021-06-24,793.6843200000001,0.023986140862672232,shock
165123976,BTC-16JUL21-25000-P,2021-07-16,25000.0,P,1624607760107,7,0.05754185353247082,34222.86,0.011,34236.095448751264,"[{""instrument"": ""BTC-24SEP21"", ""trade_seq"": 2514984, ""age_seconds"": 46.261}, {""instrument"": ""BTC-25JUN21"", ""trade_seq"": 5185287, ""age_seconds"": 71.49}, {""instrument"": ""BTC-31DEC21"", ""trade_seq"": 665379, ""age_seconds"": 287.505}]",False,,0.31440468511173647,2021-06-25,376.45146,0.2807722896771476,shock
165123953,BTC-16JUL21-26000-P,2021-07-16,26000.0,P,1624607749418,7,0.05754219247843734,34216.72,0.014,34229.95307414975,"[{""instrument"": ""BTC-24SEP21"", ""trade_seq"": 2514984, ""age_seconds"": 35.572}, {""instrument"": ""BTC-25JUN21"", ""trade_seq"": 5185287, ""age_seconds"": 60.801}, {""instrument"": ""BTC-31DEC21"", ""trade_seq"": 665379, ""age_seconds"": 276.816}]",False,,0.2750045436213302,2021-06-25,479.03408,0.2544259156676064,shock
165124099,BTC-16JUL21-28000-P,2021-07-16,28000.0,P,1624607776333,7,0.05754133900938609,34239.9,0.0225,34257.35133844582,"[{""instrument"": ""BTC-24SEP21"", ""trade_seq"": 2515035, ""age_seconds"": 14.253}, {""instrument"": ""BTC-25JUN21"", ""trade_seq"": 5185287, ""age_seconds"": 87.716}, {""instrument"": ""BTC-31DEC21"", ""trade_seq"": 665379, ""age_seconds"": 303.731}]",False,,0.2016966691205282,2021-06-25,770.39775,0.20514572241779896,shock
165123949,BTC-16JUL21-30000-P,2021-07-16,30000.0,P,1624607739371,7,0.0575425110667174,34216.5,0.0365,34229.73298906631,"[{""instrument"": ""BTC-24SEP21"", ""trade_seq"": 2514984, ""age_seconds"": 25.525}, {""instrument"": ""BTC-25JUN21"", ""trade_seq"": 5185287, ""age_seconds"": 50.754}, {""instrument"": ""BTC-31DEC21"", ""trade_seq"": 665379, ""age_seconds"": 266.769}]",False,,0.13189727035481139,2021-06-25,1248.9022499999999,0.16005486343747694,shock
165120604,BTC-16JUL21-32000-P,2021-07-16,32000.0,P,1624606977705,7,0.05756666333713851,34132.62,0.0575,34185.5355678415,"[{""instrument"": ""BTC-24SEP21"", ""trade_seq"": 2514551, ""age_seconds"": 19.109}, {""instrument"": ""BTC-25JUN21"", ""trade_seq"": 5185110, ""age_seconds"": 9.244}, {""instrument"": ""BTC-31DEC21"", ""trade_seq"": 665350, ""age_seconds"": 18.95}]",False,,0.06606671519309634,2021-06-25,1962.6256500000002,0.12134258390100211,shock
165111134,BTC-16JUL21-34000-P,2021-07-16,34000.0,P,1624604988031,7,0.057629755485794014,34311.52,0.081,34364.67530138674,"[{""instrument"": ""BTC-24SEP21"", ""trade_seq"": 2514016, ""age_seconds"": 2.391}, {""instrument"": ""BTC-25JUN21"", ""trade_seq"": 5184623, ""age_seconds"": 2.691}, {""instrument"": ""BTC-31DEC21"", ""trade_seq"": 664952, ""age_seconds"": 2.427}]",False,,0.010668631386267098,2021-06-25,2779.23312,0.09148663253221172,shock
165121946,BTC-16JUL21-36000-C,2021-07-16,36000.0,C,1624607294766,7,0.05755660939878234,34131.98,0.061,34205.27057529361,"[{""instrument"": ""BTC-24SEP21"", ""trade_seq"": 2514748, ""age_seconds"": 5.023}, {""instrument"": ""BTC-25JUN21"", ""trade_seq"": 5185186, ""age_seconds"": 11.341}, {""instrument"": ""BTC-31DEC21"", ""trade_seq"": 665374, ""age_seconds"": 4.367}]",False,,-0.051139195872634546,2021-06-25,2082.05078,0.060869297186728316,shock
165119187,BTC-16JUL21-38000-C,2021-07-16,38000.0,C,1624606675035,7,0.057576260939878235,34075.93,0.0415,34178.38741644334,"[{""instrument"": ""BTC-24SEP21"", ""trade_seq"": 2514378, ""age_seconds"": 41.776}, {""instrument"": ""BTC-25JUN21"", ""trade_seq"": 5185047, ""age_seconds"": 14.819}, {""instrument"": ""BTC-31DEC21"", ""trade_seq"": 665298, ""age_seconds"": 23.335}]",False,,-0.10599266230804638,2021-06-25,1414.1510950000002,0.041375594400327016,shock
165122783,BTC-16JUL21-40000-C,2021-07-16,40000.0,C,1624607446173,7,0.05755180831430746,34183.7,0.029,34199.21955788008,"[{""instrument"": ""BTC-24SEP21"", ""trade_seq"": 2514809, ""age_seconds"": 20.522}, {""instrument"": ""BTC-25JUN21"", ""trade_seq"": 5185227, ""age_seconds"": 14.37}, {""instrument"": ""BTC-31DEC21"", ""trade_seq"": 665378, ""age_seconds"": 36.09}]",False,,-0.15667663025078257,2021-06-25,991.3272999999999,0.028986839840664764,shock
165113911,BTC-27AUG21-25000-P,2021-08-27,25000.0,P,1624605701321,7,0.17267563035895483,34076.92,0.0455,34271.46079723476,"[{""instrument"": ""BTC-24SEP21"", ""trade_seq"": 2514155, ""age_seconds"": 46.824}, {""instrument"": ""BTC-25JUN21"", ""trade_seq"": 5184824, ""age_seconds"": 41.978}, {""instrument"": ""BTC-31DEC21"", ""trade_seq"": 665094, ""age_seconds"": 0.197}]",False,,0.3154371362328362,2021-06-25,1550.49986,0.31577179395014127,shock
165124809,BTC-27AUG21-40000-C,2021-08-27,40000.0,C,1624607919612,7,0.1726052888127854,34296.75,0.0925,34445.08558929122,"[{""instrument"": ""BTC-24SEP21"", ""trade_seq"": 2515060, ""age_seconds"": 24.184}, {""instrument"": ""BTC-25JUN21"", ""trade_seq"": 5185328, ""age_seconds"": 24.215}, {""instrument"": ""BTC-31DEC21"", ""trade_seq"": 665381, ""age_seconds"": 17.015}]",False,,-0.14951312026155147,2021-06-25,3172.449375,0.09210165458222279,shock
165109848,BTC-27AUG21-45000-C,2021-08-27,45000.0,C,1624604575781,7,0.17271132099822423,34276.53,0.0605,34450.477979467956,"[{""instrument"": ""BTC-24SEP21"", ""trade_seq"": 2513969, ""age_seconds"": 34.507}, {""instrument"": ""BTC-25JUN21"", ""trade_seq"": 5184533, ""age_seconds"": 70.76}, {""instrument"": ""BTC-31DEC21"", ""trade_seq"": 664788, ""age_seconds"": 27.324}]",False,,-0.2671396178214765,2021-06-25,2073.7300649999997,0.060194522300558974,shock
165111029,BTC-2JUL21-25000-P,2021-07-02,25000.0,P,1624604941002,7,0.019275082382039576,34280.66,0.003,34298.929609268635,"[{""instrument"": ""BTC-24SEP21"", ""trade_seq"": 2514010, ""age_seconds"": 10.275}, {""instrument"": ""BTC-25JUN21"", ""trade_seq"": 5184621, ""age_seconds"": 59.049}, {""instrument"": ""BTC-31DEC21"", ""trade_seq"": 664934, ""age_seconds"": 36.34}]",False,,0.3162383220898915,2021-06-25,102.84198,0.27411268212661616,shock
165109583,BTC-2JUL21-28000-P,2021-07-02,28000.0,P,1624604486829,7,0.019289484113394217,34297.83,0.006,34295.1409445077,"[{""instrument"": ""BTC-24SEP21"", ""trade_seq"": 2513963, ""age_seconds"": 3.658}, {""instrument"": ""BTC-25JUN21"", ""trade_seq"": 5184532, ""age_seconds"": 2.682}, {""instrument"": ""BTC-31DEC21"", ""trade_seq"": 664775, ""age_seconds"": 0.379}]",False,,0.20279917053604807,2021-06-25,205.78698000000003,0.18955827984572876,shock
165123655,BTC-2JUL21-30000-P,2021-07-02,30000.0,P,1624607637680,7,0.01918957128361238,34179.69,0.0115,34140.90290944426,"[{""instrument"": ""BTC-24SEP21"", ""trade_seq"": 2514969, ""age_seconds"": 6.438}, {""instrument"": ""BTC-25JUN21"", ""trade_seq"": 5185276, ""age_seconds"": 6.383}, {""instrument"": ""BTC-31DEC21"", ""trade_seq"": 665379, ""age_seconds"": 165.078}]",False,,0.12929878261406103,2021-06-25,393.066435,0.13280168238286533,shock
165124904,BTC-2JUL21-31000-P,2021-07-02,31000.0,P,1624607952317,7,0.019179594209791984,34293.23,0.016,34193.424367516665,"[{""instrument"": ""BTC-24SEP21"", ""trade_seq"": 2515064, ""age_seconds"": 25.643}, {""instrument"": ""BTC-25JUN21"", ""trade_seq"": 5185328, ""age_seconds"": 56.92}, {""instrument"": ""BTC-31DEC21"", ""trade_seq"": 665381, ""age_seconds"": 49.72}]",False,,0.0980461511415226,2021-06-25,548.69168,0.10943963983530204,shock
165124816,BTC-2JUL21-32000-P,2021-07-02,32000.0,P,1624607921798,7,0.019180561960933536,34295.8,0.0215,34197.039676260196,"[{""instrument"": ""BTC-24SEP21"", ""trade_seq"": 2515060, ""age_seconds"": 26.37}, {""instrument"": ""BTC-25JUN21"", ""trade_seq"": 5185328, ""age_seconds"": 26.401}, {""instrument"": ""BTC-31DEC21"", ""trade_seq"": 665381, ""age_seconds"": 19.201}]",False,,0.06640317834869298,2021-06-25,737.3597,0.08580857887231896,shock
165115026,BTC-2JUL21-33000-P,2021-07-02,33000.0,P,1624605990361,7,0.01924180742643328,34165.85,0.0335,34208.79883666742,"[{""instrument"": ""BTC-24SEP21"", ""trade_seq"": 2514215, ""age_seconds"": 6.673}, {""instrument"": ""BTC-25JUN21"", ""trade_seq"": 5184852, ""age_seconds"": 6.931}, {""instrument"": ""BTC-31DEC21"", ""trade_seq"": 665124, ""age_seconds"": 8.184}]",False,,0.03597532543825143,2021-06-25,1144.555975,0.06879384520057819,shock
165124856,BTC-2JUL21-35000-C,2021-07-02,35000.0,C,1624607928825,7,0.01918033913622527,34282.92,0.037,34183.14437332454,"[{""instrument"": ""BTC-24SEP21"", ""trade_seq"": 2515064, ""age_seconds"": 2.151}, {""instrument"": ""BTC-25JUN21"", ""trade_seq"": 5185328, ""age_seconds"": 33.428}, {""instrument"": ""BTC-31DEC21"", ""trade_seq"": 665381, ""age_seconds"": 26.228}]",False,,-0.023615393494747606,2021-06-25,1268.46804,0.03710799761855357,shock
165124665,BTC-2JUL21-36000-C,2021-07-02,36000.0,C,1624607881803,7,0.01918183019406393,34274.42,0.0255,34182.98302640502,"[{""instrument"": ""BTC-24SEP21"", ""trade_seq"": 2515055, ""age_seconds"": 2.831}, {""instrument"": ""BTC-25JUN21"", ""trade_seq"": 5185326, ""age_seconds"": 20.374}, {""instrument"": ""BTC-31DEC21"", ""trade_seq"": 665380, ""age_seconds"": 95.3}]",False,,-0.05179099054507769,2021-06-25,873.9977099999999,0.025568210630560556,shock
165124310,BTC-2JUL21-38000-C,2021-07-02,38000.0,C,1624607818570,7,0.019183835299340438,34281.48,0.013,34179.66516391473,"[{""instrument"": ""BTC-24SEP21"", ""trade_seq"": 2515037, ""age_seconds"": 32.05}, {""instrument"": ""BTC-25JUN21"", ""trade_seq"": 5185317, ""age_seconds"": 0.217}, {""instrument"": ""BTC-31DEC21"", ""trade_seq"": 665380, ""age_seconds"": 32.067}]",False,,-0.10595527834453924,2021-06-25,445.65924,0.013038724570962324,shock
165120854,BTC-2JUL21-39000-C,2021-07-02,39000.0,C,1624607007754,7,0.019209546106037544,34091.28,0.0085,34122.78209279356,"[{""instrument"": ""BTC-24SEP21"", ""trade_seq"": 2514575, ""age_seconds"": 1.15}, {""instrument"": ""BTC-25JUN21"", ""trade_seq"": 5185127, ""age_seconds"": 0.902}, {""instrument"": ""BTC-31DEC21"", ""trade_seq"": 665363, ""age_seconds"": 1.025}]",False,,-0.13359638835447044,2021-06-25,289.77588000000003,0.008492152814854983,shock
165123654,BTC-2JUL21-40000-C,2021-07-02,40000.0,C,1624607637489,7,0.01918957734018265,34179.69,0.006,34140.90290944426,"[{""instrument"": ""BTC-24SEP21"", ""trade_seq"": 2514969, ""age_seconds"": 6.247}, {""instrument"": ""BTC-25JUN21"", ""trade_seq"": 5185276, ""age_seconds"": 6.192}, {""instrument"": ""BTC-31DEC21"", ""trade_seq"": 665379, ""age_seconds"": 164.887}]",False,,-0.15838328983772001,2021-06-25,205.07814000000002,0.006006816531594133,shock
165124305,BTC-2JUL21-42000-C,2021-07-02,42000.0,C,1624607816207,7,0.019183910229578893,34278.09,0.0035,34180.81325735036,"[{""instrument"": ""BTC-24SEP21"", ""trade_seq"": 2515037, ""age_seconds"": 29.687}, {""instrument"": ""BTC-25JUN21"", ""trade_seq"": 5185316, ""age_seconds"": 0.287}, {""instrument"": ""BTC-31DEC21"", ""trade_seq"": 665380, ""age_seconds"": 29.704}]",False,,-0.2060051475100414,2021-06-25,119.97331499999999,0.0035099608103736535,shock
165120396,BTC-2JUL21-45000-C,2021-07-02,45000.0,C,1624606915180,7,0.019212481608320647,34137.63,0.0015,34166.47811558937,"[{""instrument"": ""BTC-24SEP21"", ""trade_seq"": 2514531, ""age_seconds"": 4.875}, {""instrument"": ""BTC-25JUN21"", ""trade_seq"": 5185098, ""age_seconds"": 21.699}, {""instrument"": ""BTC-31DEC21"", ""trade_seq"": 665349, ""age_seconds"": 45.671}]",False,,-0.27541749844330987,2021-06-25,51.206444999999995,0.0014987334903750493,shock
165124565,BTC-2JUL21-48000-C,2021-07-02,48000.0,C,1624607852835,7,0.019182748763318113,34284.14,0.001,34193.2565047806,"[{""instrument"": ""BTC-24SEP21"", ""trade_seq"": 2515052, ""age_seconds"": 2.656}, {""instrument"": ""BTC-25JUN21"", ""trade_seq"": 5185323, ""age_seconds"": 20.068}, {""instrument"": ""BTC-31DEC21"", ""trade_seq"": 665380, ""age_seconds"": 66.332}]",False,,-0.33917256450430255,2021-06-25,34.28414,0.00100265793622806,shock
165122707,BTC-30JUL21-24000-P,2021-07-30,24000.0,P,1624607427044,7,0.09590857927447995,34186.91,0.019,34240.001250045614,"[{""instrument"": ""BTC-24SEP21"", ""trade_seq"": 2514809, ""age_seconds"": 1.393}, {""instrument"": ""BTC-25JUN21"", ""trade_seq"": 5185223, ""age_seconds"": 5.348}, {""instrument"": ""BTC-31DEC21"", ""trade_seq"": 665378, ""age_seconds"": 16.961}]",False,,0.35534075743393667,2021-06-25,649.55129,0.31803598546980505,shock
165122779,BTC-30JUL21-25000-P,2021-07-30,25000.0,P,1624607443143,7,0.0959080687785388,34184.95,0.023,34246.562582637765,"[{""instrument"": ""BTC-24SEP21"", ""trade_seq"": 2514809, ""age_seconds"": 17.492}, {""instrument"": ""BTC-25JUN21"", ""trade_seq"": 5185227, ""age_seconds"": 11.34}, {""instrument"": ""BTC-31DEC21"", ""trade_seq"": 665378, ""age_seconds"": 33.06}]",False,,0.3147103722526535,2021-06-25,786.2538499999999,0.29295834898548845,shock
165123095,BTC-30JUL21-26000-P,2021-07-30,26000.0,P,1624607495526,7,0.09590640772450533,34215.12,0.028,34259.071766081724,"[{""instrument"": ""BTC-24SEP21"", ""trade_seq"": 2514864, ""age_seconds"": 20.52}, {""instrument"": ""BTC-25JUN21"", ""trade_seq"": 5185259, ""age_seconds"": 2.758}, {""instrument"": ""BTC-31DEC21"", ""trade_seq"": 665379, ""age_seconds"": 22.924}]",False,,0.2758548606978076,2021-06-25,958.0233600000001,0.26904100581052903,shock
165123094,BTC-30JUL21-28000-P,2021-07-30,28000.0,P,1624607495525,7,0.09590640775621512,34215.12,0.041,34259.071766081724,"[{""instrument"": ""BTC-24SEP21"", ""trade_seq"": 2514864, ""age_seconds"": 20.519}, {""instrument"": ""BTC-25JUN21"", ""trade_seq"": 5185259, ""age_seconds"": 2.757}, {""instrument"": ""BTC-31DEC21"", ""trade_seq"": 665379, ""age_seconds"": 22.923}]",False,,0.2017468885440858,2021-06-25,1402.8199200000001,0.22364562993406603,shock
165123097,BTC-30JUL21-30000-P,2021-07-30,30000.0,P,1624607495527,7,0.09590640769279554,34215.12,0.0585,34259.071766081724,"[{""instrument"": ""BTC-24SEP21"", ""trade_seq"": 2514864, ""age_seconds"": 20.521}, {""instrument"": ""BTC-25JUN21"", ""trade_seq"": 5185259, ""age_seconds"": 2.759}, {""instrument"": ""BTC-31DEC21"", ""trade_seq"": 665379, ""age_seconds"": 22.925}]",False,,0.13275401705713422,2021-06-25,2001.5845200000003,0.18274448090213885,shock
165123096,BTC-30JUL21-32000-P,2021-07-30,32000.0,P,1624607495526,7,0.09590640772450533,34215.12,0.0818,34259.071766081724,"[{""instrument"": ""BTC-24SEP21"", ""trade_seq"": 2514864, ""age_seconds"": 20.52}, {""instrument"": ""BTC-25JUN21"", ""trade_seq"": 5185259, ""age_seconds"": 2.758}, {""instrument"": ""BTC-31DEC21"", ""trade_seq"": 665379, ""age_seconds"": 22.924}]",False,,0.06821549591956315,2021-06-25,2798.796816,0.1476358909142798,shock
165109844,BTC-30JUL21-34000-P,2021-07-30,34000.0,P,1624604565665,7,0.09599931300735667,34274.16,0.108,34379.78221527275,"[{""instrument"": ""BTC-24SEP21"", ""trade_seq"": 2513969, ""age_seconds"": 24.391}, {""instrument"": ""BTC-25JUN21"", ""trade_seq"": 5184533, ""age_seconds"": 60.644}, {""instrument"": ""BTC-31DEC21"", ""trade_seq"": 664788, ""age_seconds"": 17.208}]",False,,0.011108140684177589,2021-06-25,3701.60928,0.11871487346012478,shock
165114237,BTC-30JUL21-35000-C,2021-07-30,35000.0,C,1624605726238,7,0.0959625114789447,34069.35,0.101,34199.824437220304,"[{""instrument"": ""BTC-24SEP21"", ""trade_seq"": 2514173, ""age_seconds"": 3.927}, {""instrument"": ""BTC-25JUN21"", ""trade_seq"": 5184837, ""age_seconds"": 6.671}, {""instrument"": ""BTC-31DEC21"", ""trade_seq"": 665097, ""age_seconds"": 16.793}]",False,,-0.023127550848641217,2021-06-25,3441.00435,0.10061467877756387,shock
165124786,BTC-30JUL21-36000-C,2021-07-30,36000.0,C,1624607902053,7,0.09589351683789955,34302.59,0.089,34327.15807290502,"[{""instrument"": ""BTC-24SEP21"", ""trade_seq"": 2515060, ""age_seconds"": 6.625}, {""instrument"": ""BTC-25JUN21"", ""trade_seq"": 5185328, ""age_seconds"": 6.656}, {""instrument"": ""BTC-31DEC21"", ""trade_seq"": 665380, ""age_seconds"": 115.55}]",False,,-0.047582117025907825,2021-06-25,3052.9305099999997,0.08893630237365112,shock
165123093,BTC-30JUL21-40000-C,2021-07-30,40000.0,C,1624607495525,7,0.09590640775621512,34215.12,0.0511,34259.071766081724,"[{""instrument"": ""BTC-24SEP21"", ""trade_seq"": 2514864, ""age_seconds"": 20.519}, {""instrument"": ""BTC-25JUN21"", ""trade_seq"": 5185259, ""age_seconds"": 2.757}, {""instrument"": ""BTC-31DEC21"", ""trade_seq"": 665379, ""age_seconds"": 22.923}]",False,,-0.15492805539464657,2021-06-25,1748.392632,0.051034442612394426,shock
165124528,BTC-30JUL21-45000-C,2021-07-30,45000.0,C,1624607842886,7,0.09589539301116184,34283.98,0.026,34308.14054218651,"[{""instrument"": ""BTC-24SEP21"", ""trade_seq"": 2515039, ""age_seconds"": 9.983}, {""instrument"": ""BTC-25JUN21"", ""trade_seq"": 5185323, ""age_seconds"": 10.119}, {""instrument"": ""BTC-31DEC21"", ""trade_seq"": 665380, ""age_seconds"": 56.383}]",False,,-0.27127983016614354,2021-06-25,891.3834800000001,0.02598169023191225,shock
165109482,BTC-31DEC21-44000-C,2021-12-31,44000.0,C,1624604481660,7,0.5179197850076104,34340.44,0.1904,35260.69822270161,"[{""instrument"": ""BTC-24SEP21"", ""trade_seq"": 2513961, ""age_seconds"": 4.553}, {""instrument"": ""BTC-25JUN21"", ""trade_seq"": 5184519, ""age_seconds"": 21.429}, {""instrument"": ""BTC-31DEC21"", ""trade_seq"": 664767, ""age_seconds"": 0.665}]",False,,-0.22142065502600264,2021-06-25,6538.419776000001,0.18543080839478165,shock
165121535,BTC-9JUL21-28000-P,2021-07-09,28000.0,P,1624607162320,7,0.038382727042110605,34073.6,0.0155,34137.19896311,"[{""instrument"": ""BTC-24SEP21"", ""trade_seq"": 2514703, ""age_seconds"": 10.107}, {""instrument"": ""BTC-25JUN21"", ""trade_seq"": 5185165, ""age_seconds"": 1.211}, {""instrument"": ""BTC-31DEC21"", ""trade_seq"": 665368, ""age_seconds"": 105.703}]",False,,0.19818315822206126,2021-06-25,528.1408,0.19525151346813277,shock
165122104,BTC-9JUL21-30000-P,2021-07-09,30000.0,P,1624607334384,7,0.03837727092846271,34164.57,0.025,34177.51677878904,"[{""instrument"": ""BTC-24SEP21"", ""trade_seq"": 2514791, ""age_seconds"": 1.779}, {""instrument"": ""BTC-25JUN21"", ""trade_seq"": 5185197, ""age_seconds"": 0.866}, {""instrument"": ""BTC-31DEC21"", ""trade_seq"": 665376, ""age_seconds"": 1.431}]",False,,0.1303706420925819,2021-06-25,854.1142500000001,0.14722049765510545,shock
165123970,BTC-9JUL21-32000-P,2021-07-09,32000.0,P,1624607759021,7,0.0383638057775241,34219.87,0.041,34207.790257375615,"[{""instrument"": ""BTC-24SEP21"", ""trade_seq"": 2514984, ""age_seconds"": 45.175}, {""instrument"": ""BTC-25JUN21"", ""trade_seq"": 5185287, ""age_seconds"": 70.404}, {""instrument"": ""BTC-31DEC21"", ""trade_seq"": 665379, ""age_seconds"": 286.419}]",False,,0.06671750063308017,2021-06-25,1403.0146700000003,0.10555504755520073,shock
165115129,BTC-9JUL21-34000-P,2021-07-09,34000.0,P,1624606012651,7,0.03841918280695079,34193.96,0.0675,34273.42287415014,"[{""instrument"": ""BTC-24SEP21"", ""trade_seq"": 2514217, ""age_seconds"": 3.911}, {""instrument"": ""BTC-25JUN21"", ""trade_seq"": 5184856, ""age_seconds"": 0.389}, {""instrument"": ""BTC-31DEC21"", ""trade_seq"": 665134, ""age_seconds"": 0.53}]",False,,0.008009685890252789,2021-06-25,2308.0923000000003,0.07532119519049219,shock
165117476,BTC-9JUL21-35000-C,2021-07-09,35000.0,C,1624606408056,7,0.03840664459665144,34093.83,0.0565,34150.96859806304,"[{""instrument"": ""BTC-24SEP21"", ""trade_seq"": 2514323, ""age_seconds"": 16.862}, {""instrument"": ""BTC-25JUN21"", ""trade_seq"": 5184961, ""age_seconds"": 24.815}, {""instrument"": ""BTC-31DEC21"", ""trade_seq"": 665174, ""age_seconds"": 8.121}]",False,,-0.02455711282760426,2021-06-25,1926.3013950000002,0.05640546883666589,shock
165124573,BTC-9JUL21-36000-C,2021-07-09,36000.0,C,1624607860956,7,0.03836057343987823,34282.0,0.0455,34223.51399438591,"[{""instrument"": ""BTC-24SEP21"", ""trade_seq"": 2515052, ""age_seconds"": 10.777}, {""instrument"": ""BTC-25JUN21"", ""trade_seq"": 5185323, ""age_seconds"": 28.189}, {""instrument"": ""BTC-31DEC21"", ""trade_seq"": 665380, ""age_seconds"": 74.453}]",False,,-0.0506059869419408,2021-06-25,1559.831,0.04557775686786218,shock
165117916,BTC-9JUL21-38000-C,2021-07-09,38000.0,C,1624606506856,7,0.03840351166920345,34010.04,0.0265,34105.76057680486,"[{""instrument"": ""BTC-24SEP21"", ""trade_seq"": 2514336, ""age_seconds"": 2.54}, {""instrument"": ""BTC-25JUN21"", ""trade_seq"": 5184991, ""age_seconds"": 4.244}, {""instrument"": ""BTC-31DEC21"", ""trade_seq"": 665202, ""age_seconds"": 12.438}]",False,,-0.10811985783318621,2021-06-25,901.26606,0.026425625605691554,shock
165123853,BTC-9JUL21-40000-C,2021-07-09,40000.0,C,1624607710377,7,0.038365348268645356,34199.17,0.017,34187.15502760773,"[{""instrument"": ""BTC-24SEP21"", ""trade_seq"": 2514974, ""age_seconds"": 68.673}, {""instrument"": ""BTC-25JUN21"", ""trade_seq"": 5185287, ""age_seconds"": 21.76}, {""instrument"": ""BTC-31DEC21"", ""trade_seq"": 665379, ""age_seconds"": 237.775}]",False,,-0.15702946458278624,2021-06-25,581.38589,0.017005974598661502,shock
165113794,BTC-9JUL21-42000-C,2021-07-09,42000.0,C,1624605686096,7,0.038429537798072046,34092.39,0.01,34139.63599363133,"[{""instrument"": ""BTC-24SEP21"", ""trade_seq"": 2514155, ""age_seconds"": 31.599}, {""instrument"": ""BTC-25JUN21"", ""trade_seq"": 5184824, ""age_seconds"": 26.753}, {""instrument"": ""BTC-31DEC21"", ""trade_seq"": 665062, ""age_seconds"": 39.557}]",False,,-0.2072105631405427,2021-06-25,340.9239,0.009986160955658654,shock
165119606,BTC-9JUL21-44000-C,2021-07-09,44000.0,C,1624606756296,7,0.03839560197869102,34138.43,0.007,34169.58572478326,"[{""instrument"": ""BTC-24SEP21"", ""trade_seq"": 2514462, ""age_seconds"": 6.239}, {""instrument"": ""BTC-25JUN21"", ""trade_seq"": 5185064, ""age_seconds"": 4.693}, {""instrument"": ""BTC-31DEC21"", ""trade_seq"": 665318, ""age_seconds"": 4.801}]",False,,-0.25285369181002715,2021-06-25,238.96901,0.006993617421199092,shock
165120051,BTC-9JUL21-45000-C,2021-07-09,45000.0,C,1624606828830,7,0.038393301940639266,34115.86,0.005,34172.022319646705,"[{""instrument"": ""BTC-24SEP21"", ""trade_seq"": 2514471, ""age_seconds"": 39.14}, {""instrument"": ""BTC-25JUN21"", ""trade_seq"": 5185082, ""age_seconds"": 9.861}, {""instrument"": ""BTC-31DEC21"", ""trade_seq"": 665339, ""age_seconds"": 9.738}]",False,,-0.27525524132516466,2021-06-25,170.57930000000002,0.004991782412067779,shock
174073819,BTC-20AUG21-35000-P,2021-08-20,35000.0,P,1628579939917,7,0.027475268994165396,45458.06,0.006,45559.85587240736,"[{""instrument"": ""BTC-24SEP21"", ""trade_seq"": 3440947, ""age_seconds"": 42.477}, {""instrument"": ""BTC-25MAR22"", ""trade_seq"": 348877, ""age_seconds"": 87.042}, {""instrument"": ""BTC-31DEC21"", ""trade_seq"": 1296791, ""age_seconds"": 42.481}]",False,,0.2636789136167711,2021-08-10,272.74836,0.23776642890935845,shock
174073531,BTC-20AUG21-36000-P,2021-08-20,36000.0,P,1628579819842,7,0.02747907654743785,45369.67,0.007,45470.96091312766,"[{""instrument"": ""BTC-24SEP21"", ""trade_seq"": 3440926, ""age_seconds"": 55.613}, {""instrument"": ""BTC-25MAR22"", ""trade_seq"": 348875, ""age_seconds"": 373.987}, {""instrument"": ""BTC-31DEC21"", ""trade_seq"": 1296783, ""age_seconds"": 53.119}]",False,,0.23355496206113385,2021-08-10,317.58769,0.21527032652396982,shock
174079491,BTC-20AUG21-38000-P,2021-08-20,38000.0,P,1628582336460,7,0.027399275114155252,45961.61,0.0095,46076.863168954784,"[{""instrument"": ""BTC-24SEP21"", ""trade_seq"": 3441645, ""age_seconds"": 0.168}, {""instrument"": ""BTC-25MAR22"", ""trade_seq"": 348902, ""age_seconds"": 102.931}, {""instrument"": ""BTC-31DEC21"", ""trade_seq"": 1296952, ""age_seconds"": 0.602}]",False,,0.19272478075374702,2021-08-10,436.635295,0.18476731874601487,shock
174079505,BTC-20AUG21-39000-P,2021-08-20,39000.0,P,1628582336811,7,0.027399263984018266,45961.61,0.012,46077.634144152355,"[{""instrument"": ""BTC-24SEP21"", ""trade_seq"": 3441647, ""age_seconds"": 0.22}, {""instrument"": ""BTC-25MAR22"", ""trade_seq"": 348902, ""age_seconds"": 103.282}, {""instrument"": ""BTC-31DEC21"", ""trade_seq"": 1296952, ""age_seconds"": 0.953}]",False,,0.16676602658212067,2021-08-10,551.53932,0.16557216111150017,shock
174079291,BTC-20AUG21-40000-P,2021-08-20,40000.0,P,1628582289015,7,0.02740077958523592,45921.0,0.0155,46029.27299035183,"[{""instrument"": ""BTC-24SEP21"", ""trade_seq"": 3441634, ""age_seconds"": 17.409}, {""instrument"": ""BTC-25MAR22"", ""trade_seq"": 348902, ""age_seconds"": 55.486}, {""instrument"": ""BTC-31DEC21"", ""trade_seq"": 1296938, ""age_seconds"": 4.306}]",False,,0.14039810933351654,2021-08-10,711.7755,0.1464513352571268,shock
174077186,BTC-20AUG21-42000-P,2021-08-20,42000.0,P,1628581792879,7,0.02741651195459158,45607.86,0.028,45713.85102336253,"[{""instrument"": ""BTC-24SEP21"", ""trade_seq"": 3441370, ""age_seconds"": 42.159}, {""instrument"": ""BTC-25MAR22"", ""trade_seq"": 348897, ""age_seconds"": 110.862}, {""instrument"": ""BTC-31DEC21"", ""trade_seq"": 1296872, ""age_seconds"": 97.267}]",False,,0.08473171954593639,2021-08-10,1277.02008,0.10917634352905184,shock
174073519,BTC-20AUG21-43000-P,2021-08-20,43000.0,P,1628579775136,7,0.027480494165398273,45377.8,0.037,45479.1131307049,"[{""instrument"": ""BTC-24SEP21"", ""trade_seq"": 3440926, ""age_seconds"": 10.907}, {""instrument"": ""BTC-25MAR22"", ""trade_seq"": 348875, ""age_seconds"": 329.281}, {""instrument"": ""BTC-31DEC21"", ""trade_seq"": 1296783, ""age_seconds"": 8.413}]",False,,0.056053052794263564,2021-08-10,1678.9786,0.09142860193325963,shock
174078871,BTC-20AUG21-45000-P,2021-08-20,45000.0,P,1628582184315,7,0.027404099600456623,45894.82,0.0495,46012.152359139305,"[{""instrument"": ""BTC-24SEP21"", ""trade_seq"": 3441568, ""age_seconds"": 0.9}, {""instrument"": ""BTC-25MAR22"", ""trade_seq"": 348901, ""age_seconds"": 34.345}, {""instrument"": ""BTC-31DEC21"", ""trade_seq"": 1296915, ""age_seconds"": 0.094}]",False,,0.022243053549349027,2021-08-10,2271.79359,0.0713712743430708,shock
174071779,BTC-20AUG21-48000-C,2021-08-20,48000.0,C,1628579079723,7,0.02750254556697108,45428.48,0.04,45536.20675841191,"[{""instrument"": ""BTC-24SEP21"", ""trade_seq"": 3440713, ""age_seconds"": 63.009}, {""instrument"": ""BTC-25MAR22"", ""trade_seq"": 348869, ""age_seconds"": 54.61}, {""instrument"": ""BTC-31DEC21"", ""trade_seq"": 1296704, ""age_seconds"": 54.658}]",False,,-0.05269324846235813,2021-08-10,1817.1392,0.03990537045917466,shock
174077663,BTC-20AUG21-49000-C,2021-08-20,49000.0,C,1628582046767,7,0.027408461218924405,45631.9,0.035,45743.81019831052,"[{""instrument"": ""BTC-24SEP21"", ""trade_seq"": 3441428, ""age_seconds"": 0.028}, {""instrument"": ""BTC-25MAR22"", ""trade_seq"": 348898, ""age_seconds"": 95.826}, {""instrument"": ""BTC-31DEC21"", ""trade_seq"": 1296895, ""age_seconds"": 0.197}]",False,,-0.06876381175424619,2021-08-10,1597.1165000000003,0.03491437405577088,shock
174074504,BTC-20AUG21-50000-C,2021-08-20,50000.0,C,1628580602258,7,0.027454266298833078,45445.06,0.028,45551.07365757502,"[{""instrument"": ""BTC-24SEP21"", ""trade_seq"": 3441024, ""age_seconds"": 62.697}, {""instrument"": ""BTC-25MAR22"", ""trade_seq"": 348880, ""age_seconds"": 53.91}, {""instrument"": ""BTC-31DEC21"", ""trade_seq"": 1296802, ""age_seconds"": 66.583}]",False,,-0.09318881103235119,2021-08-10,1272.46168,0.02793483397483855,shock
174077185,BTC-20AUG21-52000-C,2021-08-20,52000.0,C,1628581792869,7,0.027416512271689498,45607.86,0.0205,45713.85102431696,"[{""instrument"": ""BTC-24SEP21"", ""trade_seq"": 3441370, ""age_seconds"": 42.149}, {""instrument"": ""BTC-25MAR22"", ""trade_seq"": 348897, ""age_seconds"": 110.852}, {""instrument"": ""BTC-31DEC21"", ""trade_seq"": 1296872, ""age_seconds"": 97.257}]",False,,-0.12884238073124424,2021-08-10,934.96113,0.02045246919806993,shock
174079748,BTC-20AUG21-55000-C,2021-08-20,55000.0,C,1628582367615,7,0.027398287195585996,45994.81,0.012,46111.11764936373,"[{""instrument"": ""BTC-24SEP21"", ""trade_seq"": 3441685, ""age_seconds"": 0.113}, {""instrument"": ""BTC-25MAR22"", ""trade_seq"": 348902, ""age_seconds"": 134.086}, {""instrument"": ""BTC-31DEC21"", ""trade_seq"": 1296965, ""age_seconds"": 0.297}]",False,,-0.17627910054457172,2021-08-10,551.93772,0.011969731989517628,shock
174076452,BTC-20AUG21-60000-C,2021-08-20,60000.0,C,1628581375200,7,0.027429756468797566,45576.87,0.005,45683.38632142774,"[{""instrument"": ""BTC-24SEP21"", ""trade_seq"": 3441259, ""age_seconds"": 35.238}, {""instrument"": ""BTC-25MAR22"", ""trade_seq"": 348893, ""age_seconds"": 229.185}, {""instrument"": ""BTC-31DEC21"", ""trade_seq"": 1296861, ""age_seconds"": 35.259}]",False,,-0.27260986824217426,2021-08-10,227.88435,0.004988341897349915,shock
174072933,BTC-20AUG21-65000-C,2021-08-20,65000.0,C,1628579396904,7,0.027492487823439878,45435.64,0.0025,45542.88222371401,"[{""instrument"": ""BTC-24SEP21"", ""trade_seq"": 3440864, ""age_seconds"": 20.478}, {""instrument"": ""BTC-25MAR22"", ""trade_seq"": 348874, ""age_seconds"": 213.874}, {""instrument"": ""BTC-31DEC21"", ""trade_seq"": 1296754, ""age_seconds"": 30.378}]",False,,-0.35573292132613965,2021-08-10,113.5891,0.002494113118314119,shock
174075922,BTC-24SEP21-34000-P,2021-09-24,34000.0,P,1628581054387,7,0.12333034034119736,45531.86,0.0355,46011.77545471619,"[{""instrument"": ""BTC-24SEP21"", ""trade_seq"": 3441188, ""age_seconds"": 17.576}, {""instrument"": ""BTC-25MAR22"", ""trade_seq"": 348892, ""age_seconds"": 87.684}, {""instrument"": ""BTC-31DEC21"", ""trade_seq"": 1296857, ""age_seconds"": 135.178}]",False,,0.3025368272595629,2021-08-10,1616.3810299999998,0.2961884506745177,shock
174073159,BTC-24SEP21-44000-P,2021-09-24,44000.0,P,1628579602069,7,0.12337639304287164,45433.85,0.1165,45922.40215225957,"[{""instrument"": ""BTC-24SEP21"", ""trade_seq"": 3440883, ""age_seconds"": 51.166}, {""instrument"": ""BTC-25MAR22"", ""trade_seq"": 348875, ""age_seconds"": 156.214}, {""instrument"": ""BTC-31DEC21"", ""trade_seq"": 1296762, ""age_seconds"": 67.956}]",False,,0.042763428402968186,2021-08-10,5293.043525,0.15712256630949223,shock
174073087,BTC-24SEP21-60000-C,2021-09-24,60000.0,C,1628579518994,7,0.1233790273338407,45436.43,0.058,45928.35053091752,"[{""instrument"": ""BTC-24SEP21"", ""trade_seq"": 3440874, ""age_seconds"": 28.652}, {""instrument"": ""BTC-25MAR22"", ""trade_seq"": 348875, ""age_seconds"": 73.139}, {""instrument"": ""BTC-31DEC21"", ""trade_seq"": 1296758, ""age_seconds"": 0.648}]",False,,-0.26726197720252637,2021-08-10,2635.3129400000003,0.05737878477098781,shock
174074946,BTC-24SEP21-64000-C,2021-09-24,64000.0,C,1628580798928,7,0.12333844089294775,45503.53,0.046,45983.99999999999,"[{""instrument"": ""BTC-24SEP21"", ""trade_seq"": 3441076, ""age_seconds"": 0.741}, {""instrument"": ""BTC-25MAR22"", ""trade_seq"": 348885, ""age_seconds"": 1.553}, {""instrument"": ""BTC-31DEC21"", ""trade_seq"": 1296836, ""age_seconds"": 1.88}]",False,,-0.33058957346305756,2021-08-10,2093.1623799999998,0.04551936282185108,shock
174071485,BTC-25MAR22-50000-C,2022-03-25,50000.0,C,1628578899196,7,0.622028817985794,45499.5,0.29,48001.99494018046,"[{""instrument"": ""BTC-24SEP21"", ""trade_seq"": 3440694, ""age_seconds"": 42.939}, {""instrument"": ""BTC-25MAR22"", ""trade_seq"": 348866, ""age_seconds"": 42.957}, {""instrument"": ""BTC-31DEC21"", ""trade_seq"": 1296693, ""age_seconds"": 7.049}]",False,,-0.04078043413014043,2021-08-10,13194.855,0.274881388084876,shock
174073114,BTC-25MAR22-60000-C,2022-03-25,60000.0,C,1628579534179,7,0.6220086828069508,45447.3,0.2375,47931.532665677565,"[{""instrument"": ""BTC-24SEP21"", ""trade_seq"": 3440876, ""age_seconds"": 14.043}, {""instrument"": ""BTC-25MAR22"", ""trade_seq"": 348875, ""age_seconds"": 88.324}, {""instrument"": ""BTC-31DEC21"", ""trade_seq"": 1296762, ""age_seconds"": 0.066}]",False,,-0.22457097239349982,2021-08-10,10793.73375,0.22519066572075405,shock
174075254,BTC-27AUG21-35000-P,2021-08-27,35000.0,P,1628580845826,7,0.046624625,45588.08,0.0125,45767.656200510115,"[{""instrument"": ""BTC-24SEP21"", ""trade_seq"": 3441084, ""age_seconds"": 2.56}, {""instrument"": ""BTC-25MAR22"", ""trade_seq"": 348887, ""age_seconds"": 2.485}, {""instrument"": ""BTC-31DEC21"", ""trade_seq"": 1296843, ""age_seconds"": 12.59}]",False,,0.2682295836611093,2021-08-10,569.851,0.24771876346125302,shock
174077437,BTC-27AUG21-36000-P,2021-08-27,36000.0,P,1628581927583,7,0.046590322710553016,45625.64,0.0135,45818.5081531118,"[{""instrument"": ""BTC-24SEP21"", ""trade_seq"": 3441403, ""age_seconds"": 19.777}, {""instrument"": ""BTC-25MAR22"", ""trade_seq"": 348897, ""age_seconds"": 245.566}, {""instrument"": ""BTC-31DEC21"", ""trade_seq"": 1296888, ""age_seconds"": 17.381}]",False,,0.24116917918086883,2021-08-10,615.94614,0.22773448358997114,shock
174074497,BTC-27AUG21-38000-P,2021-08-27,38000.0,P,1628580600649,7,0.046632399511669205,45447.76,0.0225,45627.98664151634,"[{""instrument"": ""BTC-24SEP21"", ""trade_seq"": 3441024, ""age_seconds"": 61.088}, {""instrument"": ""BTC-25MAR22"", ""trade_seq"": 348880, ""age_seconds"": 52.301}, {""instrument"": ""BTC-31DEC21"", ""trade_seq"": 1296802, ""age_seconds"": 64.974}]",False,,0.18293511066979043,2021-08-10,1022.5746,0.1895889316677695,shock
174077177,BTC-27AUG21-40000-P,2021-08-27,40000.0,P,1628581782249,7,0.04659493122146118,45609.62,0.0305,45789.90679202286,"[{""instrument"": ""BTC-24SEP21"", ""trade_seq"": 3441370, ""age_seconds"": 31.529}, {""instrument"": ""BTC-25MAR22"", ""trade_seq"": 348897, ""age_seconds"": 100.232}, {""instrument"": ""BTC-31DEC21"", ""trade_seq"": 1296872, ""age_seconds"": 86.637}]",False,,0.13518423699988108,2021-08-10,1391.09341,0.15682495783708122,shock
174075252,BTC-27AUG21-45000-P,2021-08-27,45000.0,P,1628580845592,7,0.04662463242009133,45588.08,0.074,45767.65621832028,"[{""instrument"": ""BTC-24SEP21"", ""trade_seq"": 3441084, ""age_seconds"": 2.326}, {""instrument"": ""BTC-25MAR22"", ""trade_seq"": 348887, ""age_seconds"": 2.251}, {""instrument"": ""BTC-31DEC21"", ""trade_seq"": 1296843, ""age_seconds"": 12.356}]",False,,0.016915155769346407,2021-08-10,3373.51792,0.09048254773122096,shock
174078527,BTC-27AUG21-46000-C,2021-08-27,46000.0,C,1628582149099,7,0.046583298484271944,45798.42,0.082,45993.85044341802,"[{""instrument"": ""BTC-24SEP21"", ""trade_seq"": 3441518, ""age_seconds"": 0.117}, {""instrument"": ""BTC-25MAR22"", ""trade_seq"": 348899, ""age_seconds"": 0.181}, {""instrument"": ""BTC-31DEC21"", ""trade_seq"": 1296909, ""age_seconds"": 0.158}]",False,,-0.00013369494942321386,2021-08-10,3755.47044,0.08165157741294149,shock
174078705,BTC-27AUG21-46000-P,2021-08-27,46000.0,P,1628582160499,7,0.04658293699264333,45856.73,0.081,46045.5910610432,"[{""instrument"": ""BTC-24SEP21"", ""trade_seq"": 3441546, ""age_seconds"": 5.782}, {""instrument"": ""BTC-25MAR22"", ""trade_seq"": 348901, ""age_seconds"": 10.529}, {""instrument"": ""BTC-31DEC21"", ""trade_seq"": 1296913, ""age_seconds"": 10.058}]",False,,0.0009906191974208556,2021-08-10,3714.3951300000003,0.08165789827865468,shock
174075876,BTC-27AUG21-48000-C,2021-08-27,48000.0,C,1628581037090,7,0.04661856005834601,45525.65,0.0615,45706.44008483584,"[{""instrument"": ""BTC-24SEP21"", ""trade_seq"": 3441188, ""age_seconds"": 0.279}, {""instrument"": ""BTC-25MAR22"", ""trade_seq"": 348892, ""age_seconds"": 70.387}, {""instrument"": ""BTC-31DEC21"", ""trade_seq"": 1296857, ""age_seconds"": 117.881}]",False,,-0.04896180204258502,2021-08-10,2799.827475,0.061256739089792005,shock
174078146,BTC-27AUG21-50000-C,2021-08-27,50000.0,C,1628582094939,7,0.04658501588660578,45755.21,0.05,45943.98607324932,"[{""instrument"": ""BTC-24SEP21"", ""trade_seq"": 3441475, ""age_seconds"": 4.582}, {""instrument"": ""BTC-25MAR22"", ""trade_seq"": 348898, ""age_seconds"": 143.998}, {""instrument"": ""BTC-31DEC21"", ""trade_seq"": 1296902, ""age_seconds"": 4.454}]",False,,-0.08460004499066737,2021-08-10,2287.7605,0.04979455845107959,shock
174075676,BTC-27AUG21-60000-C,2021-08-27,60000.0,C,1628580910686,7,0.04662256830289194,45613.72,0.0135,45794.291379670714,"[{""instrument"": ""BTC-24SEP21"", ""trade_seq"": 3441147, ""age_seconds"": 8.401}, {""instrument"": ""BTC-25MAR22"", ""trade_seq"": 348889, ""age_seconds"": 38.526}, {""instrument"": ""BTC-31DEC21"", ""trade_seq"": 1296851, ""age_seconds"": 1.421}]",False,,-0.27018512123573474,2021-08-10,615.78522,0.013446768176728753,shock
174073215,BTC-29OCT21-40000-P,2021-10-29,40000.0,P,1628579653332,7,0.21926517846270926,45385.71,0.1135,46233.875343768115,"[{""instrument"": ""BTC-24SEP21"", ""trade_seq"": 3440888, ""age_seconds"": 8.662}, {""instrument"": ""BTC-25MAR22"", ""trade_seq"": 348875, ""age_seconds"": 207.477}, {""instrument"": ""BTC-31DEC21"", ""trade_seq"": 1296766, ""age_seconds"": 15.563}]",False,,0.1448333078391951,2021-08-10,5151.278085,0.24625133290503465,shock
174072624,BTC-29OCT21-45000-P,2021-10-29,45000.0,P,1628579254229,7,0.21927783393581937,45427.83,0.1685,46308.9982386414,"[{""instrument"": ""BTC-24SEP21"", ""trade_seq"": 3440823, ""age_seconds"": 18.626}, {""instrument"": ""BTC-25MAR22"", ""trade_seq"": 348874, ""age_seconds"": 71.199}, {""instrument"": ""BTC-31DEC21"", ""trade_seq"": 1296733, ""age_seconds"": 18.629}]",False,,0.028673798845993727,2021-08-10,7654.589355000001,0.19356038641669332,shock
174072627,BTC-29OCT21-55000-C,2021-10-29,55000.0,C,1628579255907,7,0.21927778072678844,45427.9,0.1265,46309.06959643852,"[{""instrument"": ""BTC-24SEP21"", ""trade_seq"": 3440823, ""age_seconds"": 20.304}, {""instrument"": ""BTC-25MAR22"", ""trade_seq"": 348874, ""age_seconds"": 72.877}, {""instrument"": ""BTC-31DEC21"", ""trade_seq"": 1296733, ""age_seconds"": 20.307}]",False,,-0.17199535571169244,2021-08-10,5746.62935,0.12409295630594908,shock
174077549,BTC-29OCT21-60000-C,2021-10-29,60000.0,C,1628582030675,7,0.21918979341070524,45600.12,0.104,46458.31184403635,"[{""instrument"": ""BTC-24SEP21"", ""trade_seq"": 3441410, ""age_seconds"": 54.82}, {""instrument"": ""BTC-25MAR22"", ""trade_seq"": 348898, ""age_seconds"": 79.734}, {""instrument"": ""BTC-31DEC21"", ""trade_seq"": 1296889, ""age_seconds"": 54.751}]",False,,-0.25578917122582445,2021-08-10,4742.41248,0.10207888086679937,shock
174073157,BTC-31DEC21-36000-P,2021-12-31,36000.0,P,1628579601702,7,0.39186955536529683,45433.85,0.1195,46978.092850400346,"[{""instrument"": ""BTC-24SEP21"", ""trade_seq"": 3440883, ""age_seconds"": 50.799}, {""instrument"": ""BTC-25MAR22"", ""trade_seq"": 348875, ""age_seconds"": 155.847}, {""instrument"": ""BTC-31DEC21"", ""trade_seq"": 1296762, ""age_seconds"": 67.589}]",False,,0.26616244502516756,2021-08-10,5429.345074999999,0.3492572160740774,shock
174073082,BTC-31DEC21-40000-P,2021-12-31,40000.0,P,1628579515134,7,0.39187230041856924,45432.58,0.161,46974.55169698892,"[{""instrument"": ""BTC-24SEP21"", ""trade_seq"": 3440874, ""age_seconds"": 24.792}, {""instrument"": ""BTC-25MAR22"", ""trade_seq"": 348875, ""age_seconds"": 69.279}, {""instrument"": ""BTC-31DEC21"", ""trade_seq"": 1296757, ""age_seconds"": 53.092}]",False,,0.16072654770181902,2021-08-10,7314.645380000001,0.3041901744834505,shock
174074123,BTC-31DEC21-54000-C,2021-12-31,54000.0,C,1628580359835,7,0.39184551512557075,45391.25,0.202,46927.27984808625,"[{""instrument"": ""BTC-24SEP21"", ""trade_seq"": 3440984, ""age_seconds"": 4.759}, {""instrument"": ""BTC-25MAR22"", ""trade_seq"": 348878, ""age_seconds"": 92.893}, {""instrument"": ""BTC-31DEC21"", ""trade_seq"": 1296798, ""age_seconds"": 64.558}]",False,,-0.14038488033666924,2021-08-10,9169.032500000001,0.19538810963861836,shock
174073813,BTC-31DEC21-60000-C,2021-12-31,60000.0,C,1628579908325,7,0.3918598324137494,45462.73,0.171,46974.490507714814,"[{""instrument"": ""BTC-24SEP21"", ""trade_seq"": 3440947, ""age_seconds"": 10.885}, {""instrument"": ""BTC-25MAR22"", ""trade_seq"": 348877, ""age_seconds"": 55.45}, {""instrument"": ""BTC-31DEC21"", ""trade_seq"": 1296791, ""age_seconds"": 10.889}]",False,,-0.2447398630119424,2021-08-10,7774.126830000001,0.16549677805921545,shock
174076448,BTC-31DEC21-64000-C,2021-12-31,64000.0,C,1628581373869,7,0.3918133603183663,45577.17,0.1535,47115.76796312273,"[{""instrument"": ""BTC-24SEP21"", ""trade_seq"": 3441259, ""age_seconds"": 33.907}, {""instrument"": ""BTC-25MAR22"", ""trade_seq"": 348893, ""age_seconds"": 227.854}, {""instrument"": ""BTC-31DEC21"", ""trade_seq"": 1296861, ""age_seconds"": 33.928}]",False,,-0.3062753620752707,2021-08-10,6996.095595,0.14848735142077718,shock
174246439,BTC-20AUG21-34000-P,2021-08-20,34000.0,P,1628665260327,7,0.02476977654109589,46183.79,0.0025,46292.60829435537,"[{""instrument"": ""BTC-24SEP21"", ""trade_seq"": 3457629, ""age_seconds"": 18.499}, {""instrument"": ""BTC-25MAR22"", ""trade_seq"": 350403, ""age_seconds"": 284.342}, {""instrument"": ""BTC-31DEC21"", ""trade_seq"": 1306179, ""age_seconds"": 34.165}]",False,,0.3086217756608389,2021-08-11,115.459475,0.26803561576089313,shock
174252611,BTC-20AUG21-35000-P,2021-08-20,35000.0,P,1628667500113,7,0.02469875339294774,46313.16,0.003,46424.33515856747,"[{""instrument"": ""BTC-24SEP21"", ""trade_seq"": 3458398, ""age_seconds"": 7.07}, {""instrument"": ""BTC-25MAR22"", ""trade_seq"": 350583, ""age_seconds"": 336.456}, {""instrument"": ""BTC-31DEC21"", ""trade_seq"": 1306470, ""age_seconds"": 10.766}]",False,,0.28247572488359185,2021-08-11,138.93948,0.24907787260866143,shock
174252132,BTC-20AUG21-38000-P,2021-08-20,38000.0,P,1628667179990,7,0.02470890442668696,46285.38,0.007,46391.60591089822,"[{""instrument"": ""BTC-24SEP21"", ""trade_seq"": 3458313, ""age_seconds"": 5.866}, {""instrument"": ""BTC-25MAR22"", ""trade_seq"": 350583, ""age_seconds"": 16.333}, {""instrument"": ""BTC-31DEC21"", ""trade_seq"": 1306459, ""age_seconds"": 0.034}]",False,,0.19953237604745117,2021-08-11,323.99766,0.18787027092008407,shock
174252951,BTC-20AUG21-42000-P,2021-08-20,42000.0,P,1628667710802,7,0.024692072488584474,46300.67,0.018,46411.92115739224,"[{""instrument"": ""BTC-24SEP21"", ""trade_seq"": 3458460, ""age_seconds"": 0.16}, {""instrument"": ""BTC-25MAR22"", ""trade_seq"": 350583, ""age_seconds"": 547.145}, {""instrument"": ""BTC-31DEC21"", ""trade_seq"": 1306480, ""age_seconds"": 0.282}]",False,,0.09988672944568805,2021-08-11,833.4120599999999,0.11301693803202517,shock
174250250,BTC-20AUG21-43000-P,2021-08-20,43000.0,P,1628666590176,7,0.024727607305936074,46263.12,0.0235,46370.909623157546,"[{""instrument"": ""BTC-24SEP21"", ""trade_seq"": 3458044, ""age_seconds"": 0.968}, {""instrument"": ""BTC-25MAR22"", ""trade_seq"": 350538, ""age_seconds"": 286.637}, {""instrument"": ""BTC-31DEC21"", ""trade_seq"": 1306286, ""age_seconds"": 279.86}]",False,,0.07547219914793074,2021-08-11,1087.18332,0.09613986396616175,shock
174250123,BTC-20AUG21-44000-P,2021-08-20,44000.0,P,1628666501644,7,0.024730414637239982,46316.62,0.0303,46426.76780130528,"[{""instrument"": ""BTC-24SEP21"", ""trade_seq"": 3458033, ""age_seconds"": 29.903}, {""instrument"": ""BTC-25MAR22"", ""trade_seq"": 350538, ""age_seconds"": 198.105}, {""instrument"": ""BTC-31DEC21"", ""trade_seq"": 1306286, ""age_seconds"": 191.328}]",False,,0.05368655124508318,2021-08-11,1403.3935860000001,0.08249898859419615,shock
174253764,BTC-20AUG21-45000-P,2021-08-20,45000.0,P,1628668085773,7,0.02468018223617453,46419.1,0.037,46534.185273936324,"[{""instrument"": ""BTC-24SEP21"", ""trade_seq"": 3458512, ""age_seconds"": 21.54}, {""instrument"": ""BTC-25MAR22"", ""trade_seq"": 350588, ""age_seconds"": 182.159}, {""instrument"": ""BTC-31DEC21"", ""trade_seq"": 1306517, ""age_seconds"": 16.983}]",False,,0.03352471990139727,2021-08-11,1717.5067,0.06987748801863279,shock
174253624,BTC-20AUG21-46000-P,2021-08-20,46000.0,P,1628668053020,7,0.024681220826991375,46417.95,0.0455,46533.31635205786,"[{""instrument"": ""BTC-24SEP21"", ""trade_seq"": 3458498, ""age_seconds"": 25.929}, {""instrument"": ""BTC-25MAR22"", ""trade_seq"": 350588, ""age_seconds"": 149.406}, {""instrument"": ""BTC-31DEC21"", ""trade_seq"": 1306515, ""age_seconds"": 25.959}]",False,,0.011527140243877456,2021-08-11,2112.016725,0.056848152773896946,shock
174252817,BTC-20AUG21-47000-C,2021-08-20,47000.0,C,1628667655168,7,0.0246938366311517,46317.16,0.0475,46427.62125353825,"[{""instrument"": ""BTC-24SEP21"", ""trade_seq"": 3458451, ""age_seconds"": 9.537}, {""instrument"": ""BTC-25MAR22"", ""trade_seq"": 350583, ""age_seconds"": 491.511}, {""instrument"": ""BTC-31DEC21"", ""trade_seq"": 1306474, ""age_seconds"": 44.708}]",False,,-0.012253033953458543,2021-08-11,2200.0651000000003,0.04738698732777168,shock
174254564,BTC-20AUG21-48000-C,2021-08-20,48000.0,C,1628668287655,7,0.024673780599949263,46221.46,0.0385,46328.4966786404,"[{""instrument"": ""BTC-24SEP21"", ""trade_seq"": 3458571, ""age_seconds"": 3.624}, {""instrument"": ""BTC-25MAR22"", ""trade_seq"": 350602, ""age_seconds"": 61.33}, {""instrument"": ""BTC-31DEC21"", ""trade_seq"": 1306549, ""age_seconds"": 3.687}]",False,,-0.03544376012492227,2021-08-11,1779.52621,0.038411050165166376,shock
174248471,BTC-20AUG21-49000-C,2021-08-20,49000.0,C,1628665646102,7,0.024757543696093356,46389.82,0.0335,46496.46300513629,"[{""instrument"": ""BTC-24SEP21"", ""trade_seq"": 3457870, ""age_seconds"": 5.624}, {""instrument"": ""BTC-25MAR22"", ""trade_seq"": 350529, ""age_seconds"": 146.51}, {""instrument"": ""BTC-31DEC21"", ""trade_seq"": 1306273, ""age_seconds"": 127.572}]",False,,-0.052444052816030706,2021-08-11,1554.05897,0.033423165323958705,shock
174248404,BTC-20AUG21-55000-C,2021-08-20,55000.0,C,1628665619622,7,0.024758383371385084,46437.11,0.01,46548.521838409186,"[{""instrument"": ""BTC-24SEP21"", ""trade_seq"": 3457862, ""age_seconds"": 7.611}, {""instrument"": ""BTC-25MAR22"", ""trade_seq"": 350529, ""age_seconds"": 120.03}, {""instrument"": ""BTC-31DEC21"", ""trade_seq"": 1306273, ""age_seconds"": 101.092}]",False,,-0.1668379362904966,2021-08-11,464.3711,0.009976065440102277,shock
174249985,BTC-24JUN22-35000-P,2022-06-24,35000.0,P,1628666371413,7,0.868570160673516,46302.98,0.171,50054.185499547304,"[{""instrument"": ""BTC-24SEP21"", ""trade_seq"": 3458029, ""age_seconds"": 3.602}, {""instrument"": ""BTC-25MAR22"", ""trade_seq"": 350538, ""age_seconds"": 67.874}, {""instrument"": ""BTC-31DEC21"", ""trade_seq"": 1306286, ""age_seconds"": 61.097}]",True,,0.35775806713990793,2021-08-11,7917.809580000001,0.4589425409740224,shock
174253038,BTC-24SEP21-34000-P,2021-09-24,34000.0,P,1628667733288,7,0.12058177042110603,46350.97,0.03,46894.82393120084,"[{""instrument"": ""BTC-24SEP21"", ""trade_seq"": 3458465, ""age_seconds"": 3.027}, {""instrument"": ""BTC-25MAR22"", ""trade_seq"": 350583, ""age_seconds"": 569.631}, {""instrument"": ""BTC-31DEC21"", ""trade_seq"": 1306482, ""age_seconds"": 4.202}]",False,,0.3215467808052439,2021-08-11,1390.5291,0.30462536872211754,shock
174253592,BTC-24SEP21-38000-P,2021-09-24,38000.0,P,1628668034376,7,0.12057222298325722,46412.46,0.05,46978.70324763608,"[{""instrument"": ""BTC-24SEP21"", ""trade_seq"": 3458498, ""age_seconds"": 7.285}, {""instrument"": ""BTC-25MAR22"", ""trade_seq"": 350588, ""age_seconds"": 130.762}, {""instrument"": ""BTC-31DEC21"", ""trade_seq"": 1306515, ""age_seconds"": 7.315}]",False,,0.21210821690197842,2021-08-11,2320.623,0.24052018183802562,shock
174255150,BTC-24SEP21-42000-P,2021-09-24,42000.0,P,1628668564451,7,0.12055541441527144,46392.83,0.08,46931.60166460795,"[{""instrument"": ""BTC-24SEP21"", ""trade_seq"": 3458607, ""age_seconds"": 14.098}, {""instrument"": ""BTC-25MAR22"", ""trade_seq"": 350604, ""age_seconds"": 56.854}, {""instrument"": ""BTC-31DEC21"", ""trade_seq"": 1306565, ""age_seconds"": 53.879}]",False,,0.11102163974109404,2021-08-11,3711.4264000000003,0.18416222242689476,shock
174254848,BTC-24SEP21-46000-P,2021-09-24,46000.0,P,1628668377180,7,0.12056135273972603,46283.0,0.122,46797.5,"[{""instrument"": ""BTC-24SEP21"", ""trade_seq"": 3458598, ""age_seconds"": 0.164}, {""instrument"": ""BTC-25MAR22"", ""trade_seq"": 350602, ""age_seconds"": 150.855}, {""instrument"": ""BTC-31DEC21"", ""trade_seq"": 1306558, ""age_seconds"": 0.783}]",False,,0.01718838620425219,2021-08-11,5646.526,0.1377002190287943,shock
174247134,BTC-24SEP21-50000-C,2021-09-24,50000.0,C,1628665427286,7,0.12065489326484019,46240.08,0.108,46774.858223111405,"[{""instrument"": ""BTC-24SEP21"", ""trade_seq"": 3457763, ""age_seconds"": 20.289}, {""instrument"": ""BTC-25MAR22"", ""trade_seq"": 350407, ""age_seconds"": 59.404}, {""instrument"": ""BTC-31DEC21"", ""trade_seq"": 1306199, ""age_seconds"": 45.313}]",False,,-0.06667716431242807,2021-08-11,4993.92864,0.10676523306985687,shock
174255461,BTC-24SEP21-56000-C,2021-09-24,56000.0,C,1628668650433,7,0.12055268794393709,46378.41,0.074,46930.83503458183,"[{""instrument"": ""BTC-24SEP21"", ""trade_seq"": 3458635, ""age_seconds"": 5.065}, {""instrument"": ""BTC-25MAR22"", ""trade_seq"": 350604, ""age_seconds"": 142.836}, {""instrument"": ""BTC-31DEC21"", ""trade_seq"": 1306571, ""age_seconds"": 3.531}]",False,,-0.17667676789338813,2021-08-11,3432.00234,0.07312894256987047,shock
174246354,BTC-24SEP21-58000-C,2021-09-24,58000.0,C,1628665226705,7,0.12066125364662608,46182.14,0.0635,46715.89881304326,"[{""instrument"": ""BTC-24SEP21"", ""trade_seq"": 3457625, ""age_seconds"": 0.61}, {""instrument"": ""BTC-25MAR22"", ""trade_seq"": 350403, ""age_seconds"": 250.72}, {""instrument"": ""BTC-31DEC21"", ""trade_seq"": 1306179, ""age_seconds"": 0.543}]",False,,-0.2163584581346025,2021-08-11,2932.56589,0.06277447217137169,shock
174253878,BTC-24SEP21-64000-C,2021-09-24,64000.0,C,1628668095752,7,0.12057027676306444,46408.11,0.0445,46946.5,"[{""instrument"": ""BTC-24SEP21"", ""trade_seq"": 3458532, ""age_seconds"": 0.669}, {""instrument"": ""BTC-25MAR22"", ""trade_seq"": 350588, ""age_seconds"": 192.138}, {""instrument"": ""BTC-31DEC21"", ""trade_seq"": 1306523, ""age_seconds"": 0.651}]",False,,-0.3098744278750361,2021-08-11,2065.160895,0.04398966685482411,shock
174246318,BTC-25MAR22-60000-C,2022-03-25,60000.0,C,1628665218605,7,0.6192916474822425,46157.45,0.239,48828.457043765295,"[{""instrument"": ""BTC-24SEP21"", ""trade_seq"": 3457622, ""age_seconds"": 24.795}, {""instrument"": ""BTC-25MAR22"", ""trade_seq"": 350403, ""age_seconds"": 242.62}, {""instrument"": ""BTC-31DEC21"", ""trade_seq"": 1306175, ""age_seconds"": 169.661}]",False,,-0.20603128317807912,2021-08-11,11031.630549999998,0.22592625730754237,shock
174252207,BTC-27AUG21-34000-P,2021-08-27,34000.0,P,1628667214589,7,0.04388588949137494,46294.0,0.006,46492.100797965795,"[{""instrument"": ""BTC-24SEP21"", ""trade_seq"": 3458320, ""age_seconds"": 1.576}, {""instrument"": ""BTC-25MAR22"", ""trade_seq"": 350583, ""age_seconds"": 50.932}, {""instrument"": ""BTC-31DEC21"", ""trade_seq"": 1306463, ""age_seconds"": 18.757}]",False,,0.31292189823414057,2021-08-11,277.764,0.27466740755505986,shock
174250693,BTC-27AUG21-35000-P,2021-08-27,35000.0,P,1628666812535,7,0.04389863854008118,46305.43,0.0085,46500.752245052434,"[{""instrument"": ""BTC-24SEP21"", ""trade_seq"": 3458064, ""age_seconds"": 0.858}, {""instrument"": ""BTC-25MAR22"", ""trade_seq"": 350538, ""age_seconds"": 508.996}, {""instrument"": ""BTC-31DEC21"", ""trade_seq"": 1306286, ""age_seconds"": 502.219}]",False,,0.28412042828600115,2021-08-11,393.596155,0.2557883007434136,shock
174253568,BTC-27AUG21-38000-P,2021-08-27,38000.0,P,1628668032901,7,0.04385994098807711,46412.92,0.014,46618.10721258787,"[{""instrument"": ""BTC-24SEP21"", ""trade_seq"": 3458498, ""age_seconds"": 5.81}, {""instrument"": ""BTC-25MAR22"", ""trade_seq"": 350588, ""age_seconds"": 129.287}, {""instrument"": ""BTC-31DEC21"", ""trade_seq"": 1306515, ""age_seconds"": 5.84}]",False,,0.20440287272641905,2021-08-11,649.78088,0.19880446990960937,shock
174251002,BTC-27AUG21-40000-P,2021-08-27,40000.0,P,1628666905320,7,0.043895696347031964,46326.72,0.021,46522.64844260252,"[{""instrument"": ""BTC-24SEP21"", ""trade_seq"": 3458104, ""age_seconds"": 4.925}, {""instrument"": ""BTC-25MAR22"", ""trade_seq"": 350539, ""age_seconds"": 8.09}, {""instrument"": ""BTC-31DEC21"", ""trade_seq"": 1306298, ""age_seconds"": 1.196}]",False,,0.15105980318433004,2021-08-11,972.86112,0.16111528069710238,shock
174254566,BTC-27AUG21-42000-P,2021-08-27,42000.0,P,1628668291641,7,0.04385173639649924,46219.17,0.0325,46409.564003683845,"[{""instrument"": ""BTC-24SEP21"", ""trade_seq"": 3458571, ""age_seconds"": 7.61}, {""instrument"": ""BTC-25MAR22"", ""trade_seq"": 350602, ""age_seconds"": 65.316}, {""instrument"": ""BTC-31DEC21"", ""trade_seq"": 1306549, ""age_seconds"": 7.673}]",False,,0.09983594047792259,2021-08-11,1502.123025,0.12738079220512816,shock
174254875,BTC-27AUG21-44000-P,2021-08-27,44000.0,P,1628668382442,7,0.04384885711567732,46281.06,0.0465,46471.5002156622,"[{""instrument"": ""BTC-24SEP21"", ""trade_seq"": 3458599, ""age_seconds"": 1.944}, {""instrument"": ""BTC-25MAR22"", ""trade_seq"": 350602, ""age_seconds"": 156.117}, {""instrument"": ""BTC-31DEC21"", ""trade_seq"": 1306560, ""age_seconds"": 4.947}]",False,,0.05464959218802091,2021-08-11,2152.06929,0.0994925811347904,shock
174254040,BTC-27AUG21-46000-P,2021-08-27,46000.0,P,1628668163491,7,0.04385580000634196,46319.62,0.066,46517.5438602319,"[{""instrument"": ""BTC-24SEP21"", ""trade_seq"": 3458539, ""age_seconds"": 10.592}, {""instrument"": ""BTC-25MAR22"", ""trade_seq"": 350588, ""age_seconds"": 259.877}, {""instrument"": ""BTC-31DEC21"", ""trade_seq"": 1306528, ""age_seconds"": 7.774}]",False,,0.011188132266067548,2021-08-11,3057.0949200000005,0.0768449596344204,shock
174254508,BTC-27AUG21-50000-C,2021-08-27,50000.0,C,1628668281362,7,0.04385206234145104,46239.83,0.0445,46431.35984049143,"[{""instrument"": ""BTC-24SEP21"", ""trade_seq"": 3458568, ""age_seconds"": 11.077}, {""instrument"": ""BTC-25MAR22"", ""trade_seq"": 350602, ""age_seconds"": 55.037}, {""instrument"": ""BTC-31DEC21"", ""trade_seq"": 1306548, ""age_seconds"": 13.393}]",False,,-0.07404791585424515,2021-08-11,2057.672435,0.044316437038864495,shock
174249324,BTC-27AUG21-52000-C,2021-08-27,52000.0,C,1628666031778,7,0.04392339618214105,46367.5,0.0345,46564.280116936425,"[{""instrument"": ""BTC-24SEP21"", ""trade_seq"": 3457967, ""age_seconds"": 19.4}, {""instrument"": ""BTC-25MAR22"", ""trade_seq"": 350534, ""age_seconds"": 33.098}, {""instrument"": ""BTC-31DEC21"", ""trade_seq"": 1306282, ""age_seconds"": 33.373}]",False,,-0.11040999247311785,2021-08-11,1599.67875,0.034354203393303674,shock
174246959,BTC-27AUG21-55000-C,2021-08-27,55000.0,C,1628665371851,7,0.043944322330035514,46269.0,0.0215,46461.69417048255,"[{""instrument"": ""BTC-24SEP21"", ""trade_seq"": 3457741, ""age_seconds"": 0.01}, {""instrument"": ""BTC-25MAR22"", ""trade_seq"": 350407, ""age_seconds"": 3.969}, {""instrument"": ""BTC-31DEC21"", ""trade_seq"": 1306194, ""age_seconds"": 5.47}]",False,,-0.1687049934133628,2021-08-11,994.7834999999999,0.02141083139047463,shock
174246757,BTC-27AUG21-60000-C,2021-08-27,60000.0,C,1628665352478,7,0.04394493664383562,46227.61,0.0105,46418.23971066234,"[{""instrument"": ""BTC-24SEP21"", ""trade_seq"": 3457682, ""age_seconds"": 10.192}, {""instrument"": ""BTC-25MAR22"", ""trade_seq"": 350403, ""age_seconds"": 376.493}, {""instrument"": ""BTC-31DEC21"", ""trade_seq"": 1306189, ""age_seconds"": 13.059}]",False,,-0.25665208301980813,2021-08-11,485.38990500000006,0.010456878762003232,shock
174250350,BTC-29OCT21-35000-P,2021-10-29,35000.0,P,1628666612898,7,0.21650770871385083,46250.59,0.062,47197.18829552981,"[{""instrument"": ""BTC-24SEP21"", ""trade_seq"": 3458045, ""age_seconds"": 8.58}, {""instrument"": ""BTC-25MAR22"", ""trade_seq"": 350538, ""age_seconds"": 309.359}, {""instrument"": ""BTC-31DEC21"", ""trade_seq"": 1306286, ""age_seconds"": 302.582}]",False,,0.2989862593177709,2021-08-11,2867.53658,0.31918691387293163,shock
174246675,BTC-29OCT21-50000-C,2021-10-29,50000.0,C,1628665311367,7,0.21654897999112127,46212.44,0.159,47154.024079381736,"[{""instrument"": ""BTC-24SEP21"", ""trade_seq"": 3457677, ""age_seconds"": 22.224}, {""instrument"": ""BTC-25MAR22"", ""trade_seq"": 350403, ""age_seconds"": 335.382}, {""instrument"": ""BTC-31DEC21"", ""trade_seq"": 1306184, ""age_seconds"": 10.677}]",False,,-0.05860365366211955,2021-08-11,7347.77796,0.15582504576131906,shock
174252862,BTC-31DEC21-34000-P,2021-12-31,34000.0,P,1628667683560,7,0.3890764979705733,46312.9,0.093,48004.591318580715,"[{""instrument"": ""BTC-24SEP21"", ""trade_seq"": 3458451, ""age_seconds"": 37.929}, {""instrument"": ""BTC-25MAR22"", ""trade_seq"": 350583, ""age_seconds"": 519.903}, {""instrument"": ""BTC-31DEC21"", ""trade_seq"": 1306476, ""age_seconds"": 0.852}]",False,,0.3449361341877552,2021-08-11,4307.0997,0.38145707557545583,shock
174254313,BTC-31DEC21-54000-C,2021-12-31,54000.0,C,1628668228893,7,0.38905920557458146,46245.75,0.2055,47913.32133066657,"[{""instrument"": ""BTC-24SEP21"", ""trade_seq"": 3458552, ""age_seconds"": 2.179}, {""instrument"": ""BTC-25MAR22"", ""trade_seq"": 350602, ""age_seconds"": 2.568}, {""instrument"": ""BTC-31DEC21"", ""trade_seq"": 1306543, ""age_seconds"": 2.309}]",False,,-0.11959047369998228,2021-08-11,9503.501624999999,0.1983477947482082,shock
174248846,BTC-31DEC21-64000-C,2021-12-31,64000.0,C,1628665782962,7,0.3891367655377981,46342.48,0.158,48052.27281976732,"[{""instrument"": ""BTC-24SEP21"", ""trade_seq"": 3457918, ""age_seconds"": 29.109}, {""instrument"": ""BTC-25MAR22"", ""trade_seq"": 350530, ""age_seconds"": 80.849}, {""instrument"": ""BTC-31DEC21"", ""trade_seq"": 1306273, ""age_seconds"": 264.432}]",False,,-0.2865936479222355,2021-08-11,7322.1118400000005,0.15237805436307883,shock
174418347,BTC-20AUG21-36000-P,2021-08-20,36000.0,P,1628752025652,7,0.02201846613394216,45333.33,0.004,45411.84971293777,"[{""instrument"": ""BTC-24SEP21"", ""trade_seq"": 3473142, ""age_seconds"": 15.893}, {""instrument"": ""BTC-31DEC21"", ""trade_seq"": 1312616, ""age_seconds"": 16.905}]",False,,0.2322541394277215,2021-08-12,181.33332000000001,0.21124845373133275,shock
174418505,BTC-20AUG21-39000-P,2021-08-20,39000.0,P,1628752161364,7,0.022014162734652464,45338.96,0.009,45419.87466561481,"[{""instrument"": ""BTC-24SEP21"", ""trade_seq"": 3473171, ""age_seconds"": 10.871}, {""instrument"": ""BTC-31DEC21"", ""trade_seq"": 1312621, ""age_seconds"": 32.453}]",False,,0.1523881310902997,2021-08-12,408.05064,0.15032902129040657,shock
174419858,BTC-20AUG21-41000-P,2021-08-20,41000.0,P,1628753115740,7,0.021983899670218163,45259.75,0.015,45336.48500820939,"[{""instrument"": ""BTC-24SEP21"", ""trade_seq"": 3473321, ""age_seconds"": 12.226}, {""instrument"": ""BTC-25MAR22"", ""trade_seq"": 354257, ""age_seconds"": 15.569}, {""instrument"": ""BTC-31DEC21"", ""trade_seq"": 1312669, ""age_seconds"": 12.854}]",False,,0.10054005018698862,2021-08-12,678.89625,0.11062571915977211,shock
174419105,BTC-20AUG21-42000-P,2021-08-20,42000.0,P,1628752406069,7,0.02200640319000507,45302.95,0.0195,45382.17302615032,"[{""instrument"": ""BTC-24SEP21"", ""trade_seq"": 3473259, ""age_seconds"": 2.77}, {""instrument"": ""BTC-31DEC21"", ""trade_seq"": 1312648, ""age_seconds"": 2.805}]",False,,0.07744974502875458,2021-08-12,883.407525,0.0939924262483506,shock
174422242,BTC-20AUG21-44000-P,2021-08-20,44000.0,P,1628754618805,7,0.021936237791730085,45278.08,0.035,45361.161647035,"[{""instrument"": ""BTC-24SEP21"", ""trade_seq"": 3473431, ""age_seconds"": 0.3}, {""instrument"": ""BTC-25MAR22"", ""trade_seq"": 354265, ""age_seconds"": 434.911}, {""instrument"": ""BTC-31DEC21"", ""trade_seq"": 1312741, ""age_seconds"": 435.018}]",False,,0.030466634675853067,2021-08-12,1584.7328000000002,0.06494309978121016,shock
174422295,BTC-20AUG21-45000-P,2021-08-20,45000.0,P,1628754657258,7,0.021935018455098935,45253.46,0.0455,45336.49271151068,"[{""instrument"": ""BTC-24SEP21"", ""trade_seq"": 3473431, ""age_seconds"": 38.753}, {""instrument"": ""BTC-25MAR22"", ""trade_seq"": 354265, ""age_seconds"": 473.364}, {""instrument"": ""BTC-31DEC21"", ""trade_seq"": 1312742, ""age_seconds"": 7.36}]",False,,0.007449797034913043,2021-08-12,2059.0324299999997,0.0528387839075709,shock
174422405,BTC-20AUG21-46000-C,2021-08-20,46000.0,C,1628754733234,7,0.021932609271943175,45280.8,0.0435,45367.411292523204,"[{""instrument"": ""BTC-24SEP21"", ""trade_seq"": 3473433, ""age_seconds"": 13.194}, {""instrument"": ""BTC-25MAR22"", ""trade_seq"": 354265, ""age_seconds"": 549.34}, {""instrument"": ""BTC-31DEC21"", ""trade_seq"": 1312742, ""age_seconds"": 83.336}]",False,,-0.013847362132870798,2021-08-12,1969.7148,0.0434169537975075,shock
174422996,BTC-20AUG21-47000-C,2021-08-20,47000.0,C,1628755178055,7,0.021918504090563163,45290.06,0.035,45373.90628135185,"[{""instrument"": ""BTC-24SEP21"", ""trade_seq"": 3473474, ""age_seconds"": 2.764}, {""instrument"": ""BTC-25MAR22"", ""trade_seq"": 354266, ""age_seconds"": 425.574}, {""instrument"": ""BTC-31DEC21"", ""trade_seq"": 1312748, ""age_seconds"": 9.397}]",False,,-0.035210413407795425,2021-08-12,1585.1521,0.03493532362346945,shock
174422799,BTC-20AUG21-48000-C,2021-08-20,48000.0,C,1628754972949,7,0.021925007959157788,45314.88,0.0285,45399.719605448176,"[{""instrument"": ""BTC-24SEP21"", ""trade_seq"": 3473464, ""age_seconds"": 54.459}, {""instrument"": ""BTC-25MAR22"", ""trade_seq"": 354266, ""age_seconds"": 220.468}, {""instrument"": ""BTC-31DEC21"", ""trade_seq"": 1312745, ""age_seconds"": 37.587}]",False,,-0.05569508197111062,2021-08-12,1291.47408,0.028446741328442413,shock
174422292,BTC-20AUG21-49000-C,2021-08-20,49000.0,C,1628754655649,7,0.021935069476154236,45253.83,0.022,45336.86354772543,"[{""instrument"": ""BTC-24SEP21"", ""trade_seq"": 3473431, ""age_seconds"": 37.144}, {""instrument"": ""BTC-25MAR22"", ""trade_seq"": 354265, ""age_seconds"": 471.755}, {""instrument"": ""BTC-31DEC21"", ""trade_seq"": 1312742, ""age_seconds"": 5.751}]",False,,-0.07769983169828419,2021-08-12,995.58426,0.021959707445398456,shock
174422938,BTC-20AUG21-50000-C,2021-08-20,50000.0,C,1628755110150,7,0.021920657343987824,45300.7,0.018,45383.30129521822,"[{""instrument"": ""BTC-24SEP21"", ""trade_seq"": 3473470, ""age_seconds"": 15.782}, {""instrument"": ""BTC-25MAR22"", ""trade_seq"": 354266, ""age_seconds"": 357.669}, {""instrument"": ""BTC-31DEC21"", ""trade_seq"": 1312745, ""age_seconds"": 174.788}]",False,,-0.09687878092124855,2021-08-12,815.4125999999999,0.017967238537711122,shock
174422380,BTC-20AUG21-52000-C,2021-08-20,52000.0,C,1628754708764,7,0.02193338521055302,45287.88,0.0115,45370.97082656558,"[{""instrument"": ""BTC-24SEP21"", ""trade_seq"": 3473431, ""age_seconds"": 90.259}, {""instrument"": ""BTC-25MAR22"", ""trade_seq"": 354265, ""age_seconds"": 524.87}, {""instrument"": ""BTC-31DEC21"", ""trade_seq"": 1312742, ""age_seconds"": 58.866}]",False,,-0.13637122714979422,2021-08-12,520.81062,0.011478939297791162,shock
174419790,BTC-20AUG21-55000-C,2021-08-20,55000.0,C,1628753090660,7,0.021984694951801116,45278.82,0.006,45356.869519787906,"[{""instrument"": ""BTC-24SEP21"", ""trade_seq"": 3473313, ""age_seconds"": 68.999}, {""instrument"": ""BTC-25MAR22"", ""trade_seq"": 354256, ""age_seconds"": 122.367}, {""instrument"": ""BTC-31DEC21"", ""trade_seq"": 1312668, ""age_seconds"": 47.116}]",False,,-0.19277154230858107,2021-08-12,271.67292,0.005989675276894426,shock
174422997,BTC-20AUG21-60000-C,2021-08-20,60000.0,C,1628755178451,7,0.02191849153348554,45290.06,0.0025,45373.90624221732,"[{""instrument"": ""BTC-24SEP21"", ""trade_seq"": 3473474, ""age_seconds"": 3.16}, {""instrument"": ""BTC-25MAR22"", ""trade_seq"": 354266, ""age_seconds"": 425.97}, {""instrument"": ""BTC-31DEC21"", ""trade_seq"": 1312748, ""age_seconds"": 9.793}]",False,,-0.2794073747823272,2021-08-12,113.22515,0.002495380260971486,shock
174422806,BTC-24SEP21-32000-P,2021-09-24,32000.0,P,1628755009185,7,0.11781426988203957,45316.23,0.0235,45774.00504857818,"[{""instrument"": ""BTC-24SEP21"", ""trade_seq"": 3473464, ""age_seconds"": 90.695}, {""instrument"": ""BTC-25MAR22"", ""trade_seq"": 354266, ""age_seconds"": 256.704}, {""instrument"": ""BTC-31DEC21"", ""trade_seq"": 1312745, ""age_seconds"": 73.823}]",False,,0.3579804518299914,2021-08-12,1064.931405,0.32417824129285155,shock
174422422,BTC-24SEP21-42000-P,2021-09-24,42000.0,P,1628754755037,7,0.11782232886225266,45295.63,0.085,45763.012686893795,"[{""instrument"": ""BTC-24SEP21"", ""trade_seq"": 3473433, ""age_seconds"": 34.997}, {""instrument"": ""BTC-25MAR22"", ""trade_seq"": 354266, ""age_seconds"": 2.556}, {""instrument"": ""BTC-31DEC21"", ""trade_seq"": 1312742, ""age_seconds"": 105.139}]",False,,0.08580656331014709,2021-08-12,3850.12855,0.1663601408627134,shock
174422414,BTC-24SEP21-44000-P,2021-09-24,44000.0,P,1628754749539,7,0.117822503202689,45295.05,0.1075,45762.42670216728,"[{""instrument"": ""BTC-24SEP21"", ""trade_seq"": 3473433, ""age_seconds"": 29.499}, {""instrument"": ""BTC-25MAR22"", ""trade_seq"": 354265, ""age_seconds"": 565.645}, {""instrument"": ""BTC-31DEC21"", ""trade_seq"": 1312742, ""age_seconds"": 99.641}]",False,,0.03927374282601377,2021-08-12,4869.217875,0.14491461784418896,shock
174422951,BTC-24SEP21-46000-C,2021-09-24,46000.0,C,1628755126292,7,0.11781055644342973,45297.45,0.127,45743.12713806977,"[{""instrument"": ""BTC-24SEP21"", ""trade_seq"": 3473470, ""age_seconds"": 31.924}, {""instrument"": ""BTC-25MAR22"", ""trade_seq"": 354266, ""age_seconds"": 373.811}, {""instrument"": ""BTC-31DEC21"", ""trade_seq"": 1312745, ""age_seconds"": 190.93}]",False,,-0.005599842542972305,2021-08-12,5752.77615,0.1257626338626999,shock
174422420,BTC-24SEP21-50000-C,2021-09-24,50000.0,C,1628754751935,7,0.1178224272260274,45295.44,0.0945,45762.82072637994,"[{""instrument"": ""BTC-24SEP21"", ""trade_seq"": 3473433, ""age_seconds"": 31.895}, {""instrument"": ""BTC-25MAR22"", ""trade_seq"": 354265, ""age_seconds"": 568.041}, {""instrument"": ""BTC-31DEC21"", ""trade_seq"": 1312742, ""age_seconds"": 102.037}]",False,,-0.08855101850856462,2021-08-12,4280.419080000001,0.09353486109593233,shock
174420326,BTC-24SEP21-58000-C,2021-09-24,58000.0,C,1628753464957,7,0.11786323703069508,45117.92,0.053,45517.06340413491,"[{""instrument"": ""BTC-24SEP21"", ""trade_seq"": 3473331, ""age_seconds"": 1.441}, {""instrument"": ""BTC-25MAR22"", ""trade_seq"": 354258, ""age_seconds"": 5.387}, {""instrument"": ""BTC-31DEC21"", ""trade_seq"": 1312679, ""age_seconds"": 5.739}]",False,,-0.24235573502079352,2021-08-12,2391.2497599999997,0.0525352380220287,shock
174421703,BTC-27AUG21-32000-P,2021-08-27,32000.0,P,1628754177081,7,0.041128326959665146,45285.23,0.0045,45445.16128878717,"[{""instrument"": ""BTC-24SEP21"", ""trade_seq"": 3473417, ""age_seconds"": 53.166}, {""instrument"": ""BTC-25MAR22"", ""trade_seq"": 354264, ""age_seconds"": 76.491}, {""instrument"": ""BTC-31DEC21"", ""trade_seq"": 1312740, ""age_seconds"": 29.312}]",False,,0.35077044986333755,2021-08-12,203.783535,0.30033879156139814,shock
174422516,BTC-27AUG21-34000-P,2021-08-27,34000.0,P,1628754825057,7,0.04110777977549467,45316.24,0.0065,45473.17632744405,"[{""instrument"": ""BTC-24SEP21"", ""trade_seq"": 3473459, ""age_seconds"": 16.756}, {""instrument"": ""BTC-25MAR22"", ""trade_seq"": 354266, ""age_seconds"": 72.576}, {""instrument"": ""BTC-31DEC21"", ""trade_seq"": 1312743, ""age_seconds"": 27.396}]",False,,0.2907620962338945,2021-08-12,294.55555999999996,0.25878403133105904,shock
174422389,BTC-27AUG21-36000-P,2021-08-27,36000.0,P,1628754716708,7,0.04111121549974632,45288.13,0.01,45443.99881884345,"[{""instrument"": ""BTC-24SEP21"", ""trade_seq"": 3473431, ""age_seconds"": 98.203}, {""instrument"": ""BTC-25MAR22"", ""trade_seq"": 354265, ""age_seconds"": 532.814}, {""instrument"": ""BTC-31DEC21"", ""trade_seq"": 1312742, ""age_seconds"": 66.81}]",False,,0.23296183426007364,2021-08-12,452.8813,0.21778189367304734,shock
174422970,BTC-27AUG21-38000-P,2021-08-27,38000.0,P,1628755165470,7,0.0410969853500761,45297.02,0.0155,45451.99464768307,"[{""instrument"": ""BTC-24SEP21"", ""trade_seq"": 3473470, ""age_seconds"": 71.102}, {""instrument"": ""BTC-25MAR22"", ""trade_seq"": 354266, ""age_seconds"": 412.989}, {""instrument"": ""BTC-31DEC21"", ""trade_seq"": 1312746, ""age_seconds"": 21.247}]",False,,0.1790705465718029,2021-08-12,702.10381,0.17940023360666144,shock
174419516,BTC-27AUG21-42000-P,2021-08-27,42000.0,P,1628752885156,7,0.04116929363267377,45288.27,0.0335,45435.19216657513,"[{""instrument"": ""BTC-24SEP21"", ""trade_seq"": 3473299, ""age_seconds"": 300.886}, {""instrument"": ""BTC-25MAR22"", ""trade_seq"": 354241, ""age_seconds"": 72.54}, {""instrument"": ""BTC-31DEC21"", ""trade_seq"": 1312657, ""age_seconds"": 118.45}]",False,,0.0786173443383284,2021-08-12,1517.157045,0.10899809102641748,shock
174419504,BTC-27AUG21-44000-P,2021-08-27,44000.0,P,1628752877187,7,0.04116954632800609,45289.54,0.051,45436.466874472244,"[{""instrument"": ""BTC-24SEP21"", ""trade_seq"": 3473299, ""age_seconds"": 292.917}, {""instrument"": ""BTC-25MAR22"", ""trade_seq"": 354241, ""age_seconds"": 64.571}, {""instrument"": ""BTC-31DEC21"", ""trade_seq"": 1312657, ""age_seconds"": 110.481}]",False,,0.03212538382888719,2021-08-12,2309.76654,0.08244992782607853,shock
174420151,BTC-27AUG21-45000-P,2021-08-27,45000.0,P,1628753439072,7,0.041151729071537295,45189.64,0.0635,45340.50076117871,"[{""instrument"": ""BTC-24SEP21"", ""trade_seq"": 3473330, ""age_seconds"": 3.667}, {""instrument"": ""BTC-25MAR22"", ""trade_seq"": 354257, ""age_seconds"": 338.901}, {""instrument"": ""BTC-31DEC21"", ""trade_seq"": 1312674, ""age_seconds"": 11.997}]",False,,0.007538199826341186,2021-08-12,2869.54214,0.07079857626820041,shock
174422906,BTC-27AUG21-46000-C,2021-08-27,46000.0,C,1628755068547,7,0.041100058758244545,45302.24,0.0645,45458.77012054448,"[{""instrument"": ""BTC-24SEP21"", ""trade_seq"": 3473466, ""age_seconds"": 1.258}, {""instrument"": ""BTC-25MAR22"", ""trade_seq"": 354266, ""age_seconds"": 316.066}, {""instrument"": ""BTC-31DEC21"", ""trade_seq"": 1312745, ""age_seconds"": 133.185}]",False,,-0.011835632532195875,2021-08-12,2921.99448,0.06427790440110133,shock
174422756,BTC-27AUG21-48000-C,2021-08-27,48000.0,C,1628754936104,7,0.04110425849822425,45319.66,0.0475,45478.85985003758,"[{""instrument"": ""BTC-24SEP21"", ""trade_seq"": 3473464, ""age_seconds"": 17.614}, {""instrument"": ""BTC-25MAR22"", ""trade_seq"": 354266, ""age_seconds"": 183.623}, {""instrument"": ""BTC-31DEC21"", ""trade_seq"": 1312745, ""age_seconds"": 0.742}]",False,,-0.05395341160018222,2021-08-12,2152.6838500000003,0.04733372509993171,shock
174422920,BTC-27AUG21-52000-C,2021-08-27,52000.0,C,1628755082475,7,0.04109961710426179,45299.04,0.0265,45455.557966712855,"[{""instrument"": ""BTC-24SEP21"", ""trade_seq"": 3473466, ""age_seconds"": 15.186}, {""instrument"": ""BTC-25MAR22"", ""trade_seq"": 354266, ""age_seconds"": 329.994}, {""instrument"": ""BTC-31DEC21"", ""trade_seq"": 1312745, ""age_seconds"": 147.113}]",False,,-0.1345086179380135,2021-08-12,1200.42456,0.026408752057978737,shock
174419246,BTC-27AUG21-60000-C,2021-08-27,60000.0,C,1628752564121,7,0.041179473585743274,45304.48,0.008,45457.03358916174,"[{""instrument"": ""BTC-24SEP21"", ""trade_seq"": 3473282, ""age_seconds"": 47.387}, {""instrument"": ""BTC-25MAR22"", ""trade_seq"": 354240, ""age_seconds"": 61.859}, {""instrument"": ""BTC-31DEC21"", ""trade_seq"": 1312651, ""age_seconds"": 58.531}]",False,,-0.27757699913484346,2021-08-12,362.43584000000004,0.007973152037937097,shock
174417675,BTC-29OCT21-45000-P,2021-10-29,45000.0,P,1628751771872,7,0.21380733536276,45150.24,0.1625,45968.306118815475,"[{""instrument"": ""BTC-24SEP21"", ""trade_seq"": 3473055, ""age_seconds"": 12.639}, {""instrument"": ""BTC-31DEC21"", ""trade_seq"": 1312587, ""age_seconds"": 12.734}]",False,,0.02128967183391722,2021-08-12,7336.914,0.1806727465081867,shock
174422956,BTC-31DEC21-36000-P,2021-12-31,36000.0,P,1628755129182,7,0.3863036154870624,45296.73,0.117,46840.885596129876,"[{""instrument"": ""BTC-24SEP21"", ""trade_seq"": 3473470, ""age_seconds"": 34.814}, {""instrument"": ""BTC-25MAR22"", ""trade_seq"": 354266, ""age_seconds"": 376.701}, {""instrument"": ""BTC-31DEC21"", ""trade_seq"": 1312745, ""age_seconds"": 193.82}]",False,,0.26323750692921516,2021-08-12,5299.717410000001,0.3445836431295709,shock
174422966,BTC-31DEC21-38000-P,2021-12-31,38000.0,P,1628755148883,7,0.38630299077245056,45295.97,0.1365,46831.71711999091,"[{""instrument"": ""BTC-24SEP21"", ""trade_seq"": 3473470, ""age_seconds"": 54.515}, {""instrument"": ""BTC-25MAR22"", ""trade_seq"": 354266, ""age_seconds"": 396.402}, {""instrument"": ""BTC-31DEC21"", ""trade_seq"": 1312746, ""age_seconds"": 4.66}]",False,,0.20897452989039245,2021-08-12,6182.899905,0.32060786894746746,shock
174423033,BTC-31DEC21-44000-P,2021-12-31,44000.0,P,1628755197723,7,0.3863014420662101,45282.38,0.206,46815.77494453899,"[{""instrument"": ""BTC-24SEP21"", ""trade_seq"": 3473474, ""age_seconds"": 22.432}, {""instrument"": ""BTC-25MAR22"", ""trade_seq"": 354266, ""age_seconds"": 445.242}, {""instrument"": ""BTC-31DEC21"", ""trade_seq"": 1312748, ""age_seconds"": 29.065}]",False,,0.062030583674024614,2021-08-12,9328.170279999998,0.2593985732143812,shock
184485871,BTC-22OCT21-44000-P,2021-10-22,44000.0,P,1634284191587,7,0.019197374841451037,59325.27,0.0035,59500.87604565132,"[{""instrument"": ""BTC-24JUN22"", ""trade_seq"": 201382, ""age_seconds"": 242.398}, {""instrument"": ""BTC-25MAR22"", ""trade_seq"": 721935, ""age_seconds"": 30.675}, {""instrument"": ""BTC-31DEC21"", ""trade_seq"": 2228545, ""age_seconds"": 17.675}]",False,,0.3018014019812586,2021-10-15,207.638445,0.26400475983915184,shock
184485949,BTC-22OCT21-45000-P,2021-10-22,45000.0,P,1634284203794,7,0.019196987760020295,59329.67,0.004,59502.77430689798,"[{""instrument"": ""BTC-24JUN22"", ""trade_seq"": 201382, ""age_seconds"": 254.605}, {""instrument"": ""BTC-25MAR22"", ""trade_seq"": 721935, ""age_seconds"": 42.882}, {""instrument"": ""BTC-31DEC21"", ""trade_seq"": 2228547, ""age_seconds"": 0.407}]",False,,0.279360448700948,2021-10-15,237.31868,0.2477211047483748,shock
184486633,BTC-22OCT21-46000-P,2021-10-22,46000.0,P,1634284312603,7,0.019193537449264334,59326.43,0.0045,59499.01560677335,"[{""instrument"": ""BTC-24JUN22"", ""trade_seq"": 201382, ""age_seconds"": 363.414}, {""instrument"": ""BTC-25MAR22"", ""trade_seq"": 721944, ""age_seconds"": 1.396}, {""instrument"": ""BTC-31DEC21"", ""trade_seq"": 2228591, ""age_seconds"": 1.198}]",False,,0.2573183715016513,2021-10-15,266.968935,0.23136491253489302,shock
184486641,BTC-22OCT21-48000-P,2021-10-22,48000.0,P,1634284319584,7,0.019193316083206492,59327.76,0.006,59500.34766377791,"[{""instrument"": ""BTC-24JUN22"", ""trade_seq"": 201382, ""age_seconds"": 370.395}, {""instrument"": ""BTC-25MAR22"", ""trade_seq"": 721944, ""age_seconds"": 8.377}, {""instrument"": ""BTC-31DEC21"", ""trade_seq"": 2228591, ""age_seconds"": 8.179}]",False,,0.21478114471532678,2021-10-15,355.96656,0.1992646209527224,shock
184486787,BTC-22OCT21-50000-P,2021-10-22,50000.0,P,1634284350388,7,0.019192339294774225,59327.31,0.009,59499.80494232778,"[{""instrument"": ""BTC-24JUN22"", ""trade_seq"": 201382, ""age_seconds"": 401.199}, {""instrument"": ""BTC-25MAR22"", ""trade_seq"": 721944, ""age_seconds"": 39.181}, {""instrument"": ""BTC-31DEC21"", ""trade_seq"": 2228594, ""age_seconds"": 9.955}]",False,,0.17395002883785893,2021-10-15,533.94579,0.16863501892238694,shock
184486703,BTC-22OCT21-52000-P,2021-10-22,52000.0,P,1634284336207,7,0.019192788971334345,59325.33,0.0135,59497.9062800587,"[{""instrument"": ""BTC-24JUN22"", ""trade_seq"": 201382, ""age_seconds"": 387.018}, {""instrument"": ""BTC-25MAR22"", ""trade_seq"": 721944, ""age_seconds"": 25.0}, {""instrument"": ""BTC-31DEC21"", ""trade_seq"": 2228591, ""age_seconds"": 24.802}]",False,,0.1346974047805824,2021-10-15,800.891955,0.13948050870892786,shock
184486643,BTC-22OCT21-53000-P,2021-10-22,53000.0,P,1634284319959,7,0.0191933041920345,59327.76,0.016,59500.347566437995,"[{""instrument"": ""BTC-24JUN22"", ""trade_seq"": 201382, ""age_seconds"": 370.77}, {""instrument"": ""BTC-25MAR22"", ""trade_seq"": 721944, ""age_seconds"": 8.752}, {""instrument"": ""BTC-31DEC21"", ""trade_seq"": 2228591, ""age_seconds"": 8.554}]",False,,0.11569024043514038,2021-10-15,949.2441600000001,0.1252024909286419,shock
184487706,BTC-22OCT21-54000-P,2021-10-22,54000.0,P,1634284658476,7,0.01918256988838153,59263.63,0.0205,59437.793261824336,"[{""instrument"": ""BTC-24JUN22"", ""trade_seq"": 201383, ""age_seconds"": 10.611}, {""instrument"": ""BTC-25MAR22"", ""trade_seq"": 721960, ""age_seconds"": 10.508}, {""instrument"": ""BTC-31DEC21"", ""trade_seq"": 2228669, ""age_seconds"": 4.777}]",False,,0.09594622768204329,2021-10-15,1214.904415,0.11192706377101028,shock
184486809,BTC-22OCT21-55000-P,2021-10-22,55000.0,P,1634284364494,7,0.019191891996448506,59325.31,0.0245,59497.795467645345,"[{""instrument"": ""BTC-24JUN22"", ""trade_seq"": 201382, ""age_seconds"": 415.305}, {""instrument"": ""BTC-25MAR22"", ""trade_seq"": 721944, ""age_seconds"": 53.287}, {""instrument"": ""BTC-31DEC21"", ""trade_seq"": 2228594, ""age_seconds"": 24.061}]",False,,0.07860607566876554,2021-10-15,1453.470095,0.10002497598220458,shock
184487917,BTC-22OCT21-56000-P,2021-10-22,56000.0,P,1634284726465,7,0.01918041397133435,59280.72,0.0295,59455.50062287711,"[{""instrument"": ""BTC-24JUN22"", ""trade_seq"": 201383, ""age_seconds"": 78.6}, {""instrument"": ""BTC-25MAR22"", ""trade_seq"": 721964, ""age_seconds"": 2.922}, {""instrument"": ""BTC-31DEC21"", ""trade_seq"": 2228672, ""age_seconds"": 28.085}]",False,,0.05987645331702775,2021-10-15,1748.78124,0.08753238654716869,shock
184485225,BTC-22OCT21-57000-P,2021-10-22,57000.0,P,1634284032238,7,0.01920242776509386,59307.58,0.035,59479.68833377868,"[{""instrument"": ""BTC-24JUN22"", ""trade_seq"": 201382, ""age_seconds"": 83.049}, {""instrument"": ""BTC-25MAR22"", ""trade_seq"": 721932, ""age_seconds"": 14.86}, {""instrument"": ""BTC-31DEC21"", ""trade_seq"": 2228481, ""age_seconds"": 8.822}]",False,,0.04258361389462906,2021-10-15,2075.7653000000005,0.07658839111958873,shock
184486862,BTC-22OCT21-58000-P,2021-10-22,58000.0,P,1634284400609,7,0.019190746797311007,59313.18,0.0415,59486.72180623963,"[{""instrument"": ""BTC-24JUN22"", ""trade_seq"": 201382, ""age_seconds"": 451.42}, {""instrument"": ""BTC-25MAR22"", ""trade_seq"": 721944, ""age_seconds"": 89.402}, {""instrument"": ""BTC-31DEC21"", ""trade_seq"": 2228598, ""age_seconds"": 13.087}]",False,,0.02531011418027263,2021-10-15,2461.49697,0.0663714297301469,shock
184487117,BTC-22OCT21-59000-P,2021-10-22,59000.0,P,1634284465207,7,0.01918869840816844,59289.6,0.049,59463.004961878614,"[{""instrument"": ""BTC-24JUN22"", ""trade_seq"": 201382, ""age_seconds"": 516.018}, {""instrument"": ""BTC-25MAR22"", ""trade_seq"": 721951, ""age_seconds"": 2.853}, {""instrument"": ""BTC-31DEC21"", ""trade_seq"": 2228628, ""age_seconds"": 5.113}]",False,,0.007816909923053134,2021-10-15,2905.1904,0.056643544402741615,shock
184486795,BTC-22OCT21-60000-C,2021-10-22,60000.0,C,1634284355511,7,0.019192176845509893,59324.96,0.048,59497.446780571765,"[{""instrument"": ""BTC-24JUN22"", ""trade_seq"": 201382, ""age_seconds"": 406.322}, {""instrument"": ""BTC-25MAR22"", ""trade_seq"": 721944, ""age_seconds"": 44.304}, {""instrument"": ""BTC-31DEC21"", ""trade_seq"": 2228594, ""age_seconds"": 15.078}]",False,,-0.008411161842125335,2021-10-15,2847.59808,0.04786084502923329,shock
184487712,BTC-22OCT21-61000-C,2021-10-22,61000.0,C,1634284664870,7,0.019182367135971587,59264.66,0.041,59438.82461283468,"[{""instrument"": ""BTC-24JUN22"", ""trade_seq"": 201383, ""age_seconds"": 17.005}, {""instrument"": ""BTC-25MAR22"", ""trade_seq"": 721960, ""age_seconds"": 16.902}, {""instrument"": ""BTC-31DEC21"", ""trade_seq"": 2228669, ""age_seconds"": 11.171}]",False,,-0.025926238305979944,2021-10-15,2429.8510600000004,0.040879863890769474,shock
184487919,BTC-22OCT21-62000-C,2021-10-22,62000.0,C,1634284732007,7,0.019180238235667176,59279.84,0.034,59454.61657041428,"[{""instrument"": ""BTC-24JUN22"", ""trade_seq"": 201383, ""age_seconds"": 84.142}, {""instrument"": ""BTC-25MAR22"", ""trade_seq"": 721964, ""age_seconds"": 8.464}, {""instrument"": ""BTC-31DEC21"", ""trade_seq"": 2228672, ""age_seconds"": 33.627}]",False,,-0.041921110248512285,2021-10-15,2015.51456,0.03390005143861204,shock
184486705,BTC-22OCT21-63000-C,2021-10-22,63000.0,C,1634284336667,7,0.019192774384830035,59325.33,0.029,59497.90616065936,"[{""instrument"": ""BTC-24JUN22"", ""trade_seq"": 201382, ""age_seconds"": 387.478}, {""instrument"": ""BTC-25MAR22"", ""trade_seq"": 721944, ""age_seconds"": 25.46}, {""instrument"": ""BTC-31DEC21"", ""trade_seq"": 2228591, ""age_seconds"": 25.262}]",False,,-0.057193605036305106,2021-10-15,1720.4345700000001,0.028915884289346126,shock
184487536,BTC-22OCT21-64000-C,2021-10-22,64000.0,C,1634284628794,7,0.019183511098427194,59292.62,0.024,59466.31349606308,"[{""instrument"": ""BTC-24JUN22"", ""trade_seq"": 201382, ""age_seconds"": 679.605}, {""instrument"": ""BTC-25MAR22"", ""trade_seq"": 721957, ""age_seconds"": 29.145}, {""instrument"": ""BTC-31DEC21"", ""trade_seq"": 2228642, ""age_seconds"": 3.343}]",False,,-0.07347309086705739,2021-10-15,1423.02288,0.023929899069566673,shock
184487588,BTC-22OCT21-65000-C,2021-10-22,65000.0,C,1634284642714,7,0.01918306969812278,59280.97,0.02,59455.25487463251,"[{""instrument"": ""BTC-24JUN22"", ""trade_seq"": 201382, ""age_seconds"": 693.525}, {""instrument"": ""BTC-25MAR22"", ""trade_seq"": 721957, ""age_seconds"": 43.065}, {""instrument"": ""BTC-31DEC21"", ""trade_seq"": 2228645, ""age_seconds"": 10.527}]",False,,-0.08916325916585936,2021-10-15,1185.6194,0.019941372760069735,shock
184488006,BTC-22OCT21-66000-C,2021-10-22,66000.0,C,1634284765439,7,0.019179178113901574,59255.85,0.016,59429.56049809348,"[{""instrument"": ""BTC-24JUN22"", ""trade_seq"": 201383, ""age_seconds"": 117.574}, {""instrument"": ""BTC-25MAR22"", ""trade_seq"": 721966, ""age_seconds"": 9.392}, {""instrument"": ""BTC-31DEC21"", ""trade_seq"": 2228682, ""age_seconds"": 5.475}]",False,,-0.1048629879622034,2021-10-15,948.0936,0.015953232567325063,shock
184486799,BTC-22OCT21-70000-C,2021-10-22,70000.0,C,1634284355966,7,0.019192162417554542,59324.96,0.008,59497.44666252748,"[{""instrument"": ""BTC-24JUN22"", ""trade_seq"": 201382, ""age_seconds"": 406.777}, {""instrument"": ""BTC-25MAR22"", ""trade_seq"": 721944, ""age_seconds"": 44.759}, {""instrument"": ""BTC-31DEC21"", ""trade_seq"": 2228594, ""age_seconds"": 15.533}]",False,,-0.16256184365340645,2021-10-15,474.59968,0.007976807520698381,shock
184486638,BTC-22OCT21-75000-C,2021-10-22,75000.0,C,1634284316023,7,0.019193429001775748,59326.93,0.0035,59499.516173589436,"[{""instrument"": ""BTC-24JUN22"", ""trade_seq"": 201382, ""age_seconds"": 366.834}, {""instrument"": ""BTC-25MAR22"", ""trade_seq"": 721944, ""age_seconds"": 4.816}, {""instrument"": ""BTC-31DEC21"", ""trade_seq"": 2228591, ""age_seconds"": 4.618}]",False,,-0.23151993255409942,2021-10-15,207.64425500000002,0.0034898477895887307,shock
184479545,BTC-22OCT21-85000-C,2021-10-22,85000.0,C,1634282505839,7,0.019250829559868086,59406.73,0.0015,59575.37977793241,"[{""instrument"": ""BTC-24JUN22"", ""trade_seq"": 201347, ""age_seconds"": 234.597}, {""instrument"": ""BTC-25MAR22"", ""trade_seq"": 721771, ""age_seconds"": 43.44}, {""instrument"": ""BTC-31DEC21"", ""trade_seq"": 2227943, ""age_seconds"": 5.88}]",False,,-0.35540885873888184,2021-10-15,89.110095,0.0014957537045027396,shock
184478037,BTC-24JUN22-80000-C,2022-06-24,80000.0,C,1634281507000,7,0.6905153792491121,59583.21,0.2295,64930.599990635434,"[{""instrument"": ""BTC-24JUN22"", ""trade_seq"": 201335, ""age_seconds"": 71.268}, {""instrument"": ""BTC-25MAR22"", ""trade_seq"": 721694, ""age_seconds"": 47.452}, {""instrument"": ""BTC-31DEC21"", ""trade_seq"": 2227745, ""age_seconds"": 9.996}]",False,,-0.2087076276196294,2021-10-15,13674.346695,0.2105994199494872,shock
184479418,BTC-25MAR22-70000-C,2022-03-25,70000.0,C,1634282406210,7,0.4411717969939117,59412.81,0.206,63266.97772385088,"[{""instrument"": ""BTC-24JUN22"", ""trade_seq"": 201347, ""age_seconds"": 134.968}, {""instrument"": ""BTC-25MAR22"", ""trade_seq"": 721764, ""age_seconds"": 5.946}, {""instrument"": ""BTC-31DEC21"", ""trade_seq"": 2227909, ""age_seconds"": 2.3}]",False,,-0.10113172794912996,2021-10-15,12239.038859999999,0.19345066415881645,shock
184483879,BTC-26NOV21-50000-P,2021-11-26,50000.0,P,1634283601350,7,0.11510650209284627,59279.11,0.0485,60316.11476733987,"[{""instrument"": ""BTC-24JUN22"", ""trade_seq"": 201377, ""age_seconds"": 226.587}, {""instrument"": ""BTC-25MAR22"", ""trade_seq"": 721888, ""age_seconds"": 42.531}, {""instrument"": ""BTC-31DEC21"", ""trade_seq"": 2228344, ""age_seconds"": 42.656}]",False,,0.1875763058413471,2021-10-15,2875.0368350000003,0.21870028686732734,shock
184487680,BTC-26NOV21-52000-P,2021-11-26,52000.0,P,1634284653886,7,0.11507312639523085,59275.34,0.058,60328.02868785518,"[{""instrument"": ""BTC-24JUN22"", ""trade_seq"": 201383, ""age_seconds"": 6.021}, {""instrument"": ""BTC-25MAR22"", ""trade_seq"": 721960, ""age_seconds"": 5.918}, {""instrument"": ""BTC-31DEC21"", ""trade_seq"": 2228669, ""age_seconds"": 0.187}]",False,,0.14855309785015375,2021-10-15,3437.96972,0.1950336960077701,shock
184485705,BTC-26NOV21-58000-P,2021-11-26,58000.0,P,1634284135514,7,0.11508956386352105,59314.92,0.0995,60354.95408187352,"[{""instrument"": ""BTC-24JUN22"", ""trade_seq"": 201382, ""age_seconds"": 186.325}, {""instrument"": ""BTC-25MAR22"", ""trade_seq"": 721934, ""age_seconds"": 100.308}, {""instrument"": ""BTC-31DEC21"", ""trade_seq"": 2228522, ""age_seconds"": 2.385}]",False,,0.0398000228056779,2021-10-15,5901.83454,0.13680382575841094,shock
184487270,BTC-26NOV21-62000-C,2021-11-26,62000.0,C,1634284518929,7,0.1150774058536276,59295.85,0.107,60342.16724058799,"[{""instrument"": ""BTC-24JUN22"", ""trade_seq"": 201382, ""age_seconds"": 569.74}, {""instrument"": ""BTC-25MAR22"", ""trade_seq"": 721952, ""age_seconds"": 41.968}, {""instrument"": ""BTC-31DEC21"", ""trade_seq"": 2228630, ""age_seconds"": 31.638}]",False,,-0.02710323481320911,2021-10-15,6344.655949999999,0.10514464826401511,shock
184485747,BTC-26NOV21-70000-C,2021-11-26,70000.0,C,1634284149906,7,0.11508910749619483,59316.53,0.065,60359.78095382716,"[{""instrument"": ""BTC-24JUN22"", ""trade_seq"": 201382, ""age_seconds"": 200.717}, {""instrument"": ""BTC-25MAR22"", ""trade_seq"": 721934, ""age_seconds"": 114.7}, {""instrument"": ""BTC-31DEC21"", ""trade_seq"": 2228527, ""age_seconds"": 0.008}]",False,,-0.14817223715186956,2021-10-15,3855.57445,0.0638765480767626,shock
184487490,BTC-26NOV21-75000-C,2021-11-26,75000.0,C,1634284596244,7,0.11507495421106037,59304.01,0.046,60346.89657273527,"[{""instrument"": ""BTC-24JUN22"", ""trade_seq"": 201382, ""age_seconds"": 647.055}, {""instrument"": ""BTC-25MAR22"", ""trade_seq"": 721954, ""age_seconds"": 50.281}, {""instrument"": ""BTC-31DEC21"", ""trade_seq"": 2228634, ""age_seconds"": 51.636}]",False,,-0.2173785911305082,2021-10-15,2727.98446,0.045205049719698485,shock
184478955,BTC-26NOV21-80000-C,2021-11-26,80000.0,C,1634282009357,7,0.11515698385971589,59493.18,0.0345,60528.33054583802,"[{""instrument"": ""BTC-24JUN22"", ""trade_seq"": 201344, ""age_seconds"": 95.21}, {""instrument"": ""BTC-25MAR22"", ""trade_seq"": 721736, ""age_seconds"": 71.729}, {""instrument"": ""BTC-31DEC21"", ""trade_seq"": 2227858, ""age_seconds"": 0.918}]",False,,-0.27891510575797257,2021-10-15,2052.5147100000004,0.033909983828905275,shock
184485732,BTC-26NOV21-85000-C,2021-11-26,85000.0,C,1634284145299,7,0.11508925358320649,59314.64,0.025,60354.667886837764,"[{""instrument"": ""BTC-24JUN22"", ""trade_seq"": 201382, ""age_seconds"": 196.11}, {""instrument"": ""BTC-25MAR22"", ""trade_seq"": 721934, ""age_seconds"": 110.093}, {""instrument"": ""BTC-31DEC21"", ""trade_seq"": 2228522, ""age_seconds"": 12.17}]",False,,-0.34241296501431984,2021-10-15,1482.866,0.0245692015533961,shock
184478511,BTC-29OCT21-45000-P,2021-10-29,45000.0,P,1634281813785,7,0.038450856640030444,59504.8,0.0075,59840.491155196876,"[{""instrument"": ""BTC-24JUN22"", ""trade_seq"": 201340, ""age_seconds"": 5.144}, {""instrument"": ""BTC-25MAR22"", ""trade_seq"": 721724, ""age_seconds"": 5.363}, {""instrument"": ""BTC-31DEC21"", ""trade_seq"": 2227782, ""age_seconds"": 5.217}]",False,,0.28502005166965266,2021-10-15,446.286,0.2554587514255268,shock
184486842,BTC-29OCT21-48000-P,2021-10-29,48000.0,P,1634284385412,7,0.03836931088280061,59310.49,0.0135,59654.789818476565,"[{""instrument"": ""BTC-24JUN22"", ""trade_seq"": 201382, ""age_seconds"": 436.223}, {""instrument"": ""BTC-25MAR22"", ""trade_seq"": 721944, ""age_seconds"": 74.205}, {""instrument"": ""BTC-31DEC21"", ""trade_seq"": 2228595, ""age_seconds"": 2.183}]",False,,0.21737343312939078,2021-10-15,800.691615,0.20879264634704647,shock
184486669,BTC-29OCT21-50000-P,2021-10-29,50000.0,P,1634284326366,7,0.03837118321917808,59324.76,0.0175,59670.28075053837,"[{""instrument"": ""BTC-24JUN22"", ""trade_seq"": 201382, ""age_seconds"": 377.177}, {""instrument"": ""BTC-25MAR22"", ""trade_seq"": 721944, ""age_seconds"": 15.159}, {""instrument"": ""BTC-31DEC21"", ""trade_seq"": 2228591, ""age_seconds"": 14.961}]",False,,0.17681108114820898,2021-10-15,1038.1833000000001,0.17946059438377543,shock
184479750,BTC-29OCT21-52000-P,2021-10-29,52000.0,P,1634282570801,7,0.03842685182014206,59414.37,0.024,59751.7584222349,"[{""instrument"": ""BTC-24JUN22"", ""trade_seq"": 201348, ""age_seconds"": 45.46}, {""instrument"": ""BTC-25MAR22"", ""trade_seq"": 721775, ""age_seconds"": 20.375}, {""instrument"": ""BTC-31DEC21"", ""trade_seq"": 2227982, ""age_seconds"": 0.249}]",False,,0.1389549014579839,2021-10-15,1425.94488,0.15359720859394302,shock
184487316,BTC-29OCT21-60000-C,2021-10-29,60000.0,C,1634284537230,7,0.03836449676560122,59295.72,0.0685,59641.42931985529,"[{""instrument"": ""BTC-24JUN22"", ""trade_seq"": 201382, ""age_seconds"": 588.041}, {""instrument"": ""BTC-25MAR22"", ""trade_seq"": 721952, ""age_seconds"": 60.269}, {""instrument"": ""BTC-31DEC21"", ""trade_seq"": 2228631, ""age_seconds"": 17.216}]",False,,-0.005994106820395768,2021-10-15,4061.7568200000005,0.06810294230570689,shock
184486126,BTC-29OCT21-62000-C,2021-10-29,62000.0,C,1634284221354,7,0.03837451312785388,59346.68,0.055,59693.78110166324,"[{""instrument"": ""BTC-24JUN22"", ""trade_seq"": 201382, ""age_seconds"": 272.165}, {""instrument"": ""BTC-25MAR22"", ""trade_seq"": 721935, ""age_seconds"": 60.442}, {""instrument"": ""BTC-31DEC21"", ""trade_seq"": 2228557, ""age_seconds"": 7.71}]",False,,-0.03790653922388748,2021-10-15,3264.0674,0.054680191801572,shock
184480376,BTC-29OCT21-70000-C,2021-10-29,70000.0,C,1634282665878,7,0.03842383694824962,59285.75,0.021,59616.4709500442,"[{""instrument"": ""BTC-24JUN22"", ""trade_seq"": 201350, ""age_seconds"": 52.123}, {""instrument"": ""BTC-25MAR22"", ""trade_seq"": 721796, ""age_seconds"": 0.105}, {""instrument"": ""BTC-31DEC21"", ""trade_seq"": 2228016, ""age_seconds"": 0.037}]",False,,-0.16056334793573626,2021-10-15,1245.0007500000002,0.020883503001095996,shock
184487772,BTC-29OCT21-75000-C,2021-10-29,75000.0,C,1634284692213,7,0.0383595822869102,59268.73,0.0105,59617.54946161743,"[{""instrument"": ""BTC-24JUN22"", ""trade_seq"": 201383, ""age_seconds"": 44.348}, {""instrument"": ""BTC-25MAR22"", ""trade_seq"": 721961, ""age_seconds"": 26.505}, {""instrument"": ""BTC-31DEC21"", ""trade_seq"": 2228669, ""age_seconds"": 38.514}]",False,,-0.22953812875410942,2021-10-15,622.321665,0.01043856499671559,shock
184483081,BTC-29OCT21-80000-C,2021-10-29,80000.0,C,1634283327819,7,0.0384028469368341,59315.67,0.006,59661.71452214286,"[{""instrument"": ""BTC-24JUN22"", ""trade_seq"": 201374, ""age_seconds"": 48.466}, {""instrument"": ""BTC-25MAR22"", ""trade_seq"": 721864, ""age_seconds"": 43.737}, {""instrument"": ""BTC-31DEC21"", ""trade_seq"": 2228259, ""age_seconds"": 2.116}]",False,,-0.29333611778125884,2021-10-15,355.89402,0.0059651993384788405,shock
184481655,BTC-31DEC21-48000-P,2021-12-31,48000.0,P,1634282787305,7,0.21102272624936583,59303.6,0.0685,61179.91125971782,"[{""instrument"": ""BTC-24JUN22"", ""trade_seq"": 201350, ""age_seconds"": 173.55}, {""instrument"": ""BTC-25MAR22"", ""trade_seq"": 721838, ""age_seconds"": 3.885}, {""instrument"": ""BTC-31DEC21"", ""trade_seq"": 2228076, ""age_seconds"": 88.798}]",False,,0.2426178773351911,2021-10-15,4062.2966,0.28182793182752564,shock
184479434,BTC-31DEC21-50000-P,2021-12-31,50000.0,P,1634282439528,7,0.21103375418569253,59411.21,0.0792,61298.5967952573,"[{""instrument"": ""BTC-24JUN22"", ""trade_seq"": 201347, ""age_seconds"": 168.286}, {""instrument"": ""BTC-25MAR22"", ""trade_seq"": 721769, ""age_seconds"": 0.317}, {""instrument"": ""BTC-31DEC21"", ""trade_seq"": 2227910, ""age_seconds"": 30.06}]",False,,0.20373394647318488,2021-10-15,4705.367832,0.26108207143324913,shock
184482858,BTC-31DEC21-70000-C,2021-12-31,70000.0,C,1634283268813,7,0.21100745773084728,59324.15,0.1135,61238.710368614586,"[{""instrument"": ""BTC-24JUN22"", ""trade_seq"": 201350, ""age_seconds"": 655.058}, {""instrument"": ""BTC-25MAR22"", ""trade_seq"": 721863, ""age_seconds"": 69.281}, {""instrument"": ""BTC-31DEC21"", ""trade_seq"": 2228214, ""age_seconds"": 5.253}]",False,,-0.13371573012605084,2021-10-15,6733.291025,0.10995154836655208,shock
184482861,BTC-31DEC21-80000-C,2021-12-31,80000.0,C,1634283271599,7,0.2110073693873668,59325.96,0.0744,61240.57878250281,"[{""instrument"": ""BTC-24JUN22"", ""trade_seq"": 201350, ""age_seconds"": 657.844}, {""instrument"": ""BTC-25MAR22"", ""trade_seq"": 721863, ""age_seconds"": 72.067}, {""instrument"": ""BTC-31DEC21"", ""trade_seq"": 2228214, ""age_seconds"": 8.039}]",False,,-0.26721661287578047,2021-10-15,4413.8514239999995,0.07207396650635658,shock
184484080,BTC-5NOV21-45000-P,2021-11-05,45000.0,P,1634283692746,7,0.05756935736935566,59301.05,0.012,59814.86099074734,"[{""instrument"": ""BTC-24JUN22"", ""trade_seq"": 201377, ""age_seconds"": 317.983}, {""instrument"": ""BTC-25MAR22"", ""trade_seq"": 721897, ""age_seconds"": 21.767}, {""instrument"": ""BTC-31DEC21"", ""trade_seq"": 2228366, ""age_seconds"": 21.886}]",False,,0.2845916518633445,2021-10-15,711.6126,0.25957551908628695,shock
184479317,BTC-5NOV21-48000-P,2021-11-05,48000.0,P,1634282271324,7,0.0576144303652968,59409.93,0.019,59921.461298328904,"[{""instrument"": ""BTC-24JUN22"", ""trade_seq"": 201347, ""age_seconds"": 0.082}, {""instrument"": ""BTC-25MAR22"", ""trade_seq"": 721743, ""age_seconds"": 0.086}, {""instrument"": ""BTC-31DEC21"", ""trade_seq"": 2227886, ""age_seconds"": 0.351}]",False,,0.22183371549250322,2021-10-15,1128.78867,0.2177892475511583,shock
184478538,BTC-5NOV21-54000-P,2021-11-05,54000.0,P,1634281826558,7,0.05762853380263826,59510.35,0.042,60014.22495778837,"[{""instrument"": ""BTC-24JUN22"", ""trade_seq"": 201340, ""age_seconds"": 17.917}, {""instrument"": ""BTC-25MAR22"", ""trade_seq"": 721724, ""age_seconds"": 18.136}, {""instrument"": ""BTC-31DEC21"", ""trade_seq"": 2227782, ""age_seconds"": 17.99}]",False,,0.10559757018798702,2021-10-15,2499.4347000000002,0.14186069492318767,shock
184479142,BTC-5NOV21-56000-P,2021-11-05,56000.0,P,1634282206784,7,0.057616476915271435,59474.48,0.054,59987.93410406223,"[{""instrument"": ""BTC-24JUN22"", ""trade_seq"": 201345, ""age_seconds"": 0.151}, {""instrument"": ""BTC-25MAR22"", ""trade_seq"": 721737, ""age_seconds"": 18.578}, {""instrument"": ""BTC-31DEC21"", ""trade_seq"": 2227874, ""age_seconds"": 0.206}]",False,,0.06879175299835445,2021-10-15,3211.62192,0.12001673555840447,shock
184479686,BTC-5NOV21-62000-C,2021-11-05,62000.0,C,1634282530884,7,0.057606199771689494,59432.52,0.072,59948.16181194865,"[{""instrument"": ""BTC-24JUN22"", ""trade_seq"": 201348, ""age_seconds"": 5.543}, {""instrument"": ""BTC-25MAR22"", ""trade_seq"": 721774, ""age_seconds"": 3.398}, {""instrument"": ""BTC-31DEC21"", ""trade_seq"": 2227970, ""age_seconds"": 4.696}]",False,,-0.03365416606086276,2021-10-15,4279.141439999999,0.07138069476464075,shock
184731907,BTC-25MAR22-50000-P,2022-03-25,50000.0,P,1634367917228,7,0.43846026040081176,61834.46,0.121,65590.66971939523,"[{""instrument"": ""BTC-24JUN22"", ""trade_seq"": 206695, ""age_seconds"": 86.744}, {""instrument"": ""BTC-25MAR22"", ""trade_seq"": 733068, ""age_seconds"": 7.804}, {""instrument"": ""BTC-31DEC21"", ""trade_seq"": 2261055, ""age_seconds"": 7.222}]",False,,0.27141045051899976,2021-10-16,7481.96966,0.35176709550463126,shock
184731842,BTC-26NOV21-55000-P,2021-11-26,55000.0,P,1634367815742,7,0.11243608124048705,61809.99,0.0595,62781.265810971825,"[{""instrument"": ""BTC-24JUN22"", ""trade_seq"": 206694, ""age_seconds"": 292.15}, {""instrument"": ""BTC-25MAR22"", ""trade_seq"": 733065, ""age_seconds"": 0.352}, {""instrument"": ""BTC-31DEC21"", ""trade_seq"": 2261035, ""age_seconds"": 27.075}]",False,,0.1323235286249643,2021-10-16,3677.6944049999997,0.18252196842404575,shock
184732861,BTC-26NOV21-64000-C,2021-11-26,64000.0,C,1634368895310,7,0.11240184836377473,61800.34,0.107,62731.1154584449,"[{""instrument"": ""BTC-24JUN22"", ""trade_seq"": 206714, ""age_seconds"": 2.572}, {""instrument"": ""BTC-25MAR22"", ""trade_seq"": 733139, ""age_seconds"": 2.731}, {""instrument"": ""BTC-31DEC21"", ""trade_seq"": 2261111, ""age_seconds"": 2.657}]",False,,-0.020025499511381224,2021-10-16,6612.63638,0.1054123831797702,shock
184737195,BTC-26NOV21-70000-C,2021-11-26,70000.0,C,1634370606429,7,0.11234758913622526,61780.9,0.0725,62704.66392066275,"[{""instrument"": ""BTC-24JUN22"", ""trade_seq"": 206779, ""age_seconds"": 72.348}, {""instrument"": ""BTC-25MAR22"", ""trade_seq"": 733408, ""age_seconds"": 19.808}, {""instrument"": ""BTC-31DEC21"", ""trade_seq"": 2261670, ""age_seconds"": 66.165}]",False,,-0.11005941247732316,2021-10-16,4479.11525,0.0714319313738323,shock
184738518,BTC-26NOV21-75000-C,2021-11-26,75000.0,C,1634371107092,7,0.11233171321664129,61697.19,0.051,62612.35607172136,"[{""instrument"": ""BTC-24JUN22"", ""trade_seq"": 206808, ""age_seconds"": 20.853}, {""instrument"": ""BTC-25MAR22"", ""trade_seq"": 733424, ""age_seconds"": 28.902}, {""instrument"": ""BTC-31DEC21"", ""trade_seq"": 2261833, ""age_seconds"": 21.072}]",False,,-0.18052547356998894,2021-10-16,3146.55669,0.05025456455265274,shock
184731847,BTC-29OCT21-48000-P,2021-10-29,48000.0,P,1634367823363,7,0.03572351081303907,61809.91,0.0055,62114.042275366395,"[{""instrument"": ""BTC-24JUN22"", ""trade_seq"": 206694, ""age_seconds"": 299.771}, {""instrument"": ""BTC-25MAR22"", ""trade_seq"": 733065, ""age_seconds"": 7.973}, {""instrument"": ""BTC-31DEC21"", ""trade_seq"": 2261036, ""age_seconds"": 7.062}]",False,,0.2577710760663373,2021-10-16,339.954505,0.23270095216615222,shock
184732974,BTC-29OCT21-52000-P,2021-10-29,52000.0,P,1634368965594,7,0.035687290905631656,61759.21,0.013,62057.666836907214,"[{""instrument"": ""BTC-24JUN22"", ""trade_seq"": 206714, ""age_seconds"": 72.856}, {""instrument"": ""BTC-25MAR22"", ""trade_seq"": 733148, ""age_seconds"": 1.787}, {""instrument"": ""BTC-31DEC21"", ""trade_seq"": 2261119, ""age_seconds"": 30.146}]",False,,0.1768203444518289,2021-10-16,802.86973,0.17500716866216742,shock
184732321,BTC-29OCT21-60000-P,2021-10-29,60000.0,P,1634368368659,7,0.035706219590309486,61909.33,0.048,62209.99002211721,"[{""instrument"": ""BTC-24JUN22"", ""trade_seq"": 206703, ""age_seconds"": 124.916}, {""instrument"": ""BTC-25MAR22"", ""trade_seq"": 733113, ""age_seconds"": 23.455}, {""instrument"": ""BTC-31DEC21"", ""trade_seq"": 2261075, ""age_seconds"": 124.585}]",False,,0.03617103591447906,2021-10-16,2971.64784,0.08329269720626875,shock
184737575,BTC-29OCT21-62000-P,2021-10-29,62000.0,P,1634370771066,7,0.03563003976407914,61757.9,0.064,62050.91166154672,"[{""instrument"": ""BTC-24JUN22"", ""trade_seq"": 206782, ""age_seconds"": 108.76}, {""instrument"": ""BTC-25MAR22"", ""trade_seq"": 733411, ""age_seconds"": 104.593}, {""instrument"": ""BTC-31DEC21"", ""trade_seq"": 2261718, ""age_seconds"": 1.973}]",False,,0.0008208188674029304,2021-10-16,3952.5056,0.06451826660312643,shock
184732720,BTC-29OCT21-65000-C,2021-10-29,65000.0,C,1634368829201,7,0.0356916158992897,61855.44,0.046,62154.833989480554,"[{""instrument"": ""BTC-24JUN22"", ""trade_seq"": 206711, ""age_seconds"": 337.019}, {""instrument"": ""BTC-25MAR22"", ""trade_seq"": 733134, ""age_seconds"": 3.509}, {""instrument"": ""BTC-31DEC21"", ""trade_seq"": 2261107, ""age_seconds"": 151.019}]",False,,-0.044758675567269174,2021-10-16,2845.35024,0.04577842232643665,shock
184738687,BTC-29OCT21-68000-C,2021-10-29,68000.0,C,1634371177432,7,0.03561715398274987,61727.31,0.0305,62013.01383865889,"[{""instrument"": ""BTC-24JUN22"", ""trade_seq"": 206816, ""age_seconds"": 45.58}, {""instrument"": ""BTC-25MAR22"", ""trade_seq"": 733438, ""age_seconds"": 39.257}, {""instrument"": ""BTC-31DEC21"", ""trade_seq"": 2261857, ""age_seconds"": 39.254}]",False,,-0.09216344153353849,2021-10-16,1882.682955,0.030359481638777185,shock
184736319,BTC-30SEP22-50000-P,2022-09-30,50000.0,P,1634370257149,7,0.9561942811707255,61765.79,0.184,69028.85300635347,"[{""instrument"": ""BTC-24JUN22"", ""trade_seq"": 206770, ""age_seconds"": 50.991}, {""instrument"": ""BTC-25MAR22"", ""trade_seq"": 733308, ""age_seconds"": 31.9}, {""instrument"": ""BTC-31DEC21"", ""trade_seq"": 2261484, ""age_seconds"": 0.103}]",True,,0.3225015712771587,2021-10-16,11364.90536,0.4403051339061943,shock
184735172,BTC-31DEC21-64000-C,2021-12-31,64000.0,C,1634369897069,7,0.208260493753171,61681.46,0.16,63358.00000000001,"[{""instrument"": ""BTC-24JUN22"", ""trade_seq"": 206759, ""age_seconds"": 0.811}, {""instrument"": ""BTC-25MAR22"", ""trade_seq"": 733260, ""age_seconds"": 0.644}, {""instrument"": ""BTC-31DEC21"", ""trade_seq"": 2261360, ""age_seconds"": 0.034}]",False,,-0.010081902008272855,2021-10-16,9869.0336,0.15576617948798888,shock
184731732,BTC-5NOV21-45000-P,2021-11-05,45000.0,P,1634367696019,7,0.054905631056570266,61855.1,0.0065,62328.01232841545,"[{""instrument"": ""BTC-24JUN22"", ""trade_seq"": 206694, ""age_seconds"": 172.427}, {""instrument"": ""BTC-25MAR22"", ""trade_seq"": 733053, ""age_seconds"": 88.039}, {""instrument"": ""BTC-31DEC21"", ""trade_seq"": 2261019, ""age_seconds"": 3.485}]",False,,0.32574847105720767,2021-10-16,402.05814999999996,0.2844639162403111,shock
184732718,BTC-5NOV21-75000-C,2021-11-05,75000.0,C,1634368820517,7,0.05486997345890411,61858.48,0.022,62319.36901604409,"[{""instrument"": ""BTC-24JUN22"", ""trade_seq"": 206711, ""age_seconds"": 328.335}, {""instrument"": ""BTC-25MAR22"", ""trade_seq"": 733133, ""age_seconds"": 97.63}, {""instrument"": ""BTC-31DEC21"", ""trade_seq"": 2261107, ""age_seconds"": 142.335}]",False,,-0.18521583692809007,2021-10-16,1360.88656,0.021837296838638408,shock
184839890,BTC-26NOV21-48000-P,2021-11-26,48000.0,P,1634457159217,7,0.10960301823313039,60484.42,0.0275,61316.5737630236,"[{""instrument"": ""BTC-24JUN22"", ""trade_seq"": 209719, ""age_seconds"": 0.368}, {""instrument"": ""BTC-25MAR22"", ""trade_seq"": 739351, ""age_seconds"": 0.14}, {""instrument"": ""BTC-31DEC21"", ""trade_seq"": 2277537, ""age_seconds"": 0.027}]",False,,0.2448491668286,2021-10-17,1663.32155,0.2443041806431965,shock
184839745,BTC-26NOV21-50000-P,2021-11-26,50000.0,P,1634457110013,7,0.10960457848173516,60503.92,0.0355,61356.7600322984,"[{""instrument"": ""BTC-24JUN22"", ""trade_seq"": 209716, ""age_seconds"": 39.622}, {""instrument"": ""BTC-25MAR22"", ""trade_seq"": 739340, ""age_seconds"": 38.995}, {""instrument"": ""BTC-31DEC21"", ""trade_seq"": 2277517, ""age_seconds"": 15.433}]",False,,0.2046823476340493,2021-10-17,2147.8891599999997,0.22010042879039748,shock
184839590,BTC-26NOV21-58000-P,2021-11-26,58000.0,P,1634457069858,7,0.10960585178843227,60532.66,0.0825,61380.77417226342,"[{""instrument"": ""BTC-24JUN22"", ""trade_seq"": 209715, ""age_seconds"": 0.739}, {""instrument"": ""BTC-25MAR22"", ""trade_seq"": 739333, ""age_seconds"": 0.583}, {""instrument"": ""BTC-31DEC21"", ""trade_seq"": 2277511, ""age_seconds"": 0.653}]",False,,0.05665365134281208,2021-10-17,4993.944450000001,0.13643879105792972,shock
184840025,BTC-26NOV21-62000-C,2021-11-26,62000.0,C,1634457161255,7,0.10960295360857433,60428.63,0.106,61266.72878181336,"[{""instrument"": ""BTC-24JUN22"", ""trade_seq"": 209723, ""age_seconds"": 1.929}, {""instrument"": ""BTC-25MAR22"", ""trade_seq"": 739355, ""age_seconds"": 0.782}, {""instrument"": ""BTC-31DEC21"", ""trade_seq"": 2277549, ""age_seconds"": 0.011}]",False,,-0.011897449943161805,2021-10-17,6405.43478,0.10454997202170539,shock
184840669,BTC-29OCT21-55000-P,2021-10-29,55000.0,P,1634457449604,7,0.03288148135464231,60387.28,0.022,60640.56395588315,"[{""instrument"": ""BTC-24JUN22"", ""trade_seq"": 209734, ""age_seconds"": 22.059}, {""instrument"": ""BTC-25MAR22"", ""trade_seq"": 739396, ""age_seconds"": 8.773}, {""instrument"": ""BTC-31DEC21"", ""trade_seq"": 2277580, ""age_seconds"": 22.072}]",False,,0.09763085612243622,2021-10-17,1328.5201599999998,0.11492446081064245,shock
184838877,BTC-29OCT21-56000-P,2021-10-29,56000.0,P,1634456280132,7,0.03291856506849315,60625.02,0.0255,60883.67870369396,"[{""instrument"": ""BTC-24JUN22"", ""trade_seq"": 209691, ""age_seconds"": 7.982}, {""instrument"": ""BTC-25MAR22"", ""trade_seq"": 739292, ""age_seconds"": 7.747}, {""instrument"": ""BTC-31DEC21"", ""trade_seq"": 2277430, ""age_seconds"": 7.723}]",False,,0.08361344648048052,2021-10-17,1545.9380099999998,0.10560493141331585,shock
184840831,BTC-29OCT21-60000-P,2021-10-29,60000.0,P,1634457549877,7,0.032878301718670726,60395.1,0.052,60648.55099985838,"[{""instrument"": ""BTC-24JUN22"", ""trade_seq"": 209737, ""age_seconds"": 26.614}, {""instrument"": ""BTC-25MAR22"", ""trade_seq"": 739402, ""age_seconds"": 1.425}, {""instrument"": ""BTC-31DEC21"", ""trade_seq"": 2277600, ""age_seconds"": 17.962}]",False,,0.010751181701329215,2021-10-17,3140.5451999999996,0.062476285704949966,shock
184838893,BTC-29OCT21-63000-C,2021-10-29,63000.0,C,1634456343239,7,0.03291656395865043,60621.89,0.0425,60880.52211657752,"[{""instrument"": ""BTC-24JUN22"", ""trade_seq"": 209691, ""age_seconds"": 71.089}, {""instrument"": ""BTC-25MAR22"", ""trade_seq"": 739292, ""age_seconds"": 70.854}, {""instrument"": ""BTC-31DEC21"", ""trade_seq"": 2277430, ""age_seconds"": 70.83}]",False,,-0.03422143671558824,2021-10-17,2576.4303250000003,0.0423194518612456,shock
184839382,BTC-29OCT21-68000-C,2021-10-29,68000.0,C,1634457035341,7,0.03289461754819888,60571.5,0.0205,60821.923516967116,"[{""instrument"": ""BTC-24JUN22"", ""trade_seq"": 209710, ""age_seconds"": 0.085}, {""instrument"": ""BTC-25MAR22"", ""trade_seq"": 739310, ""age_seconds"": 1.248}, {""instrument"": ""BTC-31DEC21"", ""trade_seq"": 2277499, ""age_seconds"": 0.013}]",False,,-0.11155739703818686,2021-10-17,1241.71575,0.02041559487433189,shock
184837889,BTC-31DEC21-70000-C,2021-12-31,70000.0,C,1634454897649,7,0.20556514304287163,60738.64,0.113,62406.09527217731,"[{""instrument"": ""BTC-24JUN22"", ""trade_seq"": 209658, ""age_seconds"": 249.322}, {""instrument"": ""BTC-25MAR22"", ""trade_seq"": 739242, ""age_seconds"": 27.595}, {""instrument"": ""BTC-31DEC21"", ""trade_seq"": 2277323, ""age_seconds"": 9.437}]",False,,-0.11483229080055338,2021-10-17,6863.46632,0.10998070444987382,shock
184839205,BTC-31DEC21-80000-C,2021-12-31,80000.0,C,1634456976005,7,0.20549923880644344,60609.54,0.0715,62244.45830393683,"[{""instrument"": ""BTC-24JUN22"", ""trade_seq"": 209699, ""age_seconds"": 47.087}, {""instrument"": ""BTC-25MAR22"", ""trade_seq"": 739302, ""age_seconds"": 46.18}, {""instrument"": ""BTC-31DEC21"", ""trade_seq"": 2277466, ""age_seconds"": 4.303}]",False,,-0.25095712652179797,2021-10-17,4333.582109999999,0.0696219748405443,shock
184839106,BTC-5NOV21-46000-P,2021-11-05,46000.0,P,1634456851444,7,0.052078531075596145,60657.42,0.0065,61074.52821279743,"[{""instrument"": ""BTC-24JUN22"", ""trade_seq"": 209692, ""age_seconds"": 183.355}, {""instrument"": ""BTC-25MAR22"", ""trade_seq"": 739297, ""age_seconds"": 402.486}, {""instrument"": ""BTC-31DEC21"", ""trade_seq"": 2277451, ""age_seconds"": 28.175}]",False,,0.28345349590604285,2021-10-17,394.27322999999996,0.2532774610865701,shock
184839554,BTC-5NOV21-56000-P,2021-11-05,56000.0,P,1634457068377,7,0.05207165217529173,60540.13,0.037,60944.8198750752,"[{""instrument"": ""BTC-24JUN22"", ""trade_seq"": 209714, ""age_seconds"": 29.982}, {""instrument"": ""BTC-25MAR22"", ""trade_seq"": 739330, ""age_seconds"": 0.239}, {""instrument"": ""BTC-31DEC21"", ""trade_seq"": 2277509, ""age_seconds"": 0.169}]",False,,0.0846171718358389,2021-10-17,2239.98481,0.11789032603267388,shock
184839959,BTC-5NOV21-60000-P,2021-11-05,60000.0,P,1634457159571,7,0.052068760432521566,60484.42,0.0655,60867.01738522062,"[{""instrument"": ""BTC-24JUN22"", ""trade_seq"": 209723, ""age_seconds"": 0.245}, {""instrument"": ""BTC-25MAR22"", ""trade_seq"": 739353, ""age_seconds"": 0.077}, {""instrument"": ""BTC-31DEC21"", ""trade_seq"": 2277540, ""age_seconds"": 0.133}]",False,,0.014346879333256578,2021-10-17,3961.72951,0.07933273392813085,shock
138636192,BTC-24SEP21-50000-P,2021-09-24,50000.0,P,1616658604161,7,0.5013887569444444,52617.84,0.163,58009.37932370562,"[{""instrument"": ""BTC-24SEP21"", ""trade_seq"": 855075, ""age_seconds"": 6.724}, {""instrument"": ""BTC-25JUN21"", ""trade_seq"": 2138221, ""age_seconds"": 0.026}, {""instrument"": ""BTC-26MAR21"", ""trade_seq"": 5502214, ""age_seconds"": 5.058}]",False,,0.1485817045219032,2021-03-25,8576.707919999999,0.28592078448472025,shock
138637875,BTC-24SEP21-64000-C,2021-09-24,64000.0,C,1616658718813,7,0.501385121353374,52487.98,0.21,57866.462447376056,"[{""instrument"": ""BTC-24SEP21"", ""trade_seq"": 855116, ""age_seconds"": 3.123}, {""instrument"": ""BTC-25JUN21"", ""trade_seq"": 2138612, ""age_seconds"": 0.088}, {""instrument"": ""BTC-26MAR21"", ""trade_seq"": 5502412, ""age_seconds"": 0.649}]",True,,-0.10074509894296553,2021-03-25,11022.4758,0.1904812448147124,shock
138637987,BTC-24SEP21-72000-C,2021-09-24,72000.0,C,1616658727563,7,0.5013848438926941,52520.56,0.176,57912.38669282159,"[{""instrument"": ""BTC-24SEP21"", ""trade_seq"": 855120, ""age_seconds"": 2.999}, {""instrument"": ""BTC-25JUN21"", ""trade_seq"": 2138634, ""age_seconds"": 0.396}, {""instrument"": ""BTC-26MAR21"", ""trade_seq"": 5502416, ""age_seconds"": 1.051}]",False,,-0.21773482479889625,2021-03-25,9243.618559999999,0.1596138423551757,shock
138641020,BTC-25JUN21-40000-P,2021-06-25,40000.0,P,1616659059451,7,0.2520592513001015,52375.72,0.053,54615.0,"[{""instrument"": ""BTC-24SEP21"", ""trade_seq"": 855321, ""age_seconds"": 23.986}, {""instrument"": ""BTC-25JUN21"", ""trade_seq"": 2139317, ""age_seconds"": 0.131}, {""instrument"": ""BTC-26MAR21"", ""trade_seq"": 5502704, ""age_seconds"": 0.037}]",False,,0.31142911618157015,2021-03-25,2775.91316,0.3184274129817815,shock
138640222,BTC-25JUN21-50000-P,2021-06-25,50000.0,P,1616658973564,7,0.25206197475900555,52392.45,0.12,54675.964397048476,"[{""instrument"": ""BTC-24SEP21"", ""trade_seq"": 855299, ""age_seconds"": 0.404}, {""instrument"": ""BTC-25JUN21"", ""trade_seq"": 2139066, ""age_seconds"": 0.399}, {""instrument"": ""BTC-26MAR21"", ""trade_seq"": 5502647, ""age_seconds"": 1.356}]",False,,0.08940119969971896,2021-03-25,6287.093999999999,0.20050964839753765,shock
138640987,BTC-25JUN21-56000-C,2021-06-25,56000.0,C,1616659058852,7,0.2520592702942669,52375.72,0.155,54585.00000000001,"[{""instrument"": ""BTC-24SEP21"", ""trade_seq"": 855321, ""age_seconds"": 23.387}, {""instrument"": ""BTC-25JUN21"", ""trade_seq"": 2139308, ""age_seconds"": 0.005}, {""instrument"": ""BTC-26MAR21"", ""trade_seq"": 5502702, ""age_seconds"": 0.119}]",False,,-0.025592571002916318,2021-03-25,8118.2366,0.14872651094623063,shock
138639875,BTC-25JUN21-60000-C,2021-06-25,60000.0,C,1616658934231,7,0.25206322200025366,52414.61,0.135,54691.40593140544,"[{""instrument"": ""BTC-24SEP21"", ""trade_seq"": 855270, ""age_seconds"": 7.811}, {""instrument"": ""BTC-25JUN21"", ""trade_seq"": 2139015, ""age_seconds"": 0.826}, {""instrument"": ""BTC-26MAR21"", ""trade_seq"": 5502620, ""age_seconds"": 2.475}]",False,,-0.09263797790905086,2021-03-25,7075.972350000001,0.1293799680131603,shock
138632711,BTC-25JUN21-64000-C,2021-06-25,64000.0,C,1616657584023,7,0.2521060368150685,52939.57,0.117,55321.937299901794,"[{""instrument"": ""BTC-24SEP21"", ""trade_seq"": 854903, ""age_seconds"": 132.929}, {""instrument"": ""BTC-25JUN21"", ""trade_seq"": 2137476, ""age_seconds"": 5.349}, {""instrument"": ""BTC-26MAR21"", ""trade_seq"": 5501612, ""age_seconds"": 4.821}]",False,,-0.14571355729376198,2021-03-25,6193.92969,0.11196154712410976,shock
138637301,BTC-25JUN21-72000-C,2021-06-25,72000.0,C,1616658663767,7,0.25207179835743276,52494.04,0.084,54809.5,"[{""instrument"": ""BTC-24SEP21"", ""trade_seq"": 855107, ""age_seconds"": 4.29}, {""instrument"": ""BTC-25JUN21"", ""trade_seq"": 2138474, ""age_seconds"": 0.505}, {""instrument"": ""BTC-26MAR21"", ""trade_seq"": 5502353, ""age_seconds"": 0.304}]",False,,-0.2728025824225553,2021-03-25,4409.499360000001,0.08045136992674629,shock
138635074,BTC-28MAY21-45000-P,2021-05-28,45000.0,P,1616658486494,7,0.17536509088026384,52735.6,0.057,54390.522007433174,"[{""instrument"": ""BTC-24SEP21"", ""trade_seq"": 855051, ""age_seconds"": 23.046}, {""instrument"": ""BTC-25JUN21"", ""trade_seq"": 2137978, ""age_seconds"": 0.306}, {""instrument"": ""BTC-26MAR21"", ""trade_seq"": 5501956, ""age_seconds"": 1.831}]",False,,0.18952742110761286,2021-03-25,3005.9292,0.2279156505565259,shock
138642181,BTC-28MAY21-50000-P,2021-05-28,50000.0,P,1616659140425,7,0.1753443548642821,52332.56,0.094,53858.80443850227,"[{""instrument"": ""BTC-24SEP21"", ""trade_seq"": 855380, ""age_seconds"": 1.361}, {""instrument"": ""BTC-25JUN21"", ""trade_seq"": 2139631, ""age_seconds"": 0.156}, {""instrument"": ""BTC-26MAR21"", ""trade_seq"": 5502815, ""age_seconds"": 4.132}]",False,,0.07434288413192751,2021-03-25,4919.2606399999995,0.1629829174638541,shock
138642141,BTC-28MAY21-55000-C,2021-05-28,55000.0,C,1616659136611,7,0.17534447580542872,52335.81,0.126,53855.04703296395,"[{""instrument"": ""BTC-24SEP21"", ""trade_seq"": 855379, ""age_seconds"": 9.31}, {""instrument"": ""BTC-25JUN21"", ""trade_seq"": 2139605, ""age_seconds"": 0.436}, {""instrument"": ""BTC-26MAR21"", ""trade_seq"": 5502815, ""age_seconds"": 0.318}]",False,,-0.021037062104263243,2021-03-25,6594.31206,0.12244557238922678,shock
138641826,BTC-28MAY21-60000-C,2021-05-28,60000.0,C,1616659110183,7,0.17534531383181126,52281.11,0.094,53812.90431445841,"[{""instrument"": ""BTC-24SEP21"", ""trade_seq"": 855372, ""age_seconds"": 1.301}, {""instrument"": ""BTC-25JUN21"", ""trade_seq"": 2139501, ""age_seconds"": 3.916}, {""instrument"": ""BTC-26MAR21"", ""trade_seq"": 5502777, ""age_seconds"": 0.156}]",False,,-0.10883126666942125,2021-03-25,4914.4243400000005,0.09132427254404102,shock
138640036,BTC-28MAY21-65000-C,2021-05-28,65000.0,C,1616658949454,7,0.17535041051496703,52386.05,0.0725,53961.42721983704,"[{""instrument"": ""BTC-24SEP21"", ""trade_seq"": 855279, ""age_seconds"": 4.388}, {""instrument"": ""BTC-25JUN21"", ""trade_seq"": 2139039, ""age_seconds"": 3.1}, {""instrument"": ""BTC-26MAR21"", ""trade_seq"": 5502636, ""age_seconds"": 1.179}]",False,,-0.18611778931659567,2021-03-25,3797.988625,0.0703833983027751,shock
138642357,BTC-28MAY21-70000-C,2021-05-28,70000.0,C,1616659152756,7,0.17534396385083714,52282.14,0.0565,53818.488161873465,"[{""instrument"": ""BTC-24SEP21"", ""trade_seq"": 855386, ""age_seconds"": 4.607}, {""instrument"": ""BTC-25JUN21"", ""trade_seq"": 2139691, ""age_seconds"": 0.54}, {""instrument"": ""BTC-26MAR21"", ""trade_seq"": 5502825, ""age_seconds"": 0.223}]",False,,-0.2628781877829512,2021-03-25,2953.9409100000003,0.05488710312923014,shock
138642559,BTC-2APR21-38000-P,2021-04-02,38000.0,P,1616659168880,7,0.021918795027904617,52260.26,0.004,52406.58229023704,"[{""instrument"": ""BTC-24SEP21"", ""trade_seq"": 855409, ""age_seconds"": 2.689}, {""instrument"": ""BTC-25JUN21"", ""trade_seq"": 2139739, ""age_seconds"": 0.249}, {""instrument"": ""BTC-26MAR21"", ""trade_seq"": 5502833, ""age_seconds"": 0.025}]",False,,0.3214460399374509,2021-03-25,209.04104,0.278889076362452,shock
138642721,BTC-2APR21-42000-P,2021-04-02,42000.0,P,1616659185144,7,0.021918279299847795,52238.51,0.007,52380.55134989066,"[{""instrument"": ""BTC-24SEP21"", ""trade_seq"": 855412, ""age_seconds"": 0.175}, {""instrument"": ""BTC-25JUN21"", ""trade_seq"": 2139781, ""age_seconds"": 0.025}, {""instrument"": ""BTC-26MAR21"", ""trade_seq"": 5502840, ""age_seconds"": 5.08}]",False,,0.22086574670282094,2021-03-25,365.66957,0.20515669734188646,shock
138642548,BTC-2APR21-44000-P,2021-04-02,44000.0,P,1616659167943,7,0.021918824739979706,52261.52,0.0095,52410.82363674485,"[{""instrument"": ""BTC-24SEP21"", ""trade_seq"": 855409, ""age_seconds"": 1.752}, {""instrument"": ""BTC-25JUN21"", ""trade_seq"": 2139735, ""age_seconds"": 0.551}, {""instrument"": ""BTC-26MAR21"", ""trade_seq"": 5502832, ""age_seconds"": 4.526}]",False,,0.17492349403172444,2021-03-25,496.48443999999995,0.169951690484406,shock
138637943,BTC-2APR21-46000-P,2021-04-02,46000.0,P,1616658723963,7,0.021932903253424656,52510.02,0.0135,52690.54362477957,"[{""instrument"": ""BTC-24SEP21"", ""trade_seq"": 855118, ""age_seconds"": 0.33}, {""instrument"": ""BTC-25JUN21"", ""trade_seq"": 2138625, ""age_seconds"": 0.36}, {""instrument"": ""BTC-26MAR21"", ""trade_seq"": 5502415, ""age_seconds"": 1.584}]",False,,0.13579460509735253,2021-03-25,708.88527,0.14043181917940462,shock
138641172,BTC-2APR21-48000-P,2021-04-02,48000.0,P,1616659065983,7,0.02192205787037037,52346.55,0.018,52475.50044330238,"[{""instrument"": ""BTC-24SEP21"", ""trade_seq"": 855321, ""age_seconds"": 30.518}, {""instrument"": ""BTC-25JUN21"", ""trade_seq"": 2139349, ""age_seconds"": 0.507}, {""instrument"": ""BTC-26MAR21"", ""trade_seq"": 5502711, ""age_seconds"": 1.573}]",False,,0.08914539154804037,2021-03-25,942.2379,0.10324319534896141,shock
138640847,BTC-2APR21-50000-P,2021-04-02,50000.0,P,1616659043088,7,0.021922783866057838,52390.3,0.028,52550.10003437451,"[{""instrument"": ""BTC-24SEP21"", ""trade_seq"": 855321, ""age_seconds"": 7.623}, {""instrument"": ""BTC-25JUN21"", ""trade_seq"": 2139233, ""age_seconds"": 0.96}, {""instrument"": ""BTC-26MAR21"", ""trade_seq"": 5502696, ""age_seconds"": 0.81}]",False,,0.049743995496703726,2021-03-25,1466.9284,0.07644187987742859,shock
138642711,BTC-2APR21-52000-P,2021-04-02,52000.0,P,1616659184666,7,0.02191829445712836,52226.42,0.042,52369.3609051975,"[{""instrument"": ""BTC-24SEP21"", ""trade_seq"": 855409, ""age_seconds"": 18.475}, {""instrument"": ""BTC-25JUN21"", ""trade_seq"": 2139780, ""age_seconds"": 0.542}, {""instrument"": ""BTC-26MAR21"", ""trade_seq"": 5502840, ""age_seconds"": 4.602}]",False,,0.007077986183100211,2021-03-25,2193.50964,0.04893835824800268,shock
138642310,BTC-2APR21-54000-C,2021-04-02,54000.0,C,1616659148369,7,0.021919445427447996,52318.68,0.0335,52462.973880534344,"[{""instrument"": ""BTC-24SEP21"", ""trade_seq"": 855386, ""age_seconds"": 0.22}, {""instrument"": ""BTC-25JUN21"", ""trade_seq"": 2139678, ""age_seconds"": 0.095}, {""instrument"": ""BTC-26MAR21"", ""trade_seq"": 5502819, ""age_seconds"": 0.212}]",False,,-0.028876385197505083,2021-03-25,1752.67578,0.03340786178059772,shock
138641936,BTC-2APR21-56000-C,2021-04-02,56000.0,C,1616659117201,7,0.021920433758244547,52320.32,0.023,52492.08635897155,"[{""instrument"": ""BTC-24SEP21"", ""trade_seq"": 855377, ""age_seconds"": 5.288}, {""instrument"": ""BTC-25JUN21"", ""trade_seq"": 2139526, ""age_seconds"": 0.034}, {""instrument"": ""BTC-26MAR21"", ""trade_seq"": 5502787, ""age_seconds"": 2.729}]",False,,-0.0646892685189762,2021-03-25,1203.36736,0.022924738631470484,shock
138640769,BTC-2APR21-58000-C,2021-04-02,58000.0,C,1616659033485,7,0.021923088375190258,52388.7,0.0155,52541.456120285446,"[{""instrument"": ""BTC-24SEP21"", ""trade_seq"": 855310, ""age_seconds"": 11.726}, {""instrument"": ""BTC-25JUN21"", ""trade_seq"": 2139221, ""age_seconds"": 0.167}, {""instrument"": ""BTC-26MAR21"", ""trade_seq"": 5502688, ""age_seconds"": 2.233}]",False,,-0.0988405121643969,2021-03-25,812.0248499999999,0.015454936158240382,shock
138640763,BTC-2APR21-60000-C,2021-04-02,60000.0,C,1616659032399,7,0.021923122812024354,52389.57,0.0105,52541.517866911345,"[{""instrument"": ""BTC-24SEP21"", ""trade_seq"": 855310, ""age_seconds"": 10.64}, {""instrument"": ""BTC-25JUN21"", ""trade_seq"": 2139217, ""age_seconds"": 2.827}, {""instrument"": ""BTC-26MAR21"", ""trade_seq"": 5502688, ""age_seconds"": 1.147}]",False,,-0.13274088864254519,2021-03-25,550.0904850000001,0.010469634440203834,shock
138642697,BTC-2APR21-62000-C,2021-04-02,62000.0,C,1616659183535,7,0.021918330320903096,52226.71,0.0075,52369.62933010734,"[{""instrument"": ""BTC-24SEP21"", ""trade_seq"": 855409, ""age_seconds"": 17.344}, {""instrument"": ""BTC-25JUN21"", ""trade_seq"": 2139778, ""age_seconds"": 0.396}, {""instrument"": ""BTC-26MAR21"", ""trade_seq"": 5502840, ""age_seconds"": 3.471}]",False,,-0.16880755468389286,2021-03-25,391.70032499999996,0.007479532125976136,shock
138641725,BTC-2APR21-64000-C,2021-04-02,64000.0,C,1616659099146,7,0.021921006278538813,52272.57,0.005,52426.588614995715,"[{""instrument"": ""BTC-24SEP21"", ""trade_seq"": 855366, ""age_seconds"": 1.698}, {""instrument"": ""BTC-25JUN21"", ""trade_seq"": 2139474, ""age_seconds"": 1.102}, {""instrument"": ""BTC-26MAR21"", ""trade_seq"": 5502762, ""age_seconds"": 1.138}]",False,,-0.19946920440809066,2021-03-25,261.36285,0.004985311020699174,shock
138639670,BTC-2APR21-66000-C,2021-04-02,66000.0,C,1616658918231,7,0.021926743055555555,52495.66,0.004,52658.351172430455,"[{""instrument"": ""BTC-24SEP21"", ""trade_seq"": 855217, ""age_seconds"": 0.26}, {""instrument"": ""BTC-25JUN21"", ""trade_seq"": 2139006, ""age_seconds"": 0.306}, {""instrument"": ""BTC-26MAR21"", ""trade_seq"": 5502610, ""age_seconds"": 2.897}]",False,,-0.22582989926443678,2021-03-25,209.98264000000003,0.003987641757190785,shock
138633511,BTC-2APR21-68000-C,2021-04-02,68000.0,C,1616657930956,7,0.021958049340436325,52957.49,0.003,53157.90144719576,"[{""instrument"": ""BTC-24SEP21"", ""trade_seq"": 855010, ""age_seconds"": 14.041}, {""instrument"": ""BTC-25JUN21"", ""trade_seq"": 2137629, ""age_seconds"": 0.956}, {""instrument"": ""BTC-26MAR21"", ""trade_seq"": 5501738, ""age_seconds"": 1.1}]",False,,-0.24624094827287427,2021-03-25,158.87247,0.0029886896524275977,shock
138642780,BTC-2APR21-72000-C,2021-04-02,72000.0,C,1616659193002,7,0.021918030124302386,52230.61,0.002,52402.87642366071,"[{""instrument"": ""BTC-24SEP21"", ""trade_seq"": 855412, ""age_seconds"": 8.033}, {""instrument"": ""BTC-25JUN21"", ""trade_seq"": 2139801, ""age_seconds"": 0.832}, {""instrument"": ""BTC-26MAR21"", ""trade_seq"": 5502842, ""age_seconds"": 1.338}]",False,,-0.31770463561434503,2021-03-25,104.46122,0.001993425306570273,shock
138637726,BTC-30APR21-40000-P,2021-04-30,40000.0,P,1616658692723,7,0.09864622263444951,52476.51,0.022,53373.833554200704,"[{""instrument"": ""BTC-24SEP21"", ""trade_seq"": 855114, ""age_seconds"": 1.044}, {""instrument"": ""BTC-25JUN21"", ""trade_seq"": 2138563, ""age_seconds"": 0.563}, {""instrument"": ""BTC-26MAR21"", ""trade_seq"": 5502402, ""age_seconds"": 5.057}]",False,,0.28844116341058795,2021-03-25,1154.48322,0.2721992370933468,shock
138639651,BTC-30APR21-48000-P,2021-04-30,48000.0,P,1616658913568,7,0.09863921968543886,52502.76,0.0545,53373.80429309934,"[{""instrument"": ""BTC-24SEP21"", ""trade_seq"": 855215, ""age_seconds"": 41.927}, {""instrument"": ""BTC-25JUN21"", ""trade_seq"": 2139003, ""age_seconds"": 1.163}, {""instrument"": ""BTC-26MAR21"", ""trade_seq"": 5502609, ""age_seconds"": 3.731}]",False,,0.10611905838714648,2021-03-25,2861.40042,0.15429300613229963,shock
138640795,BTC-30APR21-50000-P,2021-04-30,50000.0,P,1616659036244,7,0.09863532965499747,52377.24,0.069,53222.067600742856,"[{""instrument"": ""BTC-24SEP21"", ""trade_seq"": 855321, ""age_seconds"": 0.779}, {""instrument"": ""BTC-25JUN21"", ""trade_seq"": 2139229, ""age_seconds"": 1.229}, {""instrument"": ""BTC-26MAR21"", ""trade_seq"": 5502688, ""age_seconds"": 4.992}]",False,,0.06245010943708052,2021-03-25,3614.02956,0.1284447874521778,shock
138642607,BTC-30APR21-52000-P,2021-04-30,52000.0,P,1616659177532,7,0.09863084944190766,52262.85,0.0875,53089.84538286887,"[{""instrument"": ""BTC-24SEP21"", ""trade_seq"": 855409, ""age_seconds"": 11.341}, {""instrument"": ""BTC-25JUN21"", ""trade_seq"": 2139761, ""age_seconds"": 0.019}, {""instrument"": ""BTC-26MAR21"", ""trade_seq"": 5502834, ""age_seconds"": 3.165}]",False,,0.02074195565106602,2021-03-25,4572.999374999999,0.10666530891227961,shock
138641637,BTC-30APR21-56000-C,2021-04-30,56000.0,C,1616659092133,7,0.09863355742643329,52285.29,0.077,53125.974574442764,"[{""instrument"": ""BTC-24SEP21"", ""trade_seq"": 855358, ""age_seconds"": 3.785}, {""instrument"": ""BTC-25JUN21"", ""trade_seq"": 2139450, ""age_seconds"": 0.317}, {""instrument"": ""BTC-26MAR21"", ""trade_seq"": 5502757, ""age_seconds"": 0.616}]",False,,-0.052685718728147146,2021-03-25,4025.96733,0.07578152424024925,shock
138639898,BTC-30APR21-60000-C,2021-04-30,60000.0,C,1616658936217,7,0.09863850149036021,52403.92,0.0575,53259.14430116625,"[{""instrument"": ""BTC-24SEP21"", ""trade_seq"": 855270, ""age_seconds"": 9.797}, {""instrument"": ""BTC-25JUN21"", ""trade_seq"": 2139016, ""age_seconds"": 1.811}, {""instrument"": ""BTC-26MAR21"", ""trade_seq"": 5502620, ""age_seconds"": 4.461}]",False,,-0.11917504840987529,2021-03-25,3013.2254,0.05657667691694433,shock
138635339,BTC-30APR21-64000-C,2021-04-30,64000.0,C,1616658524118,7,0.09865156906392694,52673.08,0.045,53542.73337613753,"[{""instrument"": ""BTC-24SEP21"", ""trade_seq"": 855054, ""age_seconds"": 7.242}, {""instrument"": ""BTC-25JUN21"", ""trade_seq"": 2138050, ""age_seconds"": 0.063}, {""instrument"": ""BTC-26MAR21"", ""trade_seq"": 5502023, ""age_seconds"": 0.132}]",False,,-0.17840299359831313,2021-03-25,2370.2886,0.04426909966192294,shock
138638701,BTC-30APR21-68000-C,2021-04-30,68000.0,C,1616658810301,7,0.09864249426052765,52563.13,0.0335,53453.88049122212,"[{""instrument"": ""BTC-24SEP21"", ""trade_seq"": 855183, ""age_seconds"": 12.548}, {""instrument"": ""BTC-25JUN21"", ""trade_seq"": 2138848, ""age_seconds"": 0.145}, {""instrument"": ""BTC-26MAR21"", ""trade_seq"": 5502501, ""age_seconds"": 1.079}]",False,,-0.2406884699432876,2021-03-25,1760.864855,0.032941759116798995,shock
138637113,BTC-30APR21-72000-C,2021-04-30,72000.0,C,1616658650390,7,0.09864756500507356,52515.71,0.0265,53404.15041579366,"[{""instrument"": ""BTC-24SEP21"", ""trade_seq"": 855106, ""age_seconds"": 3.454}, {""instrument"": ""BTC-25JUN21"", ""trade_seq"": 2138442, ""age_seconds"": 0.22}, {""instrument"": ""BTC-26MAR21"", ""trade_seq"": 5502317, ""age_seconds"": 1.991}]",False,,-0.29877765292798975,2021-03-25,1391.666315,0.026059141549201217,shock
138642257,BTC-9APR21-45000-P,2021-04-09,45000.0,P,1616659147304,7,0.04109756139015728,52321.22,0.0175,52661.914884410646,"[{""instrument"": ""BTC-24SEP21"", ""trade_seq"": 855381, ""age_seconds"": 1.8}, {""instrument"": ""BTC-25JUN21"", ""trade_seq"": 2139662, ""age_seconds"": 0.158}, {""instrument"": ""BTC-26MAR21"", ""trade_seq"": 5502817, ""age_seconds"": 0.171}]",False,,0.1572300268044114,2021-03-25,915.6213500000001,0.1628793076217938,shock
138634669,BTC-9APR21-48000-P,2021-04-09,48000.0,P,1616658388815,7,0.04112161291856926,52779.5,0.0286,53153.6889225378,"[{""instrument"": ""BTC-24SEP21"", ""trade_seq"": 855044, ""age_seconds"": 90.632}, {""instrument"": ""BTC-25JUN21"", ""trade_seq"": 2137865, ""age_seconds"": 4.474}, {""instrument"": ""BTC-26MAR21"", ""trade_seq"": 5501917, ""age_seconds"": 2.682}]",False,,0.1019864973518866,2021-03-25,1509.4937,0.1253569179788862,shock
138628573,BTC-9APR21-50000-P,2021-04-09,50000.0,P,1616656216146,7,0.04119050780060883,53033.86,0.0355,53398.5702950709,"[{""instrument"": ""BTC-24SEP21"", ""trade_seq"": 854706, ""age_seconds"": 7.01}, {""instrument"": ""BTC-25JUN21"", ""trade_seq"": 2136151, ""age_seconds"": 1.295}, {""instrument"": ""BTC-26MAR21"", ""trade_seq"": 5501145, ""age_seconds"": 4.628}]",False,,0.06576096667904162,2021-03-25,1882.70203,0.09890287878285017,shock
138640602,BTC-9APR21-52000-P,2021-04-09,52000.0,P,1616659016826,7,0.04110169882039574,52387.46,0.0555,52721.20706862598,"[{""instrument"": ""BTC-24SEP21"", ""trade_seq"": 855308, ""age_seconds"": 12.593}, {""instrument"": ""BTC-25JUN21"", ""trade_seq"": 2139160, ""age_seconds"": 4.01}, {""instrument"": ""BTC-26MAR21"", ""trade_seq"": 5502685, ""age_seconds"": 1.977}]",False,,0.013774067189603138,2021-03-25,2907.50403,0.06882830079938367,shock
138642170,BTC-9APR21-54000-C,2021-04-09,54000.0,C,1616659139202,7,0.04109781830289193,52321.23,0.052,52644.859628357925,"[{""instrument"": ""BTC-24SEP21"", ""trade_seq"": 855380, ""age_seconds"": 0.138}, {""instrument"": ""BTC-25JUN21"", ""trade_seq"": 2139623, ""age_seconds"": 0.081}, {""instrument"": ""BTC-26MAR21"", ""trade_seq"": 5502815, ""age_seconds"": 2.909}]",False,,-0.025415445640378707,2021-03-25,2720.70396,0.051680334589294885,shock
138642149,BTC-9APR21-56000-C,2021-04-09,56000.0,C,1616659137906,7,0.04109785939878235,52325.81,0.04,52644.38997651362,"[{""instrument"": ""BTC-24SEP21"", ""trade_seq"": 855379, ""age_seconds"": 10.605}, {""instrument"": ""BTC-25JUN21"", ""trade_seq"": 2139609, ""age_seconds"": 0.612}, {""instrument"": ""BTC-26MAR21"", ""trade_seq"": 5502815, ""age_seconds"": 1.613}]",False,,-0.061792010984992915,2021-03-25,2093.0324,0.03975793813801946,shock
138642501,BTC-9APR21-60000-C,2021-04-09,60000.0,C,1616659165668,7,0.04109697907153729,52269.12,0.023,52591.12713236276,"[{""instrument"": ""BTC-24SEP21"", ""trade_seq"": 855395, ""age_seconds"": 0.775}, {""instrument"": ""BTC-25JUN21"", ""trade_seq"": 2139721, ""age_seconds"": 0.431}, {""instrument"": ""BTC-26MAR21"", ""trade_seq"": 5502832, ""age_seconds"": 2.251}]",False,,-0.13179714240399426,2021-03-25,1202.18976,0.02285917464697603,shock
139075133,BTC-16APR21-40000-P,2021-04-16,40000.0,P,1616745503614,7,0.05753730295535261,53591.19,0.0115,53890.956742646784,"[{""instrument"": ""BTC-24SEP21"", ""trade_seq"": 876019, ""age_seconds"": 0.222}, {""instrument"": ""BTC-25JUN21"", ""trade_seq"": 2231589, ""age_seconds"": 1.422}, {""instrument"": ""BTC-26MAR21"", ""trade_seq"": 5551376, ""age_seconds"": 0.058}]",False,,0.29808323129508113,2021-03-26,616.298685,0.2691964719966907,shock
139060631,BTC-16APR21-48000-P,2021-04-16,48000.0,P,1616744103571,7,0.05758169802765094,52947.81,0.028,53452.26280348158,"[{""instrument"": ""BTC-24SEP21"", ""trade_seq"": 875055, ""age_seconds"": 0.23}, {""instrument"": ""BTC-25JUN21"", ""trade_seq"": 2228952, ""age_seconds"": 0.077}, {""instrument"": ""BTC-26MAR21"", ""trade_seq"": 5549751, ""age_seconds"": 0.198}]",False,,0.10758796062462427,2021-03-26,1482.5386799999999,0.1297382209800458,shock
139072406,BTC-16APR21-50000-P,2021-04-16,50000.0,P,1616745228616,7,0.057546023084728566,53457.78,0.0385,53820.75335793134,"[{""instrument"": ""BTC-24SEP21"", ""trade_seq"": 875846, ""age_seconds"": 11.939}, {""instrument"": ""BTC-25JUN21"", ""trade_seq"": 2231049, ""age_seconds"": 5.547}, {""instrument"": ""BTC-26MAR21"", ""trade_seq"": 5551266, ""age_seconds"": 11.319}]",False,,0.07363613750455529,2021-03-26,2058.12453,0.10923068744196596,shock
139072379,BTC-16APR21-52000-P,2021-04-16,52000.0,P,1616745223519,7,0.0575461847095383,53457.54,0.051,53820.511728353646,"[{""instrument"": ""BTC-24SEP21"", ""trade_seq"": 875846, ""age_seconds"": 6.842}, {""instrument"": ""BTC-25JUN21"", ""trade_seq"": 2231049, ""age_seconds"": 0.45}, {""instrument"": ""BTC-26MAR21"", ""trade_seq"": 5551266, ""age_seconds"": 6.222}]",False,,0.03441093481693974,2021-03-26,2726.33454,0.08448166177428372,shock
139075066,BTC-16APR21-58000-C,2021-04-16,58000.0,C,1616745502454,7,0.057537339738711314,53581.54,0.044,53907.23000425888,"[{""instrument"": ""BTC-24SEP21"", ""trade_seq"": 876016, ""age_seconds"": 0.453}, {""instrument"": ""BTC-25JUN21"", ""trade_seq"": 2231589, ""age_seconds"": 0.262}, {""instrument"": ""BTC-26MAR21"", ""trade_seq"": 5551374, ""age_seconds"": 0.481}]",False,,-0.07317840425678579,2021-03-26,2357.58776,0.04373416626700614,shock
139072851,BTC-16APR21-60000-C,2021-04-16,60000.0,C,1616745280117,7,0.057544389998731606,53461.26,0.035,53831.842841282196,"[{""instrument"": ""BTC-24SEP21"", ""trade_seq"": 875873, ""age_seconds"": 10.455}, {""instrument"": ""BTC-25JUN21"", ""trade_seq"": 2231210, ""age_seconds"": 0.151}, {""instrument"": ""BTC-26MAR21"", ""trade_seq"": 5551267, ""age_seconds"": 49.148}]",False,,-0.1084793957696403,2021-03-26,1871.1441000000002,0.03475905711637778,shock
139064795,BTC-16APR21-70000-C,2021-04-16,70000.0,C,1616744423546,7,0.05757155168696093,53208.5,0.0125,53695.151857591474,"[{""instrument"": ""BTC-24SEP21"", ""trade_seq"": 875380, ""age_seconds"": 0.16}, {""instrument"": ""BTC-25JUN21"", ""trade_seq"": 2229704, ""age_seconds"": 0.652}, {""instrument"": ""BTC-26MAR21"", ""trade_seq"": 5550308, ""age_seconds"": 0.268}]",False,,-0.2651725265917402,2021-03-26,665.10625,0.012386709544354639,shock
139052264,BTC-16APR21-75000-C,2021-04-16,75000.0,C,1616742665006,7,0.05762731462455606,52509.68,0.008,53085.07649029644,"[{""instrument"": ""BTC-24SEP21"", ""trade_seq"": 874162, ""age_seconds"": 0.391}, {""instrument"": ""BTC-25JUN21"", ""trade_seq"": 2227186, ""age_seconds"": 0.348}, {""instrument"": ""BTC-26MAR21"", ""trade_seq"": 5549298, ""age_seconds"": 4.157}]",False,,-0.3455922701695528,2021-03-26,420.07744,0.007913286892914002,shock
139071907,BTC-24SEP21-56000-P,2021-09-24,56000.0,P,1616745157382,7,0.49864417231100966,53435.44,0.199,59073.47520583037,"[{""instrument"": ""BTC-24SEP21"", ""trade_seq"": 875822, ""age_seconds"": 1.412}, {""instrument"": ""BTC-25JUN21"", ""trade_seq"": 2230997, ""age_seconds"": 1.417}, {""instrument"": ""BTC-26MAR21"", ""trade_seq"": 5551224, ""age_seconds"": 0.056}]",False,,0.0534303208465262,2021-03-26,10633.65256,0.23203523608642415,shock
139071963,BTC-25JUN21-40000-P,2021-06-25,40000.0,P,1616745163704,7,0.24932890334855404,53442.16,0.0475,55820.861117984714,"[{""instrument"": ""BTC-24SEP21"", ""trade_seq"": 875824, ""age_seconds"": 3.694}, {""instrument"": ""BTC-25JUN21"", ""trade_seq"": 2230997, ""age_seconds"": 7.739}, {""instrument"": ""BTC-26MAR21"", ""trade_seq"": 5551234, ""age_seconds"": 0.117}]",False,,0.33326820056791734,2021-03-26,2538.5026000000003,0.3288978949855287,shock
139071997,BTC-25JUN21-44000-P,2021-06-25,44000.0,P,1616745171346,7,0.2493286610223237,53448.63,0.0655,55827.61909654383,"[{""instrument"": ""BTC-24SEP21"", ""trade_seq"": 875829, ""age_seconds"": 5.411}, {""instrument"": ""BTC-25JUN21"", ""trade_seq"": 2230997, ""age_seconds"": 15.381}, {""instrument"": ""BTC-26MAR21"", ""trade_seq"": 5551237, ""age_seconds"": 5.528}]",False,,0.23807907890167698,2021-03-26,3500.885265,0.27456847720903055,shock
139055987,BTC-25JUN21-48000-P,2021-06-25,48000.0,P,1616743434485,7,0.2493837365233384,52530.9,0.0945,54922.66712055284,"[{""instrument"": ""BTC-24SEP21"", ""trade_seq"": 874585, ""age_seconds"": 2.391}, {""instrument"": ""BTC-25JUN21"", ""trade_seq"": 2228152, ""age_seconds"": 4.754}, {""instrument"": ""BTC-26MAR21"", ""trade_seq"": 5549548, ""age_seconds"": 0.043}]",False,,0.13472513255182597,2021-03-26,4964.17005,0.21642862216544867,shock
139055965,BTC-25JUN21-52000-P,2021-06-25,52000.0,P,1616743432847,7,0.24938378846397768,52531.72,0.1285,54923.52445570299,"[{""instrument"": ""BTC-24SEP21"", ""trade_seq"": 874585, ""age_seconds"": 0.753}, {""instrument"": ""BTC-25JUN21"", ""trade_seq"": 2228152, ""age_seconds"": 3.116}, {""instrument"": ""BTC-26MAR21"", ""trade_seq"": 5549545, ""age_seconds"": 2.562}]",False,,0.05469803461655826,2021-03-26,6750.32602,0.1761330972761072,shock
139055905,BTC-25JUN21-56000-C,2021-06-25,56000.0,C,1616743429195,7,0.249383904268138,52538.87,0.149,54930.06088462559,"[{""instrument"": ""BTC-24SEP21"", ""trade_seq"": 874558, ""age_seconds"": 0.002}, {""instrument"": ""BTC-25JUN21"", ""trade_seq"": 2228145, ""age_seconds"": 1.067}, {""instrument"": ""BTC-26MAR21"", ""trade_seq"": 5549544, ""age_seconds"": 3.557}]",False,,-0.01929093497734606,2021-03-26,7828.29163,0.14251379852722984,shock
139055896,BTC-25JUN21-60000-C,2021-06-25,60000.0,C,1616743428521,7,0.2493839256405378,52539.29,0.123,54930.50000000001,"[{""instrument"": ""BTC-24SEP21"", ""trade_seq"": 874555, ""age_seconds"": 3.502}, {""instrument"": ""BTC-25JUN21"", ""trade_seq"": 2228145, ""age_seconds"": 0.393}, {""instrument"": ""BTC-26MAR21"", ""trade_seq"": 5549544, ""age_seconds"": 2.883}]",False,,-0.08827581241491556,2021-03-26,6462.33267,0.11764561891845148,shock
139072077,BTC-25JUN21-64000-C,2021-06-25,64000.0,C,1616745182613,7,0.24932830374809742,53450.95,0.109,55794.0,"[{""instrument"": ""BTC-24SEP21"", ""trade_seq"": 875832, ""age_seconds"": 3.018}, {""instrument"": ""BTC-25JUN21"", ""trade_seq"": 2231010, ""age_seconds"": 0.031}, {""instrument"": ""BTC-26MAR21"", ""trade_seq"": 5551237, ""age_seconds"": 16.795}]",False,,-0.13721674663555666,2021-03-26,5826.15355,0.10442258217729505,shock
139075908,BTC-25JUN21-68000-C,2021-06-25,68000.0,C,1616745578677,7,0.24931574464104514,53638.71,0.0925,55991.4007840988,"[{""instrument"": ""BTC-24SEP21"", ""trade_seq"": 876149, ""age_seconds"": 2.686}, {""instrument"": ""BTC-25JUN21"", ""trade_seq"": 2231699, ""age_seconds"": 4.305}, {""instrument"": ""BTC-26MAR21"", ""trade_seq"": 5551412, ""age_seconds"": 1.49}]",False,,-0.19430958365891346,2021-03-26,4961.580675,0.08861326213522877,shock
139065276,BTC-28MAY21-40000-P,2021-05-28,40000.0,P,1616744439090,7,0.17263955194063926,53289.95,0.0305,54833.98114254125,"[{""instrument"": ""BTC-24SEP21"", ""trade_seq"": 875406, ""age_seconds"": 0.265}, {""instrument"": ""BTC-25JUN21"", ""trade_seq"": 2229819, ""age_seconds"": 0.14}, {""instrument"": ""BTC-26MAR21"", ""trade_seq"": 5550355, ""age_seconds"": 0.388}]",False,,0.3154306415032824,2021-03-26,1625.343475,0.3001665076032896,shock
139053796,BTC-28MAY21-45000-P,2021-05-28,45000.0,P,1616743038336,7,0.1726839695585997,52541.11,0.053,54218.978936590276,"[{""instrument"": ""BTC-24SEP21"", ""trade_seq"": 874300, ""age_seconds"": 2.717}, {""instrument"": ""BTC-25JUN21"", ""trade_seq"": 2227610, ""age_seconds"": 1.788}, {""instrument"": ""BTC-26MAR21"", ""trade_seq"": 5549381, ""age_seconds"": 5.006}]",False,,0.18636852226360612,2021-03-26,2784.67883,0.2213921767252145,shock
139052872,BTC-28MAY21-50000-P,2021-05-28,50000.0,P,1616742763611,7,0.17269268103120244,52457.53,0.088,54176.345925933994,"[{""instrument"": ""BTC-24SEP21"", ""trade_seq"": 874176, ""age_seconds"": 9.114}, {""instrument"": ""BTC-25JUN21"", ""trade_seq"": 2227396, ""age_seconds"": 8.345}, {""instrument"": ""BTC-26MAR21"", ""trade_seq"": 5549303, ""age_seconds"": 26.92}]",False,,0.08022138572690533,2021-03-26,4616.26264,0.16229607987874667,shock
139058182,BTC-28MAY21-60000-C,2021-05-28,60000.0,C,1616743834403,7,0.17265872643962457,52622.02,0.0875,54262.515830249686,"[{""instrument"": ""BTC-24SEP21"", ""trade_seq"": 874844, ""age_seconds"": 13.967}, {""instrument"": ""BTC-25JUN21"", ""trade_seq"": 2228394, ""age_seconds"": 25.617}, {""instrument"": ""BTC-26MAR21"", ""trade_seq"": 5549673, ""age_seconds"": 3.474}]",False,,-0.10051088986181371,2021-03-26,4604.42675,0.08485464928320137,shock
139064770,BTC-28MAY21-75000-C,2021-05-28,75000.0,C,1616744422268,7,0.17264008536276002,53210.94,0.041,54806.41213736205,"[{""instrument"": ""BTC-24SEP21"", ""trade_seq"": 875377, ""age_seconds"": 0.419}, {""instrument"": ""BTC-25JUN21"", ""trade_seq"": 2229695, ""age_seconds"": 0.187}, {""instrument"": ""BTC-26MAR21"", ""trade_seq"": 5550307, ""age_seconds"": 0.231}]",False,,-0.3136809166215771,2021-03-26,2181.64854,0.039806446999889444,shock
139056681,BTC-2APR21-38000-P,2021-04-02,38000.0,P,1616743551873,7,0.019243027872907152,52624.44,0.0015,52814.0981905595,"[{""instrument"": ""BTC-24SEP21"", ""trade_seq"": 874647, ""age_seconds"": 14.677}, {""instrument"": ""BTC-25JUN21"", ""trade_seq"": 2228279, ""age_seconds"": 21.912}, {""instrument"": ""BTC-26MAR21"", ""trade_seq"": 5549596, ""age_seconds"": 20.606}]",False,,0.3291920065295269,2021-03-26,78.93666,0.28198975956805455,shock
139056836,BTC-2APR21-40000-P,2021-04-02,40000.0,P,1616743582716,7,0.019242049847793,52637.36,0.0025,52826.66267644236,"[{""instrument"": ""BTC-24SEP21"", ""trade_seq"": 874730, ""age_seconds"": 0.819}, {""instrument"": ""BTC-25JUN21"", ""trade_seq"": 2228279, ""age_seconds"": 52.755}, {""instrument"": ""BTC-26MAR21"", ""trade_seq"": 5549601, ""age_seconds"": 18.803}]",False,,0.2781365840739653,2021-03-26,131.5934,0.24529764743630106,shock
139071206,BTC-2APR21-42000-P,2021-04-02,42000.0,P,1616745084996,7,0.019194412861491626,53418.09,0.0035,53429.3611452451,"[{""instrument"": ""BTC-24SEP21"", ""trade_seq"": 875776, ""age_seconds"": 33.111}, {""instrument"": ""BTC-25JUN21"", ""trade_seq"": 2230905, ""age_seconds"": 4.799}, {""instrument"": ""BTC-26MAR21"", ""trade_seq"": 5551110, ""age_seconds"": 4.388}]",False,,0.24069081075997292,2021-03-26,186.963315,0.21741462393058922,shock
139071681,BTC-2APR21-44000-P,2021-04-02,44000.0,P,1616745131346,7,0.01919294311263318,53422.26,0.005,53421.43543201119,"[{""instrument"": ""BTC-24SEP21"", ""trade_seq"": 875812, ""age_seconds"": 1.565}, {""instrument"": ""BTC-25JUN21"", ""trade_seq"": 2230979, ""age_seconds"": 1.369}, {""instrument"": ""BTC-26MAR21"", ""trade_seq"": 5551144, ""age_seconds"": 0.049}]",False,,0.19402244408788943,2021-03-26,267.1113,0.18136065895012662,shock
139071846,BTC-2APR21-46000-P,2021-04-02,46000.0,P,1616745153424,7,0.019192243023845763,53425.23,0.007,53426.61313611503,"[{""instrument"": ""BTC-24SEP21"", ""trade_seq"": 875817, ""age_seconds"": 12.045}, {""instrument"": ""BTC-25JUN21"", ""trade_seq"": 2230994, ""age_seconds"": 9.256}, {""instrument"": ""BTC-26MAR21"", ""trade_seq"": 5551217, ""age_seconds"": 0.701}]",False,,0.14966759866579682,2021-03-26,373.97661000000005,0.14600569432019697,shock
139074887,BTC-2APR21-48000-P,2021-04-02,48000.0,P,1616745494121,7,0.01918143959284627,53549.81,0.0095,53460.26576460608,"[{""instrument"": ""BTC-24SEP21"", ""trade_seq"": 876006, ""age_seconds"": 5.043}, {""instrument"": ""BTC-25JUN21"", ""trade_seq"": 2231552, ""age_seconds"": 10.982}, {""instrument"": ""BTC-26MAR21"", ""trade_seq"": 5551369, ""age_seconds"": 3.972}]",False,,0.1077376710701004,2021-03-26,508.723195,0.11165281119043582,shock
139073724,BTC-2APR21-50000-P,2021-04-02,50000.0,P,1616745356063,7,0.019185817383307966,53403.33,0.015,53452.529198745266,"[{""instrument"": ""BTC-24SEP21"", ""trade_seq"": 875903, ""age_seconds"": 17.189}, {""instrument"": ""BTC-25JUN21"", ""trade_seq"": 2231318, ""age_seconds"": 3.855}, {""instrument"": ""BTC-26MAR21"", ""trade_seq"": 5551309, ""age_seconds"": 11.913}]",False,,0.06677094988963636,2021-03-26,801.04995,0.07957676114688157,shock
139075597,BTC-2APR21-52000-P,2021-04-02,52000.0,P,1616745543313,7,0.019179879724759007,53623.06,0.025,53477.31880682491,"[{""instrument"": ""BTC-24SEP21"", ""trade_seq"": 876100, ""age_seconds"": 5.525}, {""instrument"": ""BTC-25JUN21"", ""trade_seq"": 2231662, ""age_seconds"": 0.778}, {""instrument"": ""BTC-26MAR21"", ""trade_seq"": 5551389, ""age_seconds"": 1.805}]",False,,0.028013897893386836,2021-03-26,1340.5765000000001,0.052693279500491394,shock
139076028,BTC-2APR21-54000-C,2021-04-02,54000.0,C,1616745594589,7,0.019178253773465246,53633.38,0.038,53452.407034049116,"[{""instrument"": ""BTC-24SEP21"", ""trade_seq"": 876156, ""age_seconds"": 2.041}, {""instrument"": ""BTC-25JUN21"", ""trade_seq"": 2231730, ""age_seconds"": 0.65}, {""instrument"": ""BTC-26MAR21"", ""trade_seq"": 5551414, ""age_seconds"": 3.019}]",False,,-0.010192376729285503,2021-03-26,2038.0684399999998,0.038128655996759,shock
139075317,BTC-2APR21-56000-C,2021-04-02,56000.0,C,1616745517501,7,0.01918069821790969,53621.02,0.0245,53468.050938643864,"[{""instrument"": ""BTC-24SEP21"", ""trade_seq"": 876029, ""age_seconds"": 1.793}, {""instrument"": ""BTC-25JUN21"", ""trade_seq"": 2231604, ""age_seconds"": 0.479}, {""instrument"": ""BTC-26MAR21"", ""trade_seq"": 5551382, ""age_seconds"": 0.188}]",False,,-0.04626739393235634,2021-03-26,1313.71499,0.024570093110510536,shock
139050415,BTC-2APR21-58000-C,2021-04-02,58000.0,C,1616742302910,7,0.01928263222983257,52499.04,0.012,52715.49565145976,"[{""instrument"": ""BTC-24SEP21"", ""trade_seq"": 873996, ""age_seconds"": 8.458}, {""instrument"": ""BTC-25JUN21"", ""trade_seq"": 2226667, ""age_seconds"": 5.452}, {""instrument"": ""BTC-26MAR21"", ""trade_seq"": 5549247, ""age_seconds"": 15.341}]",False,,-0.09553356308689659,2021-03-26,629.98848,0.011950726673714863,shock
139071119,BTC-2APR21-60000-C,2021-04-02,60000.0,C,1616745064921,7,0.019195049435565704,53385.44,0.01,53431.38185343405,"[{""instrument"": ""BTC-24SEP21"", ""trade_seq"": 875776, ""age_seconds"": 13.036}, {""instrument"": ""BTC-25JUN21"", ""trade_seq"": 2230902, ""age_seconds"": 2.403}, {""instrument"": ""BTC-26MAR21"", ""trade_seq"": 5551104, ""age_seconds"": 2.33}]",False,,-0.11594631371143226,2021-03-26,533.8544,0.009991401709661923,shock
139075856,BTC-2APR21-62000-C,2021-04-02,62000.0,C,1616745570487,7,0.01917901804287164,53636.56,0.007,53466.17935701016,"[{""instrument"": ""BTC-24SEP21"", ""trade_seq"": 876142, ""age_seconds"": 3.935}, {""instrument"": ""BTC-25JUN21"", ""trade_seq"": 2231694, ""age_seconds"": 8.796}, {""instrument"": ""BTC-26MAR21"", ""trade_seq"": 5551406, ""age_seconds"": 9.503}]",False,,-0.14808509259270589,2021-03-26,375.45592,0.007022306895971846,shock
139067746,BTC-2APR21-64000-C,2021-04-02,64000.0,C,1616744650591,7,0.019208187753678337,53220.13,0.0045,53329.462945015606,"[{""instrument"": ""BTC-24SEP21"", ""trade_seq"": 875528, ""age_seconds"": 2.619}, {""instrument"": ""BTC-25JUN21"", ""trade_seq"": 2230374, ""age_seconds"": 0.029}, {""instrument"": ""BTC-26MAR21"", ""trade_seq"": 5550610, ""age_seconds"": 0.163}]",False,,-0.18239412920822595,2021-03-26,239.49058499999998,0.0044907743632618706,shock
139055253,BTC-2APR21-74000-C,2021-04-02,74000.0,C,1616743333953,7,0.019249938070776258,52523.18,0.001,52718.85924195727,"[{""instrument"": ""BTC-24SEP21"", ""trade_seq"": 874492, ""age_seconds"": 13.584}, {""instrument"": ""BTC-25JUN21"", ""trade_seq"": 2228028, ""age_seconds"": 3.613}, {""instrument"": ""BTC-26MAR21"", ""trade_seq"": 5549505, ""age_seconds"": 5.597}]",False,,-0.3390918412949104,2021-03-26,52.52318,0.000996288249693356,shock
139072880,BTC-2APR21-76000-C,2021-04-02,76000.0,C,1616745288208,7,0.019187969051243023,53461.92,0.001,53443.0691651886,"[{""instrument"": ""BTC-24SEP21"", ""trade_seq"": 875874, ""age_seconds"": 1.399}, {""instrument"": ""BTC-25JUN21"", ""trade_seq"": 2231214, ""age_seconds"": 2.711}, {""instrument"": ""BTC-26MAR21"", ""trade_seq"": 5551267, ""age_seconds"": 57.239}]",False,,-0.3521163807237744,2021-03-26,53.46192,0.0010003527273995648,shock
139072833,BTC-30APR21-40000-P,2021-04-30,40000.0,P,1616745277865,7,0.09590062579274479,53463.59,0.0175,54231.62931108666,"[{""instrument"": ""BTC-24SEP21"", ""trade_seq"": 875873, ""age_seconds"": 8.203}, {""instrument"": ""BTC-25JUN21"", ""trade_seq"": 2231204, ""age_seconds"": 8.204}, {""instrument"": ""BTC-26MAR21"", ""trade_seq"": 5551267, ""age_seconds"": 46.896}]",False,,0.3043848507480919,2021-03-26,935.612825,0.27967520667843915,shock
139072855,BTC-30APR21-44000-P,2021-04-30,44000.0,P,1616745280414,7,0.09590054496448504,53461.26,0.027,54222.419240836185,"[{""instrument"": ""BTC-24SEP21"", ""trade_seq"": 875873, ""age_seconds"": 10.752}, {""instrument"": ""BTC-25JUN21"", ""trade_seq"": 2231213, ""age_seconds"": 0.117}, {""instrument"": ""BTC-26MAR21"", ""trade_seq"": 5551267, ""age_seconds"": 49.445}]",False,,0.20890482813207695,2021-03-26,1443.4540200000001,0.21514852019089445,shock
139070901,BTC-30APR21-48000-P,2021-04-30,48000.0,P,1616745039074,7,0.0959081978056824,53362.08,0.0425,54163.98953497699,"[{""instrument"": ""BTC-24SEP21"", ""trade_seq"": 875758, ""age_seconds"": 3.169}, {""instrument"": ""BTC-25JUN21"", ""trade_seq"": 2230874, ""age_seconds"": 4.533}, {""instrument"": ""BTC-26MAR21"", ""trade_seq"": 5551050, ""age_seconds"": 4.91}]",False,,0.12081527700273124,2021-03-26,2267.8884000000003,0.15567313278376604,shock
139072442,BTC-30APR21-50000-P,2021-04-30,50000.0,P,1616745234157,7,0.09590201176433283,53462.3,0.0555,54231.143056316134,"[{""instrument"": ""BTC-24SEP21"", ""trade_seq"": 875846, ""age_seconds"": 17.48}, {""instrument"": ""BTC-25JUN21"", ""trade_seq"": 2231050, ""age_seconds"": 4.5}, {""instrument"": ""BTC-26MAR21"", ""trade_seq"": 5551267, ""age_seconds"": 3.188}]",False,,0.0812323331358627,2021-03-26,2967.15765,0.1327337079884354,shock
139074512,BTC-30APR21-52000-P,2021-04-30,52000.0,P,1616745439921,7,0.09589548703069507,53519.98,0.0705,54285.89897471442,"[{""instrument"": ""BTC-24SEP21"", ""trade_seq"": 875987, ""age_seconds"": 2.656}, {""instrument"": ""BTC-25JUN21"", ""trade_seq"": 2231493, ""age_seconds"": 0.245}, {""instrument"": ""BTC-26MAR21"", ""trade_seq"": 5551348, ""age_seconds"": 22.858}]",False,,0.0430207872436955,2021-03-26,3773.15859,0.11161383856858749,shock
139074279,BTC-30APR21-56000-C,2021-04-30,56000.0,C,1616745395614,7,0.0958968919964485,53490.46,0.078,54243.459362241796,"[{""instrument"": ""BTC-24SEP21"", ""trade_seq"": 875945, ""age_seconds"": 0.683}, {""instrument"": ""BTC-25JUN21"", ""trade_seq"": 2231460, ""age_seconds"": 0.535}, {""instrument"": ""BTC-26MAR21"", ""trade_seq"": 5551347, ""age_seconds"": 5.248}]",False,,-0.031869270334397466,2021-03-26,4172.25588,0.07691721599349645,shock
139065336,BTC-30APR21-60000-C,2021-04-30,60000.0,C,1616744442934,7,0.0959271012810756,53303.52,0.054,54145.9073527294,"[{""instrument"": ""BTC-24SEP21"", ""trade_seq"": 875406, ""age_seconds"": 4.109}, {""instrument"": ""BTC-25JUN21"", ""trade_seq"": 2229842, ""age_seconds"": 1.051}, {""instrument"": ""BTC-26MAR21"", ""trade_seq"": 5550359, ""age_seconds"": 0.274}]",False,,-0.10266217145172457,2021-03-26,2878.3900799999997,0.05315988263432259,shock
139067951,BTC-30APR21-64000-C,2021-04-30,64000.0,C,1616744668335,7,0.09591995386225266,53212.95,0.0395,54077.63826439376,"[{""instrument"": ""BTC-24SEP21"", ""trade_seq"": 875529, ""age_seconds"": 8.329}, {""instrument"": ""BTC-25JUN21"", ""trade_seq"": 2230406, ""age_seconds"": 0.44}, {""instrument"": ""BTC-26MAR21"", ""trade_seq"": 5550625, ""age_seconds"": 0.113}]",False,,-0.16846232372514053,2021-03-26,2101.911525,0.03886840462084228,shock
139075814,BTC-30APR21-68000-C,2021-04-30,68000.0,C,1616745564346,7,0.0958915415398275,53635.88,0.031,54288.78220499751,"[{""instrument"": ""BTC-24SEP21"", ""trade_seq"": 876140, ""age_seconds"": 4.548}, {""instrument"": ""BTC-25JUN21"", ""trade_seq"": 2231694, ""age_seconds"": 2.655}, {""instrument"": ""BTC-26MAR21"", ""trade_seq"": 5551406, ""age_seconds"": 3.362}]",False,,-0.2251900888052759,2021-03-26,1662.71228,0.030627179547360345,shock
139071959,BTC-31DEC21-48000-P,2021-12-31,48000.0,P,1616745162868,7,0.7671371490360223,53443.53,0.1615,62369.133471871886,"[{""instrument"": ""BTC-24SEP21"", ""trade_seq"": 875824, ""age_seconds"": 2.858}, {""instrument"": ""BTC-25JUN21"", ""trade_seq"": 2230997, ""age_seconds"": 6.903}, {""instrument"": ""BTC-26MAR21"", ""trade_seq"": 5551232, ""age_seconds"": 0.374}]",True,,0.2618694861854128,2021-03-26,8631.130095,0.3687763848321681,shock
139074773,BTC-9APR21-40000-P,2021-04-09,40000.0,P,1616745476920,7,0.03836006722475901,53555.3,0.007,53667.98506985445,"[{""instrument"": ""BTC-24SEP21"", ""trade_seq"": 876004, ""age_seconds"": 6.762}, {""instrument"": ""BTC-25JUN21"", ""trade_seq"": 2231548, ""age_seconds"": 3.801}, {""instrument"": ""BTC-26MAR21"", ""trade_seq"": 5551359, ""age_seconds"": 0.636}]",False,,0.293937188419692,2021-03-26,374.88710000000003,0.2616619974008004,shock
139066495,BTC-9APR21-45000-P,2021-04-09,45000.0,P,1616744516340,7,0.03839052701674277,53230.55,0.013,53517.50587195677,"[{""instrument"": ""BTC-24SEP21"", ""trade_seq"": 875492, ""age_seconds"": 0.02}, {""instrument"": ""BTC-25JUN21"", ""trade_seq"": 2230127, ""age_seconds"": 1.736}, {""instrument"": ""BTC-26MAR21"", ""trade_seq"": 5550454, ""age_seconds"": 3.298}]",False,,0.1733463231692261,2021-03-26,691.99715,0.17208393537604222,shock
139074766,BTC-9APR21-48000-P,2021-04-09,48000.0,P,1616745476493,7,0.03836008076484018,53555.3,0.02,53667.98506985445,"[{""instrument"": ""BTC-24SEP21"", ""trade_seq"": 876004, ""age_seconds"": 6.335}, {""instrument"": ""BTC-25JUN21"", ""trade_seq"": 2231548, ""age_seconds"": 3.374}, {""instrument"": ""BTC-26MAR21"", ""trade_seq"": 5551359, ""age_seconds"": 0.209}]",False,,0.11161563162573726,2021-03-26,1071.106,0.12557004070644395,shock
139075384,BTC-9APR21-50000-P,2021-04-09,50000.0,P,1616745521430,7,0.03835865582191781,53629.64,0.0275,53680.47876590569,"[{""instrument"": ""BTC-24SEP21"", ""trade_seq"": 876035, ""age_seconds"": 0.683}, {""instrument"": ""BTC-25JUN21"", ""trade_seq"": 2231641, ""age_seconds"": 0.823}, {""instrument"": ""BTC-26MAR21"", ""trade_seq"": 5551383, ""age_seconds"": 2.217}]",False,,0.07102640608346725,2021-03-26,1474.8151,0.09603665959067403,shock
139072157,BTC-9APR21-52000-P,2021-04-09,52000.0,P,1616745198053,7,0.03836891003932014,53448.5,0.04,53619.48483879416,"[{""instrument"": ""BTC-24SEP21"", ""trade_seq"": 875835, ""age_seconds"": 12.522}, {""instrument"": ""BTC-25JUN21"", ""trade_seq"": 2231035, ""age_seconds"": 2.823}, {""instrument"": ""BTC-26MAR21"", ""trade_seq"": 5551251, ""age_seconds"": 3.793}]",False,,0.03066880654864266,2021-03-26,2137.94,0.0700757355295519,shock
139053927,BTC-9APR21-54000-C,2021-04-09,54000.0,C,1616743076223,7,0.03843619282724505,52549.84,0.0465,52942.02241563342,"[{""instrument"": ""BTC-24SEP21"", ""trade_seq"": 874312, ""age_seconds"": 6.591}, {""instrument"": ""BTC-25JUN21"", ""trade_seq"": 2227648, ""age_seconds"": 0.339}, {""instrument"": ""BTC-26MAR21"", ""trade_seq"": 5549385, ""age_seconds"": 14.53}]",False,,-0.019786648461877276,2021-03-26,2443.56756,0.04615553861573733,shock
139073627,BTC-9APR21-56000-C,2021-04-09,56000.0,C,1616745338962,7,0.0383644418442415,53407.34,0.04,53594.680533444436,"[{""instrument"": ""BTC-24SEP21"", ""trade_seq"": 875903, ""age_seconds"": 0.088}, {""instrument"": ""BTC-25JUN21"", ""trade_seq"": 2231306, ""age_seconds"": 0.001}, {""instrument"": ""BTC-26MAR21"", ""trade_seq"": 5551305, ""age_seconds"": 9.71}]",False,,-0.04390187136240438,2021-03-26,2136.2936,0.03986017975546843,shock
139073709,BTC-9APR21-58000-C,2021-04-09,58000.0,C,1616745351128,7,0.038364056062912225,53402.52,0.03,53638.446606650825,"[{""instrument"": ""BTC-24SEP21"", ""trade_seq"": 875903, ""age_seconds"": 12.254}, {""instrument"": ""BTC-25JUN21"", ""trade_seq"": 2231317, ""age_seconds"": 10.779}, {""instrument"": ""BTC-26MAR21"", ""trade_seq"": 5551309, ""age_seconds"": 6.978}]",False,,-0.0781769121598327,2021-03-26,1602.0756,0.029868046174949307,shock
139074336,BTC-9APR21-62000-C,2021-04-09,62000.0,C,1616745409365,7,0.03836220937975647,53498.85,0.0175,53669.155202654154,"[{""instrument"": ""BTC-24SEP21"", ""trade_seq"": 875950, ""age_seconds"": 2.248}, {""instrument"": ""BTC-25JUN21"", ""trade_seq"": 2231472, ""age_seconds"": 4.04}, {""instrument"": ""BTC-26MAR21"", ""trade_seq"": 5551347, ""age_seconds"": 18.999}]",False,,-0.14429593956801268,2021-03-26,936.2298750000001,0.017444468269806113,shock
139069464,BTC-9APR21-64000-C,2021-04-09,64000.0,C,1616744896596,7,0.03837846917808219,53261.85,0.014,53567.38231520069,"[{""instrument"": ""BTC-24SEP21"", ""trade_seq"": 875677, ""age_seconds"": 1.182}, {""instrument"": ""BTC-25JUN21"", ""trade_seq"": 2230691, ""age_seconds"": 1.477}, {""instrument"": ""BTC-26MAR21"", ""trade_seq"": 5550776, ""age_seconds"": 0.482}]",False,,-0.17794273941337102,2021-03-26,745.6659,0.013920148190411092,shock
139073668,BTC-9APR21-66000-C,2021-04-09,66000.0,C,1616745343863,7,0.03836428643455099,53403.51,0.0105,53637.45119375601,"[{""instrument"": ""BTC-24SEP21"", ""trade_seq"": 875903, ""age_seconds"": 4.989}, {""instrument"": ""BTC-25JUN21"", ""trade_seq"": 2231317, ""age_seconds"": 3.514}, {""instrument"": ""BTC-26MAR21"", ""trade_seq"": 5551308, ""age_seconds"": 1.326}]",False,,-0.2074072016368402,2021-03-26,560.7368550000001,0.010454203966076525,shock
139073667,BTC-9APR21-68000-C,2021-04-09,68000.0,C,1616745343863,7,0.03836428643455099,53403.51,0.0085,53637.45119375601,"[{""instrument"": ""BTC-24SEP21"", ""trade_seq"": 875903, ""age_seconds"": 4.989}, {""instrument"": ""BTC-25JUN21"", ""trade_seq"": 2231317, ""age_seconds"": 3.514}, {""instrument"": ""BTC-26MAR21"", ""trade_seq"": 5551308, ""age_seconds"": 1.326}]",False,,-0.2372601647865213,2021-03-26,453.929835,0.008462927020157185,shock
139067712,BTC-9APR21-75000-C,2021-04-09,75000.0,C,1616744647945,7,0.03838635384956875,53224.79,0.004,53508.33699256072,"[{""instrument"": ""BTC-24SEP21"", ""trade_seq"": 875522, ""age_seconds"": 20.691}, {""instrument"": ""BTC-25JUN21"", ""trade_seq"": 2230373, ""age_seconds"": 4.488}, {""instrument"": ""BTC-26MAR21"", ""trade_seq"": 5550607, ""age_seconds"": 1.823}]",False,,-0.33765064013818885,2021-03-26,212.89916,0.003978803527936206,shock
139275354,BTC-16APR21-48000-P,2021-04-16,48000.0,P,1616830213650,7,0.05485116533485541,55054.34,0.017,55609.09275228721,"[{""instrument"": ""BTC-24SEP21"", ""trade_seq"": 891536, ""age_seconds"": 30.669}, {""instrument"": ""BTC-25JUN21"", ""trade_seq"": 2258375, ""age_seconds"": 47.501}, {""instrument"": ""BTC-31DEC21"", ""trade_seq"": 7628, ""age_seconds"": 17.101}]",False,,0.1471457156878503,2021-03-27,935.92378,0.15366221798207189,shock
139275432,BTC-16APR21-52000-P,2021-04-16,52000.0,P,1616830242930,7,0.05485023687214612,55007.95,0.032,55563.49911515811,"[{""instrument"": ""BTC-24SEP21"", ""trade_seq"": 891541, ""age_seconds"": 0.647}, {""instrument"": ""BTC-25JUN21"", ""trade_seq"": 2258402, ""age_seconds"": 0.741}, {""instrument"": ""BTC-31DEC21"", ""trade_seq"": 7629, ""age_seconds"": 0.656}]",False,,0.0662827763561428,2021-03-27,1760.2544,0.09581386341641965,shock
139278260,BTC-24SEP21-48000-P,2021-09-24,48000.0,P,1616831915671,7,0.4958930850139523,54939.76,0.1085,60887.946711712495,"[{""instrument"": ""BTC-24SEP21"", ""trade_seq"": 891718, ""age_seconds"": 20.449}, {""instrument"": ""BTC-25JUN21"", ""trade_seq"": 2258866, ""age_seconds"": 15.199}, {""instrument"": ""BTC-31DEC21"", ""trade_seq"": 7740, ""age_seconds"": 271.834}]",False,,0.23783422487143516,2021-03-27,5960.96396,0.3095671916965249,shock
139278042,BTC-24SEP21-50000-P,2021-09-24,50000.0,P,1616831715101,7,0.4958994450469305,54932.98,0.1245,60840.95686402236,"[{""instrument"": ""BTC-24SEP21"", ""trade_seq"": 891709, ""age_seconds"": 71.219}, {""instrument"": ""BTC-25JUN21"", ""trade_seq"": 2258823, ""age_seconds"": 18.08}, {""instrument"": ""BTC-31DEC21"", ""trade_seq"": 7740, ""age_seconds"": 71.264}]",False,,0.19624018938730292,2021-03-27,6839.156010000001,0.2905955755024836,shock
139278079,BTC-24SEP21-56000-P,2021-09-24,56000.0,P,1616831737450,7,0.4958987363647895,54944.62,0.1755,60868.307791000436,"[{""instrument"": ""BTC-24SEP21"", ""trade_seq"": 891710, ""age_seconds"": 17.765}, {""instrument"": ""BTC-25JUN21"", ""trade_seq"": 2258831, ""age_seconds"": 17.443}, {""instrument"": ""BTC-31DEC21"", ""trade_seq"": 7740, ""age_seconds"": 93.613}]",False,,0.08336095100639883,2021-03-27,9642.78081,0.23840138041665657,shock
139277382,BTC-25JUN21-50000-P,2021-06-25,50000.0,P,1616831201295,7,0.24660066923515983,54816.77,0.087,57371.64317379121,"[{""instrument"": ""BTC-24SEP21"", ""trade_seq"": 891670, ""age_seconds"": 35.17}, {""instrument"": ""BTC-25JUN21"", ""trade_seq"": 2258701, ""age_seconds"": 2.811}, {""instrument"": ""BTC-31DEC21"", ""trade_seq"": 7702, ""age_seconds"": 189.629}]",False,,0.13752715446609418,2021-03-27,4769.0589899999995,0.21161503300531898,shock
139277486,BTC-25JUN21-60000-C,2021-06-25,60000.0,C,1616831241736,7,0.24659938685946223,54781.44,0.1345,57350.99999999999,"[{""instrument"": ""BTC-24SEP21"", ""trade_seq"": 891681, ""age_seconds"": 0.127}, {""instrument"": ""BTC-25JUN21"", ""trade_seq"": 2258713, ""age_seconds"": 0.006}, {""instrument"": ""BTC-31DEC21"", ""trade_seq"": 7712, ""age_seconds"": 3.243}]",False,,-0.04515428200710987,2021-03-27,7368.103680000001,0.1284738484071769,shock
139276988,BTC-25JUN21-72000-C,2021-06-25,72000.0,C,1616830940981,7,0.2466089237379503,54836.96,0.078,57383.468323561494,"[{""instrument"": ""BTC-24SEP21"", ""trade_seq"": 891642, ""age_seconds"": 10.78}, {""instrument"": ""BTC-25JUN21"", ""trade_seq"": 2258605, ""age_seconds"": 9.409}, {""instrument"": ""BTC-31DEC21"", ""trade_seq"": 7695, ""age_seconds"": 52.883}]",False,,-0.2269098654732125,2021-03-27,4277.28288,0.0745385910778725,shock
139278204,BTC-25JUN21-76000-C,2021-06-25,76000.0,C,1616831859833,7,0.2465797871321664,54933.04,0.066,57536.512179454156,"[{""instrument"": ""BTC-24SEP21"", ""trade_seq"": 891711, ""age_seconds"": 108.658}, {""instrument"": ""BTC-25JUN21"", ""trade_seq"": 2258848, ""age_seconds"": 5.765}, {""instrument"": ""BTC-31DEC21"", ""trade_seq"": 7740, ""age_seconds"": 215.996}]",False,,-0.27831359958139024,2021-03-27,3625.58064,0.0630135630865485,shock
139278151,BTC-25JUN21-80000-C,2021-06-25,80000.0,C,1616831815060,7,0.2465812068746829,54939.16,0.056,57546.78756616281,"[{""instrument"": ""BTC-24SEP21"", ""trade_seq"": 891711, ""age_seconds"": 63.885}, {""instrument"": ""BTC-25JUN21"", ""trade_seq"": 2258846, ""age_seconds"": 19.875}, {""instrument"": ""BTC-31DEC21"", ""trade_seq"": 7740, ""age_seconds"": 171.223}]",False,,-0.32942832093951485,2021-03-27,3076.5929600000004,0.05346246228710462,shock
139274532,BTC-25MAR22-50000-P,2022-03-25,50000.0,P,1616829409522,7,0.994602691463724,55050.65,0.156,67447.7386421119,"[{""instrument"": ""BTC-24SEP21"", ""trade_seq"": 891483, ""age_seconds"": 126.216}, {""instrument"": ""BTC-25JUN21"", ""trade_seq"": 2258247, ""age_seconds"": 153.708}, {""instrument"": ""BTC-31DEC21"", ""trade_seq"": 7592, ""age_seconds"": 2.257}]",True,,0.29933005023085857,2021-03-27,8587.9014,0.38601205268364924,shock
139273799,BTC-28MAY21-40000-P,2021-05-28,40000.0,P,1616828403248,7,0.16997706595636733,55040.0,0.0235,56773.711172167204,"[{""instrument"": ""BTC-24SEP21"", ""trade_seq"": 891435, ""age_seconds"": 44.931}, {""instrument"": ""BTC-25JUN21"", ""trade_seq"": 2258217, ""age_seconds"": 1.785}, {""instrument"": ""BTC-31DEC21"", ""trade_seq"": 7536, ""age_seconds"": 27.494}]",False,,0.3501939329976927,2021-03-27,1293.44,0.31823093469049923,shock
139276884,BTC-28MAY21-50000-P,2021-05-28,50000.0,P,1616830817989,7,0.16990049502156265,54835.32,0.062,56570.89226915054,"[{""instrument"": ""BTC-24SEP21"", ""trade_seq"": 891639, ""age_seconds"": 2.308}, {""instrument"": ""BTC-25JUN21"", ""trade_seq"": 2258602, ""age_seconds"": 2.338}, {""instrument"": ""BTC-31DEC21"", ""trade_seq"": 7688, ""age_seconds"": 84.319}]",False,,0.12347157663531158,2021-03-27,3399.78984,0.17625110209880487,shock
139277569,BTC-28MAY21-75000-C,2021-05-28,75000.0,C,1616831278584,7,0.1698858896499239,54796.51,0.039,56559.840248157234,"[{""instrument"": ""BTC-24SEP21"", ""trade_seq"": 891683, ""age_seconds"": 9.991}, {""instrument"": ""BTC-25JUN21"", ""trade_seq"": 2258753, ""age_seconds"": 9.498}, {""instrument"": ""BTC-31DEC21"", ""trade_seq"": 7712, ""age_seconds"": 40.091}]",False,,-0.28218891641879174,2021-03-27,2137.06389,0.03778412174828636,shock
139278202,BTC-28MAY21-80000-C,2021-05-28,80000.0,C,1616831859753,7,0.1698674609018265,54933.04,0.0315,56713.60209207532,"[{""instrument"": ""BTC-24SEP21"", ""trade_seq"": 891711, ""age_seconds"": 108.578}, {""instrument"": ""BTC-25JUN21"", ""trade_seq"": 2258848, ""age_seconds"": 5.685}, {""instrument"": ""BTC-31DEC21"", ""trade_seq"": 7740, ""age_seconds"": 215.916}]",False,,-0.34401255690677485,2021-03-27,1730.39076,0.030511036086029,shock
139278021,BTC-30APR21-40000-P,2021-04-30,40000.0,P,1616831674417,7,0.0931610091007103,54922.73,0.0105,55881.856406237515,"[{""instrument"": ""BTC-24SEP21"", ""trade_seq"": 891709, ""age_seconds"": 30.535}, {""instrument"": ""BTC-25JUN21"", ""trade_seq"": 2258820, ""age_seconds"": 27.224}, {""instrument"": ""BTC-31DEC21"", ""trade_seq"": 7740, ""age_seconds"": 30.58}]",False,,0.33436030102289355,2021-03-27,576.688665,0.29452394980565494,shock
139277962,BTC-30APR21-44000-P,2021-04-30,44000.0,P,1616831601340,7,0.0931633263571791,54965.49,0.0165,55924.18489878968,"[{""instrument"": ""BTC-24SEP21"", ""trade_seq"": 891708, ""age_seconds"": 77.04}, {""instrument"": ""BTC-25JUN21"", ""trade_seq"": 2258816, ""age_seconds"": 0.231}, {""instrument"": ""BTC-31DEC21"", ""trade_seq"": 7739, ""age_seconds"": 40.805}]",False,,0.23980729845300788,2021-03-27,906.9305850000001,0.22943768437593037,shock
139276455,BTC-30APR21-48000-P,2021-04-30,48000.0,P,1616830725703,7,0.09319109262430238,54806.49,0.027,55750.48099349479,"[{""instrument"": ""BTC-24SEP21"", ""trade_seq"": 891627, ""age_seconds"": 14.096}, {""instrument"": ""BTC-25JUN21"", ""trade_seq"": 2258559, ""age_seconds"": 125.301}, {""instrument"": ""BTC-31DEC21"", ""trade_seq"": 7684, ""age_seconds"": 14.059}]",False,,0.14968502708112413,2021-03-27,1479.77523,0.16556370562205225,shock
139276717,BTC-30APR21-50000-P,2021-04-30,50000.0,P,1616830774575,7,0.09318954290334855,54851.33,0.036,55800.72588474173,"[{""instrument"": ""BTC-24SEP21"", ""trade_seq"": 891638, ""age_seconds"": 34.184}, {""instrument"": ""BTC-25JUN21"", ""trade_seq"": 2258596, ""age_seconds"": 23.298}, {""instrument"": ""BTC-31DEC21"", ""trade_seq"": 7688, ""age_seconds"": 40.905}]",False,,0.10976387256163475,2021-03-27,1974.64788,0.1393418032016649,shock
139277942,BTC-30APR21-52000-P,2021-04-30,52000.0,P,1616831589545,7,0.09316370037417555,54961.09,0.0465,55920.41292537524,"[{""instrument"": ""BTC-24SEP21"", ""trade_seq"": 891708, ""age_seconds"": 65.245}, {""instrument"": ""BTC-25JUN21"", ""trade_seq"": 2258808, ""age_seconds"": 2.745}, {""instrument"": ""BTC-31DEC21"", ""trade_seq"": 7739, ""age_seconds"": 29.01}]",False,,0.07268576353315973,2021-03-27,2555.690685,0.11580929523924435,shock
139275741,BTC-30APR21-64000-C,2021-04-30,64000.0,C,1616830444978,7,0.09319999435565703,54940.0,0.039,55886.04779629104,"[{""instrument"": ""BTC-24SEP21"", ""trade_seq"": 891583, ""age_seconds"": 11.047}, {""instrument"": ""BTC-25JUN21"", ""trade_seq"": 2258432, ""age_seconds"": 1.502}, {""instrument"": ""BTC-31DEC21"", ""trade_seq"": 7661, ""age_seconds"": 24.092}]",False,,-0.13556832654708556,2021-03-27,2142.66,0.0383398018734508,shock
139274934,BTC-31DEC21-50000-P,2021-12-31,50000.0,P,1616829932623,7,0.7644491177384577,54971.52,0.15,64235.6470421423,"[{""instrument"": ""BTC-24SEP21"", ""trade_seq"": 891499, ""age_seconds"": 75.819}, {""instrument"": ""BTC-25JUN21"", ""trade_seq"": 2258317, ""age_seconds"": 0.279}, {""instrument"": ""BTC-31DEC21"", ""trade_seq"": 7617, ""age_seconds"": 24.869}]",True,,0.25053530105119987,2021-03-27,8245.728,0.3499828534052629,shock
139273877,BTC-9APR21-50000-P,2021-04-09,50000.0,P,1616828538696,7,0.035726195585996955,55048.38,0.016,55409.80678195742,"[{""instrument"": ""BTC-24SEP21"", ""trade_seq"": 891440, ""age_seconds"": 39.534}, {""instrument"": ""BTC-25JUN21"", ""trade_seq"": 2258219, ""age_seconds"": 68.044}, {""instrument"": ""BTC-31DEC21"", ""trade_seq"": 7544, ""age_seconds"": 52.554}]",False,,0.10273359038416643,2021-03-27,880.77408,0.11352829448966358,shock
139274135,BTC-9APR21-58000-C,2021-04-09,58000.0,C,1616829034201,7,0.03571048322552004,55031.88,0.0335,55391.61382031736,"[{""instrument"": ""BTC-24SEP21"", ""trade_seq"": 891464, ""age_seconds"": 152.892}, {""instrument"": ""BTC-25JUN21"", ""trade_seq"": 2258233, ""age_seconds"": 208.429}, {""instrument"": ""BTC-31DEC21"", ""trade_seq"": 7570, ""age_seconds"": 52.371}]",False,,-0.046014803336069894,2021-03-27,1843.56798,0.03328243849295087,shock
139274167,BTC-9APR21-60000-C,2021-04-09,60000.0,C,1616829068367,7,0.03570939982876712,55008.79,0.024,55368.36352471542,"[{""instrument"": ""BTC-24SEP21"", ""trade_seq"": 891465, ""age_seconds"": 28.366}, {""instrument"": ""BTC-25JUN21"", ""trade_seq"": 2258233, ""age_seconds"": 242.595}, {""instrument"": ""BTC-31DEC21"", ""trade_seq"": 7572, ""age_seconds"": 9.009}]",False,,-0.08033618709371378,2021-03-27,1320.2109600000001,0.023844139070692997,shock
195150748,BTC-24DEC21-43000-P,2021-12-24,43000.0,P,1639554333223,7,0.024685019564941655,48261.66,0.013,48352.325907145016,"[{""instrument"": ""BTC-24JUN22"", ""trade_seq"": 512277, ""age_seconds"": 265.608}, {""instrument"": ""BTC-25MAR22"", ""trade_seq"": 1422662, ""age_seconds"": 5.455}, {""instrument"": ""BTC-31DEC21"", ""trade_seq"": 3668514, ""age_seconds"": 7.266}]",False,,0.11731421067734792,2021-12-15,627.40158,0.12366990366975067,shock
195151394,BTC-24DEC21-44000-P,2021-12-24,44000.0,P,1639555055136,7,0.024662127853881277,48256.03,0.017,48335.113791636264,"[{""instrument"": ""BTC-24JUN22"", ""trade_seq"": 512280, ""age_seconds"": 52.228}, {""instrument"": ""BTC-25MAR22"", ""trade_seq"": 1422671, ""age_seconds"": 52.238}, {""instrument"": ""BTC-31DEC21"", ""trade_seq"": 3668539, ""age_seconds"": 52.199}]",False,,0.09396865622407187,2021-12-15,820.35251,0.10666089095932463,shock
195151268,BTC-24DEC21-45000-P,2021-12-24,45000.0,P,1639554890186,7,0.024667358384069003,48241.32,0.0215,48326.54670873914,"[{""instrument"": ""BTC-24JUN22"", ""trade_seq"": 512278, ""age_seconds"": 218.625}, {""instrument"": ""BTC-25MAR22"", ""trade_seq"": 1422667, ""age_seconds"": 30.528}, {""instrument"": ""BTC-31DEC21"", ""trade_seq"": 3668531, ""age_seconds"": 17.138}]",False,,0.07131854120068909,2021-12-15,1037.1883799999998,0.09029685309482335,shock
195148401,BTC-24DEC21-48000-P,2021-12-24,48000.0,P,1639552430340,7,0.0247453595890411,48117.48,0.045,48255.92713383277,"[{""instrument"": ""BTC-24JUN22"", ""trade_seq"": 512260, ""age_seconds"": 0.411}, {""instrument"": ""BTC-25MAR22"", ""trade_seq"": 1422537, ""age_seconds"": 0.664}, {""instrument"": ""BTC-31DEC21"", ""trade_seq"": 3668304, ""age_seconds"": 0.1}]",False,,0.005317651484599217,2021-12-15,2165.2866,0.05017443198465098,shock
195150526,BTC-24DEC21-49000-C,2021-12-24,49000.0,C,1639554224737,7,0.024688459633434807,48220.22,0.041,48304.60844615265,"[{""instrument"": ""BTC-24JUN22"", ""trade_seq"": 512277, ""age_seconds"": 157.122}, {""instrument"": ""BTC-25MAR22"", ""trade_seq"": 1422657, ""age_seconds"": 156.459}, {""instrument"": ""BTC-31DEC21"", ""trade_seq"": 3668506, ""age_seconds"": 103.044}]",False,,-0.014293329039804006,2021-12-15,1977.0290200000002,0.04092837274944242,shock
195151164,BTC-24DEC21-50000-C,2021-12-24,50000.0,C,1639554742161,7,0.024672052226027398,48217.81,0.033,48305.71132842527,"[{""instrument"": ""BTC-24JUN22"", ""trade_seq"": 512278, ""age_seconds"": 70.6}, {""instrument"": ""BTC-25MAR22"", ""trade_seq"": 1422665, ""age_seconds"": 69.688}, {""instrument"": ""BTC-31DEC21"", ""trade_seq"": 3668529, ""age_seconds"": 0.285}]",False,,-0.03447320479491385,2021-12-15,1591.18773,0.03293995029245482,shock
195150533,BTC-24DEC21-51000-C,2021-12-24,51000.0,C,1639554224858,7,0.024688455796549973,48220.22,0.026,48304.608440413875,"[{""instrument"": ""BTC-24JUN22"", ""trade_seq"": 512277, ""age_seconds"": 157.243}, {""instrument"": ""BTC-25MAR22"", ""trade_seq"": 1422657, ""age_seconds"": 156.58}, {""instrument"": ""BTC-31DEC21"", ""trade_seq"": 3668506, ""age_seconds"": 103.165}]",False,,-0.05429866377230697,2021-12-15,1253.72572,0.025954577844193326,shock
195150965,BTC-24DEC21-52000-C,2021-12-24,52000.0,C,1639554491652,7,0.024679995814307458,48280.75,0.021,48377.05156615641,"[{""instrument"": ""BTC-24JUN22"", ""trade_seq"": 512277, ""age_seconds"": 424.037}, {""instrument"": ""BTC-25MAR22"", ""trade_seq"": 1422664, ""age_seconds"": 21.33}, {""instrument"": ""BTC-31DEC21"", ""trade_seq"": 3668517, ""age_seconds"": 22.665}]",False,,-0.07221815849443639,2021-12-15,1013.89575,0.020958196441829054,shock
195150912,BTC-24DEC21-53000-C,2021-12-24,53000.0,C,1639554469528,7,0.024680697361745305,48267.62,0.0165,48363.896574712264,"[{""instrument"": ""BTC-24JUN22"", ""trade_seq"": 512277, ""age_seconds"": 401.913}, {""instrument"": ""BTC-25MAR22"", ""trade_seq"": 1422662, ""age_seconds"": 141.76}, {""instrument"": ""BTC-31DEC21"", ""trade_seq"": 3668517, ""age_seconds"": 0.541}]",False,,-0.09153831671912079,2021-12-15,796.41573,0.01646715393929647,shock
195150531,BTC-24DEC21-54000-C,2021-12-24,54000.0,C,1639554224771,7,0.024688458555301877,48220.22,0.013,48304.60844454011,"[{""instrument"": ""BTC-24JUN22"", ""trade_seq"": 512277, ""age_seconds"": 157.156}, {""instrument"": ""BTC-25MAR22"", ""trade_seq"": 1422657, ""age_seconds"": 156.493}, {""instrument"": ""BTC-31DEC21"", ""trade_seq"": 3668506, ""age_seconds"": 103.078}]",False,,-0.11145707752683451,2021-12-15,626.86286,0.01297728892098813,shock
195150532,BTC-24DEC21-55000-C,2021-12-24,55000.0,C,1639554224777,7,0.024688458365043124,48220.22,0.0105,48304.60844425553,"[{""instrument"": ""BTC-24JUN22"", ""trade_seq"": 512277, ""age_seconds"": 157.162}, {""instrument"": ""BTC-25MAR22"", ""trade_seq"": 1422657, ""age_seconds"": 156.499}, {""instrument"": ""BTC-31DEC21"", ""trade_seq"": 3668506, ""age_seconds"": 103.084}]",False,,-0.1298062162009223,2021-12-15,506.31231,0.010481656436244472,shock
195149662,BTC-24DEC21-56000-C,2021-12-24,56000.0,C,1639552881085,7,0.024731066558853376,48258.25,0.008,48351.535904548626,"[{""instrument"": ""BTC-24JUN22"", ""trade_seq"": 512267, ""age_seconds"": 27.685}, {""instrument"": ""BTC-25MAR22"", ""trade_seq"": 1422631, ""age_seconds"": 24.918}, {""instrument"": ""BTC-31DEC21"", ""trade_seq"": 3668411, ""age_seconds"": 0.055}]",False,,-0.1468537029588226,2021-12-15,386.06600000000003,0.007984565387170694,shock
195147782,BTC-25FEB22-60000-C,2022-02-25,60000.0,C,1639552086868,7,0.19735899074074076,47971.7,0.078,48639.975957467956,"[{""instrument"": ""BTC-24JUN22"", ""trade_seq"": 512243, ""age_seconds"": 31.442}, {""instrument"": ""BTC-25MAR22"", ""trade_seq"": 1422511, ""age_seconds"": 0.049}, {""instrument"": ""BTC-31DEC21"", ""trade_seq"": 3668214, ""age_seconds"": 22.317}]",False,,-0.2098988188597892,2021-12-15,3741.7925999999998,0.07692833983454102,shock
195148352,BTC-25MAR22-60000-C,2022-03-25,60000.0,C,1639552429693,7,0.2740604485984272,48117.48,0.1095,49166.50000000001,"[{""instrument"": ""BTC-24JUN22"", ""trade_seq"": 512259, ""age_seconds"": 0.036}, {""instrument"": ""BTC-25MAR22"", ""trade_seq"": 1422537, ""age_seconds"": 0.017}, {""instrument"": ""BTC-31DEC21"", ""trade_seq"": 3668293, ""age_seconds"": 0.073}]",False,,-0.19913206494658975,2021-12-15,5268.864060000001,0.10716370008033925,shock
195149267,BTC-28JAN22-42000-P,2022-01-28,42000.0,P,1639552714481,7,0.12062676049594115,48237.87,0.0575,48671.35200884316,"[{""instrument"": ""BTC-24JUN22"", ""trade_seq"": 512262, ""age_seconds"": 281.869}, {""instrument"": ""BTC-25MAR22"", ""trade_seq"": 1422613, ""age_seconds"": 64.069}, {""instrument"": ""BTC-31DEC21"", ""trade_seq"": 3668367, ""age_seconds"": 17.119}]",False,,0.14742098427711098,2021-12-15,2773.677525,0.19405726662631195,shock
195148542,BTC-28JAN22-46000-P,2022-01-28,46000.0,P,1639552432550,7,0.12063570046930493,48173.56,0.0915,48649.21549749744,"[{""instrument"": ""BTC-24JUN22"", ""trade_seq"": 512261, ""age_seconds"": 1.567}, {""instrument"": ""BTC-25MAR22"", ""trade_seq"": 1422563, ""age_seconds"": 0.015}, {""instrument"": ""BTC-31DEC21"", ""trade_seq"": 3668311, ""age_seconds"": 0.375}]",False,,0.055994286576056845,2021-12-15,4407.88074,0.14506084353735285,shock
195148400,BTC-28JAN22-48000-P,2022-01-28,48000.0,P,1639552430296,7,0.12063577194317605,48117.48,0.112,48629.69878686331,"[{""instrument"": ""BTC-24JUN22"", ""trade_seq"": 512260, ""age_seconds"": 0.367}, {""instrument"": ""BTC-25MAR22"", ""trade_seq"": 1422537, ""age_seconds"": 0.62}, {""instrument"": ""BTC-31DEC21"", ""trade_seq"": 3668304, ""age_seconds"": 0.056}]",False,,0.013033419510897279,2021-12-15,5389.15776,0.12376915130079372,shock
195147707,BTC-31DEC21-38000-P,2021-12-31,38000.0,P,1639552012303,7,0.043936697647133434,47998.38,0.01,48129.911995950424,"[{""instrument"": ""BTC-24JUN22"", ""trade_seq"": 512240, ""age_seconds"": 117.702}, {""instrument"": ""BTC-25MAR22"", ""trade_seq"": 1422510, ""age_seconds"": 88.813}, {""instrument"": ""BTC-31DEC21"", ""trade_seq"": 3668206, ""age_seconds"": 40.807}]",False,,0.23631769512135548,2021-12-15,479.9838,0.22044286714763003,shock
195151411,BTC-31DEC21-40000-P,2021-12-31,40000.0,P,1639555075902,7,0.043839551560121766,48254.69,0.015,48396.93834919517,"[{""instrument"": ""BTC-24JUN22"", ""trade_seq"": 512280, ""age_seconds"": 72.994}, {""instrument"": ""BTC-25MAR22"", ""trade_seq"": 1422671, ""age_seconds"": 73.004}, {""instrument"": ""BTC-31DEC21"", ""trade_seq"": 3668546, ""age_seconds"": 5.846}]",False,,0.19055710035979198,2021-12-15,723.82035,0.1884573489625887,shock
195151144,BTC-31DEC21-42000-P,2021-12-31,42000.0,P,1639554737567,7,0.04385028009259259,48228.77,0.021,48383.81060848136,"[{""instrument"": ""BTC-24JUN22"", ""trade_seq"": 512278, ""age_seconds"": 66.006}, {""instrument"": ""BTC-25MAR22"", ""trade_seq"": 1422665, ""age_seconds"": 65.094}, {""instrument"": ""BTC-31DEC21"", ""trade_seq"": 3668527, ""age_seconds"": 12.216}]",False,,0.14149564792413546,2021-12-15,1012.80417,0.15287375437073955,shock
195151383,BTC-31DEC21-46000-P,2021-12-31,46000.0,P,1639555022462,7,0.04384124613140537,48255.47,0.044,48396.139886938574,"[{""instrument"": ""BTC-24JUN22"", ""trade_seq"": 512280, ""age_seconds"": 19.554}, {""instrument"": ""BTC-25MAR22"", ""trade_seq"": 1422671, ""age_seconds"": 19.564}, {""instrument"": ""BTC-31DEC21"", ""trade_seq"": 3668539, ""age_seconds"": 19.525}]",False,,0.050778659650844035,2021-12-15,2123.24068,0.09338307925996983,shock
195151266,BTC-31DEC21-48000-P,2021-12-31,48000.0,P,1639554888952,7,0.04384547970573313,48239.93,0.0625,48391.51740411543,"[{""instrument"": ""BTC-24JUN22"", ""trade_seq"": 512278, ""age_seconds"": 217.391}, {""instrument"": ""BTC-25MAR22"", ""trade_seq"": 1422667, ""age_seconds"": 29.294}, {""instrument"": ""BTC-31DEC21"", ""trade_seq"": 3668531, ""age_seconds"": 15.904}]",False,,0.008123527209274678,2021-12-15,3014.995625,0.0703948380181549,shock
195148746,BTC-31DEC21-50000-C,2021-12-31,50000.0,C,1639552465053,7,0.04392234103881278,48253.01,0.0525,48405.368274114204,"[{""instrument"": ""BTC-24JUN22"", ""trade_seq"": 512262, ""age_seconds"": 32.441}, {""instrument"": ""BTC-25MAR22"", ""trade_seq"": 1422582, ""age_seconds"": 3.801}, {""instrument"": ""BTC-31DEC21"", ""trade_seq"": 3668319, ""age_seconds"": 6.001}]",False,,-0.03241228310172096,2021-12-15,2533.283025,0.052334753671417204,shock
195151476,BTC-31DEC21-52000-C,2021-12-31,52000.0,C,1639555186621,7,0.04383604068366311,48220.76,0.039,48364.23370791272,"[{""instrument"": ""BTC-24JUN22"", ""trade_seq"": 512280, ""age_seconds"": 183.713}, {""instrument"": ""BTC-25MAR22"", ""trade_seq"": 1422671, ""age_seconds"": 183.723}, {""instrument"": ""BTC-31DEC21"", ""trade_seq"": 3668547, ""age_seconds"": 21.741}]",False,,-0.07248315101096932,2021-12-15,1880.6096400000001,0.03888430552539323,shock
195149445,BTC-31DEC21-54000-C,2021-12-31,54000.0,C,1639552853402,7,0.04391002657280568,48259.5,0.028,48449.77840304283,"[{""instrument"": ""BTC-24JUN22"", ""trade_seq"": 512267, ""age_seconds"": 0.002}, {""instrument"": ""BTC-25MAR22"", ""trade_seq"": 1422618, ""age_seconds"": 0.133}, {""instrument"": ""BTC-31DEC21"", ""trade_seq"": 3668380, ""age_seconds"": 0.039}]",False,,-0.10845628196256485,2021-12-15,1351.266,0.027890034682080928,shock
195148648,BTC-31DEC21-56000-C,2021-12-31,56000.0,C,1639552439436,7,0.04392315334855403,48229.46,0.0205,48395.976368232725,"[{""instrument"": ""BTC-24JUN22"", ""trade_seq"": 512262, ""age_seconds"": 6.824}, {""instrument"": ""BTC-25MAR22"", ""trade_seq"": 1422581, ""age_seconds"": 1.833}, {""instrument"": ""BTC-31DEC21"", ""trade_seq"": 3668314, ""age_seconds"": 2.001}]",False,,-0.14593501335604683,2021-12-15,988.70393,0.020429465509223376,shock
195150117,BTC-31DEC21-58000-C,2021-12-31,58000.0,C,1639553506327,7,0.04388932245687468,48147.6,0.0145,48288.55014637297,"[{""instrument"": ""BTC-24JUN22"", ""trade_seq"": 512271, ""age_seconds"": 75.039}, {""instrument"": ""BTC-25MAR22"", ""trade_seq"": 1422636, ""age_seconds"": 60.475}, {""instrument"": ""BTC-31DEC21"", ""trade_seq"": 3668490, ""age_seconds"": 6.49}]",False,,-0.1832485350012585,2021-12-15,698.1402,0.014457675740600766,shock
195151382,BTC-31DEC21-60000-C,2021-12-31,60000.0,C,1639555018869,7,0.04384136006468798,48254.76,0.011,48395.427817212185,"[{""instrument"": ""BTC-24JUN22"", ""trade_seq"": 512280, ""age_seconds"": 15.961}, {""instrument"": ""BTC-25MAR22"", ""trade_seq"": 1422671, ""age_seconds"": 15.971}, {""instrument"": ""BTC-31DEC21"", ""trade_seq"": 3668539, ""age_seconds"": 15.932}]",False,,-0.21493921954828885,2021-12-15,530.80236,0.010968027021164515,shock
195335145,BTC-24DEC21-42000-P,2021-12-24,42000.0,P,1639641275966,7,0.02192808326991375,48729.84,0.007,48819.77893571483,"[{""instrument"": ""BTC-25MAR22"", ""trade_seq"": 1430324, ""age_seconds"": 1.541}, {""instrument"": ""BTC-31DEC21"", ""trade_seq"": 3687665, ""age_seconds"": 23.009}]",False,,0.15046591852114916,2021-12-16,341.10888,0.14668005410561533,shock
195334434,BTC-24DEC21-43000-P,2021-12-24,43000.0,P,1639640881830,7,0.021940581240487065,48860.59,0.009,48950.5981635677,"[{""instrument"": ""BTC-25MAR22"", ""trade_seq"": 1430310, ""age_seconds"": 57.472}, {""instrument"": ""BTC-31DEC21"", ""trade_seq"": 3687611, ""age_seconds"": 16.524}]",False,,0.1296114730973182,2021-12-16,439.74530999999996,0.13054679030099822,shock
195332554,BTC-24DEC21-44000-P,2021-12-24,44000.0,P,1639638532750,7,0.022015070078640283,48958.11,0.0115,49040.31947233228,"[{""instrument"": ""BTC-24JUN22"", ""trade_seq"": 515106, ""age_seconds"": 228.546}, {""instrument"": ""BTC-25MAR22"", ""trade_seq"": 1430264, ""age_seconds"": 219.278}, {""instrument"": ""BTC-31DEC21"", ""trade_seq"": 3687417, ""age_seconds"": 65.758}]",False,,0.10845317221401136,2021-12-16,563.018265,0.11425981310120925,shock
195332130,BTC-24DEC21-45000-P,2021-12-24,45000.0,P,1639638157774,7,0.02202696048959919,48961.3,0.015,49047.69492082477,"[{""instrument"": ""BTC-24JUN22"", ""trade_seq"": 515104, ""age_seconds"": 34.439}, {""instrument"": ""BTC-25MAR22"", ""trade_seq"": 1430261, ""age_seconds"": 141.848}, {""instrument"": ""BTC-31DEC21"", ""trade_seq"": 3687350, ""age_seconds"": 0.46}]",False,,0.08613070065817922,2021-12-16,734.4195,0.09749926940591791,shock
195334765,BTC-24DEC21-46000-P,2021-12-24,46000.0,P,1639641085031,7,0.02193413777904617,48800.84,0.02,48887.82113842238,"[{""instrument"": ""BTC-25MAR22"", ""trade_seq"": 1430316, ""age_seconds"": 0.752}, {""instrument"": ""BTC-31DEC21"", ""trade_seq"": 3687637, ""age_seconds"": 0.195}]",False,,0.06088691249803729,2021-12-16,976.0168,0.07903477488763919,shock
195334290,BTC-24DEC21-47000-P,2021-12-24,47000.0,P,1639640799321,7,0.021943197583713853,48892.47,0.0255,48971.633554977125,"[{""instrument"": ""BTC-24JUN22"", ""trade_seq"": 515117, ""age_seconds"": 863.363}, {""instrument"": ""BTC-25MAR22"", ""trade_seq"": 1430306, ""age_seconds"": 81.997}, {""instrument"": ""BTC-31DEC21"", ""trade_seq"": 3687598, ""age_seconds"": 23.978}]",False,,0.04109362172790516,2021-12-16,1246.757985,0.06571950548400751,shock
195335092,BTC-24DEC21-49000-C,2021-12-24,49000.0,C,1639641273129,7,0.02192817323059361,48746.51,0.0415,48836.479875305784,"[{""instrument"": ""BTC-25MAR22"", ""trade_seq"": 1430323, ""age_seconds"": 42.529}, {""instrument"": ""BTC-31DEC21"", ""trade_seq"": 3687665, ""age_seconds"": 20.172}]",False,,-0.0033427260908119685,2021-12-16,2022.9801650000002,0.04142354588547899,shock
195334407,BTC-24DEC21-50000-C,2021-12-24,50000.0,C,1639640840783,7,0.02194188283231862,48865.58,0.033,48951.91045441842,"[{""instrument"": ""BTC-25MAR22"", ""trade_seq"": 1430310, ""age_seconds"": 16.425}, {""instrument"": ""BTC-31DEC21"", ""trade_seq"": 3687609, ""age_seconds"": 2.639}]",False,,-0.021184608522349324,2021-12-16,1612.5641400000002,0.03294180196504362,shock
195335234,BTC-24DEC21-52000-C,2021-12-24,52000.0,C,1639641320111,7,0.021926683441146625,48740.76,0.0185,48837.58158901903,"[{""instrument"": ""BTC-25MAR22"", ""trade_seq"": 1430325, ""age_seconds"": 22.648}, {""instrument"": ""BTC-31DEC21"", ""trade_seq"": 3687676, ""age_seconds"": 22.971}]",False,,-0.06274358757928361,2021-12-16,901.70406,0.01846332333955589,shock
195334978,BTC-24DEC21-53000-C,2021-12-24,53000.0,C,1639641228394,7,0.021929591768138003,48781.53,0.0145,48859.70873452232,"[{""instrument"": ""BTC-25MAR22"", ""trade_seq"": 1430322, ""age_seconds"": 0.1}, {""instrument"": ""BTC-31DEC21"", ""trade_seq"": 3687661, ""age_seconds"": 5.187}]",False,,-0.08133880896579046,2021-12-16,707.332185,0.014476799050179914,shock
195334254,BTC-24DEC21-54000-C,2021-12-24,54000.0,C,1639640774080,7,0.021943997970573316,48907.08,0.011,48989.92257728907,"[{""instrument"": ""BTC-24JUN22"", ""trade_seq"": 515117, ""age_seconds"": 838.122}, {""instrument"": ""BTC-25MAR22"", ""trade_seq"": 1430306, ""age_seconds"": 56.756}, {""instrument"": ""BTC-31DEC21"", ""trade_seq"": 3687597, ""age_seconds"": 12.14}]",False,,-0.09736943129289094,2021-12-16,537.97788,0.01098139886118942,shock
195334025,BTC-24DEC21-55000-C,2021-12-24,55000.0,C,1639640608521,7,0.021949247812024356,48914.65,0.0085,49002.812766658426,"[{""instrument"": ""BTC-24JUN22"", ""trade_seq"": 515117, ""age_seconds"": 672.563}, {""instrument"": ""BTC-25MAR22"", ""trade_seq"": 1430301, ""age_seconds"": 263.393}, {""instrument"": ""BTC-31DEC21"", ""trade_seq"": 3687568, ""age_seconds"": 37.39}]",False,,-0.11545548536816407,2021-12-16,415.77452500000004,0.008484707336695855,shock
195332407,BTC-24DEC21-56000-C,2021-12-24,56000.0,C,1639638388058,7,0.022019658231862,48995.62,0.007,49085.06155615796,"[{""instrument"": ""BTC-24JUN22"", ""trade_seq"": 515106, ""age_seconds"": 83.854}, {""instrument"": ""BTC-25MAR22"", ""trade_seq"": 1430264, ""age_seconds"": 74.586}, {""instrument"": ""BTC-31DEC21"", ""trade_seq"": 3687395, ""age_seconds"": 10.575}]",False,,-0.13179694751876145,2021-12-16,342.96934000000005,0.0069872447772650875,shock
195333022,BTC-24DEC21-58000-C,2021-12-24,58000.0,C,1639639213092,7,0.021993496575342466,48915.77,0.0045,49000.30900631106,"[{""instrument"": ""BTC-24JUN22"", ""trade_seq"": 515108, ""age_seconds"": 445.189}, {""instrument"": ""BTC-25MAR22"", ""trade_seq"": 1430273, ""age_seconds"": 79.386}, {""instrument"": ""BTC-31DEC21"", ""trade_seq"": 3687456, ""age_seconds"": 4.509}]",False,,-0.1686164062044309,2021-12-16,220.12096499999996,0.004492236262666205,shock
195334097,BTC-25FEB22-45000-P,2022-02-25,45000.0,P,1639640654887,7,0.19455051728183662,48936.96,0.102,49660.611128427234,"[{""instrument"": ""BTC-24JUN22"", ""trade_seq"": 515117, ""age_seconds"": 718.929}, {""instrument"": ""BTC-25MAR22"", ""trade_seq"": 1430303, ""age_seconds"": 2.232}, {""instrument"": ""BTC-31DEC21"", ""trade_seq"": 3687574, ""age_seconds"": 1.995}]",False,,0.0985495964850314,2021-12-16,4991.56992,0.19436291316403137,shock
195333458,BTC-25MAR22-40000-P,2022-03-25,40000.0,P,1639639912185,7,0.2712863969748858,48964.13,0.0825,49944.543442489885,"[{""instrument"": ""BTC-24JUN22"", ""trade_seq"": 515115, ""age_seconds"": 2.89}, {""instrument"": ""BTC-25MAR22"", ""trade_seq"": 1430285, ""age_seconds"": 2.933}, {""instrument"": ""BTC-31DEC21"", ""trade_seq"": 3687532, ""age_seconds"": 3.227}]",False,,0.22203380462286731,2021-12-16,4039.540725,0.2799922314555196,shock
195335549,BTC-28JAN22-40000-P,2022-01-28,40000.0,P,1639641585097,7,0.11780869174911213,48746.05,0.0395,49191.666850140624,"[{""instrument"": ""BTC-25MAR22"", ""trade_seq"": 1430329, ""age_seconds"": 78.159}, {""instrument"": ""BTC-31DEC21"", ""trade_seq"": 3687682, ""age_seconds"": 3.931}]",False,,0.2068447820744842,2021-12-16,1925.4689750000002,0.22599632289363744,shock
195331858,BTC-28JAN22-65000-C,2022-01-28,65000.0,C,1639638029696,7,0.11792143277524099,48879.72,0.029,49311.05025148148,"[{""instrument"": ""BTC-24JUN22"", ""trade_seq"": 515103, ""age_seconds"": 131.021}, {""instrument"": ""BTC-25MAR22"", ""trade_seq"": 1430261, ""age_seconds"": 13.77}, {""instrument"": ""BTC-31DEC21"", ""trade_seq"": 3687324, ""age_seconds"": 18.487}]",False,,-0.2762390709312103,2021-12-16,1417.51188,0.028746333180308056,shock
195335366,BTC-28JAN22-70000-C,2022-01-28,70000.0,C,1639641423692,7,0.11781380986808727,48753.44,0.02,49188.08718950915,"[{""instrument"": ""BTC-25MAR22"", ""trade_seq"": 1430326, ""age_seconds"": 86.355}, {""instrument"": ""BTC-31DEC21"", ""trade_seq"": 3687679, ""age_seconds"": 71.801}]",False,,-0.35284377816389856,2021-12-16,975.0688,0.0198232713592482,shock
195332639,BTC-30SEP22-60000-C,2022-09-30,60000.0,C,1639638803285,7,0.7891297791412988,48939.77,0.256,51985.40327934744,"[{""instrument"": ""BTC-24JUN22"", ""trade_seq"": 515108, ""age_seconds"": 35.382}, {""instrument"": ""BTC-25MAR22"", ""trade_seq"": 1430267, ""age_seconds"": 9.228}, {""instrument"": ""BTC-31DEC21"", ""trade_seq"": 3687431, ""age_seconds"": 37.64}]",True,,-0.14338158921241903,2021-12-16,12528.581119999999,0.24100190302798527,shock
195335233,BTC-31DEC21-38000-P,2021-12-31,38000.0,P,1639641319333,7,0.04110479030314561,48740.76,0.007,48922.42385372456,"[{""instrument"": ""BTC-25MAR22"", ""trade_seq"": 1430325, ""age_seconds"": 21.87}, {""instrument"": ""BTC-31DEC21"", ""trade_seq"": 3687676, ""age_seconds"": 22.193}]",False,,0.2526496971612458,2021-12-16,341.18532000000005,0.23023407849541866,shock
195335071,BTC-31DEC21-40000-P,2021-12-31,40000.0,P,1639641250578,7,0.04110697050989345,48755.76,0.0105,48922.52006840632,"[{""instrument"": ""BTC-25MAR22"", ""trade_seq"": 1430323, ""age_seconds"": 19.978}, {""instrument"": ""BTC-31DEC21"", ""trade_seq"": 3687663, ""age_seconds"": 8.443}]",False,,0.2013583694503143,2021-12-16,511.93548000000004,0.19284483986545486,shock
195333635,BTC-31DEC21-42000-P,2021-12-31,42000.0,P,1639640137576,7,0.041142263571790974,48902.73,0.016,49066.670475453924,"[{""instrument"": ""BTC-24JUN22"", ""trade_seq"": 515117, ""age_seconds"": 201.618}, {""instrument"": ""BTC-25MAR22"", ""trade_seq"": 1430291, ""age_seconds"": 75.572}, {""instrument"": ""BTC-31DEC21"", ""trade_seq"": 3687540, ""age_seconds"": 7.721}]",False,,0.15551037696803507,2021-12-16,782.4436800000001,0.15996834672897803,shock
195334135,BTC-31DEC21-44000-P,2021-12-31,44000.0,P,1639640661528,7,0.041125649162861495,48940.97,0.023,49122.53687045325,"[{""instrument"": ""BTC-24JUN22"", ""trade_seq"": 515117, ""age_seconds"": 725.57}, {""instrument"": ""BTC-25MAR22"", ""trade_seq"": 1430303, ""age_seconds"": 8.873}, {""instrument"": ""BTC-31DEC21"", ""trade_seq"": 3687584, ""age_seconds"": 0.278}]",False,,0.11012829497244617,2021-12-16,1125.64231,0.12719577567687615,shock
195333479,BTC-31DEC21-46000-P,2021-12-31,46000.0,P,1639639963349,7,0.04114778827371893,48943.15,0.0345,49111.758271715604,"[{""instrument"": ""BTC-24JUN22"", ""trade_seq"": 515117, ""age_seconds"": 27.391}, {""instrument"": ""BTC-25MAR22"", ""trade_seq"": 1430287, ""age_seconds"": 25.89}, {""instrument"": ""BTC-31DEC21"", ""trade_seq"": 3687534, ""age_seconds"": 18.503}]",False,,0.0654570856439336,2021-12-16,1688.5386750000002,0.09774231499018005,shock
195332573,BTC-31DEC21-48000-P,2021-12-31,48000.0,P,1639638547394,7,0.04119268791222729,48953.88,0.0505,49128.93649776991,"[{""instrument"": ""BTC-24JUN22"", ""trade_seq"": 515106, ""age_seconds"": 243.19}, {""instrument"": ""BTC-25MAR22"", ""trade_seq"": 1430264, ""age_seconds"": 233.922}, {""instrument"": ""BTC-31DEC21"", ""trade_seq"": 3687423, ""age_seconds"": 6.067}]",False,,0.02324718834124085,2021-12-16,2472.17094,0.07329911238630966,shock
195333143,BTC-31DEC21-50000-C,2021-12-31,50000.0,C,1639639398890,7,0.041165687151192294,48940.04,0.0535,49104.0268249639,"[{""instrument"": ""BTC-24JUN22"", ""trade_seq"": 515108, ""age_seconds"": 630.987}, {""instrument"": ""BTC-25MAR22"", ""trade_seq"": 1430277, ""age_seconds"": 86.443}, {""instrument"": ""BTC-31DEC21"", ""trade_seq"": 3687469, ""age_seconds"": 43.265}]",False,,-0.018081961262142152,2021-12-16,2618.29214,0.053321332471024385,shock
195335326,BTC-31DEC21-52000-C,2021-12-31,52000.0,C,1639641392491,7,0.04110247047818367,48757.01,0.0365,48919.9916065466,"[{""instrument"": ""BTC-25MAR22"", ""trade_seq"": 1430326, ""age_seconds"": 55.154}, {""instrument"": ""BTC-31DEC21"", ""trade_seq"": 3687679, ""age_seconds"": 40.6}]",False,,-0.06105757933756042,2021-12-16,1779.6308649999999,0.03637839677719497,shock
195332785,BTC-31DEC21-56000-C,2021-12-31,56000.0,C,1639639072951,7,0.04117602260908169,48953.76,0.019,49138.50068030991,"[{""instrument"": ""BTC-24JUN22"", ""trade_seq"": 515108, ""age_seconds"": 305.048}, {""instrument"": ""BTC-25MAR22"", ""trade_seq"": 1430268, ""age_seconds"": 9.048}, {""instrument"": ""BTC-31DEC21"", ""trade_seq"": 3687442, ""age_seconds"": 1.174}]",False,,-0.13070883529379643,2021-12-16,930.12144,0.018928567765045895,shock
195333700,BTC-31DEC21-58000-C,2021-12-31,58000.0,C,1639640194012,7,0.04114047399797057,48923.25,0.014,49101.94981736719,"[{""instrument"": ""BTC-24JUN22"", ""trade_seq"": 515117, ""age_seconds"": 258.054}, {""instrument"": ""BTC-25MAR22"", ""trade_seq"": 1430293, ""age_seconds"": 30.311}, {""instrument"": ""BTC-31DEC21"", ""trade_seq"": 3687547, ""age_seconds"": 1.468}]",False,,-0.16654426538640327,2021-12-16,684.9255,0.013949048918577655,shock
195334027,BTC-31DEC21-70000-C,2021-12-31,70000.0,C,1639640611181,7,0.041127245655758496,48914.77,0.002,49080.09516240671,"[{""instrument"": ""BTC-24JUN22"", ""trade_seq"": 515117, ""age_seconds"": 675.223}, {""instrument"": ""BTC-25MAR22"", ""trade_seq"": 1430301, ""age_seconds"": 266.053}, {""instrument"": ""BTC-31DEC21"", ""trade_seq"": 3687568, ""age_seconds"": 40.05}]",False,,-0.3550416832841859,2021-12-16,97.82954,0.0019932630463792033,shock
195446545,BTC-24DEC21-38000-P,2021-12-24,38000.0,P,1639724854494,7,0.019277825532724505,47113.98,0.0035,47176.65958607343,"[{""instrument"": ""BTC-24JUN22"", ""trade_seq"": 516418, ""age_seconds"": 3.685}, {""instrument"": ""BTC-25MAR22"", ""trade_seq"": 1434977, ""age_seconds"": 4.123}, {""instrument"": ""BTC-31DEC21"", ""trade_seq"": 3697223, ""age_seconds"": 0.988}]",False,,0.2163131102644769,2021-12-17,164.89893,0.19801229247759336,shock
195457897,BTC-24DEC21-40000-P,2021-12-24,40000.0,P,1639727264702,7,0.019201398338406898,46860.13,0.0055,46922.649507965914,"[{""instrument"": ""BTC-24JUN22"", ""trade_seq"": 516631, ""age_seconds"": 3.021}, {""instrument"": ""BTC-25MAR22"", ""trade_seq"": 1435419, ""age_seconds"": 1.088}, {""instrument"": ""BTC-31DEC21"", ""trade_seq"": 3697814, ""age_seconds"": 2.864}]",False,,0.15962103670377004,2021-12-17,257.730715,0.15302589044437742,shock
195457175,BTC-24DEC21-42000-P,2021-12-24,42000.0,P,1639727197117,7,0.019203541444698123,46863.9,0.0095,46921.73079379808,"[{""instrument"": ""BTC-24JUN22"", ""trade_seq"": 516625, ""age_seconds"": 18.123}, {""instrument"": ""BTC-25MAR22"", ""trade_seq"": 1435393, ""age_seconds"": 5.434}, {""instrument"": ""BTC-31DEC21"", ""trade_seq"": 3697769, ""age_seconds"": 11.811}]",False,,0.11081129300991871,2021-12-17,445.20705,0.11438064523628907,shock
195458419,BTC-24DEC21-43000-P,2021-12-24,43000.0,P,1639727324420,7,0.01919950469304921,46931.59,0.013,46987.55364300978,"[{""instrument"": ""BTC-24JUN22"", ""trade_seq"": 516631, ""age_seconds"": 62.739}, {""instrument"": ""BTC-25MAR22"", ""trade_seq"": 1435430, ""age_seconds"": 28.364}, {""instrument"": ""BTC-31DEC21"", ""trade_seq"": 3697821, ""age_seconds"": 1.713}]",False,,0.08868263484034468,2021-12-17,610.1106699999999,0.0978485568314698,shock
195459579,BTC-24DEC21-44000-P,2021-12-24,44000.0,P,1639727483210,7,0.019194469495180114,46969.94,0.0165,47018.56532774617,"[{""instrument"": ""BTC-24JUN22"", ""trade_seq"": 516636, ""age_seconds"": 53.166}, {""instrument"": ""BTC-25MAR22"", ""trade_seq"": 1435448, ""age_seconds"": 1.207}, {""instrument"": ""BTC-31DEC21"", ""trade_seq"": 3697831, ""age_seconds"": 8.827}]",False,,0.06635289677040397,2021-12-17,775.0040100000001,0.0806823711294215,shock
195460266,BTC-24DEC21-45000-P,2021-12-24,45000.0,P,1639727594937,7,0.019190926655251142,46983.07,0.0225,47032.53688505726,"[{""instrument"": ""BTC-24JUN22"", ""trade_seq"": 516637, ""age_seconds"": 61.417}, {""instrument"": ""BTC-25MAR22"", ""trade_seq"": 1435457, ""age_seconds"": 30.697}, {""instrument"": ""BTC-31DEC21"", ""trade_seq"": 3697834, ""age_seconds"": 1.241}]",False,,0.044177146578675816,2021-12-17,1057.119075,0.06569188405907317,shock
195461104,BTC-24DEC21-46000-P,2021-12-24,46000.0,P,1639727842645,7,0.019183071886098427,46972.9,0.03,47026.34602786835,"[{""instrument"": ""BTC-24JUN22"", ""trade_seq"": 516637, ""age_seconds"": 309.125}, {""instrument"": ""BTC-25MAR22"", ""trade_seq"": 1435476, ""age_seconds"": 66.903}, {""instrument"": ""BTC-31DEC21"", ""trade_seq"": 3697852, ""age_seconds"": 127.608}]",False,,0.022066601953811656,2021-12-17,1409.187,0.05179082011655815,shock
195458723,BTC-24DEC21-47000-C,2021-12-24,47000.0,C,1639727362727,7,0.019198289986047692,46933.41,0.0395,46975.83397520824,"[{""instrument"": ""BTC-24JUN22"", ""trade_seq"": 516631, ""age_seconds"": 101.046}, {""instrument"": ""BTC-25MAR22"", ""trade_seq"": 1435430, ""age_seconds"": 66.671}, {""instrument"": ""BTC-31DEC21"", ""trade_seq"": 3697828, ""age_seconds"": 4.921}]",False,,-0.0005143029713534251,2021-12-17,1853.869695,0.03946432746629661,shock
195457578,BTC-24DEC21-48000-C,2021-12-24,48000.0,C,1639727232066,7,0.019202433219178083,46786.58,0.0275,46822.35583795922,"[{""instrument"": ""BTC-24JUN22"", ""trade_seq"": 516630, ""age_seconds"": 2.705}, {""instrument"": ""BTC-25MAR22"", ""trade_seq"": 1435399, ""age_seconds"": 2.641}, {""instrument"": ""BTC-31DEC21"", ""trade_seq"": 3697795, ""age_seconds"": 2.591}]",False,,-0.02484023319600279,2021-12-17,1286.63095,0.027478987910234943,shock
195458403,BTC-24DEC21-49000-C,2021-12-24,49000.0,C,1639727323345,7,0.0191995387810756,46927.73,0.0215,46983.68908982559,"[{""instrument"": ""BTC-24JUN22"", ""trade_seq"": 516631, ""age_seconds"": 61.664}, {""instrument"": ""BTC-25MAR22"", ""trade_seq"": 1435430, ""age_seconds"": 27.289}, {""instrument"": ""BTC-31DEC21"", ""trade_seq"": 3697821, ""age_seconds"": 0.638}]",False,,-0.042019797275116254,2021-12-17,1008.946195,0.021474392806215152,shock
195453557,BTC-24DEC21-50000-C,2021-12-24,50000.0,C,1639726627215,7,0.019221612918569254,47014.55,0.0165,47069.03689938676,"[{""instrument"": ""BTC-24JUN22"", ""trade_seq"": 516605, ""age_seconds"": 70.59}, {""instrument"": ""BTC-25MAR22"", ""trade_seq"": 1435303, ""age_seconds"": 24.857}, {""instrument"": ""BTC-31DEC21"", ""trade_seq"": 3697549, ""age_seconds"": 8.504}]",False,,-0.06040761125296198,2021-12-17,775.740075,0.016480899676324306,shock
195461741,BTC-24DEC21-51000-C,2021-12-24,51000.0,C,1639727958967,7,0.019179383339675293,47048.74,0.012,47107.08580507303,"[{""instrument"": ""BTC-24JUN22"", ""trade_seq"": 516640, ""age_seconds"": 9.555}, {""instrument"": ""BTC-25MAR22"", ""trade_seq"": 1435484, ""age_seconds"": 9.559}, {""instrument"": ""BTC-31DEC21"", ""trade_seq"": 3697860, ""age_seconds"": 0.01}]",False,,-0.07940220129587885,2021-12-17,564.58488,0.01198513706273885,shock
195459235,BTC-24DEC21-52000-C,2021-12-24,52000.0,C,1639727431285,7,0.01919611602612887,46963.85,0.0085,47014.16598337879,"[{""instrument"": ""BTC-24JUN22"", ""trade_seq"": 516636, ""age_seconds"": 1.241}, {""instrument"": ""BTC-25MAR22"", ""trade_seq"": 1435442, ""age_seconds"": 7.191}, {""instrument"": ""BTC-31DEC21"", ""trade_seq"": 3697830, ""age_seconds"": 1.205}]",False,,-0.10079475838272343,2021-12-17,399.192725,0.008490903042736716,shock
195453555,BTC-24DEC21-53000-C,2021-12-24,53000.0,C,1639726627148,7,0.019221615043125317,47014.55,0.0065,47069.0369023963,"[{""instrument"": ""BTC-24JUN22"", ""trade_seq"": 516605, ""age_seconds"": 70.523}, {""instrument"": ""BTC-25MAR22"", ""trade_seq"": 1435303, ""age_seconds"": 24.79}, {""instrument"": ""BTC-31DEC21"", ""trade_seq"": 3697549, ""age_seconds"": 8.437}]",False,,-0.11867651931299891,2021-12-17,305.594575,0.0064924756296520295,shock
195459251,BTC-24DEC21-54000-C,2021-12-24,54000.0,C,1639727436908,7,0.019195937721968544,46969.49,0.0045,47019.81179221865,"[{""instrument"": ""BTC-24JUN22"", ""trade_seq"": 516636, ""age_seconds"": 6.864}, {""instrument"": ""BTC-25MAR22"", ""trade_seq"": 1435442, ""age_seconds"": 12.814}, {""instrument"": ""BTC-31DEC21"", ""trade_seq"": 3697830, ""age_seconds"": 6.828}]",False,,-0.1384150061779575,2021-12-17,211.36270499999998,0.004495183986146422,shock
195446719,BTC-24DEC21-55000-C,2021-12-24,55000.0,C,1639724892900,7,0.019276607686453576,47090.02,0.0035,47143.03625316973,"[{""instrument"": ""BTC-24JUN22"", ""trade_seq"": 516418, ""age_seconds"": 42.091}, {""instrument"": ""BTC-25MAR22"", ""trade_seq"": 1434977, ""age_seconds"": 42.529}, {""instrument"": ""BTC-31DEC21"", ""trade_seq"": 3697230, ""age_seconds"": 17.122}]",False,,-0.15414688052481473,2021-12-17,164.81507,0.0034960639597946645,shock
195461405,BTC-24DEC21-56000-C,2021-12-24,56000.0,C,1639727903197,7,0.019181151794774226,47043.45,0.003,47104.517665325766,"[{""instrument"": ""BTC-24JUN22"", ""trade_seq"": 516639, ""age_seconds"": 51.13}, {""instrument"": ""BTC-25MAR22"", ""trade_seq"": 1435481, ""age_seconds"": 15.245}, {""instrument"": ""BTC-31DEC21"", ""trade_seq"": 3697853, ""age_seconds"": 13.937}]",False,,-0.17298277785119795,2021-12-17,141.13035,0.0029961107128348295,shock
195453311,BTC-24DEC21-58000-C,2021-12-24,58000.0,C,1639726577636,7,0.019223185058346016,47016.4,0.001,47066.38271046021,"[{""instrument"": ""BTC-24JUN22"", ""trade_seq"": 516605, ""age_seconds"": 21.011}, {""instrument"": ""BTC-25MAR22"", ""trade_seq"": 1435302, ""age_seconds"": 15.384}, {""instrument"": ""BTC-31DEC21"", ""trade_seq"": 3697534, ""age_seconds"": 3.128}]",False,,-0.2088840072374629,2021-12-17,47.016400000000004,0.0009989380379884368,shock
195456056,BTC-24DEC21-64000-C,2021-12-24,64000.0,C,1639726965003,7,0.019210901731354642,46900.99,0.0005,46961.25669903532,"[{""instrument"": ""BTC-24JUN22"", ""trade_seq"": 516616, ""age_seconds"": 2.85}, {""instrument"": ""BTC-25MAR22"", ""trade_seq"": 1435354, ""age_seconds"": 3.47}, {""instrument"": ""BTC-31DEC21"", ""trade_seq"": 3697682, ""age_seconds"": 2.585}]",False,,-0.3095601471451901,2021-12-17,23.450495,0.0004993583359638185,shock
195447034,BTC-24DEC21-66000-C,2021-12-24,66000.0,C,1639725016698,7,0.019272682077625572,47108.65,0.0005,47166.93225114268,"[{""instrument"": ""BTC-24JUN22"", ""trade_seq"": 516435, ""age_seconds"": 8.616}, {""instrument"": ""BTC-25MAR22"", ""trade_seq"": 1434994, ""age_seconds"": 3.451}, {""instrument"": ""BTC-31DEC21"", ""trade_seq"": 3697248, ""age_seconds"": 0.439}]",False,,-0.33596168286081973,2021-12-17,23.554325000000002,0.0004993821704278715,shock
195444155,BTC-25FEB22-45000-P,2022-02-25,45000.0,P,1639724425143,7,0.1918941798896499,47355.49,0.112,47980.424857526596,"[{""instrument"": ""BTC-24JUN22"", ""trade_seq"": 516389, ""age_seconds"": 0.83}, {""instrument"": ""BTC-25MAR22"", ""trade_seq"": 1434868, ""age_seconds"": 0.298}, {""instrument"": ""BTC-31DEC21"", ""trade_seq"": 3696981, ""age_seconds"": 0.404}]",False,,0.06413062249003193,2021-12-17,5303.81488,0.17265874077034277,shock
195447357,BTC-25FEB22-65000-C,2022-02-25,65000.0,C,1639725044656,7,0.19187453526128867,47022.52,0.0475,47653.29913578445,"[{""instrument"": ""BTC-24JUN22"", ""trade_seq"": 516463, ""age_seconds"": 11.252}, {""instrument"": ""BTC-25MAR22"", ""trade_seq"": 1434996, ""age_seconds"": 0.223}, {""instrument"": ""BTC-31DEC21"", ""trade_seq"": 3697263, ""age_seconds"": 0.097}]",False,,-0.31043540534466335,2021-12-17,2233.5697,0.04687125006047563,shock
195453549,BTC-25MAR22-50000-C,2022-03-25,50000.0,C,1639726625017,7,0.2685367511098427,47018.55,0.1565,47975.58178657339,"[{""instrument"": ""BTC-24JUN22"", ""trade_seq"": 516605, ""age_seconds"": 68.392}, {""instrument"": ""BTC-25MAR22"", ""trade_seq"": 1435303, ""age_seconds"": 22.659}, {""instrument"": ""BTC-31DEC21"", ""trade_seq"": 3697549, ""age_seconds"": 6.306}]",False,,-0.04133083673822208,2021-12-17,7358.403075,0.15337808945673584,shock
195448371,BTC-25MAR22-60000-C,2022-03-25,60000.0,C,1639725335737,7,0.26857763391045153,47004.5,0.094,47970.877458855,"[{""instrument"": ""BTC-24JUN22"", ""trade_seq"": 516520, ""age_seconds"": 30.135}, {""instrument"": ""BTC-25MAR22"", ""trade_seq"": 1435064, ""age_seconds"": 1.701}, {""instrument"": ""BTC-31DEC21"", ""trade_seq"": 3697322, ""age_seconds"": 38.31}]",False,,-0.22375045505021823,2021-12-17,4418.423,0.09210636190237954,shock
195444528,BTC-28JAN22-38000-P,2022-01-28,38000.0,P,1639724431189,7,0.11518165940512431,47293.86,0.0335,47704.22974090636,"[{""instrument"": ""BTC-24JUN22"", ""trade_seq"": 516391, ""age_seconds"": 4.464}, {""instrument"": ""BTC-25MAR22"", ""trade_seq"": 1434882, ""age_seconds"": 0.44}, {""instrument"": ""BTC-31DEC21"", ""trade_seq"": 3697024, ""age_seconds"": 0.596}]",False,,0.22743390805017002,2021-12-17,1584.3443100000002,0.23663675343292276,shock
195444550,BTC-28JAN22-42000-P,2022-01-28,42000.0,P,1639724432442,7,0.11518161967275495,47301.53,0.0575,47710.68439410848,"[{""instrument"": ""BTC-24JUN22"", ""trade_seq"": 516391, ""age_seconds"": 5.717}, {""instrument"": ""BTC-25MAR22"", ""trade_seq"": 1434883, ""age_seconds"": 0.942}, {""instrument"": ""BTC-31DEC21"", ""trade_seq"": 3697024, ""age_seconds"": 1.849}]",False,,0.1274857460193225,2021-12-17,2719.837975,0.17670093137774223,shock
195448926,BTC-28JAN22-44000-P,2022-01-28,44000.0,P,1639725452166,7,0.11514928443683409,46951.89,0.078,47348.490845678745,"[{""instrument"": ""BTC-24JUN22"", ""trade_seq"": 516528, ""age_seconds"": 34.89}, {""instrument"": ""BTC-25MAR22"", ""trade_seq"": 1435096, ""age_seconds"": 28.561}, {""instrument"": ""BTC-31DEC21"", ""trade_seq"": 3697367, ""age_seconds"": 30.057}]",False,,0.07334531288654227,2021-12-17,3662.24742,0.14806677341688876,shock
195444373,BTC-28JAN22-45000-P,2022-01-28,45000.0,P,1639724428167,7,0.11518175523211568,47295.49,0.0825,47654.665019928056,"[{""instrument"": ""BTC-24JUN22"", ""trade_seq"": 516391, ""age_seconds"": 1.442}, {""instrument"": ""BTC-25MAR22"", ""trade_seq"": 1434871, ""age_seconds"": 1.105}, {""instrument"": ""BTC-31DEC21"", ""trade_seq"": 3696997, ""age_seconds"": 0.259}]",False,,0.05731803732015531,2021-12-17,3901.8779250000002,0.13758449340030543,shock
195444258,BTC-28JAN22-46000-P,2022-01-28,46000.0,P,1639724426820,7,0.11518179794520549,47333.13,0.091,47703.59227638131,"[{""instrument"": ""BTC-24JUN22"", ""trade_seq"": 516391, ""age_seconds"": 0.095}, {""instrument"": ""BTC-25MAR22"", ""trade_seq"": 1434870, ""age_seconds"": 1.212}, {""instrument"": ""BTC-31DEC21"", ""trade_seq"": 3696988, ""age_seconds"": 0.012}]",False,,0.03636530834694758,2021-12-17,4307.314829999999,0.1260053345994529,shock
195450406,BTC-28JAN22-50000-C,2022-01-28,50000.0,C,1639725944712,7,0.11513366590563166,47071.52,0.087,47460.56279316459,"[{""instrument"": ""BTC-24JUN22"", ""trade_seq"": 516567, ""age_seconds"": 51.663}, {""instrument"": ""BTC-25MAR22"", ""trade_seq"": 1435198, ""age_seconds"": 11.079}, {""instrument"": ""BTC-31DEC21"", ""trade_seq"": 3697464, ""age_seconds"": 10.933}]",False,,-0.05212389622778232,2021-12-17,4095.2222399999996,0.08628684530874982,shock
195449119,BTC-28JAN22-60000-C,2022-01-28,60000.0,C,1639725487679,7,0.11514815832699138,46919.58,0.0345,47289.272290217246,"[{""instrument"": ""BTC-24JUN22"", ""trade_seq"": 516529, ""age_seconds"": 33.181}, {""instrument"": ""BTC-25MAR22"", ""trade_seq"": 1435108, ""age_seconds"": 7.529}, {""instrument"": ""BTC-31DEC21"", ""trade_seq"": 3697390, ""age_seconds"": 10.339}]",False,,-0.23806109392287994,2021-12-17,1618.7255100000002,0.034230290118777464,shock
195448256,BTC-30SEP22-70000-C,2022-09-30,70000.0,C,1639725301048,7,0.7863869530695079,47028.05,0.193,49968.89645412207,"[{""instrument"": ""BTC-24JUN22"", ""trade_seq"": 516519, ""age_seconds"": 1.814}, {""instrument"": ""BTC-25MAR22"", ""trade_seq"": 1435060, ""age_seconds"": 2.048}, {""instrument"": ""BTC-31DEC21"", ""trade_seq"": 3697322, ""age_seconds"": 3.621}]",True,,-0.33709450110516365,2021-12-17,9076.41365,0.18164126674947337,shock
195446811,BTC-31DEC21-36000-P,2021-12-31,36000.0,P,1639724938897,7,0.03845323132293252,47095.14,0.006,47216.9101102391,"[{""instrument"": ""BTC-24JUN22"", ""trade_seq"": 516425, ""age_seconds"": 27.244}, {""instrument"": ""BTC-25MAR22"", ""trade_seq"": 1434978, ""age_seconds"": 40.065}, {""instrument"": ""BTC-31DEC21"", ""trade_seq"": 3697232, ""age_seconds"": 30.634}]",False,,0.2712331550212403,2021-12-17,282.57084,0.2435458170259517,shock
195449253,BTC-31DEC21-38000-P,2021-12-31,38000.0,P,1639725536088,7,0.038434294520547946,46889.77,0.009,46981.27131422655,"[{""instrument"": ""BTC-24JUN22"", ""trade_seq"": 516531, ""age_seconds"": 17.773}, {""instrument"": ""BTC-25MAR22"", ""trade_seq"": 1435125, ""age_seconds"": 0.787}, {""instrument"": ""BTC-31DEC21"", ""trade_seq"": 3697393, ""age_seconds"": 0.654}]",False,,0.21216287989232263,2021-12-17,422.00792999999993,0.20014952727299049,shock
195458709,BTC-31DEC21-40000-P,2021-12-31,40000.0,P,1639727359224,7,0.03837648325722984,46940.85,0.014,47025.705032233825,"[{""instrument"": ""BTC-24JUN22"", ""trade_seq"": 516631, ""age_seconds"": 97.543}, {""instrument"": ""BTC-25MAR22"", ""trade_seq"": 1435430, ""age_seconds"": 63.168}, {""instrument"": ""BTC-31DEC21"", ""trade_seq"": 3697828, ""age_seconds"": 1.418}]",False,,0.16181491367174805,2021-12-17,657.1718999999999,0.16337611370138075,shock
195449380,BTC-31DEC21-42000-P,2021-12-31,42000.0,P,1639725584504,7,0.038432759259259264,46934.25,0.022,47055.930507258825,"[{""instrument"": ""BTC-24JUN22"", ""trade_seq"": 516539, ""age_seconds"": 2.052}, {""instrument"": ""BTC-25MAR22"", ""trade_seq"": 1435133, ""age_seconds"": 7.82}, {""instrument"": ""BTC-31DEC21"", ""trade_seq"": 3697407, ""age_seconds"": 1.523}]",False,,0.11366728671782184,2021-12-17,1032.5535,0.1293882395189192,shock
195448367,BTC-31DEC21-44000-P,2021-12-31,44000.0,P,1639725334542,7,0.038440685502283106,47005.11,0.032,47124.03981535206,"[{""instrument"": ""BTC-24JUN22"", ""trade_seq"": 516520, ""age_seconds"": 28.94}, {""instrument"": ""BTC-25MAR22"", ""trade_seq"": 1435064, ""age_seconds"": 0.506}, {""instrument"": ""BTC-31DEC21"", ""trade_seq"": 3697322, ""age_seconds"": 37.115}]",False,,0.06859363637129115,2021-12-17,1504.16352,0.09821321248108028,shock
195460708,BTC-31DEC21-46000-P,2021-12-31,46000.0,P,1639727728022,7,0.0383647887493658,46948.03,0.0485,47054.91232211594,"[{""instrument"": ""BTC-24JUN22"", ""trade_seq"": 516637, ""age_seconds"": 194.502}, {""instrument"": ""BTC-25MAR22"", ""trade_seq"": 1435474, ""age_seconds"": 12.788}, {""instrument"": ""BTC-31DEC21"", ""trade_seq"": 3697852, ""age_seconds"": 12.985}]",False,,0.022673870513490357,2021-12-17,2276.979455,0.07080858538864901,shock
195460913,BTC-31DEC21-48000-C,2021-12-31,48000.0,C,1639727779257,7,0.038363164098173516,46947.43,0.0507,47054.31095615035,"[{""instrument"": ""BTC-24JUN22"", ""trade_seq"": 516637, ""age_seconds"": 245.737}, {""instrument"": ""BTC-25MAR22"", ""trade_seq"": 1435476, ""age_seconds"": 3.515}, {""instrument"": ""BTC-31DEC21"", ""trade_seq"": 3697852, ""age_seconds"": 64.22}]",False,,-0.019898524075934,2021-12-17,2380.2347010000003,0.0505848380867404,shock
195459675,BTC-31DEC21-50000-C,2021-12-31,50000.0,C,1639727499467,7,0.038372036180872655,46973.96,0.035,47071.22774025849,"[{""instrument"": ""BTC-24JUN22"", ""trade_seq"": 516636, ""age_seconds"": 69.423}, {""instrument"": ""BTC-25MAR22"", ""trade_seq"": 1435448, ""age_seconds"": 17.464}, {""instrument"": ""BTC-31DEC21"", ""trade_seq"": 3697831, ""age_seconds"": 25.084}]",False,,-0.06036106706954564,2021-12-17,1644.0886,0.03492767618198037,shock
195459699,BTC-31DEC21-52000-C,2021-12-31,52000.0,C,1639727502971,7,0.038371925069761545,46979.26,0.023,47076.53871482873,"[{""instrument"": ""BTC-24JUN22"", ""trade_seq"": 516636, ""age_seconds"": 72.927}, {""instrument"": ""BTC-25MAR22"", ""trade_seq"": 1435451, ""age_seconds"": 2.883}, {""instrument"": ""BTC-31DEC21"", ""trade_seq"": 3697831, ""age_seconds"": 28.588}]",False,,-0.09946895811825998,2021-12-17,1080.52298,0.0229524729195871,shock
195453812,BTC-31DEC21-54000-C,2021-12-31,54000.0,C,1639726667165,7,0.03839842830416032,46974.04,0.016,47046.61618668988,"[{""instrument"": ""BTC-24JUN22"", ""trade_seq"": 516606, ""age_seconds"": 28.849}, {""instrument"": ""BTC-25MAR22"", ""trade_seq"": 1435309, ""age_seconds"": 10.682}, {""instrument"": ""BTC-31DEC21"", ""trade_seq"": 3697566, ""age_seconds"": 21.045}]",False,,-0.137845102636968,2021-12-17,751.58464,0.015975317693786305,shock
195450109,BTC-31DEC21-56000-C,2021-12-31,56000.0,C,1639725845765,7,0.03842447472729579,47043.91,0.0115,47171.64581062745,"[{""instrument"": ""BTC-24JUN22"", ""trade_seq"": 516565, ""age_seconds"": 2.939}, {""instrument"": ""BTC-25MAR22"", ""trade_seq"": 1435184, ""age_seconds"": 10.293}, {""instrument"": ""BTC-31DEC21"", ""trade_seq"": 3697442, ""age_seconds"": 0.373}]",False,,-0.1715587030019195,2021-12-17,541.0049650000001,0.011468859220470856,shock
195453168,BTC-31DEC21-58000-C,2021-12-31,58000.0,C,1639726547679,7,0.038402217180365295,47012.49,0.008,47118.23174096263,"[{""instrument"": ""BTC-24JUN22"", ""trade_seq"": 516603, ""age_seconds"": 14.148}, {""instrument"": ""BTC-25MAR22"", ""trade_seq"": 1435299, ""age_seconds"": 2.186}, {""instrument"": ""BTC-31DEC21"", ""trade_seq"": 3697529, ""age_seconds"": 14.677}]",False,,-0.20778299862704142,2021-12-17,376.09992,0.007982046568887567,shock
195460912,BTC-31DEC21-60000-C,2021-12-31,60000.0,C,1639727779257,7,0.038363164098173516,46947.43,0.0053,47054.31095615035,"[{""instrument"": ""BTC-24JUN22"", ""trade_seq"": 516637, ""age_seconds"": 245.737}, {""instrument"": ""BTC-25MAR22"", ""trade_seq"": 1435476, ""age_seconds"": 3.515}, {""instrument"": ""BTC-31DEC21"", ""trade_seq"": 3697852, ""age_seconds"": 64.22}]",False,,-0.24304207539014375,2021-12-17,248.821379,0.005287961377903828,shock
195454086,BTC-31DEC21-62000-C,2021-12-31,62000.0,C,1639726708042,7,0.038397132102993406,46950.24,0.0035,47070.77655871825,"[{""instrument"": ""BTC-24JUN22"", ""trade_seq"": 516607, ""age_seconds"": 40.379}, {""instrument"": ""BTC-25MAR22"", ""trade_seq"": 1435310, ""age_seconds"": 37.813}, {""instrument"": ""BTC-31DEC21"", ""trade_seq"": 3697580, ""age_seconds"": 26.133}]",False,,-0.27548203181363173,2021-12-17,164.32584,0.0034910373699701424,shock
195457445,BTC-31DEC21-64000-C,2021-12-31,64000.0,C,1639727229577,7,0.03838059433663115,46816.92,0.003,46888.49999999999,"[{""instrument"": ""BTC-24JUN22"", ""trade_seq"": 516630, ""age_seconds"": 0.216}, {""instrument"": ""BTC-25MAR22"", ""trade_seq"": 1435399, ""age_seconds"": 0.152}, {""instrument"": ""BTC-31DEC21"", ""trade_seq"": 3697795, ""age_seconds"": 0.102}]",False,,-0.3111106405331362,2021-12-17,140.45076,0.0029954201989826935,shock
195446052,BTC-7JAN22-35000-P,2022-01-07,35000.0,P,1639724834738,7,0.05763461637493658,47193.5,0.0085,47341.830023924405,"[{""instrument"": ""BTC-24JUN22"", ""trade_seq"": 516397, ""age_seconds"": 0.606}, {""instrument"": ""BTC-25MAR22"", ""trade_seq"": 1434957, ""age_seconds"": 0.307}, {""instrument"": ""BTC-31DEC21"", ""trade_seq"": 3697174, ""age_seconds"": 0.034}]",False,,0.3020461988818841,2021-12-17,401.14475000000004,0.26916945896440186,shock
195447959,BTC-7JAN22-38000-P,2022-01-07,38000.0,P,1639725174187,7,0.057623852517757486,47059.07,0.0145,47248.3362963943,"[{""instrument"": ""BTC-24JUN22"", ""trade_seq"": 516480, ""age_seconds"": 4.409}, {""instrument"": ""BTC-25MAR22"", ""trade_seq"": 1435051, ""age_seconds"": 2.122}, {""instrument"": ""BTC-31DEC21"", ""trade_seq"": 3697316, ""age_seconds"": 43.767}]",False,,0.21783128293513443,2021-12-17,682.3565150000001,0.21018079343784538,shock
195458406,BTC-7JAN22-40000-P,2022-01-07,40000.0,P,1639727323570,7,0.057555696029934045,46927.73,0.022,47107.61872028472,"[{""instrument"": ""BTC-24JUN22"", ""trade_seq"": 516631, ""age_seconds"": 61.889}, {""instrument"": ""BTC-25MAR22"", ""trade_seq"": 1435430, ""age_seconds"": 27.514}, {""instrument"": ""BTC-31DEC21"", ""trade_seq"": 3697821, ""age_seconds"": 0.863}]",False,,0.16355529009661576,2021-12-17,1032.41006,0.1727964393322135,shock
195445283,BTC-7JAN22-42000-P,2022-01-07,42000.0,P,1639724610060,7,0.05764174086757991,47239.81,0.03,47413.742221784516,"[{""instrument"": ""BTC-24JUN22"", ""trade_seq"": 516391, ""age_seconds"": 183.335}, {""instrument"": ""BTC-25MAR22"", ""trade_seq"": 1434916, ""age_seconds"": 12.434}, {""instrument"": ""BTC-31DEC21"", ""trade_seq"": 3697108, ""age_seconds"": 0.029}]",False,,0.12124248868970887,2021-12-17,1417.1942999999999,0.14407081579496173,shock
195457343,BTC-7JAN22-50000-C,2022-01-07,50000.0,C,1639727228150,7,0.05755872177828514,46828.58,0.0495,46995.12100740442,"[{""instrument"": ""BTC-24JUN22"", ""trade_seq"": 516625, ""age_seconds"": 49.156}, {""instrument"": ""BTC-25MAR22"", ""trade_seq"": 1435394, ""age_seconds"": 10.488}, {""instrument"": ""BTC-31DEC21"", ""trade_seq"": 3697789, ""age_seconds"": 10.302}]",False,,-0.06197921745964487,2021-12-17,2318.0147100000004,0.04932458221854095,shock
195457422,BTC-7JAN22-52000-C,2022-01-07,52000.0,C,1639727229217,7,0.05755868794393709,46816.92,0.037,46970.16087975844,"[{""instrument"": ""BTC-24JUN22"", ""trade_seq"": 516626, ""age_seconds"": 0.091}, {""instrument"": ""BTC-25MAR22"", ""trade_seq"": 1435397, ""age_seconds"": 0.371}, {""instrument"": ""BTC-31DEC21"", ""trade_seq"": 3697792, ""age_seconds"": 0.184}]",False,,-0.10173119338853337,2021-12-17,1732.2260399999998,0.03687928692504211,shock
195455901,BTC-7JAN22-54000-C,2022-01-07,54000.0,C,1639726958419,7,0.05756727489218671,46918.22,0.028,47095.62336670321,"[{""instrument"": ""BTC-24JUN22"", ""trade_seq"": 516615, ""age_seconds"": 177.686}, {""instrument"": ""BTC-25MAR22"", ""trade_seq"": 1435351, ""age_seconds"": 6.372}, {""instrument"": ""BTC-31DEC21"", ""trade_seq"": 3697664, ""age_seconds"": 0.737}]",False,,-0.13680397201010785,2021-12-17,1313.71016,0.027894527475960714,shock
195460470,BTC-7JAN22-56000-C,2022-01-07,56000.0,C,1639727659341,7,0.05754504880136986,46966.3,0.021,47133.18993167335,"[{""instrument"": ""BTC-24JUN22"", ""trade_seq"": 516637, ""age_seconds"": 125.821}, {""instrument"": ""BTC-25MAR22"", ""trade_seq"": 1435460, ""age_seconds"": 3.451}, {""instrument"": ""BTC-31DEC21"", ""trade_seq"": 3697834, ""age_seconds"": 65.645}]",False,,-0.17237426841344852,2021-12-17,986.2923000000001,0.02092564287352032,shock
178828395,BTC-17SEP21-35000-P,2021-09-17,35000.0,P,1631171392741,7,0.022013167776509385,46122.55,0.003,46196.12145862244,"[{""instrument"": ""BTC-24SEP21"", ""trade_seq"": 4034555, ""age_seconds"": 8.344}, {""instrument"": ""BTC-25MAR22"", ""trade_seq"": 448389, ""age_seconds"": 146.71}, {""instrument"": ""BTC-31DEC21"", ""trade_seq"": 1558302, ""age_seconds"": 39.124}]",False,,0.27754778196211927,2021-09-09,138.36765,0.24535585998869328,shock
178828616,BTC-17SEP21-36000-P,2021-09-17,36000.0,P,1631171599566,7,0.022006609398782344,46064.57,0.0035,46131.66330677638,"[{""instrument"": ""BTC-24SEP21"", ""trade_seq"": 4034574, ""age_seconds"": 57.686}, {""instrument"": ""BTC-25MAR22"", ""trade_seq"": 448389, ""age_seconds"": 353.535}, {""instrument"": ""BTC-31DEC21"", ""trade_seq"": 1558304, ""age_seconds"": 106.489}]",False,,0.24798061540649205,2021-09-09,161.225995,0.22311983925939294,shock
178828530,BTC-17SEP21-40000-P,2021-09-17,40000.0,P,1631171530226,7,0.022008808155758498,46069.29,0.0095,46131.35475576501,"[{""instrument"": ""BTC-24SEP21"", ""trade_seq"": 4034570, ""age_seconds"": 19.731}, {""instrument"": ""BTC-25MAR22"", ""trade_seq"": 448389, ""age_seconds"": 284.195}, {""instrument"": ""BTC-31DEC21"", ""trade_seq"": 1558304, ""age_seconds"": 37.149}]",False,,0.14261341123970822,2021-09-09,437.658255,0.14239800772259098,shock
178827603,BTC-17SEP21-42000-P,2021-09-17,42000.0,P,1631170972863,7,0.022026482020547945,45955.58,0.0175,46009.41161158292,"[{""instrument"": ""BTC-24SEP21"", ""trade_seq"": 4034482, ""age_seconds"": 1.937}, {""instrument"": ""BTC-25MAR22"", ""trade_seq"": 448378, ""age_seconds"": 15.67}, {""instrument"": ""BTC-31DEC21"", ""trade_seq"": 1558255, ""age_seconds"": 4.761}]",False,,0.09117635752975217,2021-09-09,804.2226500000002,0.10462281722314137,shock
178832803,BTC-17SEP21-43000-P,2021-09-17,43000.0,P,1631174004927,7,0.021930335901826484,46206.5,0.0215,46267.02377601232,"[{""instrument"": ""BTC-24SEP21"", ""trade_seq"": 4035200, ""age_seconds"": 3.077}, {""instrument"": ""BTC-25MAR22"", ""trade_seq"": 448502, ""age_seconds"": 322.854}, {""instrument"": ""BTC-31DEC21"", ""trade_seq"": 1558501, ""age_seconds"": 93.351}]",False,,0.07322936218295169,2021-09-09,993.4397499999999,0.0920842357753128,shock
178831154,BTC-17SEP21-47000-C,2021-09-17,47000.0,C,1631173007543,7,0.02196196274099442,46178.48,0.04,46251.944236904405,"[{""instrument"": ""BTC-24SEP21"", ""trade_seq"": 4034867, ""age_seconds"": 13.515}, {""instrument"": ""BTC-25MAR22"", ""trade_seq"": 448488, ""age_seconds"": 472.336}, {""instrument"": ""BTC-31DEC21"", ""trade_seq"": 1558428, ""age_seconds"": 60.415}]",False,,-0.016044101080487826,2021-09-09,1847.1392,0.03993646603348987,shock
178831099,BTC-17SEP21-48000-C,2021-09-17,48000.0,C,1631172994741,7,0.021962368689751394,46167.82,0.031,46241.267911535266,"[{""instrument"": ""BTC-24SEP21"", ""trade_seq"": 4034867, ""age_seconds"": 0.713}, {""instrument"": ""BTC-25MAR22"", ""trade_seq"": 448488, ""age_seconds"": 459.534}, {""instrument"": ""BTC-31DEC21"", ""trade_seq"": 1558428, ""age_seconds"": 47.613}]",False,,-0.03732836668753258,2021-09-09,1431.20242,0.03095076075202027,shock
178833566,BTC-17SEP21-49000-C,2021-09-17,49000.0,C,1631174226484,7,0.021923310375443934,46272.25,0.024,46337.884666197795,"[{""instrument"": ""BTC-24SEP21"", ""trade_seq"": 4035322, ""age_seconds"": 1.927}, {""instrument"": ""BTC-25MAR22"", ""trade_seq"": 448502, ""age_seconds"": 544.411}, {""instrument"": ""BTC-31DEC21"", ""trade_seq"": 1558517, ""age_seconds"": 1.892}]",False,,-0.055860428266607455,2021-09-09,1110.534,0.02396600552657735,shock
178831535,BTC-17SEP21-50000-C,2021-09-17,50000.0,C,1631173263963,7,0.021953831716133944,46153.26,0.017,46224.45392857445,"[{""instrument"": ""BTC-24SEP21"", ""trade_seq"": 4034922, ""age_seconds"": 8.767}, {""instrument"": ""BTC-25MAR22"", ""trade_seq"": 448489, ""age_seconds"": 200.984}, {""instrument"": ""BTC-31DEC21"", ""trade_seq"": 1558449, ""age_seconds"": 1.557}]",False,,-0.07851404156006381,2021-09-09,784.6054200000001,0.01697381695871117,shock
178829344,BTC-17SEP21-51000-C,2021-09-17,51000.0,C,1631171956946,7,0.021995276953323185,46225.51,0.0135,46309.02700862667,"[{""instrument"": ""BTC-24SEP21"", ""trade_seq"": 4034691, ""age_seconds"": 1.377}, {""instrument"": ""BTC-25MAR22"", ""trade_seq"": 448393, ""age_seconds"": 17.249}, {""instrument"": ""BTC-31DEC21"", ""trade_seq"": 1558332, ""age_seconds"": 0.018}]",False,,-0.0964887228469738,2021-09-09,624.044385,0.013475653135267775,shock
178832833,BTC-17SEP21-52000-C,2021-09-17,52000.0,C,1631174022613,7,0.02192977508244546,46215.51,0.01,46282.270622636985,"[{""instrument"": ""BTC-24SEP21"", ""trade_seq"": 4035203, ""age_seconds"": 1.839}, {""instrument"": ""BTC-25MAR22"", ""trade_seq"": 448502, ""age_seconds"": 340.54}, {""instrument"": ""BTC-31DEC21"", ""trade_seq"": 1558502, ""age_seconds"": 12.065}]",False,,-0.11648475474045142,2021-09-09,462.1551,0.009985575335492651,shock
178832823,BTC-17SEP21-53000-C,2021-09-17,53000.0,C,1631174018247,7,0.02192991352739726,46215.11,0.007,46280.222472321955,"[{""instrument"": ""BTC-24SEP21"", ""trade_seq"": 4035201, ""age_seconds"": 10.276}, {""instrument"": ""BTC-25MAR22"", ""trade_seq"": 448502, ""age_seconds"": 336.174}, {""instrument"": ""BTC-31DEC21"", ""trade_seq"": 1558502, ""age_seconds"": 7.699}]",False,,-0.1355772041439487,2021-09-09,323.50577,0.006990151574864916,shock
178832690,BTC-17SEP21-54000-C,2021-09-17,54000.0,C,1631173929720,7,0.021932720700152206,46137.68,0.005,46203.67174847564,"[{""instrument"": ""BTC-24SEP21"", ""trade_seq"": 4035179, ""age_seconds"": 9.718}, {""instrument"": ""BTC-25MAR22"", ""trade_seq"": 448502, ""age_seconds"": 247.647}, {""instrument"": ""BTC-31DEC21"", ""trade_seq"": 1558501, ""age_seconds"": 18.144}]",False,,-0.15592477655932738,2021-09-09,230.6884,0.0049928586034422885,shock
178832776,BTC-17SEP21-57000-C,2021-09-17,57000.0,C,1631173994400,7,0.021930669710806698,46187.45,0.002,46250.0659836216,"[{""instrument"": ""BTC-24SEP21"", ""trade_seq"": 4035199, ""age_seconds"": 15.838}, {""instrument"": ""BTC-25MAR22"", ""trade_seq"": 448502, ""age_seconds"": 312.327}, {""instrument"": ""BTC-31DEC21"", ""trade_seq"": 1558501, ""age_seconds"": 82.824}]",False,,-0.20898837720423422,2021-09-09,92.3749,0.001997292285652359,shock
178832754,BTC-17SEP21-58000-C,2021-09-17,58000.0,C,1631173978098,7,0.021931186643835615,46182.57,0.002,46248.75585437495,"[{""instrument"": ""BTC-24SEP21"", ""trade_seq"": 4035194, ""age_seconds"": 11.961}, {""instrument"": ""BTC-25MAR22"", ""trade_seq"": 448502, ""age_seconds"": 296.025}, {""instrument"": ""BTC-31DEC21"", ""trade_seq"": 1558501, ""age_seconds"": 66.522}]",False,,-0.2264084473957557,2021-09-09,92.36514,0.001997137832006407,shock
178829719,BTC-24SEP21-34000-P,2021-09-24,34000.0,P,1631172192664,7,0.04116588457635718,46228.41,0.0055,46355.32762461135,"[{""instrument"": ""BTC-24SEP21"", ""trade_seq"": 4034731, ""age_seconds"": 19.43}, {""instrument"": ""BTC-25MAR22"", ""trade_seq"": 448405, ""age_seconds"": 9.608}, {""instrument"": ""BTC-31DEC21"", ""trade_seq"": 1558362, ""age_seconds"": 15.519}]",False,,0.309975704147532,2021-09-09,254.256255,0.2720201652272773,shock
178833972,BTC-24SEP21-36000-P,2021-09-24,36000.0,P,1631174341246,7,0.041097753488077114,46307.94,0.0085,46441.166336071634,"[{""instrument"": ""BTC-24SEP21"", ""trade_seq"": 4035370, ""age_seconds"": 36.189}, {""instrument"": ""BTC-25MAR22"", ""trade_seq"": 448505, ""age_seconds"": 96.142}, {""instrument"": ""BTC-31DEC21"", ""trade_seq"": 1558544, ""age_seconds"": 1.792}]",False,,0.2546673329606969,2021-09-09,393.61749000000003,0.23330128592520027,shock
178829956,BTC-24SEP21-40000-P,2021-09-24,40000.0,P,1631172330068,7,0.04116152752409944,46175.59,0.0195,46321.674782700014,"[{""instrument"": ""BTC-24SEP21"", ""trade_seq"": 4034752, ""age_seconds"": 1.258}, {""instrument"": ""BTC-25MAR22"", ""trade_seq"": 448449, ""age_seconds"": 22.519}, {""instrument"": ""BTC-31DEC21"", ""trade_seq"": 1558380, ""age_seconds"": 6.828}]",False,,0.1467305352912041,2021-09-09,900.424005,0.15591186677898974,shock
178829250,BTC-24SEP21-42000-P,2021-09-24,42000.0,P,1631171913095,7,0.04117474965119229,46178.16,0.03,46310.5057456123,"[{""instrument"": ""BTC-24SEP21"", ""trade_seq"": 4034680, ""age_seconds"": 52.075}, {""instrument"": ""BTC-25MAR22"", ""trade_seq"": 448392, ""age_seconds"": 150.799}, {""instrument"": ""BTC-31DEC21"", ""trade_seq"": 1558311, ""age_seconds"": 85.997}]",False,,0.09769922302230753,2021-09-09,1385.3448,0.12299262238465099,shock
178832556,BTC-24SEP21-48000-C,2021-09-24,48000.0,C,1631173834815,7,0.04111381230974125,46134.36,0.05,46255.23151010869,"[{""instrument"": ""BTC-24SEP21"", ""trade_seq"": 4035171, ""age_seconds"": 55.906}, {""instrument"": ""BTC-25MAR22"", ""trade_seq"": 448502, ""age_seconds"": 152.742}, {""instrument"": ""BTC-31DEC21"", ""trade_seq"": 1558500, ""age_seconds"": 151.505}]",False,,-0.03702643961425269,2021-09-09,2306.7180000000003,0.04986934287629468,shock
178830021,BTC-24SEP21-50000-C,2021-09-24,50000.0,C,1631172373757,7,0.04116014215499746,46187.13,0.036,46336.47831855485,"[{""instrument"": ""BTC-24SEP21"", ""trade_seq"": 4034764, ""age_seconds"": 1.47}, {""instrument"": ""BTC-25MAR22"", ""trade_seq"": 448449, ""age_seconds"": 66.208}, {""instrument"": ""BTC-31DEC21"", ""trade_seq"": 1558381, ""age_seconds"": 43.173}]",False,,-0.07609348589024734,2021-09-09,1662.7366799999998,0.03588396745581284,shock
178831914,BTC-24SEP21-52000-C,2021-09-24,52000.0,C,1631173613245,7,0.04112083824835109,46095.13,0.0245,46214.19246161548,"[{""instrument"": ""BTC-24SEP21"", ""trade_seq"": 4034955, ""age_seconds"": 7.922}, {""instrument"": ""BTC-25MAR22"", ""trade_seq"": 448490, ""age_seconds"": 297.272}, {""instrument"": ""BTC-31DEC21"", ""trade_seq"": 1558474, ""age_seconds"": 4.202}]",False,,-0.11795677152994376,2021-09-09,1129.330685,0.024436880205966984,shock
178829359,BTC-24SEP21-56000-C,2021-09-24,56000.0,C,1631171963529,7,0.041173150399543376,46224.19,0.0115,46367.67590254818,"[{""instrument"": ""BTC-24SEP21"", ""trade_seq"": 4034692, ""age_seconds"": 6.321}, {""instrument"": ""BTC-25MAR22"", ""trade_seq"": 448393, ""age_seconds"": 23.832}, {""instrument"": ""BTC-31DEC21"", ""trade_seq"": 1558332, ""age_seconds"": 6.601}]",False,,-0.18874911430064922,2021-09-09,531.578185,0.011464412969872112,shock
178832871,BTC-24SEP21-58000-C,2021-09-24,58000.0,C,1631174066662,7,0.041106460489599185,46219.76,0.008,46344.99484834558,"[{""instrument"": ""BTC-24SEP21"", ""trade_seq"": 4035203, ""age_seconds"": 45.888}, {""instrument"": ""BTC-25MAR22"", ""trade_seq"": 448502, ""age_seconds"": 384.589}, {""instrument"": ""BTC-31DEC21"", ""trade_seq"": 1558502, ""age_seconds"": 56.114}]",False,,-0.22432971037742597,2021-09-09,369.75808,0.007978382157770369,shock
178833705,BTC-24SEP21-60000-C,2021-09-24,60000.0,C,1631174251452,7,0.041100600837138505,46288.11,0.006,46428.77598473301,"[{""instrument"": ""BTC-24SEP21"", ""trade_seq"": 4035351, ""age_seconds"": 3.941}, {""instrument"": ""BTC-25MAR22"", ""trade_seq"": 448505, ""age_seconds"": 6.348}, {""instrument"": ""BTC-31DEC21"", ""trade_seq"": 1558520, ""age_seconds"": 7.656}]",False,,-0.25642512313236354,2021-09-09,277.72866,0.005981821706678729,shock
178831935,BTC-24SEP21-64000-C,2021-09-24,64000.0,C,1631173618430,7,0.04112067383307966,46085.69,0.0035,46215.2109733349,"[{""instrument"": ""BTC-24SEP21"", ""trade_seq"": 4034959, ""age_seconds"": 2.279}, {""instrument"": ""BTC-25MAR22"", ""trade_seq"": 448490, ""age_seconds"": 302.457}, {""instrument"": ""BTC-31DEC21"", ""trade_seq"": 1558474, ""age_seconds"": 9.387}]",False,,-0.32557409761310624,2021-09-09,161.299915,0.003490191034572282,shock
178830780,BTC-25MAR22-60000-C,2022-03-25,60000.0,C,1631172763680,7,0.5397779147640791,46157.81,0.2,48879.282980916636,"[{""instrument"": ""BTC-24SEP21"", ""trade_seq"": 4034857, ""age_seconds"": 3.863}, {""instrument"": ""BTC-25MAR22"", ""trade_seq"": 448488, ""age_seconds"": 228.473}, {""instrument"": ""BTC-31DEC21"", ""trade_seq"": 1558413, ""age_seconds"": 36.474}]",False,,-0.20499091643286835,2021-09-09,9231.562,0.18886451349141456,shock
178833378,BTC-26NOV21-50000-C,2021-11-26,50000.0,C,1631174192981,7,0.213705194666413,46270.54,0.138,47260.79771511708,"[{""instrument"": ""BTC-24SEP21"", ""trade_seq"": 4035270, ""age_seconds"": 6.735}, {""instrument"": ""BTC-25MAR22"", ""trade_seq"": 448502, ""age_seconds"": 510.908}, {""instrument"": ""BTC-31DEC21"", ""trade_seq"": 1558512, ""age_seconds"": 58.367}]",False,,-0.056341854524553134,2021-09-09,6385.33452,0.13510847951594254,shock
178830613,BTC-26NOV21-55000-C,2021-11-26,55000.0,C,1631172656937,7,0.2137539023021309,46195.66,0.1045,47198.78198064425,"[{""instrument"": ""BTC-24SEP21"", ""trade_seq"": 4034847, ""age_seconds"": 22.297}, {""instrument"": ""BTC-25MAR22"", ""trade_seq"": 448488, ""age_seconds"": 121.73}, {""instrument"": ""BTC-31DEC21"", ""trade_seq"": 1558401, ""age_seconds"": 33.877}]",False,,-0.152965098468754,2021-09-09,4827.44647,0.10227904762414605,shock
178834065,BTC-26NOV21-60000-C,2021-11-26,60000.0,C,1631174385802,7,0.21369908035261287,46303.83,0.081,47302.39355579361,"[{""instrument"": ""BTC-24SEP21"", ""trade_seq"": 4035371, ""age_seconds"": 30.596}, {""instrument"": ""BTC-25MAR22"", ""trade_seq"": 448506, ""age_seconds"": 29.953}, {""instrument"": ""BTC-31DEC21"", ""trade_seq"": 1558551, ""age_seconds"": 4.117}]",False,,-0.23778366428797137,2021-09-09,3750.6102300000002,0.0792900728284737,shock
178827997,BTC-29OCT21-35000-P,2021-10-29,35000.0,P,1631171106878,7,0.1370907255834602,45938.3,0.032,46523.51385087233,"[{""instrument"": ""BTC-24SEP21"", ""trade_seq"": 4034509, ""age_seconds"": 0.115}, {""instrument"": ""BTC-25MAR22"", ""trade_seq"": 448388, ""age_seconds"": 7.093}, {""instrument"": ""BTC-31DEC21"", ""trade_seq"": 1558293, ""age_seconds"": 6.763}]",False,,0.28460979750608567,2021-09-09,1470.0256000000002,0.2792897263203755,shock
178827610,BTC-29OCT21-40000-P,2021-10-29,40000.0,P,1631170974610,7,0.13709491977422628,45941.46,0.0625,46521.11699054544,"[{""instrument"": ""BTC-24SEP21"", ""trade_seq"": 4034482, ""age_seconds"": 3.684}, {""instrument"": ""BTC-25MAR22"", ""trade_seq"": 448378, ""age_seconds"": 17.417}, {""instrument"": ""BTC-31DEC21"", ""trade_seq"": 1558255, ""age_seconds"": 6.508}]",False,,0.15102688422301996,2021-09-09,2871.34125,0.20189666216428723,shock
178833412,BTC-29OCT21-45000-P,2021-10-29,45000.0,P,1631174207957,7,0.13699239101344493,46269.17,0.1045,46869.052800390404,"[{""instrument"": ""BTC-24SEP21"", ""trade_seq"": 4035270, ""age_seconds"": 21.711}, {""instrument"": ""BTC-25MAR22"", ""trade_seq"": 448502, ""age_seconds"": 525.884}, {""instrument"": ""BTC-31DEC21"", ""trade_seq"": 1558512, ""age_seconds"": 73.343}]",False,,0.04069511287944879,2021-09-09,4835.128264999999,0.14304067747950214,shock
178830094,BTC-29OCT21-50000-C,2021-10-29,50000.0,C,1631172445579,7,0.13704827565322172,46176.54,0.0985,46800.4669148307,"[{""instrument"": ""BTC-24SEP21"", ""trade_seq"": 4034766, ""age_seconds"": 9.313}, {""instrument"": ""BTC-25MAR22"", ""trade_seq"": 448449, ""age_seconds"": 138.03}, {""instrument"": ""BTC-31DEC21"", ""trade_seq"": 1558384, ""age_seconds"": 14.238}]",False,,-0.06612982574169124,2021-09-09,4548.38919,0.09718683359030017,shock
178834007,BTC-31DEC21-50000-C,2021-12-31,50000.0,C,1631174355454,7,0.30959045364028415,46307.76,0.1825,47746.0565166805,"[{""instrument"": ""BTC-24SEP21"", ""trade_seq"": 4035371, ""age_seconds"": 0.248}, {""instrument"": ""BTC-25MAR22"", ""trade_seq"": 448505, ""age_seconds"": 110.35}, {""instrument"": ""BTC-31DEC21"", ""trade_seq"": 1558544, ""age_seconds"": 16.0}]",False,,-0.0461265279499261,2021-09-09,8451.1662,0.17700239174825905,shock
178828932,BTC-31DEC21-52000-C,2021-12-31,52000.0,C,1631171759069,7,0.3096727844685439,46168.4,0.167,47635.29877805648,"[{""instrument"": ""BTC-24SEP21"", ""trade_seq"": 4034632, ""age_seconds"": 0.637}, {""instrument"": ""BTC-25MAR22"", ""trade_seq"": 448391, ""age_seconds"": 42.557}, {""instrument"": ""BTC-31DEC21"", ""trade_seq"": 1558308, ""age_seconds"": 13.422}]",False,,-0.08766966120436868,2021-09-09,7710.122800000001,0.1618573410428932,shock
178830760,BTC-31DEC21-60000-C,2021-12-31,60000.0,C,1631172728859,7,0.30964203262937595,46153.35,0.121,47639.971522015345,"[{""instrument"": ""BTC-24SEP21"", ""trade_seq"": 4034856, ""age_seconds"": 10.707}, {""instrument"": ""BTC-25MAR22"", ""trade_seq"": 448488, ""age_seconds"": 193.652}, {""instrument"": ""BTC-31DEC21"", ""trade_seq"": 1558413, ""age_seconds"": 1.653}]",False,,-0.2306724155098369,2021-09-09,5584.55535,0.11722415382677694,shock
178963300,BTC-17SEP21-42000-P,2021-09-17,42000.0,P,1631258597402,7,0.01924792611618468,46234.18,0.0115,46294.31514620313,"[{""instrument"": ""BTC-24SEP21"", ""trade_seq"": 4051321, ""age_seconds"": 103.811}, {""instrument"": ""BTC-25MAR22"", ""trade_seq"": 451412, ""age_seconds"": 111.246}, {""instrument"": ""BTC-31DEC21"", ""trade_seq"": 1566948, ""age_seconds"": 104.42}]",False,,0.0973495522509973,2021-09-10,531.69307,0.10424623846280054,shock
178964026,BTC-17SEP21-43000-P,2021-09-17,43000.0,P,1631259058738,7,0.019233297247590056,46219.41,0.016,46291.662979969966,"[{""instrument"": ""BTC-24SEP21"", ""trade_seq"": 4051418, ""age_seconds"": 37.973}, {""instrument"": ""BTC-25MAR22"", ""trade_seq"": 451439, ""age_seconds"": 32.773}, {""instrument"": ""BTC-31DEC21"", ""trade_seq"": 1567020, ""age_seconds"": 0.18}]",False,,0.07376176395750597,2021-09-10,739.51056,0.08708206360428708,shock
178962045,BTC-17SEP21-45000-P,2021-09-17,45000.0,P,1631258185636,7,0.019260983130390662,46228.67,0.03,46282.04950786701,"[{""instrument"": ""BTC-24SEP21"", ""trade_seq"": 4051179, ""age_seconds"": 0.68}, {""instrument"": ""BTC-25MAR22"", ""trade_seq"": 451374, ""age_seconds"": 2.654}, {""instrument"": ""BTC-31DEC21"", ""trade_seq"": 1566892, ""age_seconds"": 0.147}]",False,,0.028091696532838998,2021-09-10,1386.8600999999999,0.05766619318388969,shock
178970484,BTC-17SEP21-46000-P,2021-09-17,46000.0,P,1631260179744,7,0.019197750380517506,46152.72,0.04,46199.36036127303,"[{""instrument"": ""BTC-24SEP21"", ""trade_seq"": 4052130, ""age_seconds"": 0.131}, {""instrument"": ""BTC-25MAR22"", ""trade_seq"": 451464, ""age_seconds"": 54.66}, {""instrument"": ""BTC-31DEC21"", ""trade_seq"": 1567370, ""age_seconds"": 0.214}]",False,,0.004324556508665026,2021-09-10,1846.1088,0.04427483725483914,shock
178963317,BTC-17SEP21-47000-C,2021-09-17,47000.0,C,1631258614905,7,0.019247371099695584,46236.84,0.034,46288.4040374811,"[{""instrument"": ""BTC-24SEP21"", ""trade_seq"": 4051333, ""age_seconds"": 1.008}, {""instrument"": ""BTC-25MAR22"", ""trade_seq"": 451412, ""age_seconds"": 128.749}, {""instrument"": ""BTC-31DEC21"", ""trade_seq"": 1566948, ""age_seconds"": 121.923}]",False,,-0.015256124740586822,2021-09-10,1572.05256,0.03396212491420232,shock
178970360,BTC-17SEP21-48000-C,2021-09-17,48000.0,C,1631260175970,7,0.01919787005327245,46162.75,0.0265,46216.927164575485,"[{""instrument"": ""BTC-24SEP21"", ""trade_seq"": 4052120, ""age_seconds"": 33.654}, {""instrument"": ""BTC-25MAR22"", ""trade_seq"": 451464, ""age_seconds"": 50.886}, {""instrument"": ""BTC-31DEC21"", ""trade_seq"": 1567331, ""age_seconds"": 4.559}]",False,,-0.03785489108057458,2021-09-10,1223.312875,0.02646893573525263,shock
178962127,BTC-17SEP21-49000-C,2021-09-17,49000.0,C,1631258190271,7,0.01926083615550482,46213.21,0.02,46259.93190399444,"[{""instrument"": ""BTC-24SEP21"", ""trade_seq"": 4051200, ""age_seconds"": 0.384}, {""instrument"": ""BTC-25MAR22"", ""trade_seq"": 451374, ""age_seconds"": 7.289}, {""instrument"": ""BTC-31DEC21"", ""trade_seq"": 1566897, ""age_seconds"": 0.398}]",False,,-0.057544113336206855,2021-09-10,924.2642,0.019979800271175754,shock
178970307,BTC-17SEP21-50000-C,2021-09-17,50000.0,C,1631260151831,7,0.019198635495941148,46164.22,0.0135,46218.39996992958,"[{""instrument"": ""BTC-24SEP21"", ""trade_seq"": 4052120, ""age_seconds"": 9.515}, {""instrument"": ""BTC-25MAR22"", ""trade_seq"": 451464, ""age_seconds"": 26.747}, {""instrument"": ""BTC-31DEC21"", ""trade_seq"": 1567327, ""age_seconds"": 5.991}]",False,,-0.07864501888060761,2021-09-10,623.2169700000001,0.01348417449339386,shock
178971802,BTC-17SEP21-51000-C,2021-09-17,51000.0,C,1631260501285,7,0.01918755438229325,46157.32,0.0095,46205.29808902972,"[{""instrument"": ""BTC-24SEP21"", ""trade_seq"": 4052358, ""age_seconds"": 46.312}, {""instrument"": ""BTC-25MAR22"", ""trade_seq"": 451465, ""age_seconds"": 321.472}, {""instrument"": ""BTC-31DEC21"", ""trade_seq"": 1567447, ""age_seconds"": 19.361}]",False,,-0.09873116395984045,2021-09-10,438.49454,0.00949013550686538,shock
178970073,BTC-17SEP21-52000-C,2021-09-17,52000.0,C,1631260118546,7,0.019199690956367328,46166.42,0.007,46219.39278578579,"[{""instrument"": ""BTC-24SEP21"", ""trade_seq"": 4052103, ""age_seconds"": 8.12}, {""instrument"": ""BTC-25MAR22"", ""trade_seq"": 451462, ""age_seconds"": 68.707}, {""instrument"": ""BTC-31DEC21"", ""trade_seq"": 1567324, ""age_seconds"": 7.742}]",False,,-0.11784425129908001,2021-09-10,323.16494,0.006991977187969146,shock
178970246,BTC-17SEP21-53000-C,2021-09-17,53000.0,C,1631260140226,7,0.019199003488077116,46150.61,0.005,46190.82749356562,"[{""instrument"": ""BTC-24SEP21"", ""trade_seq"": 4052119, ""age_seconds"": 5.08}, {""instrument"": ""BTC-25MAR22"", ""trade_seq"": 451464, ""age_seconds"": 15.142}, {""instrument"": ""BTC-31DEC21"", ""trade_seq"": 1567325, ""age_seconds"": 15.106}]",False,,-0.13751067427623612,2021-09-10,230.75305,0.0049956465930848255,shock
178969702,BTC-17SEP21-56000-C,2021-09-17,56000.0,C,1631260021415,7,0.0192027709601725,46257.01,0.002,46317.078946663365,"[{""instrument"": ""BTC-24SEP21"", ""trade_seq"": 4052087, ""age_seconds"": 38.721}, {""instrument"": ""BTC-25MAR22"", ""trade_seq"": 451460, ""age_seconds"": 47.414}, {""instrument"": ""BTC-31DEC21"", ""trade_seq"": 1567316, ""age_seconds"": 43.705}]",False,,-0.18984092192301985,2021-09-10,92.51402,0.001997406185880913,shock
178963060,BTC-17SEP21-58000-C,2021-09-17,58000.0,C,1631258437375,7,0.019253000539066464,46182.61,0.0015,46237.22877298196,"[{""instrument"": ""BTC-24SEP21"", ""trade_seq"": 4051310, ""age_seconds"": 29.417}, {""instrument"": ""BTC-25MAR22"", ""trade_seq"": 451405, ""age_seconds"": 29.392}, {""instrument"": ""BTC-31DEC21"", ""trade_seq"": 1566941, ""age_seconds"": 18.815}]",False,,-0.2266577193584022,2021-09-10,69.273915,0.0014982280910502835,shock
178963654,BTC-17SEP21-65000-C,2021-09-17,65000.0,C,1631258811062,7,0.019241151002029427,46217.92,0.001,46270.972564248914,"[{""instrument"": ""BTC-24SEP21"", ""trade_seq"": 4051374, ""age_seconds"": 9.347}, {""instrument"": ""BTC-25MAR22"", ""trade_seq"": 451419, ""age_seconds"": 195.369}, {""instrument"": ""BTC-31DEC21"", ""trade_seq"": 1566984, ""age_seconds"": 5.462}]",False,,-0.3398724478708776,2021-09-10,46.21792,0.0009988534374509796,shock
178963017,BTC-1OCT21-40000-P,2021-10-01,40000.0,P,1631258413914,7,0.05760990886605784,46179.86,0.027,46378.415786570375,"[{""instrument"": ""BTC-24SEP21"", ""trade_seq"": 4051310, ""age_seconds"": 5.956}, {""instrument"": ""BTC-25MAR22"", ""trade_seq"": 451405, ""age_seconds"": 5.931}, {""instrument"": ""BTC-31DEC21"", ""trade_seq"": 1566940, ""age_seconds"": 8.991}]",False,,0.14795471987631198,2021-09-10,1246.85622,0.16441424048767095,shock
178967811,BTC-1OCT21-42000-P,2021-10-01,42000.0,P,1631259803540,7,0.057565844114662604,46069.37,0.0395,46267.79594983813,"[{""instrument"": ""BTC-24SEP21"", ""trade_seq"": 4051926, ""age_seconds"": 2.865}, {""instrument"": ""BTC-25MAR22"", ""trade_seq"": 451453, ""age_seconds"": 25.777}, {""instrument"": ""BTC-31DEC21"", ""trade_seq"": 1567292, ""age_seconds"": 22.608}]",False,,0.09677654896106416,2021-09-10,1819.740115,0.13157177557016153,shock
178964725,BTC-1OCT21-44000-P,2021-10-01,44000.0,P,1631259250201,7,0.057583390379249116,46061.78,0.055,46251.6636835737,"[{""instrument"": ""BTC-24SEP21"", ""trade_seq"": 4051486, ""age_seconds"": 1.899}, {""instrument"": ""BTC-25MAR22"", ""trade_seq"": 451443, ""age_seconds"": 3.126}, {""instrument"": ""BTC-31DEC21"", ""trade_seq"": 1567082, ""age_seconds"": 0.706}]",False,,0.049907800929941425,2021-09-10,2533.3979,0.1034570694864132,shock
178964370,BTC-1OCT21-46000-P,2021-10-01,46000.0,P,1631259198077,7,0.05758504322044647,46128.55,0.074,46316.07338340348,"[{""instrument"": ""BTC-24SEP21"", ""trade_seq"": 4051450, ""age_seconds"": 0.615}, {""instrument"": ""BTC-25MAR22"", ""trade_seq"": 451441, ""age_seconds"": 122.477}, {""instrument"": ""BTC-31DEC21"", ""trade_seq"": 1567048, ""age_seconds"": 8.898}]",False,,0.00684766166686805,2021-09-10,3413.5127,0.08052466046786931,shock
178960397,BTC-1OCT21-56000-C,2021-10-01,56000.0,C,1631257338253,7,0.05764401785261289,46467.2,0.0205,46705.315309878955,"[{""instrument"": ""BTC-24SEP21"", ""trade_seq"": 4050907, ""age_seconds"": 0.087}, {""instrument"": ""BTC-25MAR22"", ""trade_seq"": 451346, ""age_seconds"": 0.059}, {""instrument"": ""BTC-31DEC21"", ""trade_seq"": 1566795, ""age_seconds"": 1.164}]",False,,-0.18149371433840455,2021-09-10,952.5776,0.02039548590304697,shock
178963516,BTC-1OCT21-60000-C,2021-10-01,60000.0,C,1631258697134,7,0.057600928018772195,46182.75,0.011,46380.934934302786,"[{""instrument"": ""BTC-24SEP21"", ""trade_seq"": 4051353, ""age_seconds"": 21.473}, {""instrument"": ""BTC-25MAR22"", ""trade_seq"": 451419, ""age_seconds"": 81.441}, {""instrument"": ""BTC-31DEC21"", ""trade_seq"": 1566977, ""age_seconds"": 2.552}]",False,,-0.25745607246285557,2021-09-10,508.01025,0.010952997189892386,shock
178967329,BTC-24JUN22-50000-C,2022-06-24,50000.0,C,1631259773554,7,0.7863339182521563,46005.77,0.3185,49719.82988231597,"[{""instrument"": ""BTC-24SEP21"", ""trade_seq"": 4051889, ""age_seconds"": 0.532}, {""instrument"": ""BTC-25MAR22"", ""trade_seq"": 451449, ""age_seconds"": 1.234}, {""instrument"": ""BTC-31DEC21"", ""trade_seq"": 1567282, ""age_seconds"": 1.493}]",True,,-0.005619160305649003,2021-09-10,14652.837744999999,0.2947081230905745,shock
178962013,BTC-24SEP21-38000-P,2021-09-24,38000.0,P,1631258184850,7,0.03843909024606798,46215.44,0.0105,46299.110138446704,"[{""instrument"": ""BTC-24SEP21"", ""trade_seq"": 4051174, ""age_seconds"": 0.339}, {""instrument"": ""BTC-25MAR22"", ""trade_seq"": 451374, ""age_seconds"": 1.868}, {""instrument"": ""BTC-31DEC21"", ""trade_seq"": 1566890, ""age_seconds"": 0.966}]",False,,0.1975365817091127,2021-09-10,485.26212000000004,0.189730909129335,shock
178964276,BTC-24SEP21-40000-P,2021-09-24,40000.0,P,1631259142318,7,0.038408729134956875,46156.52,0.0175,46260.61387646083,"[{""instrument"": ""BTC-24SEP21"", ""trade_seq"": 4051438, ""age_seconds"": 20.924}, {""instrument"": ""BTC-25MAR22"", ""trade_seq"": 451441, ""age_seconds"": 66.718}, {""instrument"": ""BTC-31DEC21"", ""trade_seq"": 1567039, ""age_seconds"": 3.078}]",False,,0.14541147273664942,2021-09-10,807.7391,0.15279418892574356,shock
178972415,BTC-24SEP21-46000-P,2021-09-24,46000.0,P,1631260695654,7,0.03835947317351598,46160.39,0.061,46264.76156623368,"[{""instrument"": ""BTC-24SEP21"", ""trade_seq"": 4052404, ""age_seconds"": 81.11}, {""instrument"": ""BTC-25MAR22"", ""trade_seq"": 451465, ""age_seconds"": 515.841}, {""instrument"": ""BTC-31DEC21"", ""trade_seq"": 1567527, ""age_seconds"": 49.424}]",False,,0.005739185545396529,2021-09-10,2815.78379,0.06658513417006384,shock
178966084,BTC-24SEP21-48000-C,2021-09-24,48000.0,C,1631259536699,7,0.03839622339548453,46092.85,0.0467,46200.0,"[{""instrument"": ""BTC-24SEP21"", ""trade_seq"": 4051680, ""age_seconds"": 0.087}, {""instrument"": ""BTC-25MAR22"", ""trade_seq"": 451445, ""age_seconds"": 187.526}, {""instrument"": ""BTC-31DEC21"", ""trade_seq"": 1567222, ""age_seconds"": 16.884}]",False,,-0.03822121282019774,2021-09-10,2152.536095,0.046591690367965365,shock
178972451,BTC-24SEP21-50000-C,2021-09-24,50000.0,C,1631260712926,7,0.03835892548198884,46160.66,0.0315,46265.03217672079,"[{""instrument"": ""BTC-24SEP21"", ""trade_seq"": 4052404, ""age_seconds"": 98.382}, {""instrument"": ""BTC-25MAR22"", ""trade_seq"": 451465, ""age_seconds"": 533.113}, {""instrument"": ""BTC-31DEC21"", ""trade_seq"": 1567527, ""age_seconds"": 66.696}]",False,,-0.07763657424007576,2021-09-10,1454.0607900000002,0.03142893718188401,shock
178970757,BTC-24SEP21-58000-C,2021-09-24,58000.0,C,1631260242744,7,0.03837383485540335,46184.26,0.0065,46278.85005675463,"[{""instrument"": ""BTC-24SEP21"", ""trade_seq"": 4052159, ""age_seconds"": 5.615}, {""instrument"": ""BTC-25MAR22"", ""trade_seq"": 451465, ""age_seconds"": 62.931}, {""instrument"": ""BTC-31DEC21"", ""trade_seq"": 1567383, ""age_seconds"": 1.172}]",False,,-0.2257579560500754,2021-09-10,300.19769,0.006486714549558793,shock
178970661,BTC-24SEP21-60000-C,2021-09-24,60000.0,C,1631260210931,7,0.03837484363901573,46189.66,0.005,46306.344648221115,"[{""instrument"": ""BTC-24SEP21"", ""trade_seq"": 4052145, ""age_seconds"": 2.062}, {""instrument"": ""BTC-25MAR22"", ""trade_seq"": 451465, ""age_seconds"": 31.118}, {""instrument"": ""BTC-31DEC21"", ""trade_seq"": 1567378, ""age_seconds"": 1.631}]",False,,-0.25906557707923544,2021-09-10,230.94830000000002,0.004987400792579555,shock
178969735,BTC-24SEP21-62000-C,2021-09-24,62000.0,C,1631260042431,7,0.03838018673896499,46252.6,0.0035,46372.72706437292,"[{""instrument"": ""BTC-24SEP21"", ""trade_seq"": 4052087, ""age_seconds"": 59.737}, {""instrument"": ""BTC-25MAR22"", ""trade_seq"": 451460, ""age_seconds"": 68.43}, {""instrument"": ""BTC-31DEC21"", ""trade_seq"": 1567316, ""age_seconds"": 64.721}]",False,,-0.2904228774076177,2021-09-10,161.8841,0.0034909333620875564,shock
178963593,BTC-24SEP21-66000-C,2021-09-24,66000.0,C,1631258774864,7,0.03842038102486048,46194.15,0.0025,46309.51880121132,"[{""instrument"": ""BTC-24SEP21"", ""trade_seq"": 4051358, ""age_seconds"": 7.018}, {""instrument"": ""BTC-25MAR22"", ""trade_seq"": 451419, ""age_seconds"": 159.171}, {""instrument"": ""BTC-31DEC21"", ""trade_seq"": 1566982, ""age_seconds"": 16.416}]",False,,-0.35430721240590324,2021-09-10,115.485375,0.002493771863528395,shock
178970006,BTC-26NOV21-45000-P,2021-11-26,45000.0,P,1631260108262,7,0.2109808389776763,46151.72,0.135,47074.85944338858,"[{""instrument"": ""BTC-24SEP21"", ""trade_seq"": 4052101, ""age_seconds"": 17.566}, {""instrument"": ""BTC-25MAR22"", ""trade_seq"": 451462, ""age_seconds"": 58.423}, {""instrument"": ""BTC-31DEC21"", ""trade_seq"": 1567322, ""age_seconds"": 15.999}]",False,,0.04507659896681557,2021-09-10,6230.4822,0.17642838962432686,shock
178967361,BTC-29OCT21-40000-P,2021-10-29,40000.0,P,1631259773673,7,0.13427911995814307,46005.77,0.0605,46507.520678948946,"[{""instrument"": ""BTC-24SEP21"", ""trade_seq"": 4051889, ""age_seconds"": 0.651}, {""instrument"": ""BTC-25MAR22"", ""trade_seq"": 451451, ""age_seconds"": 0.001}, {""instrument"": ""BTC-31DEC21"", ""trade_seq"": 1567282, ""age_seconds"": 1.612}]",False,,0.15073458043283441,2021-09-10,2783.349085,0.1997713408135804,shock
178969994,BTC-29OCT21-45000-P,2021-10-29,45000.0,P,1631260105967,7,0.13426858298452563,46165.26,0.104,46724.64466231643,"[{""instrument"": ""BTC-24SEP21"", ""trade_seq"": 4052101, ""age_seconds"": 15.271}, {""instrument"": ""BTC-25MAR22"", ""trade_seq"": 451462, ""age_seconds"": 56.128}, {""instrument"": ""BTC-31DEC21"", ""trade_seq"": 1567322, ""age_seconds"": 13.704}]",False,,0.03760925866954704,2021-09-10,4801.18704,0.1396657320666482,shock
178960668,BTC-29OCT21-55000-C,2021-10-29,55000.0,C,1631257588993,7,0.13434839570649418,46455.22,0.066,47044.00408618089,"[{""instrument"": ""BTC-24SEP21"", ""trade_seq"": 4050994, ""age_seconds"": 6.03}, {""instrument"": ""BTC-25MAR22"", ""trade_seq"": 451347, ""age_seconds"": 120.706}, {""instrument"": ""BTC-31DEC21"", ""trade_seq"": 1566805, ""age_seconds"": 100.715}]",False,,-0.15624976438498017,2021-09-10,3066.0445200000004,0.0651739701914669,shock
178964617,BTC-31DEC21-40000-P,2021-12-31,40000.0,P,1631259245172,7,0.3068986183409437,46072.76,0.118,47426.0,"[{""instrument"": ""BTC-24SEP21"", ""trade_seq"": 4051479, ""age_seconds"": 3.435}, {""instrument"": ""BTC-25MAR22"", ""trade_seq"": 451441, ""age_seconds"": 169.572}, {""instrument"": ""BTC-31DEC21"", ""trade_seq"": 1567079, ""age_seconds"": 0.073}]",False,,0.17029114740998164,2021-09-10,5436.58568,0.27121380002530254,shock
178962678,BTC-31DEC21-60000-C,2021-12-31,60000.0,C,1631258315146,7,0.3069281092719432,46235.7,0.12,47605.59991944501,"[{""instrument"": ""BTC-24SEP21"", ""trade_seq"": 4051261, ""age_seconds"": 16.341}, {""instrument"": ""BTC-25MAR22"", ""trade_seq"": 451388, ""age_seconds"": 66.293}, {""instrument"": ""BTC-31DEC21"", ""trade_seq"": 1566923, ""age_seconds"": 9.872}]",False,,-0.2313941625379079,2021-09-10,5548.284,0.11654687703523182,shock
179124212,BTC-1OCT21-35000-P,2021-10-01,35000.0,P,1631345466896,7,0.054849476915271436,44830.97,0.0105,44999.89506896784,"[{""instrument"": ""BTC-24SEP21"", ""trade_seq"": 4068728, ""age_seconds"": 0.699}, {""instrument"": ""BTC-25MAR22"", ""trade_seq"": 454693, ""age_seconds"": 0.99}, {""instrument"": ""BTC-31DEC21"", ""trade_seq"": 1578958, ""age_seconds"": 13.073}]",False,,0.2513120964774727,2021-09-11,470.72518500000007,0.23268099265387912,shock
179126063,BTC-1OCT21-40000-P,2021-10-01,40000.0,P,1631346410667,7,0.05481955013318113,44890.24,0.0305,45117.315218907366,"[{""instrument"": ""BTC-24SEP21"", ""trade_seq"": 4068840, ""age_seconds"": 20.876}, {""instrument"": ""BTC-25MAR22"", ""trade_seq"": 454702, ""age_seconds"": 22.624}, {""instrument"": ""BTC-31DEC21"", ""trade_seq"": 1579072, ""age_seconds"": 20.773}]",False,,0.12038664817843289,2021-09-11,1369.15232,0.14376891682129783,shock
179123193,BTC-1OCT21-60000-C,2021-10-01,60000.0,C,1631344864238,7,0.05486858707508879,44963.47,0.007,45166.69881608059,"[{""instrument"": ""BTC-24SEP21"", ""trade_seq"": 4068585, ""age_seconds"": 30.714}, {""instrument"": ""BTC-25MAR22"", ""trade_seq"": 454691, ""age_seconds"": 140.871}, {""instrument"": ""BTC-31DEC21"", ""trade_seq"": 1578940, ""age_seconds"": 33.982}]",False,,-0.28398449877556586,2021-09-11,314.74429000000003,0.006968503305535856,shock
179121837,BTC-1OCT21-65000-C,2021-10-01,65000.0,C,1631344109825,7,0.054892509354388636,45202.26,0.0045,45417.29805408768,"[{""instrument"": ""BTC-24SEP21"", ""trade_seq"": 4068395, ""age_seconds"": 53.087}, {""instrument"": ""BTC-25MAR22"", ""trade_seq"": 454684, ""age_seconds"": 53.03}, {""instrument"": ""BTC-31DEC21"", ""trade_seq"": 1578926, ""age_seconds"": 106.838}]",False,,-0.3584942230086742,2021-09-11,203.41017,0.004478693773411132,shock
179127542,BTC-24SEP21-42000-P,2021-09-24,42000.0,P,1631347005493,7,0.03562260613267377,44997.96,0.0295,45111.90493800436,"[{""instrument"": ""BTC-24SEP21"", ""trade_seq"": 4069075, ""age_seconds"": 12.812}, {""instrument"": ""BTC-25MAR22"", ""trade_seq"": 454706, ""age_seconds"": 4.199}, {""instrument"": ""BTC-31DEC21"", ""trade_seq"": 1579118, ""age_seconds"": 10.79}]",False,,0.07147656097519682,2021-09-11,1327.4398199999998,0.09840738856195917,shock
179125224,BTC-24SEP21-44000-P,2021-09-24,44000.0,P,1631345932921,7,0.03565661716768138,44902.84,0.047,45044.117986401085,"[{""instrument"": ""BTC-24SEP21"", ""trade_seq"": 4068807, ""age_seconds"": 9.431}, {""instrument"": ""BTC-25MAR22"", ""trade_seq"": 454698, ""age_seconds"": 335.591}, {""instrument"": ""BTC-31DEC21"", ""trade_seq"": 1579039, ""age_seconds"": 18.713}]",False,,0.02345277527196061,2021-09-11,2110.4334799999997,0.07003248387177766,shock
179127850,BTC-24SEP21-46000-C,2021-09-24,46000.0,C,1631347198940,7,0.03561647196854389,45005.68,0.048,45118.48747942744,"[{""instrument"": ""BTC-24SEP21"", ""trade_seq"": 4069089, ""age_seconds"": 39.437}, {""instrument"": ""BTC-25MAR22"", ""trade_seq"": 454708, ""age_seconds"": 89.767}, {""instrument"": ""BTC-31DEC21"", ""trade_seq"": 1579124, ""age_seconds"": 39.397}]",False,,-0.019349312036982577,2021-09-11,2160.27264,0.047879988020099615,shock
179127651,BTC-24SEP21-48000-C,2021-09-24,48000.0,C,1631347074284,7,0.03562042478437342,44960.21,0.0315,45075.39011241161,"[{""instrument"": ""BTC-24SEP21"", ""trade_seq"": 4069076, ""age_seconds"": 40.563}, {""instrument"": ""BTC-25MAR22"", ""trade_seq"": 454706, ""age_seconds"": 72.99}, {""instrument"": ""BTC-31DEC21"", ""trade_seq"": 1579121, ""age_seconds"": 15.725}]",False,,-0.06286458711582651,2021-09-11,1416.246615,0.031419508771151676,shock
179123653,BTC-24SEP21-56000-C,2021-09-24,56000.0,C,1631345278338,7,0.03567737385844749,44973.06,0.0056,45097.28107387136,"[{""instrument"": ""BTC-24SEP21"", ""trade_seq"": 4068670, ""age_seconds"": 6.9}, {""instrument"": ""BTC-25MAR22"", ""trade_seq"": 454691, ""age_seconds"": 554.971}, {""instrument"": ""BTC-31DEC21"", ""trade_seq"": 1578940, ""age_seconds"": 448.082}]",False,,-0.21652973265421843,2021-09-11,251.849136,0.005584574723861065,shock
179125681,BTC-24SEP21-64000-C,2021-09-24,64000.0,C,1631346303297,7,0.0356448726217656,44860.96,0.002,44996.74980716809,"[{""instrument"": ""BTC-24SEP21"", ""trade_seq"": 4068823, ""age_seconds"": 116.314}, {""instrument"": ""BTC-25MAR22"", ""trade_seq"": 454698, ""age_seconds"": 705.967}, {""instrument"": ""BTC-31DEC21"", ""trade_seq"": 1579069, ""age_seconds"": 72.371}]",False,,-0.35229282270518775,2021-09-11,89.72192,0.0019939644615333324,shock
179125187,BTC-29OCT21-40000-P,2021-10-29,40000.0,P,1631345915395,7,0.1315475838723998,44877.14,0.0675,45410.73139236955,"[{""instrument"": ""BTC-24SEP21"", ""trade_seq"": 4068806, ""age_seconds"": 1.469}, {""instrument"": ""BTC-25MAR22"", ""trade_seq"": 454698, ""age_seconds"": 318.065}, {""instrument"": ""BTC-31DEC21"", ""trade_seq"": 1579039, ""age_seconds"": 1.187}]",False,,0.12686899728263457,2021-09-11,3029.2069500000002,0.18585779360047316,shock
179125353,BTC-29OCT21-50000-C,2021-10-29,50000.0,C,1631346004879,7,0.1315447463533739,44953.6,0.0845,45483.492524189685,"[{""instrument"": ""BTC-24SEP21"", ""trade_seq"": 4068817, ""age_seconds"": 26.74}, {""instrument"": ""BTC-25MAR22"", ""trade_seq"": 454698, ""age_seconds"": 407.549}, {""instrument"": ""BTC-31DEC21"", ""trade_seq"": 1579039, ""age_seconds"": 90.671}]",False,,-0.09467354696584887,2021-09-11,3798.5792,0.08351555672598768,shock
179126921,BTC-29OCT21-65000-C,2021-10-29,65000.0,C,1631346884688,7,0.13151684779299846,44927.34,0.0255,45471.416133644096,"[{""instrument"": ""BTC-24SEP21"", ""trade_seq"": 4068950, ""age_seconds"": 150.881}, {""instrument"": ""BTC-25MAR22"", ""trade_seq"": 454703, ""age_seconds"": 155.138}, {""instrument"": ""BTC-31DEC21"", ""trade_seq"": 1579105, ""age_seconds"": 5.905}]",False,,-0.35730335819260245,2021-09-11,1145.6471699999997,0.025194886533396098,shock
179124990,BTC-31DEC21-56000-C,2021-12-31,56000.0,C,1631345741304,7,0.30415584398782347,44936.56,0.131,46266.7741266078,"[{""instrument"": ""BTC-24SEP21"", ""trade_seq"": 4068787, ""age_seconds"": 86.888}, {""instrument"": ""BTC-25MAR22"", ""trade_seq"": 454698, ""age_seconds"": 143.974}, {""instrument"": ""BTC-31DEC21"", ""trade_seq"": 1579035, ""age_seconds"": 1.784}]",False,,-0.19092760871204598,2021-09-11,5886.68936,0.12723362436921215,shock
