date,v0_slow,kappa_slow,theta_slow,xi_slow,rho_slow,v0_fast,kappa_fast,theta_fast,xi_fast,rho_fast,jump_rate,jump_mean,jump_sd,same_day_iv_rmse_pts,n_quotes
2016-12-02,0.018931,3.99925,0.0282674,0.504482,-0.619937,0.014555,18.9992,0.002,1.93704,-0.491318,0.0577037,-0.0657697,0.246659,0.715654,112
2016-12-05,0.0200467,3.99925,0.0282674,0.504482,-0.619937,0.0134343,18.9992,0.002,1.93704,-0.491318,0.0577037,-0.0657697,0.246659,0.867267,111
2016-12-06,0.0201007,3.99925,0.0282674,0.504482,-0.619937,0.0100921,18.9992,0.002,1.93704,-0.491318,0.0577037,-0.0657697,0.246659,0.729095,106
2016-12-07,0.0232698,3.99925,0.0282674,0.504482,-0.619937,0.0050453,18.9992,0.002,1.93704,-0.491318,0.0577037,-0.0657697,0.246659,0.867358,108
2016-12-08,0.0177487,3.99925,0.0282674,0.504482,-0.619937,0.00719911,18.9992,0.002,1.93704,-0.491318,0.0577037,-0.0657697,0.246659,1.08048,114
2016-12-09,0.0157084,3.99925,0.0282674,0.504482,-0.619937,0.00617075,18.9992,0.002,1.93704,-0.491318,0.0577037,-0.0657697,0.246659,0.895925,110
2016-12-12,0.0135709,3.99925,0.0282674,0.504482,-0.619937,0.0159757,18.9992,0.002,1.93704,-0.491318,0.0577037,-0.0657697,0.246659,0.848203,100
2016-12-13,0.0149871,3.99925,0.0282674,0.504482,-0.619937,0.0116123,18.9992,0.002,1.93704,-0.491318,0.0577037,-0.0657697,0.246659,0.901473,110
2016-12-14,0.014572,3.99925,0.0282674,0.504482,-0.619937,0.0160617,18.9992,0.002,1.93704,-0.491318,0.0577037,-0.0657697,0.246659,1.06993,107
2016-12-15,0.0168599,3.99925,0.0282674,0.504482,-0.619937,0.00670466,18.9992,0.002,1.93704,-0.491318,0.0577037,-0.0657697,0.246659,1.01751,105
2016-12-16,0.0159015,3.98561,0.0250652,0.476636,-0.660411,0.002,18.9856,0.00254457,1.43968,-0.497998,0.139438,-0.0694354,0.188574,0.630643,101
2016-12-19,0.0150258,3.98561,0.0250652,0.476636,-0.660411,0.002,18.9856,0.00254457,1.43968,-0.497998,0.139438,-0.0694354,0.188574,0.654591,99
2016-12-20,0.0142763,3.98561,0.0250652,0.476636,-0.660411,0.002,18.9856,0.00254457,1.43968,-0.497998,0.139438,-0.0694354,0.188574,0.948802,96
2016-12-21,0.0150015,3.98561,0.0250652,0.476636,-0.660411,0.002,18.9856,0.00254457,1.43968,-0.497998,0.139438,-0.0694354,0.188574,0.937746,98
2016-12-22,0.0159667,3.98561,0.0250652,0.476636,-0.660411,0.002,18.9856,0.00254457,1.43968,-0.497998,0.139438,-0.0694354,0.188574,0.881519,100
2016-12-23,0.0143962,3.98561,0.0250652,0.476636,-0.660411,0.002,18.9856,0.00254457,1.43968,-0.497998,0.139438,-0.0694354,0.188574,0.903362,102
2016-12-26,0.018798,3.98561,0.0250652,0.476636,-0.660411,0.00656516,18.9856,0.00254457,1.43968,-0.497998,0.139438,-0.0694354,0.188574,1.03111,100
2016-12-27,0.017134,3.98561,0.0250652,0.476636,-0.660411,0.002,18.9856,0.00254457,1.43968,-0.497998,0.139438,-0.0694354,0.188574,0.837385,90
2016-12-28,0.0178215,3.98561,0.0250652,0.476636,-0.660411,0.002,18.9856,0.00254457,1.43968,-0.497998,0.139438,-0.0694354,0.188574,0.701284,94
2016-12-29,0.0162864,3.98561,0.0250652,0.476636,-0.660411,0.002,18.9856,0.00254457,1.43968,-0.497998,0.139438,-0.0694354,0.188574,0.685789,86
2016-12-30,0.0117116,1.9459,0.0184515,0.37539,-0.673418,0.00484088,16.9459,0.010284,1.17356,-0.557109,0.158099,-0.0601365,0.175916,0.66078,92
2017-01-02,0.0105045,1.9459,0.0184515,0.37539,-0.673418,0.00810269,16.9459,0.010284,1.17356,-0.557109,0.158099,-0.0601365,0.175916,0.691742,93
2017-01-03,0.0101283,1.9459,0.0184515,0.37539,-0.673418,0.00942304,16.9459,0.010284,1.17356,-0.557109,0.158099,-0.0601365,0.175916,0.609949,91
2017-01-04,0.0110577,1.9459,0.0184515,0.37539,-0.673418,0.00766935,16.9459,0.010284,1.17356,-0.557109,0.158099,-0.0601365,0.175916,0.54304,88
2017-01-05,0.010534,1.9459,0.0184515,0.37539,-0.673418,0.0035812,16.9459,0.010284,1.17356,-0.557109,0.158099,-0.0601365,0.175916,0.635543,94
2017-01-06,0.0099561,1.9459,0.0184515,0.37539,-0.673418,0.00349323,16.9459,0.010284,1.17356,-0.557109,0.158099,-0.0601365,0.175916,0.665775,90
2017-01-09,0.00981941,1.9459,0.0184515,0.37539,-0.673418,0.00687979,16.9459,0.010284,1.17356,-0.557109,0.158099,-0.0601365,0.175916,0.675087,84
2017-01-10,0.00919666,1.9459,0.0184515,0.37539,-0.673418,0.00498826,16.9459,0.010284,1.17356,-0.557109,0.158099,-0.0601365,0.175916,0.598248,86
2017-01-11,0.00767222,1.9459,0.0184515,0.37539,-0.673418,0.00531136,16.9459,0.010284,1.17356,-0.557109,0.158099,-0.0601365,0.175916,0.519595,87
2017-01-12,0.00767655,1.9459,0.0184515,0.37539,-0.673418,0.00445465,16.9459,0.010284,1.17356,-0.557109,0.158099,-0.0601365,0.175916,0.430121,85
2017-01-13,0.0078823,0.235312,0.0365983,0.300145,-0.515024,0.00390141,15.2353,0.0125649,0.916062,-0.863327,0.144512,-0.0541963,0.170133,0.412169,82
2017-01-16,0.00806044,0.235312,0.0365983,0.300145,-0.515024,0.00681811,15.2353,0.0125649,0.916062,-0.863327,0.144512,-0.0541963,0.170133,0.995888,87
2017-01-17,0.00900979,0.235312,0.0365983,0.300145,-0.515024,0.00636957,15.2353,0.0125649,0.916062,-0.863327,0.144512,-0.0541963,0.170133,0.464596,82
2017-01-18,0.00851052,0.235312,0.0365983,0.300145,-0.515024,0.00567421,15.2353,0.0125649,0.916062,-0.863327,0.144512,-0.0541963,0.170133,0.586444,79
2017-01-19,0.00753277,0.235312,0.0365983,0.300145,-0.515024,0.0049627,15.2353,0.0125649,0.916062,-0.863327,0.144512,-0.0541963,0.170133,0.597724,80
2017-01-20,0.00807989,0.235312,0.0365983,0.300145,-0.515024,0.00825448,15.2353,0.0125649,0.916062,-0.863327,0.144512,-0.0541963,0.170133,0.710174,79
2017-01-23,0.00844605,0.235312,0.0365983,0.300145,-0.515024,0.0082715,15.2353,0.0125649,0.916062,-0.863327,0.144512,-0.0541963,0.170133,0.835841,67
2017-01-24,0.00665082,0.235312,0.0365983,0.300145,-0.515024,0.00912116,15.2353,0.0125649,0.916062,-0.863327,0.144512,-0.0541963,0.170133,0.884598,66
2017-01-25,0.00677893,0.235312,0.0365983,0.300145,-0.515024,0.00662595,15.2353,0.0125649,0.916062,-0.863327,0.144512,-0.0541963,0.170133,0.968403,72
2017-01-27,0.00687736,0.235312,0.0365983,0.300145,-0.515024,0.00858662,15.2353,0.0125649,0.916062,-0.863327,0.144512,-0.0541963,0.170133,1.25915,96
2017-01-30,0.00358831,0.669891,0.0310712,0.374046,-0.769555,0.026441,15.6699,0.0096461,0.786525,-0.504242,0.211899,-0.0560311,0.142986,0.620744,76
2017-01-31,0.002,0.669891,0.0310712,0.374046,-0.769555,0.0297675,15.6699,0.0096461,0.786525,-0.504242,0.211899,-0.0560311,0.142986,0.473541,93
2017-02-01,0.0028648,0.669891,0.0310712,0.374046,-0.769555,0.0123416,15.6699,0.0096461,0.786525,-0.504242,0.211899,-0.0560311,0.142986,0.718028,95
2017-02-02,0.00282821,0.669891,0.0310712,0.374046,-0.769555,0.0102767,15.6699,0.0096461,0.786525,-0.504242,0.211899,-0.0560311,0.142986,0.775082,90
2017-02-03,0.00319603,0.669891,0.0310712,0.374046,-0.769555,0.00721828,15.6699,0.0096461,0.786525,-0.504242,0.211899,-0.0560311,0.142986,0.783493,89
2017-02-06,0.00214018,0.669891,0.0310712,0.374046,-0.769555,0.0105737,15.6699,0.0096461,0.786525,-0.504242,0.211899,-0.0560311,0.142986,0.782149,90
2017-02-07,0.0023813,0.669891,0.0310712,0.374046,-0.769555,0.0104338,15.6699,0.0096461,0.786525,-0.504242,0.211899,-0.0560311,0.142986,0.629179,87
2017-02-08,0.0022061,0.669891,0.0310712,0.374046,-0.769555,0.00938401,15.6699,0.0096461,0.786525,-0.504242,0.211899,-0.0560311,0.142986,0.713583,87
2017-02-09,0.00231245,0.669891,0.0310712,0.374046,-0.769555,0.0091659,15.6699,0.0096461,0.786525,-0.504242,0.211899,-0.0560311,0.142986,0.601469,86
2017-02-10,0.00268714,0.669891,0.0310712,0.374046,-0.769555,0.00761527,15.6699,0.0096461,0.786525,-0.504242,0.211899,-0.0560311,0.142986,0.768488,86
2017-02-13,0.00278084,0.892665,0.0304692,0.39794,-0.807902,0.0113366,15.8927,0.009057,0.777485,-0.38736,0.114149,-0.0749722,0.174627,0.449206,93
2017-02-14,0.00360416,0.892665,0.0304692,0.39794,-0.807902,0.0110946,15.8927,0.009057,0.777485,-0.38736,0.114149,-0.0749722,0.174627,0.405961,91
2017-02-15,0.00442789,0.892665,0.0304692,0.39794,-0.807902,0.0126343,15.8927,0.009057,0.777485,-0.38736,0.114149,-0.0749722,0.174627,0.519588,98
2017-02-16,0.00380614,0.892665,0.0304692,0.39794,-0.807902,0.0106716,15.8927,0.009057,0.777485,-0.38736,0.114149,-0.0749722,0.174627,0.386899,88
2017-02-17,0.00372612,0.892665,0.0304692,0.39794,-0.807902,0.00932446,15.8927,0.009057,0.777485,-0.38736,0.114149,-0.0749722,0.174627,0.599854,89
2017-02-20,0.002,0.892665,0.0304692,0.39794,-0.807902,0.0158165,15.8927,0.009057,0.777485,-0.38736,0.114149,-0.0749722,0.174627,0.812413,83
2017-02-21,0.0028347,0.892665,0.0304692,0.39794,-0.807902,0.0121676,15.8927,0.009057,0.777485,-0.38736,0.114149,-0.0749722,0.174627,0.602181,76
2017-02-22,0.00216618,0.892665,0.0304692,0.39794,-0.807902,0.013486,15.8927,0.009057,0.777485,-0.38736,0.114149,-0.0749722,0.174627,0.557653,70
2017-02-23,0.00212402,0.892665,0.0304692,0.39794,-0.807902,0.0123792,15.8927,0.009057,0.777485,-0.38736,0.114149,-0.0749722,0.174627,0.70224,77
2017-02-27,0.002,0.892665,0.0304692,0.39794,-0.807902,0.0136335,15.8927,0.009057,0.777485,-0.38736,0.114149,-0.0749722,0.174627,0.737191,79
2017-02-28,0.002,1.3064,0.0290251,0.496772,-0.791675,0.0157393,16.3064,0.00701536,0.447655,-0.345497,0.161173,-0.0600365,0.147262,0.550656,68
2017-03-01,0.00261512,1.3064,0.0290251,0.496772,-0.791675,0.013696,16.3064,0.00701536,0.447655,-0.345497,0.161173,-0.0600365,0.147262,0.45563,98
2017-03-02,0.0021041,1.3064,0.0290251,0.496772,-0.791675,0.0147031,16.3064,0.00701536,0.447655,-0.345497,0.161173,-0.0600365,0.147262,0.503325,105
2017-03-03,0.002,1.3064,0.0290251,0.496772,-0.791675,0.0147167,16.3064,0.00701536,0.447655,-0.345497,0.161173,-0.0600365,0.147262,0.512268,97
2017-03-06,0.00200002,1.3064,0.0290251,0.496772,-0.791675,0.0156441,16.3064,0.00701536,0.447655,-0.345497,0.161173,-0.0600365,0.147262,0.690139,101
2017-03-07,0.002,1.3064,0.0290251,0.496772,-0.791675,0.0173051,16.3064,0.00701536,0.447655,-0.345497,0.161173,-0.0600365,0.147262,0.585807,92
2017-03-08,0.002,1.3064,0.0290251,0.496772,-0.791675,0.0184145,16.3064,0.00701536,0.447655,-0.345497,0.161173,-0.0600365,0.147262,0.562842,98
2017-03-09,0.00243463,1.3064,0.0290251,0.496772,-0.791675,0.0193446,16.3064,0.00701536,0.447655,-0.345497,0.161173,-0.0600365,0.147262,0.600775,97
2017-03-10,0.00209118,1.3064,0.0290251,0.496772,-0.791675,0.018746,16.3064,0.00701536,0.447655,-0.345497,0.161173,-0.0600365,0.147262,0.693313,94
2017-03-14,0.00290286,1.3064,0.0290251,0.496772,-0.791675,0.00952329,16.3064,0.00701536,0.447655,-0.345497,0.161173,-0.0600365,0.147262,1.17887,95
2017-03-15,0.00328993,0.63712,0.0542884,0.558988,-0.828839,0.00895864,15.6371,0.00747997,0.236133,-0.500627,0.154049,-0.0504509,0.1424,0.810296,100
2017-03-16,0.00343614,0.63712,0.0542884,0.558988,-0.828839,0.00673784,15.6371,0.00747997,0.236133,-0.500627,0.154049,-0.0504509,0.1424,0.662925,104
2017-03-17,0.00289076,0.63712,0.0542884,0.558988,-0.828839,0.00732917,15.6371,0.00747997,0.236133,-0.500627,0.154049,-0.0504509,0.1424,0.764148,102
2017-03-20,0.0023552,0.63712,0.0542884,0.558988,-0.828839,0.00864986,15.6371,0.00747997,0.236133,-0.500627,0.154049,-0.0504509,0.1424,0.73222,95
2017-03-21,0.002,0.63712,0.0542884,0.558988,-0.828839,0.00909551,15.6371,0.00747997,0.236133,-0.500627,0.154049,-0.0504509,0.1424,0.707915,95
2017-03-22,0.00246263,0.63712,0.0542884,0.558988,-0.828839,0.011097,15.6371,0.00747997,0.236133,-0.500627,0.154049,-0.0504509,0.1424,0.694569,103
2017-03-23,0.00242187,0.63712,0.0542884,0.558988,-0.828839,0.00851845,15.6371,0.00747997,0.236133,-0.500627,0.154049,-0.0504509,0.1424,0.896616,101
2017-03-24,0.00314096,0.63712,0.0542884,0.558988,-0.828839,0.00772532,15.6371,0.00747997,0.236133,-0.500627,0.154049,-0.0504509,0.1424,0.727883,100
2017-03-27,0.00201763,0.63712,0.0542884,0.558988,-0.828839,0.0153282,15.6371,0.00747997,0.236133,-0.500627,0.154049,-0.0504509,0.1424,1.63951,105
2017-03-28,0.0034025,0.63712,0.0542884,0.558988,-0.828839,0.00813071,15.6371,0.00747997,0.236133,-0.500627,0.154049,-0.0504509,0.1424,0.775408,84
2017-03-29,0.00382799,0.395002,0.0733519,0.46018,-0.979443,0.00633235,15.395,0.0087629,0.223646,-0.518937,0.133126,-0.0479488,0.14981,0.918837,88
2017-03-30,0.00271242,0.395002,0.0733519,0.46018,-0.979443,0.00824563,15.395,0.0087629,0.223646,-0.518937,0.133126,-0.0479488,0.14981,0.953099,89
2017-03-31,0.00337792,0.395002,0.0733519,0.46018,-0.979443,0.00725051,15.395,0.0087629,0.223646,-0.518937,0.133126,-0.0479488,0.14981,0.418854,93
2017-04-03,0.002,0.395002,0.0733519,0.46018,-0.979443,0.0063339,15.395,0.0087629,0.223646,-0.518937,0.133126,-0.0479488,0.14981,0.484729,93
2017-04-05,0.002,0.395002,0.0733519,0.46018,-0.979443,0.00579463,15.395,0.0087629,0.223646,-0.518937,0.133126,-0.0479488,0.14981,0.538466,88
2017-04-06,0.002,0.395002,0.0733519,0.46018,-0.979443,0.00516974,15.395,0.0087629,0.223646,-0.518937,0.133126,-0.0479488,0.14981,0.452827,80
2017-04-07,0.002,0.395002,0.0733519,0.46018,-0.979443,0.00679255,15.395,0.0087629,0.223646,-0.518937,0.133126,-0.0479488,0.14981,0.664703,83
2017-04-10,0.002,0.395002,0.0733519,0.46018,-0.979443,0.00661145,15.395,0.0087629,0.223646,-0.518937,0.133126,-0.0479488,0.14981,0.614948,80
2017-04-11,0.002,0.395002,0.0733519,0.46018,-0.979443,0.00571633,15.395,0.0087629,0.223646,-0.518937,0.133126,-0.0479488,0.14981,0.537464,78
2017-04-12,0.002,0.395002,0.0733519,0.46018,-0.979443,0.00640314,15.395,0.0087629,0.223646,-0.518937,0.133126,-0.0479488,0.14981,0.783112,83
2017-04-13,0.00446812,0.180191,0.118772,0.345406,-0.699336,0.00616702,15.1802,0.00507805,0.184901,-0.52389,0.111665,-0.0574281,0.153627,0.663794,82
2017-04-17,0.00458958,0.180191,0.118772,0.345406,-0.699336,0.00748849,15.1802,0.00507805,0.184901,-0.52389,0.111665,-0.0574281,0.153627,0.92116,80
2017-04-18,0.004558,0.180191,0.118772,0.345406,-0.699336,0.0100879,15.1802,0.00507805,0.184901,-0.52389,0.111665,-0.0574281,0.153627,0.967655,81
2017-04-19,0.00492301,0.180191,0.118772,0.345406,-0.699336,0.00794783,15.1802,0.00507805,0.184901,-0.52389,0.111665,-0.0574281,0.153627,0.837445,85
2017-04-20,0.00395205,0.180191,0.118772,0.345406,-0.699336,0.00725801,15.1802,0.00507805,0.184901,-0.52389,0.111665,-0.0574281,0.153627,0.684761,87
2017-04-21,0.00440804,0.180191,0.118772,0.345406,-0.699336,0.0064547,15.1802,0.00507805,0.184901,-0.52389,0.111665,-0.0574281,0.153627,0.697102,84
2017-04-24,0.00404547,0.180191,0.118772,0.345406,-0.699336,0.0085674,15.1802,0.00507805,0.184901,-0.52389,0.111665,-0.0574281,0.153627,1.93661,75
2017-04-25,0.00426769,0.180191,0.118772,0.345406,-0.699336,0.00408951,15.1802,0.00507805,0.184901,-0.52389,0.111665,-0.0574281,0.153627,0.563723,68
2017-04-26,0.00453704,0.180191,0.118772,0.345406,-0.699336,0.00505292,15.1802,0.00507805,0.184901,-0.52389,0.111665,-0.0574281,0.153627,0.706965,65
2017-04-27,0.00334077,0.180191,0.118772,0.345406,-0.699336,0.00451784,15.1802,0.00507805,0.184901,-0.52389,0.111665,-0.0574281,0.153627,0.655373,68
2017-04-28,0.00247744,0.132442,0.165254,0.31821,-0.59434,0.00716359,14.8521,0.00354601,0.347415,-0.737332,0.124334,-0.0611874,0.144004,0.607134,76
2017-05-02,0.00272359,0.132442,0.165254,0.31821,-0.59434,0.00864934,14.8521,0.00354601,0.347415,-0.737332,0.124334,-0.0611874,0.144004,0.39106,75
2017-05-03,0.00258557,0.132442,0.165254,0.31821,-0.59434,0.00976059,14.8521,0.00354601,0.347415,-0.737332,0.124334,-0.0611874,0.144004,0.438087,78
2017-05-04,0.00325537,0.132442,0.165254,0.31821,-0.59434,0.00719995,14.8521,0.00354601,0.347415,-0.737332,0.124334,-0.0611874,0.144004,0.423086,78
2017-05-05,0.00310989,0.132442,0.165254,0.31821,-0.59434,0.00967299,14.8521,0.00354601,0.347415,-0.737332,0.124334,-0.0611874,0.144004,0.720934,78
2017-05-08,0.00319152,0.132442,0.165254,0.31821,-0.59434,0.00843349,14.8521,0.00354601,0.347415,-0.737332,0.124334,-0.0611874,0.144004,0.393689,76
2017-05-09,0.00286428,0.132442,0.165254,0.31821,-0.59434,0.00762877,14.8521,0.00354601,0.347415,-0.737332,0.124334,-0.0611874,0.144004,0.533562,73
2017-05-10,0.00268858,0.132442,0.165254,0.31821,-0.59434,0.00670402,14.8521,0.00354601,0.347415,-0.737332,0.124334,-0.0611874,0.144004,0.66655,78
2017-05-11,0.00307568,0.132442,0.165254,0.31821,-0.59434,0.00544149,14.8521,0.00354601,0.347415,-0.737332,0.124334,-0.0611874,0.144004,0.570645,86
2017-05-12,0.00242585,0.132442,0.165254,0.31821,-0.59434,0.00689925,14.8521,0.00354601,0.347415,-0.737332,0.124334,-0.0611874,0.144004,0.809509,85
2017-05-15,0.00238934,0.125802,0.175137,0.323463,-0.59833,0.00702664,15.1029,0.00337431,0.298166,-0.805743,0.142831,-0.0613679,0.135783,0.683331,87
2017-05-16,0.002,0.125802,0.175137,0.323463,-0.59833,0.00715026,15.1029,0.00337431,0.298166,-0.805743,0.142831,-0.0613679,0.135783,0.848078,89
2017-05-17,0.00221143,0.125802,0.175137,0.323463,-0.59833,0.00751509,15.1029,0.00337431,0.298166,-0.805743,0.142831,-0.0613679,0.135783,1.2059,83
2017-05-18,0.00277913,0.125802,0.175137,0.323463,-0.59833,0.00943726,15.1029,0.00337431,0.298166,-0.805743,0.142831,-0.0613679,0.135783,1.33668,87
2017-05-19,0.00283207,0.125802,0.175137,0.323463,-0.59833,0.00830834,15.1029,0.00337431,0.298166,-0.805743,0.142831,-0.0613679,0.135783,1.13525,85
2017-05-22,0.002,0.125802,0.175137,0.323463,-0.59833,0.0124939,15.1029,0.00337431,0.298166,-0.805743,0.142831,-0.0613679,0.135783,2.4811,78
2017-05-23,0.00477307,0.125802,0.175137,0.323463,-0.59833,0.00527108,15.1029,0.00337431,0.298166,-0.805743,0.142831,-0.0613679,0.135783,0.500704,64
2017-05-24,0.00490012,0.125802,0.175137,0.323463,-0.59833,0.00449634,15.1029,0.00337431,0.298166,-0.805743,0.142831,-0.0613679,0.135783,0.942124,64
2017-05-25,0.00340109,0.125802,0.175137,0.323463,-0.59833,0.00404648,15.1029,0.00337431,0.298166,-0.805743,0.142831,-0.0613679,0.135783,0.62661,71
2017-05-26,0.0029465,0.125802,0.175137,0.323463,-0.59833,0.00442064,15.1029,0.00337431,0.298166,-0.805743,0.142831,-0.0613679,0.135783,0.408398,76
2017-05-29,0.00314624,0.136835,0.192369,0.338488,-0.608703,0.00865057,15.1368,0.00200007,0.218695,-0.897888,0.151878,-0.0657382,0.132547,0.517384,94
2017-05-30,0.00437252,0.136835,0.192369,0.338488,-0.608703,0.00663844,15.1368,0.00200007,0.218695,-0.897888,0.151878,-0.0657382,0.132547,0.452369,92
2017-05-31,0.00423271,0.136835,0.192369,0.338488,-0.608703,0.00689241,15.1368,0.00200007,0.218695,-0.897888,0.151878,-0.0657382,0.132547,0.342841,88
2017-06-01,0.00415424,0.136835,0.192369,0.338488,-0.608703,0.00577407,15.1368,0.00200007,0.218695,-0.897888,0.151878,-0.0657382,0.132547,0.312881,87
2017-06-02,0.00388731,0.136835,0.192369,0.338488,-0.608703,0.00468274,15.1368,0.00200007,0.218695,-0.897888,0.151878,-0.0657382,0.132547,0.423854,89
2017-06-05,0.00343535,0.136835,0.192369,0.338488,-0.608703,0.00580157,15.1368,0.00200007,0.218695,-0.897888,0.151878,-0.0657382,0.132547,0.429228,82
2017-06-06,0.00360482,0.136835,0.192369,0.338488,-0.608703,0.00614473,15.1368,0.00200007,0.218695,-0.897888,0.151878,-0.0657382,0.132547,0.431974,85
2017-06-07,0.00385874,0.136835,0.192369,0.338488,-0.608703,0.00502232,15.1368,0.00200007,0.218695,-0.897888,0.151878,-0.0657382,0.132547,0.44807,85
2017-06-08,0.00433166,0.136835,0.192369,0.338488,-0.608703,0.00465517,15.1368,0.00200007,0.218695,-0.897888,0.151878,-0.0657382,0.132547,0.428653,82
2017-06-09,0.00464292,0.136835,0.192369,0.338488,-0.608703,0.00361045,15.1368,0.00200007,0.218695,-0.897888,0.151878,-0.0657382,0.132547,0.444859,87
2017-06-12,0.00460684,0.136359,0.209799,0.417901,-0.619337,0.00581984,15.1364,0.00215346,0.166807,-0.91106,0.152074,-0.066616,0.133221,0.398516,81
2017-06-13,0.00429029,0.136359,0.209799,0.417901,-0.619337,0.00640685,15.1364,0.00215346,0.166807,-0.91106,0.152074,-0.066616,0.133221,0.467673,81
2017-06-14,0.00375898,0.136359,0.209799,0.417901,-0.619337,0.00633956,15.1364,0.00215346,0.166807,-0.91106,0.152074,-0.066616,0.133221,0.426276,86
2017-06-15,0.00407495,0.136359,0.209799,0.417901,-0.619337,0.00662199,15.1364,0.00215346,0.166807,-0.91106,0.152074,-0.066616,0.133221,0.390001,84
2017-06-16,0.00416246,0.136359,0.209799,0.417901,-0.619337,0.00437257,15.1364,0.00215346,0.166807,-0.91106,0.152074,-0.066616,0.133221,0.389981,82
2017-06-19,0.00361326,0.136359,0.209799,0.417901,-0.619337,0.00503415,15.1364,0.00215346,0.166807,-0.91106,0.152074,-0.066616,0.133221,0.531495,95
2017-06-20,0.00248686,0.136359,0.209799,0.417901,-0.619337,0.00677404,15.1364,0.00215346,0.166807,-0.91106,0.152074,-0.066616,0.133221,0.634967,83
2017-06-21,0.00318376,0.136359,0.209799,0.417901,-0.619337,0.0067441,15.1364,0.00215346,0.166807,-0.91106,0.152074,-0.066616,0.133221,0.492088,91
2017-06-22,0.003584,0.136359,0.209799,0.417901,-0.619337,0.00587091,15.1364,0.00215346,0.166807,-0.91106,0.152074,-0.066616,0.133221,1.01157,85
2017-06-23,0.00374563,0.136359,0.209799,0.417901,-0.619337,0.00747745,15.1364,0.00215346,0.166807,-0.91106,0.152074,-0.066616,0.133221,0.699786,81
2017-06-27,0.00331802,0.132102,0.229302,0.451566,-0.626804,0.0112533,15.1321,0.00200058,0.129507,-0.865781,0.206806,-0.0543304,0.118843,0.700891,62
2017-06-28,0.00332287,0.132102,0.229302,0.451566,-0.626804,0.0103372,15.1321,0.00200058,0.129507,-0.865781,0.206806,-0.0543304,0.118843,0.827305,72
2017-06-29,0.00320178,0.132102,0.229302,0.451566,-0.626804,0.00865304,15.1321,0.00200058,0.129507,-0.865781,0.206806,-0.0543304,0.118843,0.757452,78
2017-06-30,0.00402194,0.132102,0.229302,0.451566,-0.626804,0.00805945,15.1321,0.00200058,0.129507,-0.865781,0.206806,-0.0543304,0.118843,0.634285,84
2017-07-03,0.00333961,0.132102,0.229302,0.451566,-0.626804,0.00703691,15.1321,0.00200058,0.129507,-0.865781,0.206806,-0.0543304,0.118843,0.584242,86
2017-07-04,0.00380083,0.132102,0.229302,0.451566,-0.626804,0.00667082,15.1321,0.00200058,0.129507,-0.865781,0.206806,-0.0543304,0.118843,0.445005,82
2017-07-05,0.00358265,0.132102,0.229302,0.451566,-0.626804,0.00629402,15.1321,0.00200058,0.129507,-0.865781,0.206806,-0.0543304,0.118843,0.443116,80
2017-07-06,0.00342884,0.132102,0.229302,0.451566,-0.626804,0.00623463,15.1321,0.00200058,0.129507,-0.865781,0.206806,-0.0543304,0.118843,0.724211,87
2017-07-07,0.00339642,0.132102,0.229302,0.451566,-0.626804,0.0059362,15.1321,0.00200058,0.129507,-0.865781,0.206806,-0.0543304,0.118843,0.643538,87
2017-07-10,0.00291835,0.132102,0.229302,0.451566,-0.626804,0.00681009,15.1321,0.00200058,0.129507,-0.865781,0.206806,-0.0543304,0.118843,0.556472,86
2017-07-11,0.00213847,0.139343,0.238766,0.44515,-0.669165,0.00816871,15.1393,0.002,0.157993,-0.868818,0.17963,-0.0525285,0.125933,0.543774,85
2017-07-12,0.00350152,0.139343,0.238766,0.44515,-0.669165,0.00683129,15.1393,0.002,0.157993,-0.868818,0.17963,-0.0525285,0.125933,0.671036,95
2017-07-13,0.00391239,0.139343,0.238766,0.44515,-0.669165,0.00634182,15.1393,0.002,0.157993,-0.868818,0.17963,-0.0525285,0.125933,1.13014,101
2017-07-14,0.00313902,0.139343,0.238766,0.44515,-0.669165,0.00689559,15.1393,0.002,0.157993,-0.868818,0.17963,-0.0525285,0.125933,1.10942,106
2017-07-17,0.00479699,0.139343,0.238766,0.44515,-0.669165,0.00577982,15.1393,0.002,0.157993,-0.868818,0.17963,-0.0525285,0.125933,0.976573,93
2017-07-18,0.00489965,0.139343,0.238766,0.44515,-0.669165,0.00630813,15.1393,0.002,0.157993,-0.868818,0.17963,-0.0525285,0.125933,0.672894,92
2017-07-19,0.00503475,0.139343,0.238766,0.44515,-0.669165,0.00462183,15.1393,0.002,0.157993,-0.868818,0.17963,-0.0525285,0.125933,1.09186,97
2017-07-20,0.00455201,0.139343,0.238766,0.44515,-0.669165,0.00600896,15.1393,0.002,0.157993,-0.868818,0.17963,-0.0525285,0.125933,0.600819,89
2017-07-21,0.00443329,0.139343,0.238766,0.44515,-0.669165,0.00533126,15.1393,0.002,0.157993,-0.868818,0.17963,-0.0525285,0.125933,0.85949,87
2017-07-24,0.00394839,0.139343,0.238766,0.44515,-0.669165,0.00940126,15.1393,0.002,0.157993,-0.868818,0.17963,-0.0525285,0.125933,1.39823,97
2017-07-25,0.00543826,0.142165,0.229964,0.439511,-0.61214,0.00392947,15.1422,0.002,0.141097,-0.914716,0.236312,-0.0506564,0.1174,0.507677,71
2017-07-26,0.0055668,0.142165,0.229964,0.439511,-0.61214,0.00391806,15.1422,0.002,0.141097,-0.914716,0.236312,-0.0506564,0.1174,0.441436,77
2017-07-27,0.00514547,0.142165,0.229964,0.439511,-0.61214,0.00478742,15.1422,0.002,0.141097,-0.914716,0.236312,-0.0506564,0.1174,0.607059,89
2017-07-28,0.00461448,0.142165,0.229964,0.439511,-0.61214,0.0055193,15.1422,0.002,0.141097,-0.914716,0.236312,-0.0506564,0.1174,0.586713,93
2017-07-31,0.0053897,0.142165,0.229964,0.439511,-0.61214,0.00573307,15.1422,0.002,0.141097,-0.914716,0.236312,-0.0506564,0.1174,0.573845,99
2017-08-01,0.00544821,0.142165,0.229964,0.439511,-0.61214,0.00563039,15.1422,0.002,0.141097,-0.914716,0.236312,-0.0506564,0.1174,0.463847,93
2017-08-02,0.00488282,0.142165,0.229964,0.439511,-0.61214,0.00674843,15.1422,0.002,0.141097,-0.914716,0.236312,-0.0506564,0.1174,0.450453,79
2017-08-03,0.0055495,0.142165,0.229964,0.439511,-0.61214,0.00439875,15.1422,0.002,0.141097,-0.914716,0.236312,-0.0506564,0.1174,0.418961,83
2017-08-04,0.00542925,0.142165,0.229964,0.439511,-0.61214,0.00375872,15.1422,0.002,0.141097,-0.914716,0.236312,-0.0506564,0.1174,0.508898,98
2017-08-07,0.00542088,0.142165,0.229964,0.439511,-0.61214,0.00498921,15.1422,0.002,0.141097,-0.914716,0.236312,-0.0506564,0.1174,0.48755,97
2017-08-08,0.00695286,0.142256,0.229137,0.464839,-0.554453,0.005199,15.1423,0.00227536,0.159967,-0.958659,0.186615,-0.0560614,0.129223,0.406758,95
2017-08-09,0.00996935,0.142256,0.229137,0.464839,-0.554453,0.00288943,15.1423,0.00227536,0.159967,-0.958659,0.186615,-0.0560614,0.129223,0.899854,101
2017-08-10,0.011108,0.142256,0.229137,0.464839,-0.554453,0.002,15.1423,0.00227536,0.159967,-0.958659,0.186615,-0.0560614,0.129223,1.13523,103
2017-08-11,0.0100691,0.142256,0.229137,0.464839,-0.554453,0.00667098,15.1423,0.00227536,0.159967,-0.958659,0.186615,-0.0560614,0.129223,1.67291,108
2017-08-14,0.0105146,0.142256,0.229137,0.464839,-0.554453,0.0057291,15.1423,0.00227536,0.159967,-0.958659,0.186615,-0.0560614,0.129223,1.46293,112
2017-08-16,0.0102766,0.142256,0.229137,0.464839,-0.554453,0.00551512,15.1423,0.00227536,0.159967,-0.958659,0.186615,-0.0560614,0.129223,1.6696,106
2017-08-17,0.0106217,0.142256,0.229137,0.464839,-0.554453,0.00397475,15.1423,0.00227536,0.159967,-0.958659,0.186615,-0.0560614,0.129223,1.46372,108
2017-08-18,0.0103326,0.142256,0.229137,0.464839,-0.554453,0.00565315,15.1423,0.00227536,0.159967,-0.958659,0.186615,-0.0560614,0.129223,1.26611,111
2017-08-21,0.0110484,0.142256,0.229137,0.464839,-0.554453,0.00800479,15.1423,0.00227536,0.159967,-0.958659,0.186615,-0.0560614,0.129223,1.21052,109
2017-08-22,0.0110419,0.142256,0.229137,0.464839,-0.554453,0.00452606,15.1423,0.00227536,0.159967,-0.958659,0.186615,-0.0560614,0.129223,0.871545,109
2017-08-23,0.00956243,0.142585,0.227098,0.522448,-0.572952,0.00218953,15.1426,0.00304916,0.184012,-0.962065,0.178151,-0.0554537,0.142506,0.909618,107
2017-08-24,0.00841077,0.142585,0.227098,0.522448,-0.572952,0.002,15.1426,0.00304916,0.184012,-0.962065,0.178151,-0.0554537,0.142506,0.663071,93
2017-08-28,0.00601914,0.142585,0.227098,0.522448,-0.572952,0.00919594,15.1426,0.00304916,0.184012,-0.962065,0.178151,-0.0554537,0.142506,0.854952,89
2017-08-29,0.00910726,0.142585,0.227098,0.522448,-0.572952,0.00527164,15.1426,0.00304916,0.184012,-0.962065,0.178151,-0.0554537,0.142506,0.572374,77
2017-08-30,0.0074737,0.142585,0.227098,0.522448,-0.572952,0.00403135,15.1426,0.00304916,0.184012,-0.962065,0.178151,-0.0554537,0.142506,0.356104,76
2017-08-31,0.00735789,0.142585,0.227098,0.522448,-0.572952,0.002,15.1426,0.00304916,0.184012,-0.962065,0.178151,-0.0554537,0.142506,0.531964,79
2017-09-01,0.00630652,0.142585,0.227098,0.522448,-0.572952,0.00268946,15.1426,0.00304916,0.184012,-0.962065,0.178151,-0.0554537,0.142506,0.365233,80
2017-09-04,0.00681515,0.142585,0.227098,0.522448,-0.572952,0.00685509,15.1426,0.00304916,0.184012,-0.962065,0.178151,-0.0554537,0.142506,0.644914,101
2017-09-05,0.00687032,0.142585,0.227098,0.522448,-0.572952,0.00530075,15.1426,0.00304916,0.184012,-0.962065,0.178151,-0.0554537,0.142506,0.618581,97
2017-09-06,0.00709052,0.142585,0.227098,0.522448,-0.572952,0.00655442,15.1426,0.00304916,0.184012,-0.962065,0.178151,-0.0554537,0.142506,0.628366,97
2017-09-07,0.00549778,0.166379,0.211959,0.542563,-0.5486,0.00819771,15.1664,0.0037797,0.414322,-0.664976,0.161359,-0.063674,0.148519,0.503154,94
2017-09-08,0.00588343,0.166379,0.211959,0.542563,-0.5486,0.00727434,15.1664,0.0037797,0.414322,-0.664976,0.161359,-0.063674,0.148519,0.639738,95
2017-09-11,0.00459162,0.166379,0.211959,0.542563,-0.5486,0.00743236,15.1664,0.0037797,0.414322,-0.664976,0.161359,-0.063674,0.148519,0.607011,97
2017-09-12,0.00472161,0.166379,0.211959,0.542563,-0.5486,0.00391676,15.1664,0.0037797,0.414322,-0.664976,0.161359,-0.063674,0.148519,0.620649,99
2017-09-13,0.00462065,0.166379,0.211959,0.542563,-0.5486,0.00521014,15.1664,0.0037797,0.414322,-0.664976,0.161359,-0.063674,0.148519,0.742271,105
2017-09-14,0.00436609,0.166379,0.211959,0.542563,-0.5486,0.00497777,15.1664,0.0037797,0.414322,-0.664976,0.161359,-0.063674,0.148519,0.61589,100
2017-09-15,0.00444546,0.166379,0.211959,0.542563,-0.5486,0.00534497,15.1664,0.0037797,0.414322,-0.664976,0.161359,-0.063674,0.148519,0.63516,100
2017-09-18,0.00325297,0.166379,0.211959,0.542563,-0.5486,0.0067577,15.1664,0.0037797,0.414322,-0.664976,0.161359,-0.063674,0.148519,0.704067,104
2017-09-19,0.00347121,0.166379,0.211959,0.542563,-0.5486,0.00656458,15.1664,0.0037797,0.414322,-0.664976,0.161359,-0.063674,0.148519,0.592222,97
2017-09-20,0.00382029,0.166379,0.211959,0.542563,-0.5486,0.00663316,15.1664,0.0037797,0.414322,-0.664976,0.161359,-0.063674,0.148519,1.11832,97
2017-09-21,0.00364527,0.205987,0.216411,0.479496,-0.546405,0.00653156,15.206,0.00278393,0.651695,-0.563527,0.158935,-0.0666336,0.148141,0.583862,101
2017-09-22,0.00258328,0.205987,0.216411,0.479496,-0.546405,0.0148709,15.206,0.00278393,0.651695,-0.563527,0.158935,-0.0666336,0.148141,1.08797,102
2017-09-25,0.00224182,0.205987,0.216411,0.479496,-0.546405,0.0191211,15.206,0.00278393,0.651695,-0.563527,0.158935,-0.0666336,0.148141,1.83734,108
2017-09-26,0.00783947,0.126608,0.247204,0.310438,-0.542174,0.0034651,3.57475,0.0020046,0.587664,-0.578972,0.206567,-0.0609142,0.133232,0.611025,82
2017-09-27,0.002,0.126608,0.247204,0.310438,-0.542174,0.0139272,3.57475,0.0020046,0.587664,-0.578972,0.206567,-0.0609142,0.133232,0.723826,91
2017-09-28,0.00287375,0.126608,0.247204,0.310438,-0.542174,0.0111695,3.57475,0.0020046,0.587664,-0.578972,0.206567,-0.0609142,0.133232,0.778655,91
2017-09-29,0.00759586,0.126608,0.247204,0.310438,-0.542174,0.00329428,3.57475,0.0020046,0.587664,-0.578972,0.206567,-0.0609142,0.133232,0.550186,88
2017-10-03,0.00823157,0.126608,0.247204,0.310438,-0.542174,0.002,3.57475,0.0020046,0.587664,-0.578972,0.206567,-0.0609142,0.133232,0.610508,85
2017-10-04,0.00712167,0.126608,0.247204,0.310438,-0.542174,0.002,3.57475,0.0020046,0.587664,-0.578972,0.206567,-0.0609142,0.133232,0.687915,85
2017-10-05,0.00393875,0.126608,0.247204,0.310438,-0.542174,0.00565963,3.57475,0.0020046,0.587664,-0.578972,0.206567,-0.0609142,0.133232,0.643193,90
2017-10-06,0.00563157,0.126608,0.247204,0.310438,-0.542174,0.002,3.57475,0.0020046,0.587664,-0.578972,0.206567,-0.0609142,0.133232,0.936637,87
2017-10-09,0.00604821,0.126608,0.247204,0.310438,-0.542174,0.002,3.57475,0.0020046,0.587664,-0.578972,0.206567,-0.0609142,0.133232,0.834432,84
2017-10-10,0.00548929,0.126608,0.247204,0.310438,-0.542174,0.002,3.57475,0.0020046,0.587664,-0.578972,0.206567,-0.0609142,0.133232,0.768316,81
2017-10-11,0.00348357,0.13655,0.191099,0.361183,-0.544914,0.00993723,13.5056,0.00263893,0.674459,-0.697476,0.182925,-0.0559232,0.133481,0.808968,86
2017-10-12,0.00336367,0.13655,0.191099,0.361183,-0.544914,0.0071371,13.5056,0.00263893,0.674459,-0.697476,0.182925,-0.0559232,0.133481,0.868237,87
2017-10-13,0.00210494,0.13655,0.191099,0.361183,-0.544914,0.00997336,13.5056,0.00263893,0.674459,-0.697476,0.182925,-0.0559232,0.133481,0.864155,97
2017-10-16,0.002,0.13655,0.191099,0.361183,-0.544914,0.0108191,13.5056,0.00263893,0.674459,-0.697476,0.182925,-0.0559232,0.133481,1.26828,101
2017-10-17,0.002,0.13655,0.191099,0.361183,-0.544914,0.0115421,13.5056,0.00263893,0.674459,-0.697476,0.182925,-0.0559232,0.133481,1.41787,100
2017-10-18,0.00225326,0.13655,0.191099,0.361183,-0.544914,0.0105895,13.5056,0.00263893,0.674459,-0.697476,0.182925,-0.0559232,0.133481,1.27233,99
2017-10-19,0.00346547,0.13655,0.191099,0.361183,-0.544914,0.0130268,13.5056,0.00263893,0.674459,-0.697476,0.182925,-0.0559232,0.133481,1.4678,81
2017-10-23,0.002,0.13655,0.191099,0.361183,-0.544914,0.0155849,13.5056,0.00263893,0.674459,-0.697476,0.182925,-0.0559232,0.133481,1.66709,90
2017-10-24,0.00215906,0.13655,0.191099,0.361183,-0.544914,0.0146439,13.5056,0.00263893,0.674459,-0.697476,0.182925,-0.0559232,0.133481,0.739458,72
2017-10-25,0.00312303,0.13655,0.191099,0.361183,-0.544914,0.0124705,13.5056,0.00263893,0.674459,-0.697476,0.182925,-0.0559232,0.133481,0.687242,71
2017-10-26,0.0045969,0.130502,0.182565,0.365459,-0.554928,0.00860862,14.0449,0.0024905,0.619803,-0.722411,0.216956,-0.0567427,0.122915,0.643849,74
2017-10-27,0.00508156,0.130502,0.182565,0.365459,-0.554928,0.00753884,14.0449,0.0024905,0.619803,-0.722411,0.216956,-0.0567427,0.122915,0.640022,91
2017-10-30,0.00506622,0.130502,0.182565,0.365459,-0.554928,0.00894102,14.0449,0.0024905,0.619803,-0.722411,0.216956,-0.0567427,0.122915,0.551015,94
2017-10-31,0.00552529,0.130502,0.182565,0.365459,-0.554928,0.00889517,14.0449,0.0024905,0.619803,-0.722411,0.216956,-0.0567427,0.122915,0.493613,89
2017-11-01,0.00290894,0.130502,0.182565,0.365459,-0.554928,0.0125283,14.0449,0.0024905,0.619803,-0.722411,0.216956,-0.0567427,0.122915,0.609569,95
2017-11-02,0.00353226,0.130502,0.182565,0.365459,-0.554928,0.0104113,14.0449,0.0024905,0.619803,-0.722411,0.216956,-0.0567427,0.122915,0.608911,97
2017-11-03,0.00364692,0.130502,0.182565,0.365459,-0.554928,0.00958588,14.0449,0.0024905,0.619803,-0.722411,0.216956,-0.0567427,0.122915,0.62265,98
2017-11-06,0.00386417,0.130502,0.182565,0.365459,-0.554928,0.0127708,14.0449,0.0024905,0.619803,-0.722411,0.216956,-0.0567427,0.122915,0.681065,95
2017-11-07,0.00455715,0.130502,0.182565,0.365459,-0.554928,0.0133524,14.0449,0.0024905,0.619803,-0.722411,0.216956,-0.0567427,0.122915,0.719995,99
2017-11-08,0.00445212,0.130502,0.182565,0.365459,-0.554928,0.0130807,14.0449,0.0024905,0.619803,-0.722411,0.216956,-0.0567427,0.122915,0.672828,110
2017-11-09,0.00779412,0.0997392,0.159212,0.318471,-0.550166,0.00503168,15.0413,0.002,0.848472,-0.738872,0.242119,-0.0579906,0.117789,0.702311,107
2017-11-10,0.00828272,0.0997392,0.159212,0.318471,-0.550166,0.00507218,15.0413,0.002,0.848472,-0.738872,0.242119,-0.0579906,0.117789,0.594456,103
2017-11-13,0.00897254,0.0997392,0.159212,0.318471,-0.550166,0.00755938,15.0413,0.002,0.848472,-0.738872,0.242119,-0.0579906,0.117789,0.594237,106
2017-11-14,0.0090436,0.0997392,0.159212,0.318471,-0.550166,0.00563316,15.0413,0.002,0.848472,-0.738872,0.242119,-0.0579906,0.117789,0.908182,111
2017-11-15,0.00957069,0.0997392,0.159212,0.318471,-0.550166,0.0056647,15.0413,0.002,0.848472,-0.738872,0.242119,-0.0579906,0.117789,0.669305,98
2017-11-16,0.00910394,0.0997392,0.159212,0.318471,-0.550166,0.0027191,15.0413,0.002,0.848472,-0.738872,0.242119,-0.0579906,0.117789,0.88848,106
2017-11-17,0.00919429,0.0997392,0.159212,0.318471,-0.550166,0.002,15.0413,0.002,0.848472,-0.738872,0.242119,-0.0579906,0.117789,0.911603,100
2017-11-20,0.00886942,0.0997392,0.159212,0.318471,-0.550166,0.00413311,15.0413,0.002,0.848472,-0.738872,0.242119,-0.0579906,0.117789,1.04426,101
2017-11-21,0.00884633,0.0997392,0.159212,0.318471,-0.550166,0.00427192,15.0413,0.002,0.848472,-0.738872,0.242119,-0.0579906,0.117789,1.13801,99
2017-11-22,0.00908288,0.0997392,0.159212,0.318471,-0.550166,0.00472797,15.0413,0.002,0.848472,-0.738872,0.242119,-0.0579906,0.117789,0.918585,97
2017-11-23,0.00846231,0.0890874,0.123592,0.264905,-0.506628,0.00531746,7.36795,0.00318412,0.88164,-0.690404,0.175804,-0.0580282,0.138978,0.657984,92
2017-11-24,0.0083351,0.0890874,0.123592,0.264905,-0.506628,0.00497426,7.36795,0.00318412,0.88164,-0.690404,0.175804,-0.0580282,0.138978,0.496009,85
2017-11-27,0.00816486,0.0890874,0.123592,0.264905,-0.506628,0.00562612,7.36795,0.00318412,0.88164,-0.690404,0.175804,-0.0580282,0.138978,1.14161,86
2017-11-28,0.00849419,0.0890874,0.123592,0.264905,-0.506628,0.00471869,7.36795,0.00318412,0.88164,-0.690404,0.175804,-0.0580282,0.138978,0.667862,69
2017-11-29,0.00900173,0.0890874,0.123592,0.264905,-0.506628,0.00334561,7.36795,0.00318412,0.88164,-0.690404,0.175804,-0.0580282,0.138978,0.664222,74
2017-11-30,0.00922971,0.0890874,0.123592,0.264905,-0.506628,0.00466602,7.36795,0.00318412,0.88164,-0.690404,0.175804,-0.0580282,0.138978,0.693447,83
2017-12-01,0.00928301,0.0890874,0.123592,0.264905,-0.506628,0.0083782,7.36795,0.00318412,0.88164,-0.690404,0.175804,-0.0580282,0.138978,0.713848,103
2017-12-04,0.00903192,0.0890874,0.123592,0.264905,-0.506628,0.0105228,7.36795,0.00318412,0.88164,-0.690404,0.175804,-0.0580282,0.138978,0.548011,89
2017-12-05,0.0105836,0.0890874,0.123592,0.264905,-0.506628,0.00799746,7.36795,0.00318412,0.88164,-0.690404,0.175804,-0.0580282,0.138978,0.722112,109
2017-12-06,0.0102635,0.0890874,0.123592,0.264905,-0.506628,0.0110092,7.36795,0.00318412,0.88164,-0.690404,0.175804,-0.0580282,0.138978,0.74675,99
2017-12-07,0.00370879,0.0839926,0.192613,0.349919,-0.682964,0.0132376,4.05728,0.0030248,0.38749,-0.30195,0.255933,-0.0556884,0.124495,0.635496,107
2017-12-08,0.00304141,0.0839926,0.192613,0.349919,-0.682964,0.0128305,4.05728,0.0030248,0.38749,-0.30195,0.255933,-0.0556884,0.124495,0.631928,112
2017-12-11,0.00334855,0.0839926,0.192613,0.349919,-0.682964,0.0134597,4.05728,0.0030248,0.38749,-0.30195,0.255933,-0.0556884,0.124495,1.18449,102
2017-12-12,0.0024417,0.0839926,0.192613,0.349919,-0.682964,0.0174705,4.05728,0.0030248,0.38749,-0.30195,0.255933,-0.0556884,0.124495,1.51565,112
2017-12-13,0.002,0.0839926,0.192613,0.349919,-0.682964,0.0196916,4.05728,0.0030248,0.38749,-0.30195,0.255933,-0.0556884,0.124495,1.81233,121
2017-12-14,0.002,0.0839926,0.192613,0.349919,-0.682964,0.0200489,4.05728,0.0030248,0.38749,-0.30195,0.255933,-0.0556884,0.124495,2.49252,112
2017-12-15,0.00228557,0.0839926,0.192613,0.349919,-0.682964,0.0166764,4.05728,0.0030248,0.38749,-0.30195,0.255933,-0.0556884,0.124495,1.78607,114
2017-12-18,0.002,0.0839926,0.192613,0.349919,-0.682964,0.0123498,4.05728,0.0030248,0.38749,-0.30195,0.255933,-0.0556884,0.124495,1.26679,115
2017-12-19,0.00217015,0.0839926,0.192613,0.349919,-0.682964,0.00962455,4.05728,0.0030248,0.38749,-0.30195,0.255933,-0.0556884,0.124495,0.917542,114
2017-12-20,0.00342308,0.0839926,0.192613,0.349919,-0.682964,0.00803338,4.05728,0.0030248,0.38749,-0.30195,0.255933,-0.0556884,0.124495,1.1276,114
2017-12-21,0.00839113,0.0572466,0.158918,0.280241,-0.555366,0.002,14.2239,0.00204391,0.670998,-0.506021,0.285316,-0.0480454,0.124498,0.87296,103
2017-12-22,0.0074256,0.0572466,0.158918,0.280241,-0.555366,0.002,14.2239,0.00204391,0.670998,-0.506021,0.285316,-0.0480454,0.124498,0.719998,105
2017-12-26,0.0087642,0.0572466,0.158918,0.280241,-0.555366,0.002,14.2239,0.00204391,0.670998,-0.506021,0.285316,-0.0480454,0.124498,0.89409,83
2017-12-27,0.00927078,0.0572466,0.158918,0.280241,-0.555366,0.00365266,14.2239,0.00204391,0.670998,-0.506021,0.285316,-0.0480454,0.124498,0.909218,83
2017-12-28,0.00947244,0.0572466,0.158918,0.280241,-0.555366,0.002,14.2239,0.00204391,0.670998,-0.506021,0.285316,-0.0480454,0.124498,0.902619,82
2017-12-29,0.0103688,0.0572466,0.158918,0.280241,-0.555366,0.00211635,14.2239,0.00204391,0.670998,-0.506021,0.285316,-0.0480454,0.124498,0.874154,91
2018-01-01,0.010488,0.0572466,0.158918,0.280241,-0.555366,0.00352732,14.2239,0.00204391,0.670998,-0.506021,0.285316,-0.0480454,0.124498,0.877623,92
2018-01-02,0.0101618,0.0572466,0.158918,0.280241,-0.555366,0.00491728,14.2239,0.00204391,0.670998,-0.506021,0.285316,-0.0480454,0.124498,0.83487,95
2018-01-03,0.00999352,0.0572466,0.158918,0.280241,-0.555366,0.00508335,14.2239,0.00204391,0.670998,-0.506021,0.285316,-0.0480454,0.124498,0.908341,95
2018-01-04,0.0105172,0.0572466,0.158918,0.280241,-0.555366,0.00262924,14.2239,0.00204391,0.670998,-0.506021,0.285316,-0.0480454,0.124498,0.919718,95
2018-01-05,0.010248,0.0500001,0.108742,0.227243,-0.720047,0.002,15.0452,0.00345162,0.843021,-0.417436,0.330334,-0.041827,0.108663,0.70718,94
2018-01-08,0.0108129,0.0500001,0.108742,0.227243,-0.720047,0.002,15.0452,0.00345162,0.843021,-0.417436,0.330334,-0.041827,0.108663,0.858438,94
2018-01-09,0.0111492,0.0500001,0.108742,0.227243,-0.720047,0.002,15.0452,0.00345162,0.843021,-0.417436,0.330334,-0.041827,0.108663,0.974226,91
2018-01-10,0.0104736,0.0500001,0.108742,0.227243,-0.720047,0.0038845,15.0452,0.00345162,0.843021,-0.417436,0.330334,-0.041827,0.108663,0.996156,93
2018-01-11,0.0108489,0.0500001,0.108742,0.227243,-0.720047,0.002,15.0452,0.00345162,0.843021,-0.417436,0.330334,-0.041827,0.108663,0.855857,93
2018-01-12,0.0103769,0.0500001,0.108742,0.227243,-0.720047,0.002,15.0452,0.00345162,0.843021,-0.417436,0.330334,-0.041827,0.108663,0.961532,98
2018-01-15,0.0110792,0.0500001,0.108742,0.227243,-0.720047,0.00226095,15.0452,0.00345162,0.843021,-0.417436,0.330334,-0.041827,0.108663,0.931119,98
2018-01-16,0.0113199,0.0500001,0.108742,0.227243,-0.720047,0.002,15.0452,0.00345162,0.843021,-0.417436,0.330334,-0.041827,0.108663,0.826075,100
2018-01-17,0.0106703,0.0500001,0.108742,0.227243,-0.720047,0.002,15.0452,0.00345162,0.843021,-0.417436,0.330334,-0.041827,0.108663,0.891065,105
2018-01-18,0.0106032,0.0500001,0.108742,0.227243,-0.720047,0.00226082,15.0452,0.00345162,0.843021,-0.417436,0.330334,-0.041827,0.108663,1.10435,108
2018-01-19,0.00952548,0.0502153,0.0796363,0.21524,-0.98,0.002,15.0502,0.00489852,0.606859,-0.244312,0.410154,-0.0481989,0.100871,2.16566,107
2018-01-22,0.00759943,0.0502153,0.0796363,0.21524,-0.98,0.0121964,15.0502,0.00489852,0.606859,-0.244312,0.410154,-0.0481989,0.100871,2.72434,115
2018-01-23,0.0067366,0.0502153,0.0796363,0.21524,-0.98,0.018472,15.0502,0.00489852,0.606859,-0.244312,0.410154,-0.0481989,0.100871,0.976179,82
2018-01-24,0.00642515,0.0502153,0.0796363,0.21524,-0.98,0.0293618,15.0502,0.00489852,0.606859,-0.244312,0.410154,-0.0481989,0.100871,1.32627,87
2018-01-25,0.0059665,0.0502153,0.0796363,0.21524,-0.98,0.0288035,15.0502,0.00489852,0.606859,-0.244312,0.410154,-0.0481989,0.100871,0.871861,90
2018-01-29,0.00741277,0.0502153,0.0796363,0.21524,-0.98,0.0278181,15.0502,0.00489852,0.606859,-0.244312,0.410154,-0.0481989,0.100871,1.44118,89
2018-01-30,0.00699025,0.0502153,0.0796363,0.21524,-0.98,0.0204245,15.0502,0.00489852,0.606859,-0.244312,0.410154,-0.0481989,0.100871,1.29519,93
2018-01-31,0.0071316,0.0502153,0.0796363,0.21524,-0.98,0.0184402,15.0502,0.00489852,0.606859,-0.244312,0.410154,-0.0481989,0.100871,1.37504,92
2018-02-01,0.00672422,0.0502153,0.0796363,0.21524,-0.98,0.00968322,15.0502,0.00489852,0.606859,-0.244312,0.410154,-0.0481989,0.100871,1.34081,109
2018-02-02,0.0101866,0.0502153,0.0796363,0.21524,-0.98,0.00904709,15.0502,0.00489852,0.606859,-0.244312,0.410154,-0.0481989,0.100871,1.31031,97
2018-02-05,0.0111649,0.056344,0.104744,0.184764,-0.883786,0.0147023,15.0563,0.00286996,1.37768,-0.294733,0.35886,-0.0504368,0.105985,1.50103,128
2018-02-06,0.0116586,0.056344,0.104744,0.184764,-0.883786,0.0350924,15.0563,0.00286996,1.37768,-0.294733,0.35886,-0.0504368,0.105985,3.22636,148
2018-02-07,0.0121056,0.056344,0.104744,0.184764,-0.883786,0.0343646,15.0563,0.00286996,1.37768,-0.294733,0.35886,-0.0504368,0.105985,3.0538,141
2018-02-08,0.012378,0.056344,0.104744,0.184764,-0.883786,0.0225349,15.0563,0.00286996,1.37768,-0.294733,0.35886,-0.0504368,0.105985,2.91856,139
2018-02-09,0.0141676,0.056344,0.104744,0.184764,-0.883786,0.0270796,15.0563,0.00286996,1.37768,-0.294733,0.35886,-0.0504368,0.105985,3.18545,142
2018-02-12,0.0142291,0.056344,0.104744,0.184764,-0.883786,0.0185737,15.0563,0.00286996,1.37768,-0.294733,0.35886,-0.0504368,0.105985,3.13821,134
2018-02-14,0.0133913,0.056344,0.104744,0.184764,-0.883786,0.0198969,15.0563,0.00286996,1.37768,-0.294733,0.35886,-0.0504368,0.105985,3.00031,132
2018-02-15,0.012436,0.056344,0.104744,0.184764,-0.883786,0.012682,15.0563,0.00286996,1.37768,-0.294733,0.35886,-0.0504368,0.105985,2.2491,127
2018-02-16,0.0147741,0.056344,0.104744,0.184764,-0.883786,0.0098384,15.0563,0.00286996,1.37768,-0.294733,0.35886,-0.0504368,0.105985,2.09979,129
2018-02-19,0.0146775,0.056344,0.104744,0.184764,-0.883786,0.0136874,15.0563,0.00286996,1.37768,-0.294733,0.35886,-0.0504368,0.105985,3.79429,125
2018-02-20,0.0161152,0.0594736,0.159467,0.202257,-0.861733,0.00511242,15.0593,0.002,2,-0.408186,0.337128,-0.0395734,0.11678,0.75911,86
2018-02-21,0.0149098,0.0594736,0.159467,0.202257,-0.861733,0.00384629,15.0593,0.002,2,-0.408186,0.337128,-0.0395734,0.11678,0.778433,84
2018-02-22,0.0144583,0.0594736,0.159467,0.202257,-0.861733,0.002,15.0593,0.002,2,-0.408186,0.337128,-0.0395734,0.11678,0.812231,90
2018-02-23,0.012597,0.0594736,0.159467,0.202257,-0.861733,0.002,15.0593,0.002,2,-0.408186,0.337128,-0.0395734,0.11678,0.766704,96
2018-02-26,0.0116934,0.0594736,0.159467,0.202257,-0.861733,0.002,15.0593,0.002,2,-0.408186,0.337128,-0.0395734,0.11678,0.759978,122
2018-02-27,0.0121653,0.0594736,0.159467,0.202257,-0.861733,0.002,15.0593,0.002,2,-0.408186,0.337128,-0.0395734,0.11678,0.887413,98
2018-02-28,0.0122871,0.0594736,0.159467,0.202257,-0.861733,0.002,15.0593,0.002,2,-0.408186,0.337128,-0.0395734,0.11678,0.780811,107
2018-03-01,0.0125234,0.0594736,0.159467,0.202257,-0.861733,0.00310773,15.0593,0.002,2,-0.408186,0.337128,-0.0395734,0.11678,0.820425,119
2018-03-05,0.0130988,0.0594736,0.159467,0.202257,-0.861733,0.00812512,15.0593,0.002,2,-0.408186,0.337128,-0.0395734,0.11678,0.573026,109
2018-03-06,0.0145789,0.0594736,0.159467,0.202257,-0.861733,0.0101121,15.0593,0.002,2,-0.408186,0.337128,-0.0395734,0.11678,0.658574,124
2018-03-07,0.0143553,0.0660688,0.178066,0.220286,-0.829271,0.00817962,15.0661,0.002,1.94304,-0.396488,0.228743,-0.0526833,0.144509,0.478494,117
2018-03-08,0.0133987,0.0660688,0.178066,0.220286,-0.829271,0.00473743,15.0661,0.002,1.94304,-0.396488,0.228743,-0.0526833,0.144509,0.59831,131
2018-03-09,0.0132644,0.0660688,0.178066,0.220286,-0.829271,0.00440783,15.0661,0.002,1.94304,-0.396488,0.228743,-0.0526833,0.144509,0.809937,131
2018-03-12,0.0119879,0.0660688,0.178066,0.220286,-0.829271,0.00589882,15.0661,0.002,1.94304,-0.396488,0.228743,-0.0526833,0.144509,0.706248,128
2018-03-13,0.0114015,0.0660688,0.178066,0.220286,-0.829271,0.00728844,15.0661,0.002,1.94304,-0.396488,0.228743,-0.0526833,0.144509,0.922883,130
2018-03-14,0.011942,0.0660688,0.178066,0.220286,-0.829271,0.00500662,15.0661,0.002,1.94304,-0.396488,0.228743,-0.0526833,0.144509,0.988459,128
2018-03-15,0.0121153,0.0660688,0.178066,0.220286,-0.829271,0.00578259,15.0661,0.002,1.94304,-0.396488,0.228743,-0.0526833,0.144509,0.831859,127
2018-03-16,0.013653,0.0660688,0.178066,0.220286,-0.829271,0.00822192,15.0661,0.002,1.94304,-0.396488,0.228743,-0.0526833,0.144509,0.88024,135
2018-03-19,0.0142722,0.0660688,0.178066,0.220286,-0.829271,0.0111508,15.0661,0.002,1.94304,-0.396488,0.228743,-0.0526833,0.144509,1.32798,138
2018-03-20,0.0144238,0.0660688,0.178066,0.220286,-0.829271,0.00922142,15.0661,0.002,1.94304,-0.396488,0.228743,-0.0526833,0.144509,1.50728,139
2018-03-21,0.0109249,0.073072,0.189944,0.206265,-0.916709,0.0116689,15.0731,0.002,0.862691,-0.483762,0.263855,-0.0523367,0.150732,1.37719,130
2018-03-22,0.0119976,0.073072,0.189944,0.206265,-0.916709,0.00868183,15.0731,0.002,0.862691,-0.483762,0.263855,-0.0523367,0.150732,1.3394,132
2018-03-23,0.0127805,0.073072,0.189944,0.206265,-0.916709,0.0107317,15.0731,0.002,0.862691,-0.483762,0.263855,-0.0523367,0.150732,1.18097,142
2018-03-26,0.0131701,0.073072,0.189944,0.206265,-0.916709,0.00688638,15.0731,0.002,0.862691,-0.483762,0.263855,-0.0523367,0.150732,1.05021,110
2018-03-27,0.0121058,0.073072,0.189944,0.206265,-0.916709,0.0108305,15.0731,0.002,0.862691,-0.483762,0.263855,-0.0523367,0.150732,0.82877,107
2018-03-28,0.0143319,0.073072,0.189944,0.206265,-0.916709,0.00809823,15.0731,0.002,0.862691,-0.483762,0.263855,-0.0523367,0.150732,0.892459,111
2018-04-02,0.0130026,0.073072,0.189944,0.206265,-0.916709,0.0077298,15.0731,0.002,0.862691,-0.483762,0.263855,-0.0523367,0.150732,0.900664,108
2018-04-03,0.0128769,0.073072,0.189944,0.206265,-0.916709,0.00675388,15.0731,0.002,0.862691,-0.483762,0.263855,-0.0523367,0.150732,0.736049,103
2018-04-04,0.0137821,0.073072,0.189944,0.206265,-0.916709,0.0114385,15.0731,0.002,0.862691,-0.483762,0.263855,-0.0523367,0.150732,0.806643,111
2018-04-05,0.0116869,0.073072,0.189944,0.206265,-0.916709,0.00650382,15.0731,0.002,0.862691,-0.483762,0.263855,-0.0523367,0.150732,0.852745,113
2018-04-06,0.01223,0.0706635,0.157274,0.230515,-0.813832,0.00725557,15.0707,0.002,0.811291,-0.833449,0.295471,-0.042579,0.137312,0.734068,113
2018-04-09,0.011546,0.0706635,0.157274,0.230515,-0.813832,0.00902774,15.0707,0.002,0.811291,-0.833449,0.295471,-0.042579,0.137312,1.14125,112
2018-04-10,0.0109985,0.0706635,0.157274,0.230515,-0.813832,0.00787945,15.0707,0.002,0.811291,-0.833449,0.295471,-0.042579,0.137312,0.76969,105
2018-04-11,0.0112235,0.0706635,0.157274,0.230515,-0.813832,0.00839705,15.0707,0.002,0.811291,-0.833449,0.295471,-0.042579,0.137312,0.991801,110
2018-04-12,0.0114644,0.0706635,0.157274,0.230515,-0.813832,0.00747485,15.0707,0.002,0.811291,-0.833449,0.295471,-0.042579,0.137312,0.996601,112
2018-04-13,0.0108054,0.0706635,0.157274,0.230515,-0.813832,0.00540975,15.0707,0.002,0.811291,-0.833449,0.295471,-0.042579,0.137312,0.946831,113
2018-04-16,0.010957,0.0706635,0.157274,0.230515,-0.813832,0.00506598,15.0707,0.002,0.811291,-0.833449,0.295471,-0.042579,0.137312,1.16445,112
2018-04-17,0.0108044,0.0706635,0.157274,0.230515,-0.813832,0.00468823,15.0707,0.002,0.811291,-0.833449,0.295471,-0.042579,0.137312,1.1162,118
2018-04-18,0.0105022,0.0706635,0.157274,0.230515,-0.813832,0.00598957,15.0707,0.002,0.811291,-0.833449,0.295471,-0.042579,0.137312,1.21347,113
2018-04-19,0.0103258,0.0706635,0.157274,0.230515,-0.813832,0.00451829,15.0707,0.002,0.811291,-0.833449,0.295471,-0.042579,0.137312,1.23994,109
2018-04-20,0.00720587,0.0586271,0.149398,0.297829,-0.885244,0.002,15.0575,0.00524906,0.380693,-0.566763,0.359794,-0.0559399,0.128166,0.765159,106
2018-04-23,0.00615016,0.0586271,0.149398,0.297829,-0.885244,0.00670115,15.0575,0.00524906,0.380693,-0.566763,0.359794,-0.0559399,0.128166,1.17152,103
2018-04-24,0.00554504,0.0586271,0.149398,0.297829,-0.885244,0.00456019,15.0575,0.00524906,0.380693,-0.566763,0.359794,-0.0559399,0.128166,1.08216,82
2018-04-25,0.00607206,0.0586271,0.149398,0.297829,-0.885244,0.00513649,15.0575,0.00524906,0.380693,-0.566763,0.359794,-0.0559399,0.128166,1.07556,83
2018-04-26,0.00543918,0.0586271,0.149398,0.297829,-0.885244,0.00363544,15.0575,0.00524906,0.380693,-0.566763,0.359794,-0.0559399,0.128166,0.987074,81
2018-04-27,0.00443495,0.0586271,0.149398,0.297829,-0.885244,0.00403486,15.0575,0.00524906,0.380693,-0.566763,0.359794,-0.0559399,0.128166,0.857151,97
2018-04-30,0.00446521,0.0586271,0.149398,0.297829,-0.885244,0.00425336,15.0575,0.00524906,0.380693,-0.566763,0.359794,-0.0559399,0.128166,0.656767,105
2018-05-02,0.00406382,0.0586271,0.149398,0.297829,-0.885244,0.00694431,15.0575,0.00524906,0.380693,-0.566763,0.359794,-0.0559399,0.128166,0.603124,100
2018-05-03,0.0050793,0.0586271,0.149398,0.297829,-0.885244,0.00561532,15.0575,0.00524906,0.380693,-0.566763,0.359794,-0.0559399,0.128166,0.766724,106
2018-05-04,0.00555115,0.0586271,0.149398,0.297829,-0.885244,0.00610203,15.0575,0.00524906,0.380693,-0.566763,0.359794,-0.0559399,0.128166,0.648931,102
2018-05-07,0.00622998,0.056176,0.163241,0.306842,-0.97877,0.0061027,14.9417,0.00500477,0.253255,-0.122497,0.397189,-0.0550659,0.113552,0.517972,103
2018-05-08,0.00645131,0.056176,0.163241,0.306842,-0.97877,0.00727547,14.9417,0.00500477,0.253255,-0.122497,0.397189,-0.0550659,0.113552,0.553003,109
2018-05-09,0.00694873,0.056176,0.163241,0.306842,-0.97877,0.0067968,14.9417,0.00500477,0.253255,-0.122497,0.397189,-0.0550659,0.113552,0.685999,103
2018-05-10,0.00726638,0.056176,0.163241,0.306842,-0.97877,0.00778929,14.9417,0.00500477,0.253255,-0.122497,0.397189,-0.0550659,0.113552,0.609531,104
2018-05-11,0.00723466,0.056176,0.163241,0.306842,-0.97877,0.00507746,14.9417,0.00500477,0.253255,-0.122497,0.397189,-0.0550659,0.113552,0.694694,108
2018-05-14,0.0070556,0.056176,0.163241,0.306842,-0.97877,0.00684355,14.9417,0.00500477,0.253255,-0.122497,0.397189,-0.0550659,0.113552,0.825011,110
2018-05-15,0.00727688,0.056176,0.163241,0.306842,-0.97877,0.00299045,14.9417,0.00500477,0.253255,-0.122497,0.397189,-0.0550659,0.113552,0.56322,113
2018-05-16,0.00654196,0.056176,0.163241,0.306842,-0.97877,0.00414123,14.9417,0.00500477,0.253255,-0.122497,0.397189,-0.0550659,0.113552,0.626365,107
2018-05-17,0.0065132,0.056176,0.163241,0.306842,-0.97877,0.00578973,14.9417,0.00500477,0.253255,-0.122497,0.397189,-0.0550659,0.113552,0.600215,105
2018-05-18,0.00790611,0.056176,0.163241,0.306842,-0.97877,0.00508039,14.9417,0.00500477,0.253255,-0.122497,0.397189,-0.0550659,0.113552,0.478032,106
2018-05-21,0.00823527,0.0774778,0.168993,0.37449,-0.770275,0.00646041,14.9935,0.00404035,0.328121,-0.379523,0.33939,-0.059225,0.118275,0.486811,110
2018-05-22,0.00812397,0.0774778,0.168993,0.37449,-0.770275,0.0026696,14.9935,0.00404035,0.328121,-0.379523,0.33939,-0.059225,0.118275,0.573886,103
2018-05-23,0.00824269,0.0774778,0.168993,0.37449,-0.770275,0.00566839,14.9935,0.00404035,0.328121,-0.379523,0.33939,-0.059225,0.118275,0.656113,109
2018-05-24,0.00743921,0.0774778,0.168993,0.37449,-0.770275,0.00312663,14.9935,0.00404035,0.328121,-0.379523,0.33939,-0.059225,0.118275,0.791397,104
2018-05-25,0.00634285,0.0774778,0.168993,0.37449,-0.770275,0.00286339,14.9935,0.00404035,0.328121,-0.379523,0.33939,-0.059225,0.118275,0.534749,102
2018-05-28,0.00488417,0.0774778,0.168993,0.37449,-0.770275,0.00750666,14.9935,0.00404035,0.328121,-0.379523,0.33939,-0.059225,0.118275,1.84816,100
2018-05-29,0.00564101,0.0774778,0.168993,0.37449,-0.770275,0.00613639,14.9935,0.00404035,0.328121,-0.379523,0.33939,-0.059225,0.118275,0.791263,74
2018-05-30,0.00635871,0.0774778,0.168993,0.37449,-0.770275,0.0068124,14.9935,0.00404035,0.328121,-0.379523,0.33939,-0.059225,0.118275,0.701115,75
2018-05-31,0.00582854,0.0774778,0.168993,0.37449,-0.770275,0.00590296,14.9935,0.00404035,0.328121,-0.379523,0.33939,-0.059225,0.118275,0.724246,79
2018-06-01,0.00348527,0.0774778,0.168993,0.37449,-0.770275,0.0119256,14.9935,0.00404035,0.328121,-0.379523,0.33939,-0.059225,0.118275,0.592126,91
2018-06-04,0.00287186,0.125826,0.149776,0.407095,-0.848517,0.014798,15.1244,0.0046357,0.346625,-0.3997,0.335496,-0.0543425,0.119542,0.613327,97
2018-06-05,0.00209798,0.125826,0.149776,0.407095,-0.848517,0.0138844,15.1244,0.0046357,0.346625,-0.3997,0.335496,-0.0543425,0.119542,0.450551,97
2018-06-06,0.002,0.125826,0.149776,0.407095,-0.848517,0.0106118,15.1244,0.0046357,0.346625,-0.3997,0.335496,-0.0543425,0.119542,0.493944,105
2018-06-07,0.002,0.125826,0.149776,0.407095,-0.848517,0.00860212,15.1244,0.0046357,0.346625,-0.3997,0.335496,-0.0543425,0.119542,0.484936,105
2018-06-08,0.002,0.125826,0.149776,0.407095,-0.848517,0.0100744,15.1244,0.0046357,0.346625,-0.3997,0.335496,-0.0543425,0.119542,0.489511,108
2018-06-11,0.002,0.125826,0.149776,0.407095,-0.848517,0.0111604,15.1244,0.0046357,0.346625,-0.3997,0.335496,-0.0543425,0.119542,0.479734,107
2018-06-12,0.002,0.125826,0.149776,0.407095,-0.848517,0.00989481,15.1244,0.0046357,0.346625,-0.3997,0.335496,-0.0543425,0.119542,0.614127,106
2018-06-13,0.002,0.125826,0.149776,0.407095,-0.848517,0.0102821,15.1244,0.0046357,0.346625,-0.3997,0.335496,-0.0543425,0.119542,0.502642,104
2018-06-14,0.002,0.125826,0.149776,0.407095,-0.848517,0.00872753,15.1244,0.0046357,0.346625,-0.3997,0.335496,-0.0543425,0.119542,0.51364,102
2018-06-15,0.002,0.125826,0.149776,0.407095,-0.848517,0.00858313,15.1244,0.0046357,0.346625,-0.3997,0.335496,-0.0543425,0.119542,0.64605,108
2018-06-18,0.002,0.146141,0.169633,0.422247,-0.695106,0.012057,15.1458,0.00290971,0.328619,-0.501678,0.272268,-0.0570212,0.124931,0.450529,104
2018-06-19,0.0025684,0.146141,0.169633,0.422247,-0.695106,0.0139003,15.1458,0.00290971,0.328619,-0.501678,0.272268,-0.0570212,0.124931,0.877034,105
2018-06-20,0.00264958,0.146141,0.169633,0.422247,-0.695106,0.0104376,15.1458,0.00290971,0.328619,-0.501678,0.272268,-0.0570212,0.124931,0.729537,102
2018-06-21,0.00347843,0.146141,0.169633,0.422247,-0.695106,0.0100395,15.1458,0.00290971,0.328619,-0.501678,0.272268,-0.0570212,0.124931,0.472478,99
2018-06-22,0.00330467,0.146141,0.169633,0.422247,-0.695106,0.00753371,15.1458,0.00290971,0.328619,-0.501678,0.272268,-0.0570212,0.124931,0.528661,94
2018-06-25,0.002,0.146141,0.169633,0.422247,-0.695106,0.0151515,15.1458,0.00290971,0.328619,-0.501678,0.272268,-0.0570212,0.124931,1.33303,96
2018-06-26,0.00344795,0.146141,0.169633,0.422247,-0.695106,0.0112889,15.1458,0.00290971,0.328619,-0.501678,0.272268,-0.0570212,0.124931,0.82666,80
2018-06-27,0.00377573,0.146141,0.169633,0.422247,-0.695106,0.0138636,15.1458,0.00290971,0.328619,-0.501678,0.272268,-0.0570212,0.124931,0.81842,85
2018-06-28,0.00473263,0.146141,0.169633,0.422247,-0.695106,0.0152233,15.1458,0.00290971,0.328619,-0.501678,0.272268,-0.0570212,0.124931,0.791866,88
2018-06-29,0.00406659,0.146141,0.169633,0.422247,-0.695106,0.0111166,15.1458,0.00290971,0.328619,-0.501678,0.272268,-0.0570212,0.124931,0.630964,107
2018-07-02,0.00475712,0.159454,0.187168,0.373552,-0.681097,0.0118418,15.1594,0.00200007,0.290781,-0.642209,0.277871,-0.0528587,0.122324,0.497369,105
2018-07-03,0.00418976,0.159454,0.187168,0.373552,-0.681097,0.0103495,15.1594,0.00200007,0.290781,-0.642209,0.277871,-0.0528587,0.122324,0.571555,105
2018-07-04,0.00407801,0.159454,0.187168,0.373552,-0.681097,0.0091818,15.1594,0.00200007,0.290781,-0.642209,0.277871,-0.0528587,0.122324,0.583622,107
2018-07-05,0.00322908,0.159454,0.187168,0.373552,-0.681097,0.0113184,15.1594,0.00200007,0.290781,-0.642209,0.277871,-0.0528587,0.122324,0.604283,111
2018-07-06,0.00308878,0.159454,0.187168,0.373552,-0.681097,0.0108368,15.1594,0.00200007,0.290781,-0.642209,0.277871,-0.0528587,0.122324,0.546192,112
2018-07-09,0.00334108,0.159454,0.187168,0.373552,-0.681097,0.00922862,15.1594,0.00200007,0.290781,-0.642209,0.277871,-0.0528587,0.122324,0.71277,112
2018-07-10,0.00248064,0.159454,0.187168,0.373552,-0.681097,0.0115416,15.1594,0.00200007,0.290781,-0.642209,0.277871,-0.0528587,0.122324,0.888549,115
2018-07-11,0.00259184,0.159454,0.187168,0.373552,-0.681097,0.0129373,15.1594,0.00200007,0.290781,-0.642209,0.277871,-0.0528587,0.122324,1.29815,116
2018-07-12,0.002,0.159454,0.187168,0.373552,-0.681097,0.0122358,15.1594,0.00200007,0.290781,-0.642209,0.277871,-0.0528587,0.122324,1.37683,124
2018-07-13,0.002,0.159454,0.187168,0.373552,-0.681097,0.0112536,15.1594,0.00200007,0.290781,-0.642209,0.277871,-0.0528587,0.122324,1.29061,123
2018-07-16,0.002,0.145976,0.197627,0.382357,-0.6402,0.0141682,15.146,0.002,0.277171,-0.676129,0.278632,-0.0543892,0.12494,1.15027,123
2018-07-17,0.00258687,0.145976,0.197627,0.382357,-0.6402,0.0125315,15.146,0.002,0.277171,-0.676129,0.278632,-0.0543892,0.12494,0.954649,123
2018-07-18,0.00345053,0.145976,0.197627,0.382357,-0.6402,0.0156026,15.146,0.002,0.277171,-0.676129,0.278632,-0.0543892,0.12494,1.36834,129
2018-07-19,0.00272985,0.253396,0.11072,0.40595,-0.594949,0.0161283,15.244,0.00201806,0.243089,-0.753429,0.303522,-0.0551184,0.121916,1.19582,121
2018-07-20,0.00213764,0.253396,0.11072,0.40595,-0.594949,0.0172846,15.244,0.00201806,0.243089,-0.753429,0.303522,-0.0551184,0.121916,1.90332,120
2018-07-23,0.00239712,0.253396,0.11072,0.40595,-0.594949,0.0147495,15.244,0.00201806,0.243089,-0.753429,0.303522,-0.0551184,0.121916,2.81919,115
2018-07-24,0.002,0.253396,0.11072,0.40595,-0.594949,0.0131884,15.244,0.00201806,0.243089,-0.753429,0.303522,-0.0551184,0.121916,0.520493,77
2018-07-25,0.002,0.253396,0.11072,0.40595,-0.594949,0.0125086,15.244,0.00201806,0.243089,-0.753429,0.303522,-0.0551184,0.121916,0.871159,86
2018-07-26,0.002,0.253396,0.11072,0.40595,-0.594949,0.0110335,15.244,0.00201806,0.243089,-0.753429,0.303522,-0.0551184,0.121916,0.449544,86
2018-07-27,0.002,0.253396,0.11072,0.40595,-0.594949,0.0119315,15.244,0.00201806,0.243089,-0.753429,0.303522,-0.0551184,0.121916,0.393189,90
2018-07-30,0.002,0.253396,0.11072,0.40595,-0.594949,0.0127749,15.244,0.00201806,0.243089,-0.753429,0.303522,-0.0551184,0.121916,0.570287,113
2018-07-31,0.002,0.253396,0.11072,0.40595,-0.594949,0.0121065,15.244,0.00201806,0.243089,-0.753429,0.303522,-0.0551184,0.121916,0.58926,108
2018-08-01,0.00237969,0.253396,0.11072,0.40595,-0.594949,0.0120053,15.244,0.00201806,0.243089,-0.753429,0.303522,-0.0551184,0.121916,0.642063,109
2018-08-02,0.00281036,0.146791,0.143729,0.413732,-0.538519,0.0118488,15.1452,0.00267305,0.22135,-0.873971,0.289344,-0.0588593,0.125385,0.700165,112
2018-08-03,0.00291523,0.146791,0.143729,0.413732,-0.538519,0.00888128,15.1452,0.00267305,0.22135,-0.873971,0.289344,-0.0588593,0.125385,0.664812,117
2018-08-06,0.00375237,0.146791,0.143729,0.413732,-0.538519,0.00806165,15.1452,0.00267305,0.22135,-0.873971,0.289344,-0.0588593,0.125385,0.542151,116
2018-08-07,0.00343942,0.146791,0.143729,0.413732,-0.538519,0.00877538,15.1452,0.00267305,0.22135,-0.873971,0.289344,-0.0588593,0.125385,0.608753,120
2018-08-08,0.0036555,0.146791,0.143729,0.413732,-0.538519,0.00833209,15.1452,0.00267305,0.22135,-0.873971,0.289344,-0.0588593,0.125385,0.576775,123
2018-08-09,0.00387869,0.146791,0.143729,0.413732,-0.538519,0.00765126,15.1452,0.00267305,0.22135,-0.873971,0.289344,-0.0588593,0.125385,0.619654,121
2018-08-10,0.00433551,0.146791,0.143729,0.413732,-0.538519,0.0074517,15.1452,0.00267305,0.22135,-0.873971,0.289344,-0.0588593,0.125385,0.549546,120
2018-08-13,0.00356874,0.146791,0.143729,0.413732,-0.538519,0.0110012,15.1452,0.00267305,0.22135,-0.873971,0.289344,-0.0588593,0.125385,0.741672,120
2018-08-14,0.00367572,0.146791,0.143729,0.413732,-0.538519,0.0100593,15.1452,0.00267305,0.22135,-0.873971,0.289344,-0.0588593,0.125385,0.667759,116
2018-08-16,0.00344479,0.146791,0.143729,0.413732,-0.538519,0.0118735,15.1452,0.00267305,0.22135,-0.873971,0.289344,-0.0588593,0.125385,0.918092,121
2018-08-17,0.00472477,0.0673944,0.128864,0.485939,-0.480589,0.00680483,15.033,0.00483956,0.225632,-0.953124,0.240278,-0.0633767,0.137777,0.62442,120
2018-08-20,0.00535486,0.0673944,0.128864,0.485939,-0.480589,0.00557271,15.033,0.00483956,0.225632,-0.953124,0.240278,-0.0633767,0.137777,1.10221,124
2018-08-21,0.00472573,0.0673944,0.128864,0.485939,-0.480589,0.00586398,15.033,0.00483956,0.225632,-0.953124,0.240278,-0.0633767,0.137777,1.1824,121
2018-08-23,0.00390091,0.0673944,0.128864,0.485939,-0.480589,0.00731983,15.033,0.00483956,0.225632,-0.953124,0.240278,-0.0633767,0.137777,1.21824,123
2018-08-24,0.00495339,0.0673944,0.128864,0.485939,-0.480589,0.0040763,15.033,0.00483956,0.225632,-0.953124,0.240278,-0.0633767,0.137777,0.482424,114
2018-08-27,0.00388115,0.0673944,0.128864,0.485939,-0.480589,0.00665126,15.033,0.00483956,0.225632,-0.953124,0.240278,-0.0633767,0.137777,2.20644,121
2018-08-28,0.00598346,0.0673944,0.128864,0.485939,-0.480589,0.0029841,15.033,0.00483956,0.225632,-0.953124,0.240278,-0.0633767,0.137777,1.52251,87
2018-08-29,0.0039562,0.0673944,0.128864,0.485939,-0.480589,0.00778861,15.033,0.00483956,0.225632,-0.953124,0.240278,-0.0633767,0.137777,0.481325,84
2018-08-30,0.0039859,0.0673944,0.128864,0.485939,-0.480589,0.00767016,15.033,0.00483956,0.225632,-0.953124,0.240278,-0.0633767,0.137777,0.456997,87
2018-08-31,0.00306701,0.0673944,0.128864,0.485939,-0.480589,0.0106182,15.033,0.00483956,0.225632,-0.953124,0.240278,-0.0633767,0.137777,0.824262,103
2018-09-03,0.004173,0.0607301,0.127262,0.573342,-0.50599,0.0106233,15.0598,0.00510584,0.179235,-0.963565,0.293879,-0.0577072,0.13044,0.447773,97
2018-09-04,0.00628691,0.0607301,0.127262,0.573342,-0.50599,0.00837779,15.0598,0.00510584,0.179235,-0.963565,0.293879,-0.0577072,0.13044,0.387079,93
2018-09-05,0.00571114,0.0607301,0.127262,0.573342,-0.50599,0.00891169,15.0598,0.00510584,0.179235,-0.963565,0.293879,-0.0577072,0.13044,0.592902,107
2018-09-06,0.00715894,0.0607301,0.127262,0.573342,-0.50599,0.0059869,15.0598,0.00510584,0.179235,-0.963565,0.293879,-0.0577072,0.13044,0.5412,111
2018-09-07,0.00769888,0.0607301,0.127262,0.573342,-0.50599,0.00579464,15.0598,0.00510584,0.179235,-0.963565,0.293879,-0.0577072,0.13044,0.657833,109
2018-09-10,0.00874543,0.0607301,0.127262,0.573342,-0.50599,0.0117178,15.0598,0.00510584,0.179235,-0.963565,0.293879,-0.0577072,0.13044,0.860851,105
2018-09-11,0.00773469,0.0607301,0.127262,0.573342,-0.50599,0.0156336,15.0598,0.00510584,0.179235,-0.963565,0.293879,-0.0577072,0.13044,1.36997,119
2018-09-12,0.00751217,0.0607301,0.127262,0.573342,-0.50599,0.00881322,15.0598,0.00510584,0.179235,-0.963565,0.293879,-0.0577072,0.13044,1.07905,122
2018-09-14,0.00701481,0.0607301,0.127262,0.573342,-0.50599,0.00689128,15.0598,0.00510584,0.179235,-0.963565,0.293879,-0.0577072,0.13044,1.19028,123
2018-09-17,0.00513464,0.0607301,0.127262,0.573342,-0.50599,0.0146514,15.0598,0.00510584,0.179235,-0.963565,0.293879,-0.0577072,0.13044,1.11846,128
2018-09-18,0.00569725,0.0618595,0.123231,0.529029,-0.695806,0.0134471,12.2487,0.00473029,0.133109,-0.970944,0.332533,-0.0486664,0.13019,1.2338,124
2018-09-19,0.00559868,0.0618595,0.123231,0.529029,-0.695806,0.0108577,12.2487,0.00473029,0.133109,-0.970944,0.332533,-0.0486664,0.13019,1.44641,128
2018-09-21,0.0047258,0.0618595,0.123231,0.529029,-0.695806,0.0180734,12.2487,0.00473029,0.133109,-0.970944,0.332533,-0.0486664,0.13019,1.92507,141
2018-09-24,0.00848582,0.0618595,0.123231,0.529029,-0.695806,0.0208947,12.2487,0.00473029,0.133109,-0.970944,0.332533,-0.0486664,0.13019,4.41074,143
2018-09-25,0.0109463,0.0618595,0.123231,0.529029,-0.695806,0.0103106,12.2487,0.00473029,0.133109,-0.970944,0.332533,-0.0486664,0.13019,1.0184,96
2018-09-26,0.0110605,0.0618595,0.123231,0.529029,-0.695806,0.0128901,12.2487,0.00473029,0.133109,-0.970944,0.332533,-0.0486664,0.13019,0.892307,94
2018-09-27,0.0107067,0.0618595,0.123231,0.529029,-0.695806,0.0156212,12.2487,0.00473029,0.133109,-0.970944,0.332533,-0.0486664,0.13019,0.869768,103
2018-09-28,0.0104949,0.0618595,0.123231,0.529029,-0.695806,0.0172115,12.2487,0.00473029,0.133109,-0.970944,0.332533,-0.0486664,0.13019,0.865958,121
2018-10-01,0.0157108,0.0618595,0.123231,0.529029,-0.695806,0.00591877,12.2487,0.00473029,0.133109,-0.970944,0.332533,-0.0486664,0.13019,1.22975,113
2018-10-03,0.0162989,0.0618595,0.123231,0.529029,-0.695806,0.0147825,12.2487,0.00473029,0.133109,-0.970944,0.332533,-0.0486664,0.13019,1.00644,114
2018-10-04,0.0131811,0.0786025,0.132114,0.583144,-0.751462,0.0297248,15.0229,0.00516263,0.24862,-0.737522,0.338583,-0.0433161,0.131345,1.25994,119
2018-10-05,0.019872,0.0786025,0.132114,0.583144,-0.751462,0.0262548,15.0229,0.00516263,0.24862,-0.737522,0.338583,-0.0433161,0.131345,1.82766,138
2018-10-08,0.0314115,0.0786025,0.132114,0.583144,-0.751462,0.00236233,15.0229,0.00516263,0.24862,-0.737522,0.338583,-0.0433161,0.131345,2.3423,157
2018-10-09,0.028274,0.0786025,0.132114,0.583144,-0.751462,0.00643563,15.0229,0.00516263,0.24862,-0.737522,0.338583,-0.0433161,0.131345,1.91336,131
2018-10-10,0.023033,0.0786025,0.132114,0.583144,-0.751462,0.00500586,15.0229,0.00516263,0.24862,-0.737522,0.338583,-0.0433161,0.131345,1.4984,134
2018-10-11,0.0313879,0.0786025,0.132114,0.583144,-0.751462,0.00749661,15.0229,0.00516263,0.24862,-0.737522,0.338583,-0.0433161,0.131345,1.99817,143
2018-10-12,0.0268708,0.0786025,0.132114,0.583144,-0.751462,0.00268575,15.0229,0.00516263,0.24862,-0.737522,0.338583,-0.0433161,0.131345,2.05681,139
2018-10-15,0.0257692,0.0786025,0.132114,0.583144,-0.751462,0.00696411,15.0229,0.00516263,0.24862,-0.737522,0.338583,-0.0433161,0.131345,2.26274,135
2018-10-16,0.0210557,0.0786025,0.132114,0.583144,-0.751462,0.00542875,15.0229,0.00516263,0.24862,-0.737522,0.338583,-0.0433161,0.131345,1.9066,144
2018-10-17,0.0224363,0.0786025,0.132114,0.583144,-0.751462,0.00448847,15.0229,0.00516263,0.24862,-0.737522,0.338583,-0.0433161,0.131345,1.68295,147
2018-10-19,0.0304831,0.117389,0.212048,0.924621,-0.60023,0.002,15.1087,0.00527259,0.300847,-0.976925,0.320157,-0.0396,0.141521,1.75842,137
2018-10-22,0.0299268,0.117389,0.212048,0.924621,-0.60023,0.0187092,15.1087,0.00527259,0.300847,-0.976925,0.320157,-0.0396,0.141521,2.4572,127
2018-10-23,0.0328425,0.117389,0.212048,0.924621,-0.60023,0.002,15.1087,0.00527259,0.300847,-0.976925,0.320157,-0.0396,0.141521,1.36624,96
2018-10-24,0.0305419,0.117389,0.212048,0.924621,-0.60023,0.002,15.1087,0.00527259,0.300847,-0.976925,0.320157,-0.0396,0.141521,1.32195,100
2018-10-25,0.0282737,0.117389,0.212048,0.924621,-0.60023,0.0105144,15.1087,0.00527259,0.300847,-0.976925,0.320157,-0.0396,0.141521,0.925499,101
2018-10-26,0.033999,0.117389,0.212048,0.924621,-0.60023,0.002,15.1087,0.00527259,0.300847,-0.976925,0.320157,-0.0396,0.141521,1.55523,110
2018-10-29,0.0282019,0.117389,0.212048,0.924621,-0.60023,0.00633431,15.1087,0.00527259,0.300847,-0.976925,0.320157,-0.0396,0.141521,1.00111,108
2018-10-30,0.0301234,0.117389,0.212048,0.924621,-0.60023,0.00791743,15.1087,0.00527259,0.300847,-0.976925,0.320157,-0.0396,0.141521,0.901299,103
2018-10-31,0.0301503,0.117389,0.212048,0.924621,-0.60023,0.002,15.1087,0.00527259,0.300847,-0.976925,0.320157,-0.0396,0.141521,1.06502,117
2018-11-01,0.0259507,0.117389,0.212048,0.924621,-0.60023,0.00434004,15.1087,0.00527259,0.300847,-0.976925,0.320157,-0.0396,0.141521,1.085,129
2018-11-02,0.022063,0.142611,0.249547,0.734285,-0.668799,0.0025449,15.1404,0.00470048,0.429079,-0.787229,0.292092,-0.0440815,0.153414,0.863158,137
2018-11-05,0.0206755,0.142611,0.249547,0.734285,-0.668799,0.0082839,15.1404,0.00470048,0.429079,-0.787229,0.292092,-0.0440815,0.153414,0.771185,126
2018-11-06,0.0194641,0.142611,0.249547,0.734285,-0.668799,0.00381747,15.1404,0.00470048,0.429079,-0.787229,0.292092,-0.0440815,0.153414,1.08125,132
2018-11-07,0.0201014,0.142611,0.249547,0.734285,-0.668799,0.002,15.1404,0.00470048,0.429079,-0.787229,0.292092,-0.0440815,0.153414,1.05136,94
2018-11-09,0.0173103,0.142611,0.249547,0.734285,-0.668799,0.00491767,15.1404,0.00470048,0.429079,-0.787229,0.292092,-0.0440815,0.153414,1.1711,120
2018-11-12,0.0207218,0.142611,0.249547,0.734285,-0.668799,0.00854827,15.1404,0.00470048,0.429079,-0.787229,0.292092,-0.0440815,0.153414,0.996859,133
2018-11-13,0.0174442,0.142611,0.249547,0.734285,-0.668799,0.00867277,15.1404,0.00470048,0.429079,-0.787229,0.292092,-0.0440815,0.153414,1.07696,125
2018-11-14,0.0194896,0.142611,0.249547,0.734285,-0.668799,0.00502383,15.1404,0.00470048,0.429079,-0.787229,0.292092,-0.0440815,0.153414,1.02452,129
2018-11-15,0.0193138,0.142611,0.249547,0.734285,-0.668799,0.00331161,15.1404,0.00470048,0.429079,-0.787229,0.292092,-0.0440815,0.153414,0.939706,132
2018-11-16,0.0191665,0.142611,0.249547,0.734285,-0.668799,0.002,15.1404,0.00470048,0.429079,-0.787229,0.292092,-0.0440815,0.153414,1.02091,130
2018-11-19,0.0148476,0.103775,0.249589,0.668203,-0.643424,0.00745297,15.1038,0.0103775,0.798609,-0.594802,0.226628,-0.0747135,0.177513,1.14938,137
2018-11-20,0.0134202,0.103775,0.249589,0.668203,-0.643424,0.00839507,15.1038,0.0103775,0.798609,-0.594802,0.226628,-0.0747135,0.177513,1.08114,126
2018-11-21,0.0153683,0.103775,0.249589,0.668203,-0.643424,0.00730178,15.1038,0.0103775,0.798609,-0.594802,0.226628,-0.0747135,0.177513,1.11135,132
2018-11-22,0.0158429,0.103775,0.249589,0.668203,-0.643424,0.002,15.1038,0.0103775,0.798609,-0.594802,0.226628,-0.0747135,0.177513,1.06678,116
2018-11-26,0.0104466,0.103775,0.249589,0.668203,-0.643424,0.014881,15.1038,0.0103775,0.798609,-0.594802,0.226628,-0.0747135,0.177513,1.34488,109
2018-11-27,0.00784335,0.103775,0.249589,0.668203,-0.643424,0.0177067,15.1038,0.0103775,0.798609,-0.594802,0.226628,-0.0747135,0.177513,0.945696,82
2018-11-28,0.0076491,0.103775,0.249589,0.668203,-0.643424,0.0186654,15.1038,0.0103775,0.798609,-0.594802,0.226628,-0.0747135,0.177513,1.19246,83
2018-11-29,0.00546874,0.103775,0.249589,0.668203,-0.643424,0.0213345,15.1038,0.0103775,0.798609,-0.594802,0.226628,-0.0747135,0.177513,1.11709,89
2018-11-30,0.00468363,0.103775,0.249589,0.668203,-0.643424,0.0228793,15.1038,0.0103775,0.798609,-0.594802,0.226628,-0.0747135,0.177513,1.32204,109
2018-12-03,0.00291015,0.103775,0.249589,0.668203,-0.643424,0.0285936,15.1038,0.0103775,0.798609,-0.594802,0.226628,-0.0747135,0.177513,0.899249,99
2018-12-04,0.002,0.146801,0.213265,0.792868,-0.594401,0.0246781,15.1468,0.0124827,0.515872,-0.893315,0.212008,-0.0744349,0.1768,0.969548,119
2018-12-05,0.002,0.146801,0.213265,0.792868,-0.594401,0.0238123,15.1468,0.0124827,0.515872,-0.893315,0.212008,-0.0744349,0.1768,1.03138,118
2018-12-06,0.002,0.146801,0.213265,0.792868,-0.594401,0.0317564,15.1468,0.0124827,0.515872,-0.893315,0.212008,-0.0744349,0.1768,0.874392,128
2018-12-07,0.002,0.146801,0.213265,0.792868,-0.594401,0.0285883,15.1468,0.0124827,0.515872,-0.893315,0.212008,-0.0744349,0.1768,0.953623,124
2018-12-10,0.002,0.146801,0.213265,0.792868,-0.594401,0.0410611,15.1468,0.0124827,0.515872,-0.893315,0.212008,-0.0744349,0.1768,1.27009,125
2018-12-11,0.002,0.146801,0.213265,0.792868,-0.594401,0.0284293,15.1468,0.0124827,0.515872,-0.893315,0.212008,-0.0744349,0.1768,1.02856,139
2018-12-12,0.002,0.146801,0.213265,0.792868,-0.594401,0.0158272,15.1468,0.0124827,0.515872,-0.893315,0.212008,-0.0744349,0.1768,0.919407,131
2018-12-13,0.002,0.146801,0.213265,0.792868,-0.594401,0.0155487,15.1468,0.0124827,0.515872,-0.893315,0.212008,-0.0744349,0.1768,0.973317,131
2018-12-14,0.002,0.146801,0.213265,0.792868,-0.594401,0.0153359,15.1468,0.0124827,0.515872,-0.893315,0.212008,-0.0744349,0.1768,0.683709,127
2018-12-17,0.002,0.146801,0.213265,0.792868,-0.594401,0.0129808,15.1468,0.0124827,0.515872,-0.893315,0.212008,-0.0744349,0.1768,0.958833,130
2018-12-18,0.00232997,0.165981,0.1855,0.6674,-0.635414,0.0153023,15.166,0.0100874,0.43411,-0.862521,0.195837,-0.0773185,0.180401,0.950608,135
2018-12-19,0.002,0.165981,0.1855,0.6674,-0.635414,0.0154411,15.166,0.0100874,0.43411,-0.862521,0.195837,-0.0773185,0.180401,0.789938,132
2018-12-20,0.00224615,0.165981,0.1855,0.6674,-0.635414,0.0140686,15.166,0.0100874,0.43411,-0.862521,0.195837,-0.0773185,0.180401,0.804613,122
2018-12-21,0.00472015,0.165981,0.1855,0.6674,-0.635414,0.0194387,15.166,0.0100874,0.43411,-0.862521,0.195837,-0.0773185,0.180401,0.807405,126
2018-12-24,0.00702543,0.165981,0.1855,0.6674,-0.635414,0.0171789,15.166,0.0100874,0.43411,-0.862521,0.195837,-0.0773185,0.180401,1.76091,136
2018-12-26,0.00771276,0.165981,0.1855,0.6674,-0.635414,0.0148275,15.166,0.0100874,0.43411,-0.862521,0.195837,-0.0773185,0.180401,1.08541,104
2018-12-27,0.00577829,0.165981,0.1855,0.6674,-0.635414,0.0174127,15.166,0.0100874,0.43411,-0.862521,0.195837,-0.0773185,0.180401,1.13195,109
2018-12-28,0.00717073,0.165981,0.1855,0.6674,-0.635414,0.0101575,15.166,0.0100874,0.43411,-0.862521,0.195837,-0.0773185,0.180401,1.09869,117
2018-12-31,0.0102863,0.165981,0.1855,0.6674,-0.635414,0.00705559,15.166,0.0100874,0.43411,-0.862521,0.195837,-0.0773185,0.180401,1.09718,116
2019-01-01,0.00663683,0.165981,0.1855,0.6674,-0.635414,0.0107359,15.166,0.0100874,0.43411,-0.862521,0.195837,-0.0773185,0.180401,0.997252,126
2019-01-02,0.0117181,0.160264,0.149593,0.463907,-0.685236,0.00595389,15.1603,0.0102757,0.568225,-0.680137,0.24076,-0.0723957,0.15589,0.864932,129
2019-01-03,0.0120891,0.160264,0.149593,0.463907,-0.685236,0.00846194,15.1603,0.0102757,0.568225,-0.680137,0.24076,-0.0723957,0.15589,1.45681,132
2019-01-04,0.0110569,0.160264,0.149593,0.463907,-0.685236,0.00604837,15.1603,0.0102757,0.568225,-0.680137,0.24076,-0.0723957,0.15589,0.923015,134
2019-01-07,0.00867084,0.160264,0.149593,0.463907,-0.685236,0.0118832,15.1603,0.0102757,0.568225,-0.680137,0.24076,-0.0723957,0.15589,0.61334,127
2019-01-08,0.0117697,0.160264,0.149593,0.463907,-0.685236,0.002,15.1603,0.0102757,0.568225,-0.680137,0.24076,-0.0723957,0.15589,0.965412,128
2019-01-09,0.0107485,0.160264,0.149593,0.463907,-0.685236,0.002,15.1603,0.0102757,0.568225,-0.680137,0.24076,-0.0723957,0.15589,1.02521,126
2019-01-10,0.0114814,0.160264,0.149593,0.463907,-0.685236,0.002,15.1603,0.0102757,0.568225,-0.680137,0.24076,-0.0723957,0.15589,1.02313,122
2019-01-11,0.0113689,0.160264,0.149593,0.463907,-0.685236,0.002,15.1603,0.0102757,0.568225,-0.680137,0.24076,-0.0723957,0.15589,1.06376,128
2019-01-14,0.0138342,0.160264,0.149593,0.463907,-0.685236,0.00234275,15.1603,0.0102757,0.568225,-0.680137,0.24076,-0.0723957,0.15589,1.08373,122
2019-01-15,0.0122652,0.160264,0.149593,0.463907,-0.685236,0.002,15.1603,0.0102757,0.568225,-0.680137,0.24076,-0.0723957,0.15589,1.28831,140
2019-01-16,0.015376,0.132207,0.136439,0.343341,-0.803698,0.002,9.42255,0.0132795,0.654635,-0.520334,0.189983,-0.0807508,0.159992,1.21692,135
2019-01-17,0.0153527,0.132207,0.136439,0.343341,-0.803698,0.002,9.42255,0.0132795,0.654635,-0.520334,0.189983,-0.0807508,0.159992,1.09777,140
2019-01-18,0.0159175,0.132207,0.136439,0.343341,-0.803698,0.002,9.42255,0.0132795,0.654635,-0.520334,0.189983,-0.0807508,0.159992,1.14097,136
2019-01-21,0.0209015,0.132207,0.136439,0.343341,-0.803698,0.002,9.42255,0.0132795,0.654635,-0.520334,0.189983,-0.0807508,0.159992,1.48308,140
2019-01-22,0.0207879,0.132207,0.136439,0.343341,-0.803698,0.002,9.42255,0.0132795,0.654635,-0.520334,0.189983,-0.0807508,0.159992,1.48743,130
2019-01-23,0.0151513,0.132207,0.136439,0.343341,-0.803698,0.0107714,9.42255,0.0132795,0.654635,-0.520334,0.189983,-0.0807508,0.159992,1.63451,135
2019-01-24,0.0193385,0.132207,0.136439,0.343341,-0.803698,0.002,9.42255,0.0132795,0.654635,-0.520334,0.189983,-0.0807508,0.159992,1.10373,124
2019-01-25,0.0202874,0.132207,0.136439,0.343341,-0.803698,0.002,9.42255,0.0132795,0.654635,-0.520334,0.189983,-0.0807508,0.159992,1.31523,128
2019-01-28,0.0188145,0.132207,0.136439,0.343341,-0.803698,0.01216,9.42255,0.0132795,0.654635,-0.520334,0.189983,-0.0807508,0.159992,3.22592,131
2019-01-29,0.0219501,0.132207,0.136439,0.343341,-0.803698,0.00248676,9.42255,0.0132795,0.654635,-0.520334,0.189983,-0.0807508,0.159992,1.20999,84
2019-01-30,0.0207239,0.0500255,0.00203167,0.274606,-0.977556,0.002,5.0114,0.0245043,0.522231,-0.517442,0.239795,-0.0758089,0.149292,1.11016,80
2019-01-31,0.0159574,0.0500255,0.00203167,0.274606,-0.977556,0.00364163,5.0114,0.0245043,0.522231,-0.517442,0.239795,-0.0758089,0.149292,0.982613,90
2019-02-01,0.0119586,0.0500255,0.00203167,0.274606,-0.977556,0.002,5.0114,0.0245043,0.522231,-0.517442,0.239795,-0.0758089,0.149292,1.09773,117
2019-02-04,0.0121418,0.0500255,0.00203167,0.274606,-0.977556,0.002,5.0114,0.0245043,0.522231,-0.517442,0.239795,-0.0758089,0.149292,1.16756,120
2019-02-05,0.012208,0.0500255,0.00203167,0.274606,-0.977556,0.002,5.0114,0.0245043,0.522231,-0.517442,0.239795,-0.0758089,0.149292,1.2192,113
2019-02-06,0.0119057,0.0500255,0.00203167,0.274606,-0.977556,0.002,5.0114,0.0245043,0.522231,-0.517442,0.239795,-0.0758089,0.149292,1.22494,119
2019-02-07,0.0116732,0.0500255,0.00203167,0.274606,-0.977556,0.002,5.0114,0.0245043,0.522231,-0.517442,0.239795,-0.0758089,0.149292,1.2349,121
2019-02-08,0.0116529,0.0500255,0.00203167,0.274606,-0.977556,0.002,5.0114,0.0245043,0.522231,-0.517442,0.239795,-0.0758089,0.149292,1.2489,125
2019-02-11,0.0114447,0.0500255,0.00203167,0.274606,-0.977556,0.00432233,5.0114,0.0245043,0.522231,-0.517442,0.239795,-0.0758089,0.149292,1.32298,149
2019-02-12,0.011537,0.0500255,0.00203167,0.274606,-0.977556,0.00335289,5.0114,0.0245043,0.522231,-0.517442,0.239795,-0.0758089,0.149292,1.22187,131
2019-02-13,0.0113931,0.05,0.00280337,0.305176,-0.979348,0.00307026,4.12208,0.0305075,0.552292,-0.494168,0.218931,-0.0775769,0.157743,1.34411,139
2019-02-14,0.00906435,0.05,0.00280337,0.305176,-0.979348,0.00542498,4.12208,0.0305075,0.552292,-0.494168,0.218931,-0.0775769,0.157743,1.34396,144
2019-02-15,0.00894887,0.05,0.00280337,0.305176,-0.979348,0.00856774,4.12208,0.0305075,0.552292,-0.494168,0.218931,-0.0775769,0.157743,1.71096,151
2019-02-18,0.00991956,0.05,0.00280337,0.305176,-0.979348,0.0148073,4.12208,0.0305075,0.552292,-0.494168,0.218931,-0.0775769,0.157743,2.8693,150
2019-02-19,0.0131926,0.05,0.00280337,0.305176,-0.979348,0.010134,4.12208,0.0305075,0.552292,-0.494168,0.218931,-0.0775769,0.157743,2.23194,125
2019-02-20,0.00925638,0.05,0.00280337,0.305176,-0.979348,0.00957659,4.12208,0.0305075,0.552292,-0.494168,0.218931,-0.0775769,0.157743,2.08953,131
2019-02-21,0.013518,0.05,0.00280337,0.305176,-0.979348,0.00224646,4.12208,0.0305075,0.552292,-0.494168,0.218931,-0.0775769,0.157743,1.52307,134
2019-02-22,0.00814939,0.05,0.00280337,0.305176,-0.979348,0.00692775,4.12208,0.0305075,0.552292,-0.494168,0.218931,-0.0775769,0.157743,1.37726,145
2019-02-25,0.00749578,0.05,0.00280337,0.305176,-0.979348,0.00766631,4.12208,0.0305075,0.552292,-0.494168,0.218931,-0.0775769,0.157743,1.98409,133
2019-02-26,0.00940679,0.05,0.00280337,0.305176,-0.979348,0.0113281,4.12208,0.0305075,0.552292,-0.494168,0.218931,-0.0775769,0.157743,1.68852,107
2019-02-27,0.002,0.05,0.00201486,0.322792,-0.639106,0.0258917,3.67405,0.0331594,0.600267,-0.703248,0.312034,-0.0653662,0.145672,2.46952,129
2019-02-28,0.002,0.05,0.00201486,0.322792,-0.639106,0.0211463,3.67405,0.0331594,0.600267,-0.703248,0.312034,-0.0653662,0.145672,1.70852,121
2019-03-01,0.00378857,0.05,0.00201486,0.322792,-0.639106,0.0120551,3.67405,0.0331594,0.600267,-0.703248,0.312034,-0.0653662,0.145672,1.37485,130
2019-03-05,0.00636863,0.05,0.00201486,0.322792,-0.639106,0.0103993,3.67405,0.0331594,0.600267,-0.703248,0.312034,-0.0653662,0.145672,1.8466,128
2019-03-06,0.0149054,0.05,0.00201486,0.322792,-0.639106,0.002,3.67405,0.0331594,0.600267,-0.703248,0.312034,-0.0653662,0.145672,1.5888,126
2019-03-07,0.0107851,0.05,0.00201486,0.322792,-0.639106,0.002,3.67405,0.0331594,0.600267,-0.703248,0.312034,-0.0653662,0.145672,1.73862,146
2019-03-08,0.00965191,0.05,0.00201486,0.322792,-0.639106,0.002,3.67405,0.0331594,0.600267,-0.703248,0.312034,-0.0653662,0.145672,1.68659,156
2019-03-11,0.0120367,0.05,0.00201486,0.322792,-0.639106,0.002,3.67405,0.0331594,0.600267,-0.703248,0.312034,-0.0653662,0.145672,1.86318,157
2019-03-12,0.0094681,0.05,0.00201486,0.322792,-0.639106,0.00773779,3.67405,0.0331594,0.600267,-0.703248,0.312034,-0.0653662,0.145672,1.75863,139
2019-03-13,0.00920795,0.05,0.00201486,0.322792,-0.639106,0.00764312,3.67405,0.0331594,0.600267,-0.703248,0.312034,-0.0653662,0.145672,1.89768,148
2019-03-14,0.0109933,0.551905,0.002,0.347876,-0.56397,0.002,6.82827,0.0318392,0.731652,-0.722314,0.284574,-0.0731488,0.155098,1.51446,147
2019-03-15,0.0111147,0.551905,0.002,0.347876,-0.56397,0.00368846,6.82827,0.0318392,0.731652,-0.722314,0.284574,-0.0731488,0.155098,1.8403,172
2019-03-18,0.0141821,0.551905,0.002,0.347876,-0.56397,0.00522193,6.82827,0.0318392,0.731652,-0.722314,0.284574,-0.0731488,0.155098,1.90631,131
2019-03-19,0.014689,0.551905,0.002,0.347876,-0.56397,0.002,6.82827,0.0318392,0.731652,-0.722314,0.284574,-0.0731488,0.155098,1.83079,137
2019-03-20,0.0120463,0.551905,0.002,0.347876,-0.56397,0.002,6.82827,0.0318392,0.731652,-0.722314,0.284574,-0.0731488,0.155098,1.95132,141
2019-03-22,0.0128012,0.551905,0.002,0.347876,-0.56397,0.002,6.82827,0.0318392,0.731652,-0.722314,0.284574,-0.0731488,0.155098,1.85292,147
2019-03-25,0.0177665,0.551905,0.002,0.347876,-0.56397,0.002,6.82827,0.0318392,0.731652,-0.722314,0.284574,-0.0731488,0.155098,2.89836,152
2019-03-26,0.015106,0.551905,0.002,0.347876,-0.56397,0.002,6.82827,0.0318392,0.731652,-0.722314,0.284574,-0.0731488,0.155098,1.89753,114
2019-03-27,0.0163836,0.551905,0.002,0.347876,-0.56397,0.002,6.82827,0.0318392,0.731652,-0.722314,0.284574,-0.0731488,0.155098,2.00794,125
2019-03-28,0.0155801,0.551905,0.002,0.347876,-0.56397,0.002,6.82827,0.0318392,0.731652,-0.722314,0.284574,-0.0731488,0.155098,1.84675,136
2019-03-29,0.0149565,2.24673,0.002,0.421578,-0.208946,0.002,11.3472,0.0292807,0.861482,-0.821445,0.262881,-0.0704598,0.161283,1.48879,157
2019-04-01,0.0163816,2.24673,0.002,0.421578,-0.208946,0.002,11.3472,0.0292807,0.861482,-0.821445,0.262881,-0.0704598,0.161283,1.63557,158
2019-04-02,0.0142912,2.24673,0.002,0.421578,-0.208946,0.002,11.3472,0.0292807,0.861482,-0.821445,0.262881,-0.0704598,0.161283,1.82184,128
2019-04-03,0.0147409,2.24673,0.002,0.421578,-0.208946,0.002,11.3472,0.0292807,0.861482,-0.821445,0.262881,-0.0704598,0.161283,1.94916,136
2019-04-04,0.00969294,2.24673,0.002,0.421578,-0.208946,0.002,11.3472,0.0292807,0.861482,-0.821445,0.262881,-0.0704598,0.161283,2.26599,146
2019-04-05,0.00753483,2.24673,0.002,0.421578,-0.208946,0.002,11.3472,0.0292807,0.861482,-0.821445,0.262881,-0.0704598,0.161283,2.31131,158
2019-04-08,0.0136162,2.24673,0.002,0.421578,-0.208946,0.002,11.3472,0.0292807,0.861482,-0.821445,0.262881,-0.0704598,0.161283,2.39791,165
2019-04-09,0.0111039,2.24673,0.002,0.421578,-0.208946,0.002,11.3472,0.0292807,0.861482,-0.821445,0.262881,-0.0704598,0.161283,2.54682,131
2019-04-10,0.0134898,2.24673,0.002,0.421578,-0.208946,0.002,11.3472,0.0292807,0.861482,-0.821445,0.262881,-0.0704598,0.161283,2.59675,134
2019-04-11,0.00920712,2.24673,0.002,0.421578,-0.208946,0.002,11.3472,0.0292807,0.861482,-0.821445,0.262881,-0.0704598,0.161283,2.87138,140
2019-04-12,0.00612486,2.94041,0.002,0.35943,-0.0748288,0.002,17.5971,0.0295758,1.01358,-0.847317,0.15064,-0.0811922,0.20789,2.91831,137
2019-04-15,0.00577236,2.94041,0.002,0.35943,-0.0748288,0.002,17.5971,0.0295758,1.01358,-0.847317,0.15064,-0.0811922,0.20789,2.86185,138
2019-04-16,0.00479122,2.94041,0.002,0.35943,-0.0748288,0.002,17.5971,0.0295758,1.01358,-0.847317,0.15064,-0.0811922,0.20789,3.35129,123
2019-04-18,0.00542637,2.94041,0.002,0.35943,-0.0748288,0.002,17.5971,0.0295758,1.01358,-0.847317,0.15064,-0.0811922,0.20789,3.81452,119
2019-04-22,0.0160225,2.94041,0.002,0.35943,-0.0748288,0.002,17.5971,0.0295758,1.01358,-0.847317,0.15064,-0.0811922,0.20789,3.18586,122
2019-04-23,0.0131358,2.94041,0.002,0.35943,-0.0748288,0.002,17.5971,0.0295758,1.01358,-0.847317,0.15064,-0.0811922,0.20789,3.52962,92
2019-04-24,0.00394045,2.94041,0.002,0.35943,-0.0748288,0.002,17.5971,0.0295758,1.01358,-0.847317,0.15064,-0.0811922,0.20789,4.25619,108
2019-04-25,0.00417146,2.94041,0.002,0.35943,-0.0748288,0.002,17.5971,0.0295758,1.01358,-0.847317,0.15064,-0.0811922,0.20789,4.01969,115
2019-04-26,0.00274184,2.94041,0.002,0.35943,-0.0748288,0.002,17.5971,0.0295758,1.01358,-0.847317,0.15064,-0.0811922,0.20789,3.46819,126
2019-04-30,0.00671831,2.94041,0.002,0.35943,-0.0748288,0.002,17.5971,0.0295758,1.01358,-0.847317,0.15064,-0.0811922,0.20789,3.4182,108
2019-05-02,0.00457945,3.72955,0.002,0.365302,0.122644,0.002,18.7295,0.030277,0.927615,-0.970361,0.1073,-0.0850239,0.24741,4.37066,128
2019-05-03,0.0043755,3.72955,0.002,0.365302,0.122644,0.002,18.7295,0.030277,0.927615,-0.970361,0.1073,-0.0850239,0.24741,4.93268,133
2019-05-06,0.0184822,3.72955,0.002,0.365302,0.122644,0.002,18.7295,0.030277,0.927615,-0.970361,0.1073,-0.0850239,0.24741,4.9649,140
2019-05-07,0.0195192,3.72955,0.002,0.365302,0.122644,0.002,18.7295,0.030277,0.927615,-0.970361,0.1073,-0.0850239,0.24741,5.46445,120
2019-05-08,0.0187807,3.72955,0.002,0.365302,0.122644,0.0375493,18.7295,0.030277,0.927615,-0.970361,0.1073,-0.0850239,0.24741,4.40466,132
2019-05-09,0.0189127,3.72955,0.002,0.365302,0.122644,0.0302711,18.7295,0.030277,0.927615,-0.970361,0.1073,-0.0850239,0.24741,4.38778,132
2019-05-10,0.0131918,3.72955,0.002,0.365302,0.122644,0.0530416,18.7295,0.030277,0.927615,-0.970361,0.1073,-0.0850239,0.24741,4.6497,136
2019-05-13,0.0126334,3.72955,0.002,0.365302,0.122644,0.0733281,18.7295,0.030277,0.927615,-0.970361,0.1073,-0.0850239,0.24741,5.26469,136
2019-05-14,0.002,3.72955,0.002,0.365302,0.122644,0.139658,18.7295,0.030277,0.927615,-0.970361,0.1073,-0.0850239,0.24741,3.62612,114
2019-05-15,0.002,3.72955,0.002,0.365302,0.122644,0.156398,18.7295,0.030277,0.927615,-0.970361,0.1073,-0.0850239,0.24741,3.35616,118
2019-05-16,0.002,3.80209,0.002,0.350188,0.013368,0.137368,18.8021,0.0242417,0.997766,-0.969729,0.116617,-0.0769573,0.248197,4.40637,130
2019-05-17,0.002,3.80209,0.002,0.350188,0.013368,0.130995,18.8021,0.0242417,0.997766,-0.969729,0.116617,-0.0769573,0.248197,6.49325,147
2019-05-20,0.002,3.80209,0.002,0.350188,0.013368,0.0830114,18.8021,0.0242417,0.997766,-0.969729,0.116617,-0.0769573,0.248197,13.1285,159
2019-05-21,0.002,3.91259,0.002,0.350735,0.00485929,0.0950237,18.9126,0.0221763,0.938161,-0.960131,0.125433,-0.0773356,0.248878,6.86008,110
2019-05-22,0.002,3.91259,0.002,0.350735,0.00485929,0.107432,18.9126,0.0221763,0.938161,-0.960131,0.125433,-0.0773356,0.248878,8.88983,109
2019-05-23,0.00339348,3.91259,0.002,0.350735,0.00485929,0.0404152,18.9126,0.0221763,0.938161,-0.960131,0.125433,-0.0773356,0.248878,3.74031,137
2019-05-24,0.00311087,3.91259,0.002,0.350735,0.00485929,0.0146267,18.9126,0.0221763,0.938161,-0.960131,0.125433,-0.0773356,0.248878,1.57368,161
2019-05-27,0.00586001,3.91259,0.002,0.350735,0.00485929,0.012158,18.9126,0.0221763,0.938161,-0.960131,0.125433,-0.0773356,0.248878,2.95337,183
2019-05-28,0.00652555,3.91259,0.002,0.350735,0.00485929,0.00797341,18.9126,0.0221763,0.938161,-0.960131,0.125433,-0.0773356,0.248878,1.73069,138
2019-05-29,0.00725394,3.91259,0.002,0.350735,0.00485929,0.00675138,18.9126,0.0221763,0.938161,-0.960131,0.125433,-0.0773356,0.248878,1.18055,134
2019-05-30,0.005143,3.91259,0.002,0.350735,0.00485929,0.00646878,18.9126,0.0221763,0.938161,-0.960131,0.125433,-0.0773356,0.248878,1.37216,145
2019-05-31,0.0051919,3.91259,0.002,0.350735,0.00485929,0.0068167,18.9126,0.0221763,0.938161,-0.960131,0.125433,-0.0773356,0.248878,1.13711,163
2019-06-03,0.00281415,3.91259,0.002,0.350735,0.00485929,0.0137855,18.9126,0.0221763,0.938161,-0.960131,0.125433,-0.0773356,0.248878,1.47142,179
2019-06-04,0.00725188,3.95833,0.002,0.342452,-0.0268809,0.00548971,18.9583,0.0166442,0.947372,-0.90821,0.121285,-0.0742767,0.24779,0.949055,150
2019-06-06,0.00769396,3.95833,0.002,0.342452,-0.0268809,0.00526051,18.9583,0.0166442,0.947372,-0.90821,0.121285,-0.0742767,0.24779,0.82113,152
2019-06-07,0.00611322,3.95833,0.002,0.342452,-0.0268809,0.00554707,18.9583,0.0166442,0.947372,-0.90821,0.121285,-0.0742767,0.24779,0.776916,163
2019-06-10,0.00543646,3.95833,0.002,0.342452,-0.0268809,0.00875279,18.9583,0.0166442,0.947372,-0.90821,0.121285,-0.0742767,0.24779,0.954183,157
2019-06-11,0.0067314,3.95833,0.002,0.342452,-0.0268809,0.00393841,18.9583,0.0166442,0.947372,-0.90821,0.121285,-0.0742767,0.24779,0.94014,127
2019-06-12,0.0059605,3.95833,0.002,0.342452,-0.0268809,0.00278413,18.9583,0.0166442,0.947372,-0.90821,0.121285,-0.0742767,0.24779,0.997453,140
2019-06-13,0.00503398,3.95833,0.002,0.342452,-0.0268809,0.002,18.9583,0.0166442,0.947372,-0.90821,0.121285,-0.0742767,0.24779,1.02517,143
2019-06-14,0.00586104,3.95833,0.002,0.342452,-0.0268809,0.00283311,18.9583,0.0166442,0.947372,-0.90821,0.121285,-0.0742767,0.24779,1.04711,157
2019-06-17,0.00580143,3.95833,0.002,0.342452,-0.0268809,0.00957991,18.9583,0.0166442,0.947372,-0.90821,0.121285,-0.0742767,0.24779,1.46972,160
2019-06-18,0.0053143,3.95833,0.002,0.342452,-0.0268809,0.00840633,18.9583,0.0166442,0.947372,-0.90821,0.121285,-0.0742767,0.24779,1.1866,129
2019-06-19,0.00814407,3.99425,0.002,0.336372,-0.0587568,0.0056923,18.9935,0.0144251,0.967291,-0.862696,0.105236,-0.0754911,0.247499,1.27593,142
2019-06-20,0.00569172,3.99425,0.002,0.336372,-0.0587568,0.00640946,18.9935,0.0144251,0.967291,-0.862696,0.105236,-0.0754911,0.247499,1.08436,142
2019-06-21,0.00719195,3.99425,0.002,0.336372,-0.0587568,0.00710218,18.9935,0.0144251,0.967291,-0.862696,0.105236,-0.0754911,0.247499,1.15989,143
2019-06-24,0.00785785,3.99425,0.002,0.336372,-0.0587568,0.0108879,18.9935,0.0144251,0.967291,-0.862696,0.105236,-0.0754911,0.247499,1.41345,142
2019-06-25,0.00757329,3.99425,0.002,0.336372,-0.0587568,0.00777465,18.9935,0.0144251,0.967291,-0.862696,0.105236,-0.0754911,0.247499,1.13351,118
2019-06-26,0.00611321,3.99425,0.002,0.336372,-0.0587568,0.00894326,18.9935,0.0144251,0.967291,-0.862696,0.105236,-0.0754911,0.247499,1.30207,125
2019-06-27,0.0059248,3.99425,0.002,0.336372,-0.0587568,0.00801598,18.9935,0.0144251,0.967291,-0.862696,0.105236,-0.0754911,0.247499,1.6199,137
2019-06-28,0.00677663,3.99425,0.002,0.336372,-0.0587568,0.00853831,18.9935,0.0144251,0.967291,-0.862696,0.105236,-0.0754911,0.247499,1.35777,141
2019-07-01,0.00356927,3.99425,0.002,0.336372,-0.0587568,0.0149012,18.9935,0.0144251,0.967291,-0.862696,0.105236,-0.0754911,0.247499,1.47027,145
2019-07-02,0.00275702,3.99425,0.002,0.336372,-0.0587568,0.0136433,18.9935,0.0144251,0.967291,-0.862696,0.105236,-0.0754911,0.247499,1.39506,117
2019-07-03,0.00516748,3.99999,0.002,0.334549,-0.0648569,0.0114394,18.9894,0.0122604,0.952573,-0.827373,0.0867354,-0.0762682,0.245378,1.12899,122
2019-07-04,0.00586775,3.99999,0.002,0.334549,-0.0648569,0.0110998,18.9894,0.0122604,0.952573,-0.827373,0.0867354,-0.0762682,0.245378,1.16417,145
2019-07-05,0.00780024,3.99999,0.002,0.334549,-0.0648569,0.00234443,18.9894,0.0122604,0.952573,-0.827373,0.0867354,-0.0762682,0.245378,1.03329,155
2019-07-08,0.0092413,3.99999,0.002,0.334549,-0.0648569,0.00577524,18.9894,0.0122604,0.952573,-0.827373,0.0867354,-0.0762682,0.245378,2.12636,172
2019-07-09,0.00768118,3.99999,0.002,0.334549,-0.0648569,0.00744354,18.9894,0.0122604,0.952573,-0.827373,0.0867354,-0.0762682,0.245378,1.1747,137
2019-07-10,0.00788377,3.99999,0.002,0.334549,-0.0648569,0.00639939,18.9894,0.0122604,0.952573,-0.827373,0.0867354,-0.0762682,0.245378,1.09947,134
2019-07-11,0.00620051,3.99999,0.002,0.334549,-0.0648569,0.00234682,18.9894,0.0122604,0.952573,-0.827373,0.0867354,-0.0762682,0.245378,0.920721,130
2019-07-12,0.00602378,3.99999,0.002,0.334549,-0.0648569,0.002,18.9894,0.0122604,0.952573,-0.827373,0.0867354,-0.0762682,0.245378,0.959776,141
2019-07-15,0.00500385,3.99999,0.002,0.334549,-0.0648569,0.00552881,18.9894,0.0122604,0.952573,-0.827373,0.0867354,-0.0762682,0.245378,1.27714,132
2019-07-16,0.0051155,3.99999,0.002,0.334549,-0.0648569,0.002,18.9894,0.0122604,0.952573,-0.827373,0.0867354,-0.0762682,0.245378,1.09004,118
2019-07-17,0.00748644,0.355548,0.0539683,0.180911,-0.882945,0.002,15.3504,0.00200678,0.552538,-0.456839,0.175555,-0.0542357,0.166354,1.01653,125
2019-07-18,0.00779584,0.355548,0.0539683,0.180911,-0.882945,0.002,15.3504,0.00200678,0.552538,-0.456839,0.175555,-0.0542357,0.166354,0.635983,128
2019-07-19,0.00813503,0.355548,0.0539683,0.180911,-0.882945,0.00471329,15.3504,0.00200678,0.552538,-0.456839,0.175555,-0.0542357,0.166354,0.997354,147
2019-07-22,0.00747514,0.355548,0.0539683,0.180911,-0.882945,0.00855606,15.3504,0.00200678,0.552538,-0.456839,0.175555,-0.0542357,0.166354,1.63835,147
2019-07-23,0.00959739,0.355548,0.0539683,0.180911,-0.882945,0.00423207,15.3504,0.00200678,0.552538,-0.456839,0.175555,-0.0542357,0.166354,1.18065,118
2019-07-24,0.00907591,0.355548,0.0539683,0.180911,-0.882945,0.00526334,15.3504,0.00200678,0.552538,-0.456839,0.175555,-0.0542357,0.166354,1.0253,126
2019-07-25,0.00906102,0.355548,0.0539683,0.180911,-0.882945,0.00384329,15.3504,0.00200678,0.552538,-0.456839,0.175555,-0.0542357,0.166354,1.16238,128
2019-07-26,0.00887637,0.355548,0.0539683,0.180911,-0.882945,0.00257003,15.3504,0.00200678,0.552538,-0.456839,0.175555,-0.0542357,0.166354,0.799338,133
2019-07-29,0.00723817,0.355548,0.0539683,0.180911,-0.882945,0.0106748,15.3504,0.00200678,0.552538,-0.456839,0.175555,-0.0542357,0.166354,0.792779,156
2019-07-30,0.00823228,0.355548,0.0539683,0.180911,-0.882945,0.0115063,15.3504,0.00200678,0.552538,-0.456839,0.175555,-0.0542357,0.166354,0.996048,145
2019-07-31,0.00714332,0.233689,0.0981349,0.21315,-0.978117,0.0102895,15.2337,0.00332898,0.35017,-0.375235,0.26361,-0.0369457,0.132927,0.779867,144
2019-08-01,0.00848687,0.233689,0.0981349,0.21315,-0.978117,0.0107191,15.2337,0.00332898,0.35017,-0.375235,0.26361,-0.0369457,0.132927,1.05393,159
2019-08-02,0.00673538,0.233689,0.0981349,0.21315,-0.978117,0.0197066,15.2337,0.00332898,0.35017,-0.375235,0.26361,-0.0369457,0.132927,1.20168,183
2019-08-05,0.00611975,0.233689,0.0981349,0.21315,-0.978117,0.0311583,15.2337,0.00332898,0.35017,-0.375235,0.26361,-0.0369457,0.132927,3.64223,172
2019-08-06,0.00959024,0.233689,0.0981349,0.21315,-0.978117,0.0180862,15.2337,0.00332898,0.35017,-0.375235,0.26361,-0.0369457,0.132927,1.47502,154
2019-08-07,0.0121947,0.233689,0.0981349,0.21315,-0.978117,0.0151782,15.2337,0.00332898,0.35017,-0.375235,0.26361,-0.0369457,0.132927,1.36489,152
2019-08-08,0.011242,0.233689,0.0981349,0.21315,-0.978117,0.013217,15.2337,0.00332898,0.35017,-0.375235,0.26361,-0.0369457,0.132927,1.4879,168
2019-08-09,0.0102166,0.233689,0.0981349,0.21315,-0.978117,0.0131058,15.2337,0.00332898,0.35017,-0.375235,0.26361,-0.0369457,0.132927,1.25062,178
2019-08-13,0.0139214,0.233689,0.0981349,0.21315,-0.978117,0.0157549,15.2337,0.00332898,0.35017,-0.375235,0.26361,-0.0369457,0.132927,1.1444,148
2019-08-14,0.0121715,0.233689,0.0981349,0.21315,-0.978117,0.0102243,15.2337,0.00332898,0.35017,-0.375235,0.26361,-0.0369457,0.132927,1.08536,144
2019-08-16,0.0128535,0.729062,0.0356293,0.390442,-0.97591,0.0119148,15.7291,0.00598323,0.381516,-0.439171,0.270692,-0.0333232,0.13729,1.01372,160
2019-08-19,0.00909097,0.729062,0.0356293,0.390442,-0.97591,0.0206801,15.7291,0.00598323,0.381516,-0.439171,0.270692,-0.0333232,0.13729,1.76116,161
2019-08-20,0.0113236,0.729062,0.0356293,0.390442,-0.97591,0.0151569,15.7291,0.00598323,0.381516,-0.439171,0.270692,-0.0333232,0.13729,0.588422,122
2019-08-21,0.0136334,0.729062,0.0356293,0.390442,-0.97591,0.0122853,15.7291,0.00598323,0.381516,-0.439171,0.270692,-0.0333232,0.13729,0.916288,130
2019-08-22,0.0171338,0.729062,0.0356293,0.390442,-0.97591,0.0120732,15.7291,0.00598323,0.381516,-0.439171,0.270692,-0.0333232,0.13729,1.14492,143
2019-08-23,0.0114029,0.729062,0.0356293,0.390442,-0.97591,0.0212924,15.7291,0.00598323,0.381516,-0.439171,0.270692,-0.0333232,0.13729,1.18548,155
2019-08-26,0.011506,0.729062,0.0356293,0.390442,-0.97591,0.0170495,15.7291,0.00598323,0.381516,-0.439171,0.270692,-0.0333232,0.13729,2.8938,169
2019-08-27,0.0112233,0.729062,0.0356293,0.390442,-0.97591,0.0126715,15.7291,0.00598323,0.381516,-0.439171,0.270692,-0.0333232,0.13729,1.35878,127
2019-08-28,0.0131071,0.729062,0.0356293,0.390442,-0.97591,0.0125718,15.7291,0.00598323,0.381516,-0.439171,0.270692,-0.0333232,0.13729,1.00135,126
2019-08-29,0.0131547,0.729062,0.0356293,0.390442,-0.97591,0.0115786,15.7291,0.00598323,0.381516,-0.439171,0.270692,-0.0333232,0.13729,0.83232,139
2019-08-30,0.0148476,1.22941,0.0318498,0.511397,-0.79297,0.00543009,16.2294,0.00410656,0.404758,-0.3667,0.28656,-0.0372093,0.138188,0.733193,153
2019-09-03,0.0147363,1.22941,0.0318498,0.511397,-0.79297,0.0194468,16.2294,0.00410656,0.404758,-0.3667,0.28656,-0.0372093,0.138188,1.25154,129
2019-09-04,0.0146514,1.22941,0.0318498,0.511397,-0.79297,0.0136109,16.2294,0.00410656,0.404758,-0.3667,0.28656,-0.0372093,0.138188,0.756482,139
2019-09-05,0.0150064,1.22941,0.0318498,0.511397,-0.79297,0.0108392,16.2294,0.00410656,0.404758,-0.3667,0.28656,-0.0372093,0.138188,0.83993,151
2019-09-06,0.0158688,1.22941,0.0318498,0.511397,-0.79297,0.00309723,16.2294,0.00410656,0.404758,-0.3667,0.28656,-0.0372093,0.138188,0.807568,139
2019-09-09,0.0152085,1.22941,0.0318498,0.511397,-0.79297,0.00295389,16.2294,0.00410656,0.404758,-0.3667,0.28656,-0.0372093,0.138188,0.763428,143
2019-09-11,0.0134364,1.22941,0.0318498,0.511397,-0.79297,0.00414953,16.2294,0.00410656,0.404758,-0.3667,0.28656,-0.0372093,0.138188,0.651405,127
2019-09-12,0.0127155,1.22941,0.0318498,0.511397,-0.79297,0.00349155,16.2294,0.00410656,0.404758,-0.3667,0.28656,-0.0372093,0.138188,1.01738,133
2019-09-13,0.0107618,1.22941,0.0318498,0.511397,-0.79297,0.00228217,16.2294,0.00410656,0.404758,-0.3667,0.28656,-0.0372093,0.138188,1.00088,137
2019-09-16,0.00971562,1.22941,0.0318498,0.511397,-0.79297,0.0122307,16.2294,0.00410656,0.404758,-0.3667,0.28656,-0.0372093,0.138188,0.622872,128
2019-09-17,0.012184,1.70393,0.0299302,0.454978,-0.704899,0.0149504,16.7039,0.00392742,0.82639,-0.368955,0.167864,-0.0568454,0.171451,1.30424,132
2019-09-18,0.0109423,1.70393,0.0299302,0.454978,-0.704899,0.0123318,16.7039,0.00392742,0.82639,-0.368955,0.167864,-0.0568454,0.171451,0.830195,131
2019-09-19,0.0135832,1.70393,0.0299302,0.454978,-0.704899,0.00860233,16.7039,0.00392742,0.82639,-0.368955,0.167864,-0.0568454,0.171451,0.883002,140
2019-09-20,0.00708664,1.70393,0.0299302,0.454978,-0.704899,0.0190955,16.7039,0.00392742,0.82639,-0.368955,0.167864,-0.0568454,0.171451,2.17939,176
2019-09-23,0.002,1.70393,0.0299302,0.454978,-0.704899,0.0449102,16.7039,0.00392742,0.82639,-0.368955,0.167864,-0.0568454,0.171451,5.54336,192
2019-09-24,0.00339404,1.70393,0.0299302,0.454978,-0.704899,0.0332175,16.7039,0.00392742,0.82639,-0.368955,0.167864,-0.0568454,0.171451,2.40875,140
2019-09-25,0.0066959,1.70393,0.0299302,0.454978,-0.704899,0.0233178,16.7039,0.00392742,0.82639,-0.368955,0.167864,-0.0568454,0.171451,2.31911,152
2019-09-26,0.00643752,1.70393,0.0299302,0.454978,-0.704899,0.0233858,16.7039,0.00392742,0.82639,-0.368955,0.167864,-0.0568454,0.171451,2.0657,161
2019-09-27,0.00707957,1.70393,0.0299302,0.454978,-0.704899,0.0222938,16.7039,0.00392742,0.82639,-0.368955,0.167864,-0.0568454,0.171451,1.21387,166
2019-09-30,0.00942511,1.70393,0.0299302,0.454978,-0.704899,0.0155862,16.7039,0.00392742,0.82639,-0.368955,0.167864,-0.0568454,0.171451,1.30298,164
2019-10-01,0.010193,2.30304,0.0290142,0.428604,-0.687014,0.0229026,17.303,0.002,0.94766,-0.262256,0.181013,-0.0656911,0.171149,1.10802,147
2019-10-03,0.0110904,2.30304,0.0290142,0.428604,-0.687014,0.0262351,17.303,0.002,0.94766,-0.262256,0.181013,-0.0656911,0.171149,1.04938,157
2019-10-04,0.013118,2.30304,0.0290142,0.428604,-0.687014,0.0193393,17.303,0.002,0.94766,-0.262256,0.181013,-0.0656911,0.171149,1.08632,188
2019-10-07,0.0164236,2.30304,0.0290142,0.428604,-0.687014,0.0161046,17.303,0.002,0.94766,-0.262256,0.181013,-0.0656911,0.171149,1.30348,174
2019-10-09,0.014381,2.30304,0.0290142,0.428604,-0.687014,0.0153063,17.303,0.002,0.94766,-0.262256,0.181013,-0.0656911,0.171149,0.989278,167
2019-10-10,0.0157189,2.30304,0.0290142,0.428604,-0.687014,0.013556,17.303,0.002,0.94766,-0.262256,0.181013,-0.0656911,0.171149,1.09907,170
2019-10-11,0.0167156,2.30304,0.0290142,0.428604,-0.687014,0.0129313,17.303,0.002,0.94766,-0.262256,0.181013,-0.0656911,0.171149,0.784202,176
2019-10-14,0.0123522,2.30304,0.0290142,0.428604,-0.687014,0.0224965,17.303,0.002,0.94766,-0.262256,0.181013,-0.0656911,0.171149,1.29491,176
2019-10-15,0.0150771,2.30304,0.0290142,0.428604,-0.687014,0.012499,17.303,0.002,0.94766,-0.262256,0.181013,-0.0656911,0.171149,0.690189,149
2019-10-16,0.0167082,2.30304,0.0290142,0.428604,-0.687014,0.00543427,17.303,0.002,0.94766,-0.262256,0.181013,-0.0656911,0.171149,0.829682,150
2019-10-17,0.0146681,1.65608,0.0308097,0.392087,-0.699402,0.00450296,16.6561,0.002,0.804646,-0.202045,0.228141,-0.0624005,0.163011,0.746689,153
2019-10-18,0.0136484,1.65608,0.0308097,0.392087,-0.699402,0.00814186,16.6561,0.002,0.804646,-0.202045,0.228141,-0.0624005,0.163011,0.778443,174
2019-10-22,0.0129991,1.65608,0.0308097,0.392087,-0.699402,0.0140882,16.6561,0.002,0.804646,-0.202045,0.228141,-0.0624005,0.163011,1.29863,146
2019-10-23,0.0121298,1.65608,0.0308097,0.392087,-0.699402,0.0140301,16.6561,0.002,0.804646,-0.202045,0.228141,-0.0624005,0.163011,1.02266,147
2019-10-24,0.0131042,1.65608,0.0308097,0.392087,-0.699402,0.0111126,16.6561,0.002,0.804646,-0.202045,0.228141,-0.0624005,0.163011,1.49559,143
2019-10-25,0.0147466,1.65608,0.0308097,0.392087,-0.699402,0.002,16.6561,0.002,0.804646,-0.202045,0.228141,-0.0624005,0.163011,0.826676,140
2019-10-29,0.0136229,1.65608,0.0308097,0.392087,-0.699402,0.0114141,16.6561,0.002,0.804646,-0.202045,0.228141,-0.0624005,0.163011,1.05667,131
2019-10-30,0.0191234,1.65608,0.0308097,0.392087,-0.699402,0.0030131,16.6561,0.002,0.804646,-0.202045,0.228141,-0.0624005,0.163011,0.988255,134
2019-10-31,0.0177533,1.65608,0.0308097,0.392087,-0.699402,0.00202785,16.6561,0.002,0.804646,-0.202045,0.228141,-0.0624005,0.163011,0.888406,148
2019-11-01,0.0146012,1.65608,0.0308097,0.392087,-0.699402,0.002,16.6561,0.002,0.804646,-0.202045,0.228141,-0.0624005,0.163011,0.807287,154
2019-11-04,0.0116183,1.39463,0.029271,0.399154,-0.64903,0.00951187,16.3946,0.00250813,0.692009,-0.239648,0.220468,-0.0650225,0.169519,0.812411,165
2019-11-05,0.0134827,1.39463,0.029271,0.399154,-0.64903,0.00529321,16.3946,0.00250813,0.692009,-0.239648,0.220468,-0.0650225,0.169519,0.749824,149
2019-11-06,0.0138469,1.39463,0.029271,0.399154,-0.64903,0.00390092,16.3946,0.00250813,0.692009,-0.239648,0.220468,-0.0650225,0.169519,0.7247,150
2019-11-07,0.0124448,1.39463,0.029271,0.399154,-0.64903,0.002,16.3946,0.00250813,0.692009,-0.239648,0.220468,-0.0650225,0.169519,0.847376,166
2019-11-08,0.0134358,1.39463,0.029271,0.399154,-0.64903,0.002,16.3946,0.00250813,0.692009,-0.239648,0.220468,-0.0650225,0.169519,0.797857,170
2019-11-11,0.0134173,1.39463,0.029271,0.399154,-0.64903,0.00437776,16.3946,0.00250813,0.692009,-0.239648,0.220468,-0.0650225,0.169519,0.695487,166
2019-11-13,0.0139937,1.39463,0.029271,0.399154,-0.64903,0.003632,16.3946,0.00250813,0.692009,-0.239648,0.220468,-0.0650225,0.169519,0.551378,133
2019-11-14,0.0119789,1.39463,0.029271,0.399154,-0.64903,0.002,16.3946,0.00250813,0.692009,-0.239648,0.220468,-0.0650225,0.169519,0.89655,137
2019-11-15,0.0113194,1.39463,0.029271,0.399154,-0.64903,0.002,16.3946,0.00250813,0.692009,-0.239648,0.220468,-0.0650225,0.169519,0.914465,139
2019-11-18,0.00947068,1.39463,0.029271,0.399154,-0.64903,0.00837414,16.3946,0.00250813,0.692009,-0.239648,0.220468,-0.0650225,0.169519,0.67946,134
2019-11-19,0.00972918,1.36333,0.0239031,0.406838,-0.602528,0.0054408,16.3633,0.00563642,0.903545,-0.300897,0.169107,-0.0709818,0.184082,0.601891,107
2019-11-20,0.00799245,1.36333,0.0239031,0.406838,-0.602528,0.00853959,16.3633,0.00563642,0.903545,-0.300897,0.169107,-0.0709818,0.184082,0.767103,129
2019-11-21,0.0102724,1.36333,0.0239031,0.406838,-0.602528,0.00408153,16.3633,0.00563642,0.903545,-0.300897,0.169107,-0.0709818,0.184082,0.551056,129
2019-11-22,0.0100398,1.36333,0.0239031,0.406838,-0.602528,0.002,16.3633,0.00563642,0.903545,-0.300897,0.169107,-0.0709818,0.184082,0.773783,141
2019-11-25,0.00756467,1.36333,0.0239031,0.406838,-0.602528,0.00860477,16.3633,0.00563642,0.903545,-0.300897,0.169107,-0.0709818,0.184082,1.33439,148
2019-11-26,0.00731951,1.36333,0.0239031,0.406838,-0.602528,0.00831288,16.3633,0.00563642,0.903545,-0.300897,0.169107,-0.0709818,0.184082,0.743819,132
2019-11-27,0.00793805,1.36333,0.0239031,0.406838,-0.602528,0.00472229,16.3633,0.00563642,0.903545,-0.300897,0.169107,-0.0709818,0.184082,0.760614,139
2019-11-28,0.00762828,1.36333,0.0239031,0.406838,-0.602528,0.00360341,16.3633,0.00563642,0.903545,-0.300897,0.169107,-0.0709818,0.184082,0.89538,148
2019-11-29,0.00584512,1.36333,0.0239031,0.406838,-0.602528,0.00522069,16.3633,0.00563642,0.903545,-0.300897,0.169107,-0.0709818,0.184082,0.879676,149
2019-12-02,0.0046823,1.36333,0.0239031,0.406838,-0.602528,0.010168,16.3633,0.00563642,0.903545,-0.300897,0.169107,-0.0709818,0.184082,0.773448,130
2019-12-03,0.00298441,0.41701,0.0376226,0.547931,-0.595561,0.00935595,15.417,0.0100607,0.348147,-0.596699,0.189812,-0.06223,0.170075,0.702871,115
2019-12-04,0.002,0.41701,0.0376226,0.547931,-0.595561,0.00899695,15.417,0.0100607,0.348147,-0.596699,0.189812,-0.06223,0.170075,0.6458,130
2019-12-05,0.002,0.41701,0.0376226,0.547931,-0.595561,0.00794441,15.417,0.0100607,0.348147,-0.596699,0.189812,-0.06223,0.170075,0.730834,136
2019-12-06,0.002,0.41701,0.0376226,0.547931,-0.595561,0.010484,15.417,0.0100607,0.348147,-0.596699,0.189812,-0.06223,0.170075,0.732444,146
2019-12-09,0.002,0.41701,0.0376226,0.547931,-0.595561,0.0127336,15.417,0.0100607,0.348147,-0.596699,0.189812,-0.06223,0.170075,0.693788,143
2019-12-10,0.002,0.41701,0.0376226,0.547931,-0.595561,0.0128132,15.417,0.0100607,0.348147,-0.596699,0.189812,-0.06223,0.170075,0.841109,125
2019-12-11,0.00221211,0.41701,0.0376226,0.547931,-0.595561,0.0112108,15.417,0.0100607,0.348147,-0.596699,0.189812,-0.06223,0.170075,0.615733,142
2019-12-12,0.002,0.41701,0.0376226,0.547931,-0.595561,0.00826333,15.417,0.0100607,0.348147,-0.596699,0.189812,-0.06223,0.170075,0.787358,149
2019-12-13,0.002,0.41701,0.0376226,0.547931,-0.595561,0.0107271,15.417,0.0100607,0.348147,-0.596699,0.189812,-0.06223,0.170075,0.98782,176
2019-12-16,0.002,0.41701,0.0376226,0.547931,-0.595561,0.0112531,15.417,0.0100607,0.348147,-0.596699,0.189812,-0.06223,0.170075,0.897551,154
2019-12-17,0.0021385,0.340306,0.0337262,0.41961,-0.729798,0.00840552,15.3403,0.0105016,0.254998,-0.711154,0.169968,-0.0645466,0.17443,0.949045,135
2019-12-18,0.002,0.340306,0.0337262,0.41961,-0.729798,0.00792701,15.3403,0.0105016,0.254998,-0.711154,0.169968,-0.0645466,0.17443,1.07579,147
2019-12-19,0.00237896,0.340306,0.0337262,0.41961,-0.729798,0.00585974,15.3403,0.0105016,0.254998,-0.711154,0.169968,-0.0645466,0.17443,0.962771,146
2019-12-20,0.00291245,0.340306,0.0337262,0.41961,-0.729798,0.00512472,15.3403,0.0105016,0.254998,-0.711154,0.169968,-0.0645466,0.17443,1.35371,151
2019-12-23,0.00235698,0.340306,0.0337262,0.41961,-0.729798,0.00668904,15.3403,0.0105016,0.254998,-0.711154,0.169968,-0.0645466,0.17443,1.69232,143
2019-12-24,0.002,0.340306,0.0337262,0.41961,-0.729798,0.00539362,15.3403,0.0105016,0.254998,-0.711154,0.169968,-0.0645466,0.17443,1.05216,122
2019-12-26,0.002,0.340306,0.0337262,0.41961,-0.729798,0.00467896,15.3403,0.0105016,0.254998,-0.711154,0.169968,-0.0645466,0.17443,1.26098,137
2019-12-27,0.002,0.340306,0.0337262,0.41961,-0.729798,0.00366872,15.3403,0.0105016,0.254998,-0.711154,0.169968,-0.0645466,0.17443,1.08327,153
2019-12-30,0.002,0.340306,0.0337262,0.41961,-0.729798,0.00565587,15.3403,0.0105016,0.254998,-0.711154,0.169968,-0.0645466,0.17443,1.02472,150
2019-12-31,0.002,0.340306,0.0337262,0.41961,-0.729798,0.0071215,15.3403,0.0105016,0.254998,-0.711154,0.169968,-0.0645466,0.17443,0.972536,132
2020-01-01,0.00512097,0.126619,0.0353204,0.22697,-0.977513,0.002,15.0703,0.0101015,0.335423,-0.489935,0.219147,-0.0540591,0.139065,0.71307,134
2020-01-02,0.00447878,0.126619,0.0353204,0.22697,-0.977513,0.002,15.0703,0.0101015,0.335423,-0.489935,0.219147,-0.0540591,0.139065,0.92271,146
2020-01-03,0.00636466,0.126619,0.0353204,0.22697,-0.977513,0.00222456,15.0703,0.0101015,0.335423,-0.489935,0.219147,-0.0540591,0.139065,0.656835,159
2020-01-06,0.0067576,0.126619,0.0353204,0.22697,-0.977513,0.0110054,15.0703,0.0101015,0.335423,-0.489935,0.219147,-0.0540591,0.139065,2.05134,180
2020-01-07,0.00825294,0.126619,0.0353204,0.22697,-0.977513,0.00733743,15.0703,0.0101015,0.335423,-0.489935,0.219147,-0.0540591,0.139065,1.07924,147
2020-01-08,0.0095399,0.126619,0.0353204,0.22697,-0.977513,0.00989148,15.0703,0.0101015,0.335423,-0.489935,0.219147,-0.0540591,0.139065,1.86261,154
2020-01-09,0.00816551,0.126619,0.0353204,0.22697,-0.977513,0.00382142,15.0703,0.0101015,0.335423,-0.489935,0.219147,-0.0540591,0.139065,1.20453,157
2020-01-10,0.00768102,0.126619,0.0353204,0.22697,-0.977513,0.00458333,15.0703,0.0101015,0.335423,-0.489935,0.219147,-0.0540591,0.139065,1.16502,165
2020-01-13,0.0074257,0.126619,0.0353204,0.22697,-0.977513,0.00684296,15.0703,0.0101015,0.335423,-0.489935,0.219147,-0.0540591,0.139065,1.45363,160
2020-01-14,0.00863179,0.126619,0.0353204,0.22697,-0.977513,0.002,15.0703,0.0101015,0.335423,-0.489935,0.219147,-0.0540591,0.139065,1.13015,138
2020-01-15,0.00893397,0.135618,0.0326017,0.289603,-0.98,0.00324076,15.1289,0.00988325,0.388287,-0.43605,0.275685,-0.05058,0.126739,1.16608,160
2020-01-16,0.00934492,0.135618,0.0326017,0.289603,-0.98,0.00239955,15.1289,0.00988325,0.388287,-0.43605,0.275685,-0.05058,0.126739,1.16468,167
2020-01-17,0.00874598,0.135618,0.0326017,0.289603,-0.98,0.00321463,15.1289,0.00988325,0.388287,-0.43605,0.275685,-0.05058,0.126739,1.33448,169
2020-01-20,0.00685148,0.135618,0.0326017,0.289603,-0.98,0.0156093,15.1289,0.00988325,0.388287,-0.43605,0.275685,-0.05058,0.126739,1.57547,170
2020-01-21,0.00623573,0.135618,0.0326017,0.289603,-0.98,0.0195009,15.1289,0.00988325,0.388287,-0.43605,0.275685,-0.05058,0.126739,1.63741,140
2020-01-22,0.00600281,0.135618,0.0326017,0.289603,-0.98,0.0241373,15.1289,0.00988325,0.388287,-0.43605,0.275685,-0.05058,0.126739,1.80262,137
2020-01-23,0.00672569,0.135618,0.0326017,0.289603,-0.98,0.0180068,15.1289,0.00988325,0.388287,-0.43605,0.275685,-0.05058,0.126739,1.75121,138
2020-01-24,0.00701884,0.135618,0.0326017,0.289603,-0.98,0.0139773,15.1289,0.00988325,0.388287,-0.43605,0.275685,-0.05058,0.126739,1.63684,139
2020-01-27,0.00515446,0.135618,0.0326017,0.289603,-0.98,0.0268564,15.1289,0.00988325,0.388287,-0.43605,0.275685,-0.05058,0.126739,2.12562,144
2020-01-28,0.002,0.135618,0.0326017,0.289603,-0.98,0.038668,15.1289,0.00988325,0.388287,-0.43605,0.275685,-0.05058,0.126739,1.80508,123
2020-01-29,0.00475949,1.28152,0.0131697,0.316876,-0.98,0.0319995,16.2815,0.00751713,0.350002,-0.439414,0.259632,-0.0457078,0.132653,1.85027,132
2020-01-30,0.002,1.28152,0.0131697,0.316876,-0.98,0.0374432,16.2815,0.00751713,0.350002,-0.439414,0.259632,-0.0457078,0.132653,2.46535,134
2020-01-31,0.002,1.28152,0.0131697,0.316876,-0.98,0.0430072,16.2815,0.00751713,0.350002,-0.439414,0.259632,-0.0457078,0.132653,3.21188,164
2020-02-03,0.00909875,1.28152,0.0131697,0.316876,-0.98,0.0163668,16.2815,0.00751713,0.350002,-0.439414,0.259632,-0.0457078,0.132653,3.07671,196
2020-02-04,0.00599908,1.28152,0.0131697,0.316876,-0.98,0.0122003,16.2815,0.00751713,0.350002,-0.439414,0.259632,-0.0457078,0.132653,0.778294,166
2020-02-05,0.00530407,1.28152,0.0131697,0.316876,-0.98,0.0102354,16.2815,0.00751713,0.350002,-0.439414,0.259632,-0.0457078,0.132653,1.16285,160
2020-02-06,0.00596558,1.28152,0.0131697,0.316876,-0.98,0.00741906,16.2815,0.00751713,0.350002,-0.439414,0.259632,-0.0457078,0.132653,0.673782,166
2020-02-07,0.00694195,1.28152,0.0131697,0.316876,-0.98,0.00465334,16.2815,0.00751713,0.350002,-0.439414,0.259632,-0.0457078,0.132653,0.722234,169
2020-02-10,0.00509888,1.28152,0.0131697,0.316876,-0.98,0.0114699,16.2815,0.00751713,0.350002,-0.439414,0.259632,-0.0457078,0.132653,0.748126,161
2020-02-11,0.00657311,1.28152,0.0131697,0.316876,-0.98,0.00530031,16.2815,0.00751713,0.350002,-0.439414,0.259632,-0.0457078,0.132653,0.663981,138
2020-02-12,0.00504709,2.86265,0.0144654,0.36651,-0.98,0.00583206,17.8626,0.00529991,0.237996,-0.327696,0.279151,-0.0453659,0.132449,0.631894,137
2020-02-13,0.00470264,2.86265,0.0144654,0.36651,-0.98,0.00615201,17.8626,0.00529991,0.237996,-0.327696,0.279151,-0.0453659,0.132449,0.697217,141
2020-02-14,0.00499801,2.86265,0.0144654,0.36651,-0.98,0.00746387,17.8626,0.00529991,0.237996,-0.327696,0.279151,-0.0453659,0.132449,0.691718,157
2020-02-17,0.0041437,2.86265,0.0144654,0.36651,-0.98,0.0132887,17.8626,0.00529991,0.237996,-0.327696,0.279151,-0.0453659,0.132449,1.07111,162
2020-02-18,0.00547215,2.86265,0.0144654,0.36651,-0.98,0.011458,17.8626,0.00529991,0.237996,-0.327696,0.279151,-0.0453659,0.132449,1.01091,144
2020-02-19,0.00667902,2.86265,0.0144654,0.36651,-0.98,0.00692667,17.8626,0.00529991,0.237996,-0.327696,0.279151,-0.0453659,0.132449,0.821174,152
2020-02-20,0.00459873,2.86265,0.0144654,0.36651,-0.98,0.00765726,17.8626,0.00529991,0.237996,-0.327696,0.279151,-0.0453659,0.132449,0.879455,137
2020-02-24,0.00501179,2.86265,0.0144654,0.36651,-0.98,0.0261051,17.8626,0.00529991,0.237996,-0.327696,0.279151,-0.0453659,0.132449,2.69237,171
2020-02-25,0.00842857,2.86265,0.0144654,0.36651,-0.98,0.0203711,17.8626,0.00529991,0.237996,-0.327696,0.279151,-0.0453659,0.132449,0.896871,143
2020-02-26,0.0109333,2.86265,0.0144654,0.36651,-0.98,0.0245677,17.8626,0.00529991,0.237996,-0.327696,0.279151,-0.0453659,0.132449,1.18309,157
2020-02-27,0.0130418,1.71822,0.020831,0.224773,-0.98,0.0208071,16.7182,0.00200151,0.499465,-0.405768,0.25366,-0.0448007,0.145577,1.05073,170
2020-02-28,0.0144829,1.71822,0.020831,0.224773,-0.98,0.0567458,16.7182,0.00200151,0.499465,-0.405768,0.25366,-0.0448007,0.145577,3.14843,186
2020-03-02,0.0129702,1.71822,0.020831,0.224773,-0.98,0.0775732,16.7182,0.00200151,0.499465,-0.405768,0.25366,-0.0448007,0.145577,7.19099,217
2020-03-03,0.019049,1.71822,0.020831,0.224773,-0.98,0.0514559,16.7182,0.00200151,0.499465,-0.405768,0.25366,-0.0448007,0.145577,4.24673,166
2020-03-04,0.0224215,1.71822,0.020831,0.224773,-0.98,0.040149,16.7182,0.00200151,0.499465,-0.405768,0.25366,-0.0448007,0.145577,3.88025,176
2020-03-05,0.0257389,1.71822,0.020831,0.224773,-0.98,0.0286671,16.7182,0.00200151,0.499465,-0.405768,0.25366,-0.0448007,0.145577,3.69839,164
2020-03-06,0.0315507,1.71822,0.020831,0.224773,-0.98,0.0370494,16.7182,0.00200151,0.499465,-0.405768,0.25366,-0.0448007,0.145577,2.9636,196
2020-03-09,0.0323581,1.71822,0.020831,0.224773,-0.98,0.0998524,16.7182,0.00200151,0.499465,-0.405768,0.25366,-0.0448007,0.145577,6.00161,210
2020-03-11,0.0373284,1.71822,0.020831,0.224773,-0.98,0.0813798,16.7182,0.00200151,0.499465,-0.405768,0.25366,-0.0448007,0.145577,5.88279,209
2020-03-12,0.0378957,1.71822,0.020831,0.224773,-0.98,0.255916,16.7182,0.00200151,0.499465,-0.405768,0.25366,-0.0448007,0.145577,7.15743,164
2020-03-13,0.0728494,2.45545,0.0163246,0.187628,-0.98,0.3,9.67408,0.002,1.99968,-0.749266,0.191517,-0.0253254,0.16135,13.8625,236
2020-03-16,0.230723,2.45545,0.0163246,0.187628,-0.98,0.3,9.67408,0.002,1.99968,-0.749266,0.191517,-0.0253254,0.16135,29.4035,181
2020-03-17,0.268778,2.45545,0.0163246,0.187628,-0.98,0.3,9.67408,0.002,1.99968,-0.749266,0.191517,-0.0253254,0.16135,14.2511,119
2020-03-18,0.3,0.797678,0.0302519,1.49814,-0.98,0.3,15.5728,0.0114839,0.315499,-0.744318,0.213038,-0.0275589,0.156264,10.6425,116
2020-03-19,0.3,0.797678,0.0302519,1.49814,-0.98,0.3,15.5728,0.0114839,0.315499,-0.744318,0.213038,-0.0275589,0.156264,21.5562,117
2020-03-20,0.3,0.797678,0.0302519,1.49814,-0.98,0.3,15.5728,0.0114839,0.315499,-0.744318,0.213038,-0.0275589,0.156264,15.4892,159
2020-03-23,0.3,0.797678,0.0302519,1.49814,-0.98,0.3,15.5728,0.0114839,0.315499,-0.744318,0.213038,-0.0275589,0.156264,43.0645,113
2020-03-24,0.3,0.797678,0.0302519,1.49814,-0.98,0.3,15.5728,0.0114839,0.315499,-0.744318,0.213038,-0.0275589,0.156264,21.7332,85
2020-03-25,0.3,0.797678,0.0302519,1.49814,-0.98,0.3,15.5728,0.0114839,0.315499,-0.744318,0.213038,-0.0275589,0.156264,18.5156,101
2020-03-26,0.3,0.797678,0.0302519,1.49814,-0.98,0.3,15.5728,0.0114839,0.315499,-0.744318,0.213038,-0.0275589,0.156264,19.1841,117
2020-03-27,0.3,0.797678,0.0302519,1.49814,-0.98,0.3,15.5728,0.0114839,0.315499,-0.744318,0.213038,-0.0275589,0.156264,18.2148,164
2020-03-30,0.3,0.797678,0.0302519,1.49814,-0.98,0.3,15.5728,0.0114839,0.315499,-0.744318,0.213038,-0.0275589,0.156264,7.44503,110
2020-03-31,0.3,0.797678,0.0302519,1.49814,-0.98,0.210671,15.5728,0.0114839,0.315499,-0.744318,0.213038,-0.0275589,0.156264,6.83231,127
2020-04-01,0.3,0.298951,0.00263289,1.49862,-0.977692,0.103533,7.04348,0.0161166,0.713669,-0.619781,0.198729,-0.0206648,0.160489,6.13549,149
2020-04-03,0.3,0.298951,0.00263289,1.49862,-0.977692,0.040754,7.04348,0.0161166,0.713669,-0.619781,0.198729,-0.0206648,0.160489,6.25281,194
2020-04-07,0.246587,0.298951,0.00263289,1.49862,-0.977692,0.0396775,7.04348,0.0161166,0.713669,-0.619781,0.198729,-0.0206648,0.160489,7.09114,138
2020-04-08,0.219116,0.298951,0.00263289,1.49862,-0.977692,0.0693421,7.04348,0.0161166,0.713669,-0.619781,0.198729,-0.0206648,0.160489,6.72786,152
2020-04-09,0.191836,0.298951,0.00263289,1.49862,-0.977692,0.0650124,7.04348,0.0161166,0.713669,-0.619781,0.198729,-0.0206648,0.160489,4.07402,163
2020-04-13,0.173002,0.298951,0.00263289,1.49862,-0.977692,0.114338,7.04348,0.0161166,0.713669,-0.619781,0.198729,-0.0206648,0.160489,6.27216,182
2020-04-15,0.162379,0.298951,0.00263289,1.49862,-0.977692,0.108323,7.04348,0.0161166,0.713669,-0.619781,0.198729,-0.0206648,0.160489,9.39054,155
2020-04-16,0.143597,0.298951,0.00263289,1.49862,-0.977692,0.0800564,7.04348,0.0161166,0.713669,-0.619781,0.198729,-0.0206648,0.160489,3.95899,161
2020-04-17,0.125431,0.298951,0.00263289,1.49862,-0.977692,0.0624827,7.04348,0.0161166,0.713669,-0.619781,0.198729,-0.0206648,0.160489,3.46804,175
2020-04-20,0.109578,0.298951,0.00263289,1.49862,-0.977692,0.105637,7.04348,0.0161166,0.713669,-0.619781,0.198729,-0.0206648,0.160489,5.72797,176
2020-04-21,0.0878437,0.176231,0.002,1.5,-0.85222,0.14437,6.52883,0.0142793,1.4919,-0.636732,0.584112,-0.0344838,0.134996,4.13129,120
2020-04-22,0.122951,0.176231,0.002,1.5,-0.85222,0.0599102,6.52883,0.0142793,1.4919,-0.636732,0.584112,-0.0344838,0.134996,4.20702,144
2020-04-23,0.122774,0.176231,0.002,1.5,-0.85222,0.0210768,6.52883,0.0142793,1.4919,-0.636732,0.584112,-0.0344838,0.134996,3.67781,148
2020-04-24,0.1236,0.176231,0.002,1.5,-0.85222,0.017016,6.52883,0.0142793,1.4919,-0.636732,0.584112,-0.0344838,0.134996,3.79993,152
2020-04-27,0.10378,0.176231,0.002,1.5,-0.85222,0.0334507,6.52883,0.0142793,1.4919,-0.636732,0.584112,-0.0344838,0.134996,4.33975,153
2020-04-28,0.102502,0.176231,0.002,1.5,-0.85222,0.002,6.52883,0.0142793,1.4919,-0.636732,0.584112,-0.0344838,0.134996,3.28208,113
2020-04-29,0.0902873,0.176231,0.002,1.5,-0.85222,0.002,6.52883,0.0142793,1.4919,-0.636732,0.584112,-0.0344838,0.134996,4.22477,118
2020-04-30,0.0851823,0.176231,0.002,1.5,-0.85222,0.0101934,6.52883,0.0142793,1.4919,-0.636732,0.584112,-0.0344838,0.134996,3.07361,157
2020-05-04,0.0789563,0.176231,0.002,1.5,-0.85222,0.123864,6.52883,0.0142793,1.4919,-0.636732,0.584112,-0.0344838,0.134996,7.21301,177
2020-05-05,0.101645,0.176231,0.002,1.5,-0.85222,0.0896817,6.52883,0.0142793,1.4919,-0.636732,0.584112,-0.0344838,0.134996,2.46473,138
2020-05-06,0.111243,0.665386,0.002,1.5,-0.673794,0.0298447,5.09021,0.00200046,1.99939,-0.862736,1.27545,-0.0573953,0.151759,1.34602,148
2020-05-07,0.122503,0.665386,0.002,1.5,-0.673794,0.002,5.09021,0.00200046,1.99939,-0.862736,1.27545,-0.0573953,0.151759,2.56616,157
2020-05-08,0.105186,0.665386,0.002,1.5,-0.673794,0.002,5.09021,0.00200046,1.99939,-0.862736,1.27545,-0.0573953,0.151759,2.7074,178
2020-05-11,0.105913,0.665386,0.002,1.5,-0.673794,0.002,5.09021,0.00200046,1.99939,-0.862736,1.27545,-0.0573953,0.151759,2.4144,181
2020-05-12,0.110307,0.665386,0.002,1.5,-0.673794,0.002,5.09021,0.00200046,1.99939,-0.862736,1.27545,-0.0573953,0.151759,2.14255,153
2020-05-13,0.113959,0.665386,0.002,1.5,-0.673794,0.002,5.09021,0.00200046,1.99939,-0.862736,1.27545,-0.0573953,0.151759,3.67766,158
2020-05-14,0.110881,0.665386,0.002,1.5,-0.673794,0.002,5.09021,0.00200046,1.99939,-0.862736,1.27545,-0.0573953,0.151759,3.81238,172
2020-05-15,0.105943,0.665386,0.002,1.5,-0.673794,0.002,5.09021,0.00200046,1.99939,-0.862736,1.27545,-0.0573953,0.151759,3.49925,182
2020-05-18,0.129815,0.665386,0.002,1.5,-0.673794,0.00983033,5.09021,0.00200046,1.99939,-0.862736,1.27545,-0.0573953,0.151759,4.5838,184
2020-05-19,0.117047,0.665386,0.002,1.5,-0.673794,0.002,5.09021,0.00200046,1.99939,-0.862736,1.27545,-0.0573953,0.151759,2.83122,152
2020-05-20,0.0923025,1.82287,0.0136953,0.8313,-0.636762,0.002,2.02436,0.00253776,2,-0.98,0.667933,-0.0760997,0.198303,1.38782,161
2020-05-21,0.0750957,1.82287,0.0136953,0.8313,-0.636762,0.002,2.02436,0.00253776,2,-0.98,0.667933,-0.0760997,0.198303,2.47062,152
2020-05-22,0.0715372,1.82287,0.0136953,0.8313,-0.636762,0.002,2.02436,0.00253776,2,-0.98,0.667933,-0.0760997,0.198303,2.68937,152
2020-05-26,0.0687565,1.82287,0.0136953,0.8313,-0.636762,0.002,2.02436,0.00253776,2,-0.98,0.667933,-0.0760997,0.198303,1.62372,118
2020-05-27,0.0656512,1.82287,0.0136953,0.8313,-0.636762,0.002,2.02436,0.00253776,2,-0.98,0.667933,-0.0760997,0.198303,1.67608,153
2020-05-28,0.0608731,1.82287,0.0136953,0.8313,-0.636762,0.002,2.02436,0.00253776,2,-0.98,0.667933,-0.0760997,0.198303,2.175,160
2020-05-29,0.0635819,1.82287,0.0136953,0.8313,-0.636762,0.002,2.02436,0.00253776,2,-0.98,0.667933,-0.0760997,0.198303,2.06135,179
2020-06-01,0.0703699,1.82287,0.0136953,0.8313,-0.636762,0.00403781,2.02436,0.00253776,2,-0.98,0.667933,-0.0760997,0.198303,2.84816,221
2020-06-02,0.0644331,1.82287,0.0136953,0.8313,-0.636762,0.002,2.02436,0.00253776,2,-0.98,0.667933,-0.0760997,0.198303,1.47201,171
2020-06-03,0.0635702,1.82287,0.0136953,0.8313,-0.636762,0.00430971,2.02436,0.00253776,2,-0.98,0.667933,-0.0760997,0.198303,1.99844,206
2020-06-04,0.042857,0.693724,0.0317975,0.314258,-0.929351,0.0286079,1.92886,0.00200029,2,-0.706553,0.293118,-0.0882985,0.249412,1.3652,211
2020-06-05,0.0462881,0.693724,0.0317975,0.314258,-0.929351,0.0170827,1.92886,0.00200029,2,-0.706553,0.293118,-0.0882985,0.249412,1.44869,216
2020-06-08,0.0407916,0.693724,0.0317975,0.314258,-0.929351,0.036608,1.92886,0.00200029,2,-0.706553,0.293118,-0.0882985,0.249412,2.02287,224
2020-06-09,0.043688,0.693724,0.0317975,0.314258,-0.929351,0.0358328,1.92886,0.00200029,2,-0.706553,0.293118,-0.0882985,0.249412,1.76081,188
2020-06-10,0.0450265,0.693724,0.0317975,0.314258,-0.929351,0.0294879,1.92886,0.00200029,2,-0.706553,0.293118,-0.0882985,0.249412,1.38671,188
2020-06-11,0.0513956,0.693724,0.0317975,0.314258,-0.929351,0.0243562,1.92886,0.00200029,2,-0.706553,0.293118,-0.0882985,0.249412,1.59046,191
2020-06-12,0.0419789,0.693724,0.0317975,0.314258,-0.929351,0.0487363,1.92886,0.00200029,2,-0.706553,0.293118,-0.0882985,0.249412,1.60957,215
2020-06-15,0.0361314,0.693724,0.0317975,0.314258,-0.929351,0.0763989,1.92886,0.00200029,2,-0.706553,0.293118,-0.0882985,0.249412,2.52385,215
2020-06-16,0.0407175,0.693724,0.0317975,0.314258,-0.929351,0.0655916,1.92886,0.00200029,2,-0.706553,0.293118,-0.0882985,0.249412,2.37119,176
2020-06-17,0.0314677,0.693724,0.0317975,0.314258,-0.929351,0.0859914,1.92886,0.00200029,2,-0.706553,0.293118,-0.0882985,0.249412,2.42619,171
2020-06-18,0.0443574,0.132841,0.00592133,0.338207,-0.852657,0.0594341,6.27888,0.00231756,2,-0.648394,0.281143,-0.0969608,0.249995,1.83041,184
2020-06-19,0.046383,0.132841,0.00592133,0.338207,-0.852657,0.0410363,6.27888,0.00231756,2,-0.648394,0.281143,-0.0969608,0.249995,2.55844,188
2020-06-22,0.0460935,0.132841,0.00592133,0.338207,-0.852657,0.0473693,6.27888,0.00231756,2,-0.648394,0.281143,-0.0969608,0.249995,3.3637,205
2020-06-23,0.0437467,0.132841,0.00592133,0.338207,-0.852657,0.0366063,6.27888,0.00231756,2,-0.648394,0.281143,-0.0969608,0.249995,1.66928,179
2020-06-24,0.0494607,0.132841,0.00592133,0.338207,-0.852657,0.0317452,6.27888,0.00231756,2,-0.648394,0.281143,-0.0969608,0.249995,1.66522,188
2020-06-25,0.0497595,0.132841,0.00592133,0.338207,-0.852657,0.0286379,6.27888,0.00231756,2,-0.648394,0.281143,-0.0969608,0.249995,1.47867,188
2020-06-26,0.0554506,0.132841,0.00592133,0.338207,-0.852657,0.013215,6.27888,0.00231756,2,-0.648394,0.281143,-0.0969608,0.249995,1.29974,215
2020-06-29,0.0512012,0.132841,0.00592133,0.338207,-0.852657,0.0278935,6.27888,0.00231756,2,-0.648394,0.281143,-0.0969608,0.249995,1.52767,215
2020-06-30,0.0505772,0.132841,0.00592133,0.338207,-0.852657,0.027592,6.27888,0.00231756,2,-0.648394,0.281143,-0.0969608,0.249995,1.40145,179
2020-07-01,0.0505566,0.132841,0.00592133,0.338207,-0.852657,0.0161285,6.27888,0.00231756,2,-0.648394,0.281143,-0.0969608,0.249995,1.41231,196
2020-07-02,0.0453782,1.16782,0.002,0.473738,-0.947067,0.002,14.6156,0.0243617,2,-0.473136,0.27065,-0.111786,0.249902,1.00505,202
2020-07-03,0.0421933,1.16782,0.002,0.473738,-0.947067,0.002,14.6156,0.0243617,2,-0.473136,0.27065,-0.111786,0.249902,1.005,234
2020-07-06,0.0353871,1.16782,0.002,0.473738,-0.947067,0.00912206,14.6156,0.0243617,2,-0.473136,0.27065,-0.111786,0.249902,1.4139,252
2020-07-07,0.0377775,1.16782,0.002,0.473738,-0.947067,0.00328808,14.6156,0.0243617,2,-0.473136,0.27065,-0.111786,0.249902,0.863828,207
2020-07-08,0.0408227,1.16782,0.002,0.473738,-0.947067,0.00626545,14.6156,0.0243617,2,-0.473136,0.27065,-0.111786,0.249902,0.978037,221
2020-07-09,0.0358221,1.16782,0.002,0.473738,-0.947067,0.002,14.6156,0.0243617,2,-0.473136,0.27065,-0.111786,0.249902,1.15823,220
2020-07-10,0.036991,1.16782,0.002,0.473738,-0.947067,0.002,14.6156,0.0243617,2,-0.473136,0.27065,-0.111786,0.249902,1.2729,237
2020-07-13,0.0392275,1.16782,0.002,0.473738,-0.947067,0.002,14.6156,0.0243617,2,-0.473136,0.27065,-0.111786,0.249902,1.30244,238
2020-07-14,0.0460442,1.16782,0.002,0.473738,-0.947067,0.00309754,14.6156,0.0243617,2,-0.473136,0.27065,-0.111786,0.249902,0.872354,194
2020-07-15,0.04595,1.16782,0.002,0.473738,-0.947067,0.002,14.6156,0.0243617,2,-0.473136,0.27065,-0.111786,0.249902,0.946669,194
2020-07-16,0.0407917,1.12615,0.002,0.487547,-0.879234,0.002,13.8615,0.0297617,2,-0.518487,0.227427,-0.113635,0.249877,0.77021,198
2020-07-17,0.0359083,1.12615,0.002,0.487547,-0.879234,0.002,13.8615,0.0297617,2,-0.518487,0.227427,-0.113635,0.249877,0.99242,225
2020-07-20,0.028872,1.12615,0.002,0.487547,-0.879234,0.0197761,13.8615,0.0297617,2,-0.518487,0.227427,-0.113635,0.249877,2.03718,238
2020-07-21,0.0307243,1.12615,0.002,0.487547,-0.879234,0.0103801,13.8615,0.0297617,2,-0.518487,0.227427,-0.113635,0.249877,1.60495,194
2020-07-22,0.0303735,1.12615,0.002,0.487547,-0.879234,0.0165455,13.8615,0.0297617,2,-0.518487,0.227427,-0.113635,0.249877,1.44278,205
2020-07-23,0.0325043,1.12615,0.002,0.487547,-0.879234,0.00723484,13.8615,0.0297617,2,-0.518487,0.227427,-0.113635,0.249877,1.0654,206
2020-07-24,0.0345804,1.12615,0.002,0.487547,-0.879234,0.00411223,13.8615,0.0297617,2,-0.518487,0.227427,-0.113635,0.249877,0.982672,227
2020-07-27,0.0332984,1.12615,0.002,0.487547,-0.879234,0.0146004,13.8615,0.0297617,2,-0.518487,0.227427,-0.113635,0.249877,1.79339,230
2020-07-28,0.0321622,1.12615,0.002,0.487547,-0.879234,0.00437256,13.8615,0.0297617,2,-0.518487,0.227427,-0.113635,0.249877,1.35159,168
2020-07-29,0.0348042,1.12615,0.002,0.487547,-0.879234,0.00370928,13.8615,0.0297617,2,-0.518487,0.227427,-0.113635,0.249877,1.29981,177
2020-07-30,0.0404605,1.17265,0.002,0.378066,-0.8859,0.00253272,10.5108,0.0287063,2,-0.571083,0.273273,-0.100288,0.226254,1.62093,220
2020-07-31,0.0369695,1.17265,0.002,0.378066,-0.8859,0.002,10.5108,0.0287063,2,-0.571083,0.273273,-0.100288,0.226254,1.65476,232
2020-08-03,0.0418307,1.17265,0.002,0.378066,-0.8859,0.002,10.5108,0.0287063,2,-0.571083,0.273273,-0.100288,0.226254,2.30303,235
2020-08-04,0.0338345,1.17265,0.002,0.378066,-0.8859,0.002,10.5108,0.0287063,2,-0.571083,0.273273,-0.100288,0.226254,1.44891,190
2020-08-05,0.0316775,1.17265,0.002,0.378066,-0.8859,0.002,10.5108,0.0287063,2,-0.571083,0.273273,-0.100288,0.226254,1.38383,203
2020-08-06,0.0279222,1.17265,0.002,0.378066,-0.8859,0.002,10.5108,0.0287063,2,-0.571083,0.273273,-0.100288,0.226254,1.50746,211
2020-08-07,0.0255192,1.17265,0.002,0.378066,-0.8859,0.002,10.5108,0.0287063,2,-0.571083,0.273273,-0.100288,0.226254,1.77936,205
2020-08-10,0.027655,1.17265,0.002,0.378066,-0.8859,0.002,10.5108,0.0287063,2,-0.571083,0.273273,-0.100288,0.226254,1.69639,205
2020-08-11,0.0233424,1.17265,0.002,0.378066,-0.8859,0.002,10.5108,0.0287063,2,-0.571083,0.273273,-0.100288,0.226254,1.74612,193
2020-08-12,0.0214918,1.17265,0.002,0.378066,-0.8859,0.002,10.5108,0.0287063,2,-0.571083,0.273273,-0.100288,0.226254,1.78824,183
2020-08-13,0.0220196,0.726658,0.00207699,0.204799,-0.965074,0.002,3.09837,0.0515795,1.42879,-0.693665,0.241114,-0.0808379,0.215209,1.29111,212
2020-08-14,0.0269749,0.726658,0.00207699,0.204799,-0.965074,0.002,3.09837,0.0515795,1.42879,-0.693665,0.241114,-0.0808379,0.215209,1.15047,237
2020-08-17,0.0227893,0.726658,0.00207699,0.204799,-0.965074,0.00517838,3.09837,0.0515795,1.42879,-0.693665,0.241114,-0.0808379,0.215209,1.74873,225
2020-08-18,0.0203632,0.726658,0.00207699,0.204799,-0.965074,0.0027861,3.09837,0.0515795,1.42879,-0.693665,0.241114,-0.0808379,0.215209,1.31945,177
2020-08-19,0.0172441,0.726658,0.00207699,0.204799,-0.965074,0.00571172,3.09837,0.0515795,1.42879,-0.693665,0.241114,-0.0808379,0.215209,1.54283,179
2020-08-20,0.0194118,0.726658,0.00207699,0.204799,-0.965074,0.00598832,3.09837,0.0515795,1.42879,-0.693665,0.241114,-0.0808379,0.215209,1.34568,181
2020-08-21,0.0179813,0.726658,0.00207699,0.204799,-0.965074,0.002,3.09837,0.0515795,1.42879,-0.693665,0.241114,-0.0808379,0.215209,1.24864,182
2020-08-24,0.016512,0.726658,0.00207699,0.204799,-0.965074,0.00472611,3.09837,0.0515795,1.42879,-0.693665,0.241114,-0.0808379,0.215209,1.47993,195
2020-08-25,0.0172906,0.726658,0.00207699,0.204799,-0.965074,0.002,3.09837,0.0515795,1.42879,-0.693665,0.241114,-0.0808379,0.215209,1.21541,159
2020-08-26,0.0184182,0.726658,0.00207699,0.204799,-0.965074,0.002,3.09837,0.0515795,1.42879,-0.693665,0.241114,-0.0808379,0.215209,1.27953,165
2020-08-27,0.0193868,0.0549591,0.0190698,0.210504,-0.92392,0.00225799,0.736531,0.0953619,1.17847,-0.665227,0.313103,-0.068094,0.181409,1.06036,184
2020-08-28,0.0175075,0.0549591,0.0190698,0.210504,-0.92392,0.00216583,0.736531,0.0953619,1.17847,-0.665227,0.313103,-0.068094,0.181409,1.21268,193
2020-08-31,0.0151384,0.0549591,0.0190698,0.210504,-0.92392,0.0276266,0.736531,0.0953619,1.17847,-0.665227,0.313103,-0.068094,0.181409,4.27313,239
2020-09-01,0.0196495,0.0549591,0.0190698,0.210504,-0.92392,0.0124407,0.736531,0.0953619,1.17847,-0.665227,0.313103,-0.068094,0.181409,1.74166,184
2020-09-02,0.0151836,0.0549591,0.0190698,0.210504,-0.92392,0.0169382,0.736531,0.0953619,1.17847,-0.665227,0.313103,-0.068094,0.181409,1.21385,180
2020-09-03,0.0173831,0.0549591,0.0190698,0.210504,-0.92392,0.0108986,0.736531,0.0953619,1.17847,-0.665227,0.313103,-0.068094,0.181409,0.707017,187
2020-09-04,0.0192715,0.0549591,0.0190698,0.210504,-0.92392,0.0158175,0.736531,0.0953619,1.17847,-0.665227,0.313103,-0.068094,0.181409,1.40813,244
2020-09-07,0.0169019,0.0549591,0.0190698,0.210504,-0.92392,0.0202315,0.736531,0.0953619,1.17847,-0.665227,0.313103,-0.068094,0.181409,2.39873,244
2020-09-08,0.0164992,0.0549591,0.0190698,0.210504,-0.92392,0.0233283,0.736531,0.0953619,1.17847,-0.665227,0.313103,-0.068094,0.181409,1.2343,174
2020-09-09,0.0173333,0.0549591,0.0190698,0.210504,-0.92392,0.0207143,0.736531,0.0953619,1.17847,-0.665227,0.313103,-0.068094,0.181409,0.979091,186
2020-09-10,0.0174749,0.071562,0.0660888,0.204494,-0.944097,0.0177615,1.27452,0.0434342,1.31325,-0.715559,0.343732,-0.0603843,0.177107,1.24254,204
2020-09-11,0.0174261,0.071562,0.0660888,0.204494,-0.944097,0.0162142,1.27452,0.0434342,1.31325,-0.715559,0.343732,-0.0603843,0.177107,0.902562,233
2020-09-14,0.0191101,0.071562,0.0660888,0.204494,-0.944097,0.0184774,1.27452,0.0434342,1.31325,-0.715559,0.343732,-0.0603843,0.177107,1.20974,249
2020-09-15,0.0165758,0.071562,0.0660888,0.204494,-0.944097,0.0178616,1.27452,0.0434342,1.31325,-0.715559,0.343732,-0.0603843,0.177107,1.19474,185
2020-09-16,0.0144953,0.071562,0.0660888,0.204494,-0.944097,0.0158542,1.27452,0.0434342,1.31325,-0.715559,0.343732,-0.0603843,0.177107,1.14933,196
2020-09-17,0.0209343,0.071562,0.0660888,0.204494,-0.944097,0.0104535,1.27452,0.0434342,1.31325,-0.715559,0.343732,-0.0603843,0.177107,0.954431,185
2020-09-18,0.0191848,0.071562,0.0660888,0.204494,-0.944097,0.0116518,1.27452,0.0434342,1.31325,-0.715559,0.343732,-0.0603843,0.177107,1.20221,206
2020-09-21,0.0217218,0.071562,0.0660888,0.204494,-0.944097,0.0210394,1.27452,0.0434342,1.31325,-0.715559,0.343732,-0.0603843,0.177107,3.71478,242
2020-09-22,0.022217,0.071562,0.0660888,0.204494,-0.944097,0.0172515,1.27452,0.0434342,1.31325,-0.715559,0.343732,-0.0603843,0.177107,1.4938,184
2020-09-23,0.026053,0.071562,0.0660888,0.204494,-0.944097,0.00897374,1.27452,0.0434342,1.31325,-0.715559,0.343732,-0.0603843,0.177107,1.86573,203
2020-09-24,0.0271828,0.306867,0.150595,0.324671,-0.908422,0.0295969,13.054,0.0104708,1.94498,-0.636044,0.320053,-0.054267,0.184246,2.28049,222
2020-09-25,0.0263533,0.306867,0.150595,0.324671,-0.908422,0.00910189,13.054,0.0104708,1.94498,-0.636044,0.320053,-0.054267,0.184246,1.18601,236
2020-09-28,0.0199289,0.306867,0.150595,0.324671,-0.908422,0.0134217,13.054,0.0104708,1.94498,-0.636044,0.320053,-0.054267,0.184246,1.36918,237
2020-09-29,0.0219147,0.306867,0.150595,0.324671,-0.908422,0.00748612,13.054,0.0104708,1.94498,-0.636044,0.320053,-0.054267,0.184246,1.28291,199
2020-09-30,0.0214426,0.306867,0.150595,0.324671,-0.908422,0.00532608,13.054,0.0104708,1.94498,-0.636044,0.320053,-0.054267,0.184246,1.21794,198
2020-10-01,0.0177555,0.306867,0.150595,0.324671,-0.908422,0.002,13.054,0.0104708,1.94498,-0.636044,0.320053,-0.054267,0.184246,0.77256,212
2020-10-05,0.0172645,0.306867,0.150595,0.324671,-0.908422,0.0125801,13.054,0.0104708,1.94498,-0.636044,0.320053,-0.054267,0.184246,1.0098,229
2020-10-06,0.0191712,0.306867,0.150595,0.324671,-0.908422,0.00844323,13.054,0.0104708,1.94498,-0.636044,0.320053,-0.054267,0.184246,0.922402,194
2020-10-07,0.0157252,0.306867,0.150595,0.324671,-0.908422,0.0154299,13.054,0.0104708,1.94498,-0.636044,0.320053,-0.054267,0.184246,0.778257,208
2020-10-08,0.0173867,0.306867,0.150595,0.324671,-0.908422,0.0147706,13.054,0.0104708,1.94498,-0.636044,0.320053,-0.054267,0.184246,0.959183,231
2020-10-09,0.0104853,0.222108,0.147698,0.533346,-0.907206,0.0214378,15.2221,0.0156339,1.1545,-0.495702,0.334533,-0.0624391,0.184313,0.906099,245
2020-10-12,0.00776541,0.222108,0.147698,0.533346,-0.907206,0.0355737,15.2221,0.0156339,1.1545,-0.495702,0.334533,-0.0624391,0.184313,1.29654,240
2020-10-13,0.00911118,0.222108,0.147698,0.533346,-0.907206,0.0268988,15.2221,0.0156339,1.1545,-0.495702,0.334533,-0.0624391,0.184313,1.09538,200
2020-10-14,0.0096649,0.222108,0.147698,0.533346,-0.907206,0.0211016,15.2221,0.0156339,1.1545,-0.495702,0.334533,-0.0624391,0.184313,0.828429,200
2020-10-15,0.00881428,0.222108,0.147698,0.533346,-0.907206,0.0409736,15.2221,0.0156339,1.1545,-0.495702,0.334533,-0.0624391,0.184313,1.56781,236
2020-10-16,0.0146529,0.222108,0.147698,0.533346,-0.907206,0.0235824,15.2221,0.0156339,1.1545,-0.495702,0.334533,-0.0624391,0.184313,1.33717,242
2020-10-19,0.00745916,0.222108,0.147698,0.533346,-0.907206,0.0388388,15.2221,0.0156339,1.1545,-0.495702,0.334533,-0.0624391,0.184313,1.51122,241
2020-10-20,0.00622891,0.222108,0.147698,0.533346,-0.907206,0.0487297,15.2221,0.0156339,1.1545,-0.495702,0.334533,-0.0624391,0.184313,1.54249,195
2020-10-21,0.00744492,0.222108,0.147698,0.533346,-0.907206,0.0460706,15.2221,0.0156339,1.1545,-0.495702,0.334533,-0.0624391,0.184313,1.61831,211
2020-10-22,0.0100582,0.222108,0.147698,0.533346,-0.907206,0.0346925,15.2221,0.0156339,1.1545,-0.495702,0.334533,-0.0624391,0.184313,1.54993,195
2020-10-23,0.00466111,0.159916,0.149567,0.601774,-0.882635,0.0390951,12.7721,0.0161941,0.889216,-0.477902,0.328224,-0.0665428,0.188593,1.73114,226
2020-10-26,0.00495926,0.159916,0.149567,0.601774,-0.882635,0.0501874,12.7721,0.0161941,0.889216,-0.477902,0.328224,-0.0665428,0.188593,1.70641,256
2020-10-27,0.002,0.159916,0.149567,0.601774,-0.882635,0.049899,12.7721,0.0161941,0.889216,-0.477902,0.328224,-0.0665428,0.188593,0.80149,179
2020-10-28,0.002,0.159916,0.149567,0.601774,-0.882635,0.0629379,12.7721,0.0161941,0.889216,-0.477902,0.328224,-0.0665428,0.188593,1.25961,200
2020-10-29,0.00376387,0.159916,0.149567,0.601774,-0.882635,0.0661715,12.7721,0.0161941,0.889216,-0.477902,0.328224,-0.0665428,0.188593,1.02092,213
2020-10-30,0.00976353,0.159916,0.149567,0.601774,-0.882635,0.0591574,12.7721,0.0161941,0.889216,-0.477902,0.328224,-0.0665428,0.188593,1.1772,238
2020-11-02,0.002,0.159916,0.149567,0.601774,-0.882635,0.0793156,12.7721,0.0161941,0.889216,-0.477902,0.328224,-0.0665428,0.188593,2.73138,246
2020-11-03,0.002,0.159916,0.149567,0.601774,-0.882635,0.0680346,12.7721,0.0161941,0.889216,-0.477902,0.328224,-0.0665428,0.188593,1.55792,191
2020-11-04,0.002,0.159916,0.149567,0.601774,-0.882635,0.0558278,12.7721,0.0161941,0.889216,-0.477902,0.328224,-0.0665428,0.188593,1.27149,208
2020-11-05,0.00396309,0.159916,0.149567,0.601774,-0.882635,0.0316608,12.7721,0.0161941,0.889216,-0.477902,0.328224,-0.0665428,0.188593,0.965417,211
2020-11-06,0.00626671,0.805588,0.0813257,0.651942,-0.737337,0.0285507,15.8056,0.00817489,0.862166,-0.550494,0.279955,-0.0747505,0.20598,1.00742,232
2020-11-09,0.002,0.805588,0.0813257,0.651942,-0.737337,0.0347093,15.8056,0.00817489,0.862166,-0.550494,0.279955,-0.0747505,0.20598,1.70459,247
2020-11-10,0.002,0.805588,0.0813257,0.651942,-0.737337,0.0476211,15.8056,0.00817489,0.862166,-0.550494,0.279955,-0.0747505,0.20598,1.04129,188
2020-11-11,0.00522385,0.805588,0.0813257,0.651942,-0.737337,0.0397478,15.8056,0.00817489,0.862166,-0.550494,0.279955,-0.0747505,0.20598,1.40786,196
2020-11-12,0.00516284,0.805588,0.0813257,0.651942,-0.737337,0.0272709,15.8056,0.00817489,0.862166,-0.550494,0.279955,-0.0747505,0.20598,1.04562,204
2020-11-13,0.00391923,0.805588,0.0813257,0.651942,-0.737337,0.0215453,15.8056,0.00817489,0.862166,-0.550494,0.279955,-0.0747505,0.20598,1.49757,226
2020-11-17,0.00449317,0.805588,0.0813257,0.651942,-0.737337,0.0241675,15.8056,0.00817489,0.862166,-0.550494,0.279955,-0.0747505,0.20598,0.971248,190
2020-11-18,0.00584087,0.805588,0.0813257,0.651942,-0.737337,0.0183083,15.8056,0.00817489,0.862166,-0.550494,0.279955,-0.0747505,0.20598,1.0783,187
2020-11-19,0.0057514,0.805588,0.0813257,0.651942,-0.737337,0.0209975,15.8056,0.00817489,0.862166,-0.550494,0.279955,-0.0747505,0.20598,1.20088,203
2020-11-20,0.00647064,0.805588,0.0813257,0.651942,-0.737337,0.0203293,15.8056,0.00817489,0.862166,-0.550494,0.279955,-0.0747505,0.20598,1.24902,224
2020-11-23,0.00653347,1.7518,0.0343889,0.742117,-0.594673,0.028828,16.7518,0.011698,1.13359,-0.442728,0.197198,-0.0927166,0.231891,0.892487,233
2020-11-24,0.00622384,1.7518,0.0343889,0.742117,-0.594673,0.0285601,16.7518,0.011698,1.13359,-0.442728,0.197198,-0.0927166,0.231891,0.788108,187
2020-11-25,0.00628097,1.7518,0.0343889,0.742117,-0.594673,0.0327274,16.7518,0.011698,1.13359,-0.442728,0.197198,-0.0927166,0.231891,1.57534,214
2020-11-26,0.00876664,1.7518,0.0343889,0.742117,-0.594673,0.0197072,16.7518,0.011698,1.13359,-0.442728,0.197198,-0.0927166,0.231891,1.38662,215
2020-11-27,0.0109001,1.7518,0.0343889,0.742117,-0.594673,0.0164578,16.7518,0.011698,1.13359,-0.442728,0.197198,-0.0927166,0.231891,1.65264,219
2020-12-01,0.00878264,1.7518,0.0343889,0.742117,-0.594673,0.0281287,16.7518,0.011698,1.13359,-0.442728,0.197198,-0.0927166,0.231891,1.01596,189
2020-12-02,0.0137572,1.7518,0.0343889,0.742117,-0.594673,0.0131496,16.7518,0.011698,1.13359,-0.442728,0.197198,-0.0927166,0.231891,1.41852,204
2020-12-03,0.0129734,1.7518,0.0343889,0.742117,-0.594673,0.0070405,16.7518,0.011698,1.13359,-0.442728,0.197198,-0.0927166,0.231891,1.63327,200
2020-12-04,0.00912924,1.7518,0.0343889,0.742117,-0.594673,0.00776404,16.7518,0.011698,1.13359,-0.442728,0.197198,-0.0927166,0.231891,1.64724,249
2020-12-07,0.00646242,1.7518,0.0343889,0.742117,-0.594673,0.017494,16.7518,0.011698,1.13359,-0.442728,0.197198,-0.0927166,0.231891,1.6336,254
2020-12-08,0.0206587,3.37331,0.0319108,0.496808,-0.477823,0.0023883,18.2496,0.00541628,1.91441,-0.493978,0.140637,-0.0940342,0.25,1.17323,213
2020-12-09,0.0210449,3.37331,0.0319108,0.496808,-0.477823,0.00360564,18.2496,0.00541628,1.91441,-0.493978,0.140637,-0.0940342,0.25,0.790715,221
2020-12-10,0.0208821,3.37331,0.0319108,0.496808,-0.477823,0.002,18.2496,0.00541628,1.91441,-0.493978,0.140637,-0.0940342,0.25,0.935421,238
2020-12-11,0.021797,3.37331,0.0319108,0.496808,-0.477823,0.002,18.2496,0.00541628,1.91441,-0.493978,0.140637,-0.0940342,0.25,1.03893,266
2020-12-14,0.0226734,3.37331,0.0319108,0.496808,-0.477823,0.00652703,18.2496,0.00541628,1.91441,-0.493978,0.140637,-0.0940342,0.25,1.23447,259
2020-12-15,0.0244711,3.37331,0.0319108,0.496808,-0.477823,0.002,18.2496,0.00541628,1.91441,-0.493978,0.140637,-0.0940342,0.25,0.911508,198
2020-12-16,0.022367,3.37331,0.0319108,0.496808,-0.477823,0.002,18.2496,0.00541628,1.91441,-0.493978,0.140637,-0.0940342,0.25,1.0853,204
2020-12-17,0.0213449,3.37331,0.0319108,0.496808,-0.477823,0.002,18.2496,0.00541628,1.91441,-0.493978,0.140637,-0.0940342,0.25,1.29933,239
2020-12-18,0.0193994,3.37331,0.0319108,0.496808,-0.477823,0.002,18.2496,0.00541628,1.91441,-0.493978,0.140637,-0.0940342,0.25,1.24963,248
2020-12-21,0.0240109,3.37331,0.0319108,0.496808,-0.477823,0.0385702,18.2496,0.00541628,1.91441,-0.493978,0.140637,-0.0940342,0.25,4.13024,314
2020-12-22,0.0195551,3.97599,0.0197455,0.327978,-0.488977,0.0318979,18.9726,0.0144414,1.81981,-0.492812,0.127304,-0.0839362,0.25,1.95464,232
2020-12-23,0.0218629,3.97599,0.0197455,0.327978,-0.488977,0.0142073,18.9726,0.0144414,1.81981,-0.492812,0.127304,-0.0839362,0.25,1.62118,229
2020-12-24,0.0220965,3.97599,0.0197455,0.327978,-0.488977,0.00740093,18.9726,0.0144414,1.81981,-0.492812,0.127304,-0.0839362,0.25,1.58263,242
2020-12-28,0.0248147,3.97599,0.0197455,0.327978,-0.488977,0.0111129,18.9726,0.0144414,1.81981,-0.492812,0.127304,-0.0839362,0.25,2.05944,251
2020-12-29,0.0276005,3.97599,0.0197455,0.327978,-0.488977,0.00974223,18.9726,0.0144414,1.81981,-0.492812,0.127304,-0.0839362,0.25,0.805417,218
2020-12-30,0.0311967,3.97599,0.0197455,0.327978,-0.488977,0.00552053,18.9726,0.0144414,1.81981,-0.492812,0.127304,-0.0839362,0.25,0.927715,236
2020-12-31,0.0316438,3.97599,0.0197455,0.327978,-0.488977,0.002,18.9726,0.0144414,1.81981,-0.492812,0.127304,-0.0839362,0.25,1.19066,251
2021-01-01,0.0241889,3.97599,0.0197455,0.327978,-0.488977,0.002,18.9726,0.0144414,1.81981,-0.492812,0.127304,-0.0839362,0.25,1.37157,279
2021-01-04,0.0258354,3.97599,0.0197455,0.327978,-0.488977,0.002,18.9726,0.0144414,1.81981,-0.492812,0.127304,-0.0839362,0.25,1.67838,276
2021-01-05,0.0273901,3.97599,0.0197455,0.327978,-0.488977,0.00407611,18.9726,0.0144414,1.81981,-0.492812,0.127304,-0.0839362,0.25,1.36299,232
2021-01-06,0.0249558,3.97801,0.0069153,0.23347,-0.96905,0.00524496,18.978,0.0257381,1.43738,-0.406454,0.144677,-0.0744902,0.227378,1.09229,242
2021-01-07,0.0230485,3.97801,0.0069153,0.23347,-0.96905,0.002,18.978,0.0257381,1.43738,-0.406454,0.144677,-0.0744902,0.227378,1.03015,246
2021-01-08,0.0241868,3.97801,0.0069153,0.23347,-0.96905,0.002,18.978,0.0257381,1.43738,-0.406454,0.144677,-0.0744902,0.227378,1.61083,286
2021-01-11,0.0267423,3.90222,0.00426707,0.319003,-0.840043,0.0135083,18.902,0.0276007,1.22239,-0.415609,0.170933,-0.0711456,0.210838,2.53466,291
2021-01-12,0.033587,3.90222,0.00426707,0.319003,-0.840043,0.00748721,18.902,0.0276007,1.22239,-0.415609,0.170933,-0.0711456,0.210838,2.11969,238
2021-01-13,0.039401,3.90222,0.00426707,0.319003,-0.840043,0.002,18.902,0.0276007,1.22239,-0.415609,0.170933,-0.0711456,0.210838,2.12198,252
2021-01-14,0.035167,3.90222,0.00426707,0.319003,-0.840043,0.002,18.902,0.0276007,1.22239,-0.415609,0.170933,-0.0711456,0.210838,2.36052,255
2021-01-15,0.039727,3.90222,0.00426707,0.319003,-0.840043,0.00916652,18.902,0.0276007,1.22239,-0.415609,0.170933,-0.0711456,0.210838,2.11683,282
2021-01-18,0.0309028,3.90222,0.00426707,0.319003,-0.840043,0.0328429,18.902,0.0276007,1.22239,-0.415609,0.170933,-0.0711456,0.210838,2.5611,293
2021-01-19,0.0306808,3.90222,0.00426707,0.319003,-0.840043,0.0135835,18.902,0.0276007,1.22239,-0.415609,0.170933,-0.0711456,0.210838,1.80885,223
2021-01-20,0.0272867,3.90222,0.00426707,0.319003,-0.840043,0.00873833,18.902,0.0276007,1.22239,-0.415609,0.170933,-0.0711456,0.210838,1.67285,253
2021-01-21,0.0214196,3.90222,0.00426707,0.319003,-0.840043,0.0242877,18.902,0.0276007,1.22239,-0.415609,0.170933,-0.0711456,0.210838,1.73504,266
2021-01-22,0.0219396,3.90222,0.00426707,0.319003,-0.840043,0.0275686,18.902,0.0276007,1.22239,-0.415609,0.170933,-0.0711456,0.210838,1.5738,282
2021-01-25,0.00592666,3.99972,0.00344669,0.419067,-0.953876,0.0584784,18.9997,0.0290787,0.668411,-0.491427,0.20727,-0.0671851,0.201311,2.39822,289
2021-01-27,0.002,3.99972,0.00344669,0.419067,-0.953876,0.0780283,18.9997,0.0290787,0.668411,-0.491427,0.20727,-0.0671851,0.201311,1.97876,229
2021-01-28,0.002,3.99972,0.00344669,0.419067,-0.953876,0.0778236,18.9997,0.0290787,0.668411,-0.491427,0.20727,-0.0671851,0.201311,1.96766,258
2021-01-29,0.002,3.99972,0.00344669,0.419067,-0.953876,0.0880799,18.9997,0.0290787,0.668411,-0.491427,0.20727,-0.0671851,0.201311,2.64474,330
2021-02-01,0.00755965,3.99972,0.00344669,0.419067,-0.953876,0.050765,18.9997,0.0290787,0.668411,-0.491427,0.20727,-0.0671851,0.201311,3.15249,349
2021-02-02,0.0135807,3.99972,0.00344669,0.419067,-0.953876,0.0396022,18.9997,0.0290787,0.668411,-0.491427,0.20727,-0.0671851,0.201311,2.26791,276
2021-02-03,0.0235527,3.99972,0.00344669,0.419067,-0.953876,0.0208436,18.9997,0.0290787,0.668411,-0.491427,0.20727,-0.0671851,0.201311,2.50585,271
2021-02-04,0.0242211,3.99972,0.00344669,0.419067,-0.953876,0.0116712,18.9997,0.0290787,0.668411,-0.491427,0.20727,-0.0671851,0.201311,1.66641,288
2021-02-05,0.0222065,3.99972,0.00344669,0.419067,-0.953876,0.0185727,18.9997,0.0290787,0.668411,-0.491427,0.20727,-0.0671851,0.201311,1.528,311
2021-02-08,0.024017,3.99972,0.00344669,0.419067,-0.953876,0.0203995,18.9997,0.0290787,0.668411,-0.491427,0.20727,-0.0671851,0.201311,2.68042,309
2021-02-09,0.0318599,4,0.0100996,0.807604,-0.961732,0.0113183,19,0.0252318,0.35977,-0.67693,0.243077,-0.0555259,0.204788,1.52967,266
2021-02-10,0.0333796,4,0.0100996,0.807604,-0.961732,0.00210205,19,0.0252318,0.35977,-0.67693,0.243077,-0.0555259,0.204788,1.16859,261
2021-02-11,0.0283448,4,0.0100996,0.807604,-0.961732,0.002,19,0.0252318,0.35977,-0.67693,0.243077,-0.0555259,0.204788,0.901403,277
2021-02-12,0.0220033,4,0.0100996,0.807604,-0.961732,0.00379267,19,0.0252318,0.35977,-0.67693,0.243077,-0.0555259,0.204788,0.839805,297
2021-02-15,0.0179087,4,0.0100996,0.807604,-0.961732,0.00980479,19,0.0252318,0.35977,-0.67693,0.243077,-0.0555259,0.204788,1.24403,286
2021-02-16,0.0149339,4,0.0100996,0.807604,-0.961732,0.0165993,19,0.0252318,0.35977,-0.67693,0.243077,-0.0555259,0.204788,1.30616,231
2021-02-17,0.0120608,4,0.0100996,0.807604,-0.961732,0.0198604,19,0.0252318,0.35977,-0.67693,0.243077,-0.0555259,0.204788,1.03769,246
2021-02-18,0.0102587,4,0.0100996,0.807604,-0.961732,0.0205702,19,0.0252318,0.35977,-0.67693,0.243077,-0.0555259,0.204788,0.8256,281
2021-02-19,0.00692632,4,0.0100996,0.807604,-0.961732,0.0275625,19,0.0252318,0.35977,-0.67693,0.243077,-0.0555259,0.204788,1.11563,297
2021-02-22,0.017434,4,0.0100996,0.807604,-0.961732,0.0403755,19,0.0252318,0.35977,-0.67693,0.243077,-0.0555259,0.204788,2.49052,308
2021-02-23,0.0232052,4,0.0163351,0.738803,-0.949412,0.0282995,19,0.0195153,0.251149,-0.85226,0.256216,-0.05886,0.206086,1.18278,268
2021-02-24,0.0258071,4,0.0163351,0.738803,-0.949412,0.0180281,19,0.0195153,0.251149,-0.85226,0.256216,-0.05886,0.206086,1.43815,260
2021-02-25,0.015975,4,0.0163351,0.738803,-0.949412,0.0243509,19,0.0195153,0.251149,-0.85226,0.256216,-0.05886,0.206086,1.40776,277
2021-02-26,0.0311035,4,0.0163351,0.738803,-0.949412,0.0533719,19,0.0195153,0.251149,-0.85226,0.256216,-0.05886,0.206086,1.61247,342
2021-03-01,0.0253751,4,0.0163351,0.738803,-0.949412,0.0434463,19,0.0195153,0.251149,-0.85226,0.256216,-0.05886,0.206086,1.74065,360
2021-03-02,0.0260034,4,0.0163351,0.738803,-0.949412,0.0203753,19,0.0195153,0.251149,-0.85226,0.256216,-0.05886,0.206086,1.1766,269
2021-03-03,0.0180311,4,0.0163351,0.738803,-0.949412,0.0228371,19,0.0195153,0.251149,-0.85226,0.256216,-0.05886,0.206086,1.51011,301
2021-03-04,0.0206784,4,0.0163351,0.738803,-0.949412,0.0388111,19,0.0195153,0.251149,-0.85226,0.256216,-0.05886,0.206086,1.97392,332
2021-03-05,0.0289199,4,0.0163351,0.738803,-0.949412,0.039553,19,0.0195153,0.251149,-0.85226,0.256216,-0.05886,0.206086,1.52674,352
2021-03-08,0.0240025,4,0.0163351,0.738803,-0.949412,0.0422943,19,0.0195153,0.251149,-0.85226,0.256216,-0.05886,0.206086,1.47345,267
2021-03-09,0.0231562,3.84676,0.0217586,0.645245,-0.950789,0.0228215,18.8468,0.0133393,0.332871,-0.921515,0.330469,-0.0553163,0.196267,1.36818,268
2021-03-10,0.0149612,3.84676,0.0217586,0.645245,-0.950789,0.021433,18.8468,0.0133393,0.332871,-0.921515,0.330469,-0.0553163,0.196267,1.35902,294
2021-03-12,0.0177095,3.84676,0.0217586,0.645245,-0.950789,0.0296461,18.8468,0.0133393,0.332871,-0.921515,0.330469,-0.0553163,0.196267,1.24164,316
2021-03-15,0.00276739,3.84676,0.0217586,0.645245,-0.950789,0.057496,18.8468,0.0133393,0.332871,-0.921515,0.330469,-0.0553163,0.196267,1.55969,319
2021-03-16,0.00237139,3.84676,0.0217586,0.645245,-0.950789,0.0479665,18.8468,0.0133393,0.332871,-0.921515,0.330469,-0.0553163,0.196267,1.24496,252
2021-03-17,0.002,3.84676,0.0217586,0.645245,-0.950789,0.0514181,18.8468,0.0133393,0.332871,-0.921515,0.330469,-0.0553163,0.196267,1.515,251
2021-03-18,0.002,3.84676,0.0217586,0.645245,-0.950789,0.0526354,18.8468,0.0133393,0.332871,-0.921515,0.330469,-0.0553163,0.196267,1.52354,287
2021-03-19,0.002,3.84676,0.0217586,0.645245,-0.950789,0.0456393,18.8468,0.0133393,0.332871,-0.921515,0.330469,-0.0553163,0.196267,1.3444,314
2021-03-22,0.002,3.84676,0.0217586,0.645245,-0.950789,0.0489219,18.8468,0.0133393,0.332871,-0.921515,0.330469,-0.0553163,0.196267,1.63158,312
2021-03-23,0.00214015,3.84676,0.0217586,0.645245,-0.950789,0.0406268,18.8468,0.0133393,0.332871,-0.921515,0.330469,-0.0553163,0.196267,0.976512,247
2021-03-24,0.00740501,3.99999,0.0320344,0.532435,-0.98,0.051721,19,0.00489289,0.336769,-0.979229,0.375931,-0.0486232,0.18408,0.816983,252
2021-03-25,0.0110089,3.99999,0.0320344,0.532435,-0.98,0.0483104,19,0.00489289,0.336769,-0.979229,0.375931,-0.0486232,0.18408,1.19057,289
2021-03-26,0.0148034,3.99999,0.0320344,0.532435,-0.98,0.0238222,19,0.00489289,0.336769,-0.979229,0.375931,-0.0486232,0.18408,1.49338,316
2021-03-31,0.0145539,3.99999,0.0320344,0.532435,-0.98,0.0277383,19,0.00489289,0.336769,-0.979229,0.375931,-0.0486232,0.18408,1.00958,250
2021-04-01,0.0118947,3.99999,0.0320344,0.532435,-0.98,0.0159019,19,0.00489289,0.336769,-0.979229,0.375931,-0.0486232,0.18408,1.5941,286
2021-04-05,0.0158997,3.99999,0.0320344,0.532435,-0.98,0.0325889,19,0.00489289,0.336769,-0.979229,0.375931,-0.0486232,0.18408,1.34141,315
2021-04-06,0.0187746,3.99999,0.0320344,0.532435,-0.98,0.022381,19,0.00489289,0.336769,-0.979229,0.375931,-0.0486232,0.18408,1.04922,266
2021-04-07,0.0172491,3.99999,0.0320344,0.532435,-0.98,0.0183616,19,0.00489289,0.336769,-0.979229,0.375931,-0.0486232,0.18408,1.01106,270
2021-04-08,0.0197955,3.99999,0.0320344,0.532435,-0.98,0.0151582,19,0.00489289,0.336769,-0.979229,0.375931,-0.0486232,0.18408,1.416,284
2021-04-09,0.0194337,3.99999,0.0320344,0.532435,-0.98,0.0100538,19,0.00489289,0.336769,-0.979229,0.375931,-0.0486232,0.18408,1.4387,289
2021-04-12,0.0165687,3.80538,0.0324906,0.434181,-0.98,0.0553877,18.8054,0.00452235,0.748104,-0.578494,0.297251,-0.0525828,0.18784,2.80617,328
2021-04-13,0.017811,3.80538,0.0324906,0.434181,-0.98,0.0262697,18.8054,0.00452235,0.748104,-0.578494,0.297251,-0.0525828,0.18784,1.57716,264
2021-04-15,0.0230101,3.80538,0.0324906,0.434181,-0.98,0.021195,18.8054,0.00452235,0.748104,-0.578494,0.297251,-0.0525828,0.18784,1.46649,282
2021-04-16,0.0245335,3.80538,0.0324906,0.434181,-0.98,0.0141888,18.8054,0.00452235,0.748104,-0.578494,0.297251,-0.0525828,0.18784,1.38781,296
2021-04-19,0.0194437,3.80538,0.0324906,0.434181,-0.98,0.0450489,18.8054,0.00452235,0.748104,-0.578494,0.297251,-0.0525828,0.18784,2.41367,306
2021-04-20,0.0195577,3.80538,0.0324906,0.434181,-0.98,0.0447417,18.8054,0.00452235,0.748104,-0.578494,0.297251,-0.0525828,0.18784,1.23161,244
2021-04-22,0.0241948,3.80538,0.0324906,0.434181,-0.98,0.0423559,18.8054,0.00452235,0.748104,-0.578494,0.297251,-0.0525828,0.18784,2.09513,283
2021-04-23,0.0253869,3.80538,0.0324906,0.434181,-0.98,0.0342117,18.8054,0.00452235,0.748104,-0.578494,0.297251,-0.0525828,0.18784,1.74154,291
2021-04-26,0.0323191,3.80538,0.0324906,0.434181,-0.98,0.0264014,18.8054,0.00452235,0.748104,-0.578494,0.297251,-0.0525828,0.18784,2.24267,279
2021-04-27,0.0388186,3.80538,0.0324906,0.434181,-0.98,0.00546423,18.8054,0.00452235,0.748104,-0.578494,0.297251,-0.0525828,0.18784,1.88613,239
2021-04-28,0.0326155,4,0.0212453,0.529853,-0.98,0.00998909,18.9991,0.0106401,1.00437,-0.562565,0.397934,-0.0525298,0.159949,1.4345,268
2021-04-29,0.027983,4,0.0212453,0.529853,-0.98,0.0247525,18.9991,0.0106401,1.00437,-0.562565,0.397934,-0.0525298,0.159949,1.32631,281
2021-04-30,0.0236455,4,0.0212453,0.529853,-0.98,0.0289713,18.9991,0.0106401,1.00437,-0.562565,0.397934,-0.0525298,0.159949,0.784992,309
2021-05-03,0.0181539,4,0.0212453,0.529853,-0.98,0.0405874,18.9991,0.0106401,1.00437,-0.562565,0.397934,-0.0525298,0.159949,1.07679,332
2021-05-04,0.0195566,4,0.0212453,0.529853,-0.98,0.0359366,18.9991,0.0106401,1.00437,-0.562565,0.397934,-0.0525298,0.159949,1.08087,266
2021-05-05,0.0174943,4,0.0212453,0.529853,-0.98,0.0276414,18.9991,0.0106401,1.00437,-0.562565,0.397934,-0.0525298,0.159949,0.910579,278
2021-05-06,0.0199232,4,0.0212453,0.529853,-0.98,0.019461,18.9991,0.0106401,1.00437,-0.562565,0.397934,-0.0525298,0.159949,1.13577,277
2021-05-07,0.0160446,4,0.0212453,0.529853,-0.98,0.0175931,18.9991,0.0106401,1.00437,-0.562565,0.397934,-0.0525298,0.159949,1.24663,271
2021-05-10,0.0109433,4,0.0212453,0.529853,-0.98,0.0217298,18.9991,0.0106401,1.00437,-0.562565,0.397934,-0.0525298,0.159949,0.980254,216
2021-05-11,0.0123677,4,0.0212453,0.529853,-0.98,0.017413,18.9991,0.0106401,1.00437,-0.562565,0.397934,-0.0525298,0.159949,1.21398,250
2021-05-12,0.00341826,4,0.0167498,0.849274,-0.98,0.0330787,17.8392,0.0162423,0.418678,-0.852475,0.327577,-0.0501313,0.164046,0.984711,262
2021-05-14,0.00409219,4,0.0167498,0.849274,-0.98,0.0293563,17.8392,0.0162423,0.418678,-0.852475,0.327577,-0.0501313,0.164046,1.04124,269
2021-05-17,0.00357609,4,0.0167498,0.849274,-0.98,0.0282576,17.8392,0.0162423,0.418678,-0.852475,0.327577,-0.0501313,0.164046,1.0144,265
2021-05-18,0.002,4,0.0167498,0.849274,-0.98,0.0268897,17.8392,0.0162423,0.418678,-0.852475,0.327577,-0.0501313,0.164046,1.00219,248
2021-05-19,0.002,4,0.0167498,0.849274,-0.98,0.0270664,17.8392,0.0162423,0.418678,-0.852475,0.327577,-0.0501313,0.164046,1.0531,246
2021-05-20,0.002,4,0.0167498,0.849274,-0.98,0.0276952,17.8392,0.0162423,0.418678,-0.852475,0.327577,-0.0501313,0.164046,0.782694,264
2021-05-21,0.002,4,0.0167498,0.849274,-0.98,0.021576,17.8392,0.0162423,0.418678,-0.852475,0.327577,-0.0501313,0.164046,1.10429,282
2021-05-24,0.002,4,0.0167498,0.849274,-0.98,0.0242053,17.8392,0.0162423,0.418678,-0.852475,0.327577,-0.0501313,0.164046,0.927852,266
2021-05-25,0.002,4,0.0167498,0.849274,-0.98,0.0205442,17.8392,0.0162423,0.418678,-0.852475,0.327577,-0.0501313,0.164046,1.18337,209
2021-05-26,0.002,4,0.0167498,0.849274,-0.98,0.0214416,17.8392,0.0162423,0.418678,-0.852475,0.327577,-0.0501313,0.164046,0.900068,233
2021-05-27,0.002,2.75706,0.00200002,1.4656,-0.885377,0.0195902,3.28026,0.0235445,0.229516,-0.97998,0.243838,-0.0528784,0.177413,0.865547,248
2021-05-28,0.002,2.75706,0.00200002,1.4656,-0.885377,0.016241,3.28026,0.0235445,0.229516,-0.97998,0.243838,-0.0528784,0.177413,0.872173,283
2021-05-31,0.00214159,2.75706,0.00200002,1.4656,-0.885377,0.0169249,3.28026,0.0235445,0.229516,-0.97998,0.243838,-0.0528784,0.177413,1.73934,298
2021-06-01,0.002,2.75706,0.00200002,1.4656,-0.885377,0.0160715,3.28026,0.0235445,0.229516,-0.97998,0.243838,-0.0528784,0.177413,0.878464,236
2021-06-02,0.002,2.75706,0.00200002,1.4656,-0.885377,0.0145605,3.28026,0.0235445,0.229516,-0.97998,0.243838,-0.0528784,0.177413,0.783536,234
2021-06-03,0.002,2.75706,0.00200002,1.4656,-0.885377,0.0127848,3.28026,0.0235445,0.229516,-0.97998,0.243838,-0.0528784,0.177413,0.850927,258
2021-06-04,0.002,2.75706,0.00200002,1.4656,-0.885377,0.0113751,3.28026,0.0235445,0.229516,-0.97998,0.243838,-0.0528784,0.177413,1.03439,286
2021-06-07,0.002,2.75706,0.00200002,1.4656,-0.885377,0.0127397,3.28026,0.0235445,0.229516,-0.97998,0.243838,-0.0528784,0.177413,1.11071,290
2021-06-08,0.002,2.75706,0.00200002,1.4656,-0.885377,0.0118595,3.28026,0.0235445,0.229516,-0.97998,0.243838,-0.0528784,0.177413,1.01694,236
2021-06-09,0.002,2.75706,0.00200002,1.4656,-0.885377,0.0126883,3.28026,0.0235445,0.229516,-0.97998,0.243838,-0.0528784,0.177413,0.971958,241
2021-06-10,0.002,0.840305,0.002,1.5,-0.976846,0.0144738,1.04031,0.0188692,0.165777,-0.897619,0.173106,-0.0594184,0.199564,0.833759,260
2021-06-11,0.002,0.840305,0.002,1.5,-0.976846,0.0131014,1.04031,0.0188692,0.165777,-0.897619,0.173106,-0.0594184,0.199564,1.04373,256
2021-06-14,0.00251953,0.840305,0.002,1.5,-0.976846,0.0141654,1.04031,0.0188692,0.165777,-0.897619,0.173106,-0.0594184,0.199564,1.09175,248
2021-06-15,0.00262983,0.840305,0.002,1.5,-0.976846,0.0144835,1.04031,0.0188692,0.165777,-0.897619,0.173106,-0.0594184,0.199564,0.86814,204
2021-06-16,0.00246333,0.840305,0.002,1.5,-0.976846,0.015707,1.04031,0.0188692,0.165777,-0.897619,0.173106,-0.0594184,0.199564,0.912569,228
2021-06-17,0.00207706,0.840305,0.002,1.5,-0.976846,0.0164552,1.04031,0.0188692,0.165777,-0.897619,0.173106,-0.0594184,0.199564,0.911032,245
2021-06-18,0.002,0.840305,0.002,1.5,-0.976846,0.0155357,1.04031,0.0188692,0.165777,-0.897619,0.173106,-0.0594184,0.199564,0.660396,262
2021-06-21,0.00355752,0.840305,0.002,1.5,-0.976846,0.0156829,1.04031,0.0188692,0.165777,-0.897619,0.173106,-0.0594184,0.199564,1.3234,266
2021-06-22,0.00252482,0.840305,0.002,1.5,-0.976846,0.0153206,1.04031,0.0188692,0.165777,-0.897619,0.173106,-0.0594184,0.199564,0.780863,205
2021-06-23,0.002,0.840305,0.002,1.5,-0.976846,0.0172546,1.04031,0.0188692,0.165777,-0.897619,0.173106,-0.0594184,0.199564,1.47132,229
2021-06-24,0.002,0.332867,0.002,1.49386,-0.801135,0.0160166,0.532867,0.0145856,0.168736,-0.868446,0.185153,-0.0571159,0.191116,0.916888,240
2021-06-25,0.002,0.332867,0.002,1.49386,-0.801135,0.0129219,0.532867,0.0145856,0.168736,-0.868446,0.185153,-0.0571159,0.191116,1.14242,258
2021-06-28,0.002,0.332867,0.002,1.49386,-0.801135,0.0135634,0.532867,0.0145856,0.168736,-0.868446,0.185153,-0.0571159,0.191116,1.15801,254
2021-06-29,0.002,0.332867,0.002,1.49386,-0.801135,0.01192,0.532867,0.0145856,0.168736,-0.868446,0.185153,-0.0571159,0.191116,1.17412,228
2021-06-30,0.002,0.332867,0.002,1.49386,-0.801135,0.011743,0.532867,0.0145856,0.168736,-0.868446,0.185153,-0.0571159,0.191116,1.30768,230
2021-07-01,0.002,0.332867,0.002,1.49386,-0.801135,0.0109648,0.532867,0.0145856,0.168736,-0.868446,0.185153,-0.0571159,0.191116,1.37541,251
2021-07-02,0.002,0.332867,0.002,1.49386,-0.801135,0.00906841,0.532867,0.0145856,0.168736,-0.868446,0.185153,-0.0571159,0.191116,1.53034,251
2021-07-05,0.002,0.332867,0.002,1.49386,-0.801135,0.00915498,0.532867,0.0145856,0.168736,-0.868446,0.185153,-0.0571159,0.191116,1.4686,244
2021-07-06,0.002,0.332867,0.002,1.49386,-0.801135,0.00987014,0.532867,0.0145856,0.168736,-0.868446,0.185153,-0.0571159,0.191116,1.33062,219
2021-07-07,0.002,0.332867,0.002,1.49386,-0.801135,0.0100411,0.532867,0.0145856,0.168736,-0.868446,0.185153,-0.0571159,0.191116,1.33508,237
2021-07-08,0.002,2.25197,0.0020001,1.39578,-0.481863,0.0126729,2.4637,0.0199875,0.187168,-0.979961,0.111141,-0.0617924,0.221929,0.795386,266
2021-07-09,0.002,2.25197,0.0020001,1.39578,-0.481863,0.0110915,2.4637,0.0199875,0.187168,-0.979961,0.111141,-0.0617924,0.221929,0.852458,281
2021-07-12,0.002,2.25197,0.0020001,1.39578,-0.481863,0.0113031,2.4637,0.0199875,0.187168,-0.979961,0.111141,-0.0617924,0.221929,1.16978,275
2021-07-13,0.002,2.25197,0.0020001,1.39578,-0.481863,0.0100484,2.4637,0.0199875,0.187168,-0.979961,0.111141,-0.0617924,0.221929,0.590729,227
2021-07-14,0.0024156,2.25197,0.0020001,1.39578,-0.481863,0.00978228,2.4637,0.0199875,0.187168,-0.979961,0.111141,-0.0617924,0.221929,0.596621,237
2021-07-15,0.002,2.25197,0.0020001,1.39578,-0.481863,0.00906806,2.4637,0.0199875,0.187168,-0.979961,0.111141,-0.0617924,0.221929,0.589472,250
2021-07-16,0.002,2.25197,0.0020001,1.39578,-0.481863,0.00761255,2.4637,0.0199875,0.187168,-0.979961,0.111141,-0.0617924,0.221929,0.579497,246
2021-07-19,0.002,2.25197,0.0020001,1.39578,-0.481863,0.010405,2.4637,0.0199875,0.187168,-0.979961,0.111141,-0.0617924,0.221929,1.44106,267
2021-07-20,0.00334824,2.25197,0.0020001,1.39578,-0.481863,0.0110559,2.4637,0.0199875,0.187168,-0.979961,0.111141,-0.0617924,0.221929,1.13947,228
2021-07-22,0.002,2.25197,0.0020001,1.39578,-0.481863,0.00781099,2.4637,0.0199875,0.187168,-0.979961,0.111141,-0.0617924,0.221929,0.635627,233
2021-07-23,0.002,2.43203,0.002,1.47785,-0.44153,0.00742085,2.63203,0.0195762,0.203714,-0.98,0.104578,-0.0584637,0.216324,0.486883,237
2021-07-26,0.002,2.43203,0.002,1.47785,-0.44153,0.00940286,2.63203,0.0195762,0.203714,-0.98,0.104578,-0.0584637,0.216324,1.26776,259
2021-07-27,0.00304152,2.43203,0.002,1.47785,-0.44153,0.0106733,2.63203,0.0195762,0.203714,-0.98,0.104578,-0.0584637,0.216324,0.773049,221
2021-07-28,0.00372728,2.43203,0.002,1.47785,-0.44153,0.011459,2.63203,0.0195762,0.203714,-0.98,0.104578,-0.0584637,0.216324,0.708512,245
2021-07-29,0.0026547,2.43203,0.002,1.47785,-0.44153,0.00938934,2.63203,0.0195762,0.203714,-0.98,0.104578,-0.0584637,0.216324,0.548474,253
2021-07-30,0.00205975,2.43203,0.002,1.47785,-0.44153,0.00929239,2.63203,0.0195762,0.203714,-0.98,0.104578,-0.0584637,0.216324,0.517172,266
2021-08-02,0.00568357,2.43203,0.002,1.47785,-0.44153,0.00638832,2.63203,0.0195762,0.203714,-0.98,0.104578,-0.0584637,0.216324,1.23224,277
2021-08-03,0.0117247,2.43203,0.002,1.47785,-0.44153,0.0039871,2.63203,0.0195762,0.203714,-0.98,0.104578,-0.0584637,0.216324,0.986491,237
2021-08-04,0.00924623,2.43203,0.002,1.47785,-0.44153,0.00439905,2.63203,0.0195762,0.203714,-0.98,0.104578,-0.0584637,0.216324,1.01877,263
2021-08-05,0.0076873,2.43203,0.002,1.47785,-0.44153,0.00483465,2.63203,0.0195762,0.203714,-0.98,0.104578,-0.0584637,0.216324,0.758087,264
2021-08-06,0.00511203,2.11629,0.002,1.49974,-0.507077,0.00636798,2.31629,0.0182929,0.189726,-0.98,0.140144,-0.0465748,0.183309,0.845709,273
2021-08-09,0.00411874,2.11629,0.002,1.49974,-0.507077,0.00727201,2.31629,0.0182929,0.189726,-0.98,0.140144,-0.0465748,0.183309,0.975138,275
2021-08-10,0.00389311,2.11629,0.002,1.49974,-0.507077,0.00746591,2.31629,0.0182929,0.189726,-0.98,0.140144,-0.0465748,0.183309,0.843759,234
2021-08-11,0.00269609,2.11629,0.002,1.49974,-0.507077,0.00825841,2.31629,0.0182929,0.189726,-0.98,0.140144,-0.0465748,0.183309,0.712719,250
2021-08-12,0.00348595,2.11629,0.002,1.49974,-0.507077,0.00640875,2.31629,0.0182929,0.189726,-0.98,0.140144,-0.0465748,0.183309,0.929712,260
2021-08-13,0.00661277,2.11629,0.002,1.49974,-0.507077,0.00544327,2.31629,0.0182929,0.189726,-0.98,0.140144,-0.0465748,0.183309,1.51301,271
2021-08-16,0.00659097,2.11629,0.002,1.49974,-0.507077,0.00663229,2.31629,0.0182929,0.189726,-0.98,0.140144,-0.0465748,0.183309,1.19848,239
2021-08-17,0.00596582,2.11629,0.002,1.49974,-0.507077,0.00692967,2.31629,0.0182929,0.189726,-0.98,0.140144,-0.0465748,0.183309,1.07952,248
2021-08-18,0.00258567,2.11629,0.002,1.49974,-0.507077,0.00876615,2.31629,0.0182929,0.189726,-0.98,0.140144,-0.0465748,0.183309,0.879669,285
2021-08-20,0.00579634,2.11629,0.002,1.49974,-0.507077,0.00920272,2.31629,0.0182929,0.189726,-0.98,0.140144,-0.0465748,0.183309,0.639201,291
2021-08-23,0.00457799,0.506161,0.00201554,1.49998,-0.495772,0.00974172,0.716331,0.0285741,0.141317,-0.970064,0.149669,-0.0522888,0.181185,1.04657,301
2021-08-24,0.00445227,0.506161,0.00201554,1.49998,-0.495772,0.00839047,0.716331,0.0285741,0.141317,-0.970064,0.149669,-0.0522888,0.181185,0.5958,252
2021-08-25,0.00467695,0.506161,0.00201554,1.49998,-0.495772,0.00849646,0.716331,0.0285741,0.141317,-0.970064,0.149669,-0.0522888,0.181185,0.653266,256
2021-08-26,0.00338683,0.506161,0.00201554,1.49998,-0.495772,0.00829926,0.716331,0.0285741,0.141317,-0.970064,0.149669,-0.0522888,0.181185,0.541189,287
2021-08-27,0.00204316,0.506161,0.00201554,1.49998,-0.495772,0.00969623,0.716331,0.0285741,0.141317,-0.970064,0.149669,-0.0522888,0.181185,0.515142,339
2021-08-30,0.00285563,0.506161,0.00201554,1.49998,-0.495772,0.00951045,0.716331,0.0285741,0.141317,-0.970064,0.149669,-0.0522888,0.181185,1.79216,370
2021-08-31,0.00543231,0.506161,0.00201554,1.49998,-0.495772,0.00979776,0.716331,0.0285741,0.141317,-0.970064,0.149669,-0.0522888,0.181185,0.976211,322
2021-09-01,0.00496538,0.506161,0.00201554,1.49998,-0.495772,0.00935883,0.716331,0.0285741,0.141317,-0.970064,0.149669,-0.0522888,0.181185,0.903564,344
2021-09-02,0.00362862,0.506161,0.00201554,1.49998,-0.495772,0.0110892,0.716331,0.0285741,0.141317,-0.970064,0.149669,-0.0522888,0.181185,0.835871,367
2021-09-03,0.0040221,0.506161,0.00201554,1.49998,-0.495772,0.0112712,0.716331,0.0285741,0.141317,-0.970064,0.149669,-0.0522888,0.181185,0.7141,385
2021-09-06,0.00554004,0.225412,0.0020605,1.49999,-0.397579,0.0114099,0.428356,0.0420878,0.127613,-0.916549,0.140269,-0.0685617,0.191821,1.26711,390
2021-09-07,0.00587227,0.225412,0.0020605,1.49999,-0.397579,0.01034,0.428356,0.0420878,0.127613,-0.916549,0.140269,-0.0685617,0.191821,0.809103,317
2021-09-08,0.00532213,0.225412,0.0020605,1.49999,-0.397579,0.0101875,0.428356,0.0420878,0.127613,-0.916549,0.140269,-0.0685617,0.191821,0.908085,336
2021-09-09,0.00433149,0.225412,0.0020605,1.49999,-0.397579,0.00997493,0.428356,0.0420878,0.127613,-0.916549,0.140269,-0.0685617,0.191821,0.80977,347
2021-09-13,0.00514161,0.225412,0.0020605,1.49999,-0.397579,0.0101848,0.428356,0.0420878,0.127613,-0.916549,0.140269,-0.0685617,0.191821,1.10018,354
2021-09-14,0.00462776,0.225412,0.0020605,1.49999,-0.397579,0.00935333,0.428356,0.0420878,0.127613,-0.916549,0.140269,-0.0685617,0.191821,0.854749,283
2021-09-15,0.00488848,0.225412,0.0020605,1.49999,-0.397579,0.0096809,0.428356,0.0420878,0.127613,-0.916549,0.140269,-0.0685617,0.191821,0.85204,310
2021-09-16,0.0078017,0.225412,0.0020605,1.49999,-0.397579,0.0089652,0.428356,0.0420878,0.127613,-0.916549,0.140269,-0.0685617,0.191821,0.894819,312
2021-09-17,0.00815189,0.225412,0.0020605,1.49999,-0.397579,0.0106746,0.428356,0.0420878,0.127613,-0.916549,0.140269,-0.0685617,0.191821,1.0552,357
2021-09-20,0.0169937,0.225412,0.0020605,1.49999,-0.397579,0.0104886,0.428356,0.0420878,0.127613,-0.916549,0.140269,-0.0685617,0.191821,2.40241,376
2021-09-21,0.0116901,0.288362,0.0260445,1.5,-0.223157,0.0109574,0.491977,0.0336258,0.120261,-0.8561,0.148625,-0.0827118,0.195455,1.36356,314
2021-09-22,0.0128628,0.288362,0.0260445,1.5,-0.223157,0.0102387,0.491977,0.0336258,0.120261,-0.8561,0.148625,-0.0827118,0.195455,1.00846,317
2021-09-23,0.011431,0.288362,0.0260445,1.5,-0.223157,0.0122021,0.491977,0.0336258,0.120261,-0.8561,0.148625,-0.0827118,0.195455,1.13007,339
2021-09-24,0.00929427,0.288362,0.0260445,1.5,-0.223157,0.0153983,0.491977,0.0336258,0.120261,-0.8561,0.148625,-0.0827118,0.195455,0.981877,368
2021-09-27,0.0124164,0.288362,0.0260445,1.5,-0.223157,0.0162688,0.491977,0.0336258,0.120261,-0.8561,0.148625,-0.0827118,0.195455,1.60668,381
2021-09-28,0.0115229,0.288362,0.0260445,1.5,-0.223157,0.0201653,0.491977,0.0336258,0.120261,-0.8561,0.148625,-0.0827118,0.195455,0.938793,292
2021-09-29,0.0129016,0.288362,0.0260445,1.5,-0.223157,0.0196095,0.491977,0.0336258,0.120261,-0.8561,0.148625,-0.0827118,0.195455,0.960509,302
2021-09-30,0.00620474,0.288362,0.0260445,1.5,-0.223157,0.0244302,0.491977,0.0336258,0.120261,-0.8561,0.148625,-0.0827118,0.195455,1.10246,339
2021-10-01,0.00316799,0.288362,0.0260445,1.5,-0.223157,0.0229387,0.491977,0.0336258,0.120261,-0.8561,0.148625,-0.0827118,0.195455,1.07226,374
2021-10-04,0.00306348,0.288362,0.0260445,1.5,-0.223157,0.0209067,0.491977,0.0336258,0.120261,-0.8561,0.148625,-0.0827118,0.195455,1.04995,396
2021-10-05,0.002,0.155374,0.136519,1.49809,-0.254593,0.0194757,0.357621,0.020684,0.11293,-0.628721,0.178162,-0.0751691,0.188251,0.948512,351
2021-10-06,0.00735781,0.155374,0.136519,1.49809,-0.254593,0.0178083,0.357621,0.020684,0.11293,-0.628721,0.178162,-0.0751691,0.188251,0.861413,362
2021-10-07,0.002,0.155374,0.136519,1.49809,-0.254593,0.0185898,0.357621,0.020684,0.11293,-0.628721,0.178162,-0.0751691,0.188251,1.0779,371
2021-10-08,0.002,0.155374,0.136519,1.49809,-0.254593,0.016796,0.357621,0.020684,0.11293,-0.628721,0.178162,-0.0751691,0.188251,1.20974,370
2021-10-11,0.00490425,0.155374,0.136519,1.49809,-0.254593,0.015898,0.357621,0.020684,0.11293,-0.628721,0.178162,-0.0751691,0.188251,0.987849,378
2021-10-12,0.00435064,0.155374,0.136519,1.49809,-0.254593,0.0157844,0.357621,0.020684,0.11293,-0.628721,0.178162,-0.0751691,0.188251,0.861361,323
2021-10-13,0.00535216,0.155374,0.136519,1.49809,-0.254593,0.0154414,0.357621,0.020684,0.11293,-0.628721,0.178162,-0.0751691,0.188251,0.951355,346
2021-10-14,0.00536813,0.155374,0.136519,1.49809,-0.254593,0.0143995,0.357621,0.020684,0.11293,-0.628721,0.178162,-0.0751691,0.188251,1.20467,364
2021-10-18,0.00655966,0.155374,0.136519,1.49809,-0.254593,0.0180014,0.357621,0.020684,0.11293,-0.628721,0.178162,-0.0751691,0.188251,1.42425,395
2021-10-19,0.0094995,0.155374,0.136519,1.49809,-0.254593,0.0165168,0.357621,0.020684,0.11293,-0.628721,0.178162,-0.0751691,0.188251,1.3074,327
2021-10-20,0.0152803,0.183174,0.235963,1.49998,-0.242254,0.0141661,0.383174,0.00200784,0.125355,-0.484653,0.190949,-0.0773693,0.181718,1.00836,330
2021-10-21,0.00855835,0.183174,0.235963,1.49998,-0.242254,0.0181568,0.383174,0.00200784,0.125355,-0.484653,0.190949,-0.0773693,0.181718,1.19113,371
2021-10-22,0.00387327,0.183174,0.235963,1.49998,-0.242254,0.0197631,0.383174,0.00200784,0.125355,-0.484653,0.190949,-0.0773693,0.181718,1.23197,369
2021-10-25,0.00751362,0.183174,0.235963,1.49998,-0.242254,0.0193537,0.383174,0.00200784,0.125355,-0.484653,0.190949,-0.0773693,0.181718,1.58717,380
2021-10-26,0.00283435,0.183174,0.235963,1.49998,-0.242254,0.0199505,0.383174,0.00200784,0.125355,-0.484653,0.190949,-0.0773693,0.181718,0.943485,307
2021-10-27,0.0034462,0.183174,0.235963,1.49998,-0.242254,0.0196307,0.383174,0.00200784,0.125355,-0.484653,0.190949,-0.0773693,0.181718,1.09868,308
2021-10-28,0.00525306,0.183174,0.235963,1.49998,-0.242254,0.0219511,0.383174,0.00200784,0.125355,-0.484653,0.190949,-0.0773693,0.181718,1.46295,351
2021-10-29,0.00321688,0.183174,0.235963,1.49998,-0.242254,0.0211343,0.383174,0.00200784,0.125355,-0.484653,0.190949,-0.0773693,0.181718,1.41684,377
2021-11-01,0.00484572,0.183174,0.235963,1.49998,-0.242254,0.0173616,0.383174,0.00200784,0.125355,-0.484653,0.190949,-0.0773693,0.181718,0.753221,306
2021-11-02,0.002,0.183174,0.235963,1.49998,-0.242254,0.0189079,0.383174,0.00200784,0.125355,-0.484653,0.190949,-0.0773693,0.181718,1.04569,310
2021-11-03,0.002,0.316605,0.178884,1.49998,-0.34633,0.0165173,0.516605,0.00202385,0.127537,-0.334855,0.142954,-0.0538363,0.22484,0.838943,348
2021-11-04,0.002,0.316605,0.178884,1.49998,-0.34633,0.0141148,0.516605,0.00202385,0.127537,-0.334855,0.142954,-0.0538363,0.22484,0.904482,303
2021-11-08,0.00340434,0.316605,0.178884,1.49998,-0.34633,0.0146599,0.516605,0.00202385,0.127537,-0.334855,0.142954,-0.0538363,0.22484,1.10742,372
2021-11-09,0.00857398,0.092411,0.166586,0.516126,-0.190828,0.00857338,7.73323,0.0165979,1.05161,-0.307132,0.116496,-0.0666143,0.249968,0.802725,295
2021-11-10,0.00798647,0.092411,0.166586,0.516126,-0.190828,0.00830004,7.73323,0.0165979,1.05161,-0.307132,0.116496,-0.0666143,0.249968,0.996141,311
2021-11-11,0.010374,0.092411,0.166586,0.516126,-0.190828,0.00571723,7.73323,0.0165979,1.05161,-0.307132,0.116496,-0.0666143,0.249968,1.15246,326
2021-11-12,0.00970976,0.092411,0.166586,0.516126,-0.190828,0.002,7.73323,0.0165979,1.05161,-0.307132,0.116496,-0.0666143,0.249968,1.20444,356
2021-11-15,0.00587371,0.092411,0.166586,0.516126,-0.190828,0.0102903,7.73323,0.0165979,1.05161,-0.307132,0.116496,-0.0666143,0.249968,1.36193,365
2021-11-16,0.00591641,0.092411,0.166586,0.516126,-0.190828,0.00784165,7.73323,0.0165979,1.05161,-0.307132,0.116496,-0.0666143,0.249968,1.23861,299
2021-11-17,0.00565166,0.092411,0.166586,0.516126,-0.190828,0.00758564,7.73323,0.0165979,1.05161,-0.307132,0.116496,-0.0666143,0.249968,1.22674,312
2021-11-18,0.00526629,0.092411,0.166586,0.516126,-0.190828,0.00561826,7.73323,0.0165979,1.05161,-0.307132,0.116496,-0.0666143,0.249968,1.17547,332
2021-11-22,0.002,0.092411,0.166586,0.516126,-0.190828,0.0227825,7.73323,0.0165979,1.05161,-0.307132,0.116496,-0.0666143,0.249968,2.72339,425
2021-11-23,0.002,0.092411,0.166586,0.516126,-0.190828,0.0184993,7.73323,0.0165979,1.05161,-0.307132,0.116496,-0.0666143,0.249968,1.27303,393
2021-11-24,0.002,0.329729,0.146784,0.554476,-0.288003,0.0205617,13.1307,0.00636792,0.704468,-0.408955,0.111092,-0.0548515,0.248123,0.892602,381
2021-11-25,0.002,0.329729,0.146784,0.554476,-0.288003,0.0158134,13.1307,0.00636792,0.704468,-0.408955,0.111092,-0.0548515,0.248123,0.892357,377
2021-11-26,0.00204053,0.329729,0.146784,0.554476,-0.288003,0.0365003,13.1307,0.00636792,0.704468,-0.408955,0.111092,-0.0548515,0.248123,1.39328,439
2021-11-29,0.00329941,0.329729,0.146784,0.554476,-0.288003,0.0370955,13.1307,0.00636792,0.704468,-0.408955,0.111092,-0.0548515,0.248123,2.75951,440
2021-11-30,0.00630984,0.329729,0.146784,0.554476,-0.288003,0.0332543,13.1307,0.00636792,0.704468,-0.408955,0.111092,-0.0548515,0.248123,2.10441,382
2021-12-01,0.00654054,0.329729,0.146784,0.554476,-0.288003,0.0242623,13.1307,0.00636792,0.704468,-0.408955,0.111092,-0.0548515,0.248123,1.90638,395
2021-12-02,0.00777049,0.329729,0.146784,0.554476,-0.288003,0.0167297,13.1307,0.00636792,0.704468,-0.408955,0.111092,-0.0548515,0.248123,1.76078,400
2021-12-03,0.00809405,0.329729,0.146784,0.554476,-0.288003,0.0209659,13.1307,0.00636792,0.704468,-0.408955,0.111092,-0.0548515,0.248123,1.24439,427
2021-12-06,0.00755919,0.329729,0.146784,0.554476,-0.288003,0.0340358,13.1307,0.00636792,0.704468,-0.408955,0.111092,-0.0548515,0.248123,2.12397,461
2021-12-07,0.00655929,0.329729,0.146784,0.554476,-0.288003,0.0260263,13.1307,0.00636792,0.704468,-0.408955,0.111092,-0.0548515,0.248123,1.25487,370
2021-12-08,0.0134371,0.35296,0.11504,0.21731,-0.608003,0.0142155,13.9392,0.00200711,1.85303,-0.824558,0.0976976,-0.0428114,0.249471,0.76377,378
2021-12-09,0.0134469,0.35296,0.11504,0.21731,-0.608003,0.0105068,13.9392,0.00200711,1.85303,-0.824558,0.0976976,-0.0428114,0.249471,0.838616,381
2021-12-10,0.0134943,0.35296,0.11504,0.21731,-0.608003,0.00811159,13.9392,0.00200711,1.85303,-0.824558,0.0976976,-0.0428114,0.249471,0.727494,384
2021-12-13,0.0153183,0.35296,0.11504,0.21731,-0.608003,0.0110293,13.9392,0.00200711,1.85303,-0.824558,0.0976976,-0.0428114,0.249471,1.37,420
2021-12-14,0.0164462,0.35296,0.11504,0.21731,-0.608003,0.0108668,13.9392,0.00200711,1.85303,-0.824558,0.0976976,-0.0428114,0.249471,0.791532,339
2021-12-15,0.0162019,0.35296,0.11504,0.21731,-0.608003,0.01398,13.9392,0.00200711,1.85303,-0.824558,0.0976976,-0.0428114,0.249471,0.872578,328
2021-12-16,0.0151029,0.35296,0.11504,0.21731,-0.608003,0.00755542,13.9392,0.00200711,1.85303,-0.824558,0.0976976,-0.0428114,0.249471,0.649809,342
2021-12-17,0.0163583,0.35296,0.11504,0.21731,-0.608003,0.010108,13.9392,0.00200711,1.85303,-0.824558,0.0976976,-0.0428114,0.249471,0.855327,392
2021-12-20,0.0182636,0.35296,0.11504,0.21731,-0.608003,0.0313058,13.9392,0.00200711,1.85303,-0.824558,0.0976976,-0.0428114,0.249471,2.69555,407
2021-12-21,0.0181759,0.35296,0.11504,0.21731,-0.608003,0.0167552,13.9392,0.00200711,1.85303,-0.824558,0.0976976,-0.0428114,0.249471,1.03775,348
2021-12-22,0.0165603,0.207367,0.17527,0.152792,-0.879683,0.0132569,14.5645,0.00200002,1.99938,-0.733296,0.0966869,-0.0386569,0.249999,0.753024,351
2021-12-23,0.0161102,0.207367,0.17527,0.152792,-0.879683,0.00886103,14.5645,0.00200002,1.99938,-0.733296,0.0966869,-0.0386569,0.249999,1.19315,369
2021-12-24,0.0157168,0.207367,0.17527,0.152792,-0.879683,0.0110241,14.5645,0.00200002,1.99938,-0.733296,0.0966869,-0.0386569,0.249999,0.736318,391
2021-12-27,0.0163401,0.207367,0.17527,0.152792,-0.879683,0.0179271,14.5645,0.00200002,1.99938,-0.733296,0.0966869,-0.0386569,0.249999,1.59522,386
2021-12-28,0.0159067,0.207367,0.17527,0.152792,-0.879683,0.0122184,14.5645,0.00200002,1.99938,-0.733296,0.0966869,-0.0386569,0.249999,0.691631,316
2021-12-29,0.0177457,0.207367,0.17527,0.152792,-0.879683,0.00774025,14.5645,0.00200002,1.99938,-0.733296,0.0966869,-0.0386569,0.249999,0.701155,313
2021-12-30,0.0169563,0.207367,0.17527,0.152792,-0.879683,0.00955496,14.5645,0.00200002,1.99938,-0.733296,0.0966869,-0.0386569,0.249999,0.949859,351
2021-12-31,0.016842,0.207367,0.17527,0.152792,-0.879683,0.00662171,14.5645,0.00200002,1.99938,-0.733296,0.0966869,-0.0386569,0.249999,1.0964,379
2022-01-03,0.0155166,0.207367,0.17527,0.152792,-0.879683,0.0110578,14.5645,0.00200002,1.99938,-0.733296,0.0966869,-0.0386569,0.249999,1.28967,389
2022-01-04,0.0147007,0.207367,0.17527,0.152792,-0.879683,0.00972612,14.5645,0.00200002,1.99938,-0.733296,0.0966869,-0.0386569,0.249999,0.991512,347
2022-01-05,0.0146878,0.168611,0.205327,0.153735,-0.948083,0.0145269,15.1031,0.00200046,1.95622,-0.701515,0.097527,-0.0573857,0.249876,1.1266,365
2022-01-06,0.0182648,0.168611,0.205327,0.153735,-0.948083,0.0127993,15.1031,0.00200046,1.95622,-0.701515,0.097527,-0.0573857,0.249876,1.13282,383
2022-01-07,0.0183194,0.168611,0.205327,0.153735,-0.948083,0.00930523,15.1031,0.00200046,1.95622,-0.701515,0.097527,-0.0573857,0.249876,1.19381,392
2022-01-10,0.0152144,0.168611,0.205327,0.153735,-0.948083,0.015465,15.1031,0.00200046,1.95622,-0.701515,0.097527,-0.0573857,0.249876,1.34948,388
2022-01-11,0.015553,0.168611,0.205327,0.153735,-0.948083,0.0145479,15.1031,0.00200046,1.95622,-0.701515,0.097527,-0.0573857,0.249876,1.28536,335
2022-01-12,0.0156984,0.168611,0.205327,0.153735,-0.948083,0.0096626,15.1031,0.00200046,1.95622,-0.701515,0.097527,-0.0573857,0.249876,1.26709,331
2022-01-13,0.0151079,0.168611,0.205327,0.153735,-0.948083,0.00763346,15.1031,0.00200046,1.95622,-0.701515,0.097527,-0.0573857,0.249876,1.27475,346
2022-01-14,0.0158103,0.168611,0.205327,0.153735,-0.948083,0.00870095,15.1031,0.00200046,1.95622,-0.701515,0.097527,-0.0573857,0.249876,1.31764,392
2022-01-17,0.0157645,0.168611,0.205327,0.153735,-0.948083,0.0111877,15.1031,0.00200046,1.95622,-0.701515,0.097527,-0.0573857,0.249876,1.17531,377
2022-01-18,0.0160852,0.168611,0.205327,0.153735,-0.948083,0.01534,15.1031,0.00200046,1.95622,-0.701515,0.097527,-0.0573857,0.249876,1.51576,334
2022-01-19,0.0171328,0.103744,0.229788,0.156348,-0.936956,0.0148446,12.6176,0.00200305,1.51871,-0.710192,0.101257,-0.0696491,0.25,1.55213,344
2022-01-20,0.016863,0.103744,0.229788,0.156348,-0.936956,0.0150115,12.6176,0.00200305,1.51871,-0.710192,0.101257,-0.0696491,0.25,1.68767,357
2022-01-21,0.0184232,0.103744,0.229788,0.156348,-0.936956,0.0213486,12.6176,0.00200305,1.51871,-0.710192,0.101257,-0.0696491,0.25,1.7332,402
2022-01-24,0.0157438,0.103744,0.229788,0.156348,-0.936956,0.0630008,12.6176,0.00200305,1.51871,-0.710192,0.101257,-0.0696491,0.25,3.51738,449
2022-01-25,0.0146774,0.103744,0.229788,0.156348,-0.936956,0.05528,12.6176,0.00200305,1.51871,-0.710192,0.101257,-0.0696491,0.25,2.25075,368
2022-01-27,0.0152305,0.103744,0.229788,0.156348,-0.936956,0.052833,12.6176,0.00200305,1.51871,-0.710192,0.101257,-0.0696491,0.25,2.62647,386
2022-01-28,0.0172905,0.103744,0.229788,0.156348,-0.936956,0.0507863,12.6176,0.00200305,1.51871,-0.710192,0.101257,-0.0696491,0.25,2.73329,426
2022-01-31,0.0147504,0.103744,0.229788,0.156348,-0.936956,0.0582361,12.6176,0.00200305,1.51871,-0.710192,0.101257,-0.0696491,0.25,5.07465,428
2022-02-01,0.0193387,0.103744,0.229788,0.156348,-0.936956,0.026919,12.6176,0.00200305,1.51871,-0.710192,0.101257,-0.0696491,0.25,1.94264,379
2022-02-02,0.0199787,0.103744,0.229788,0.156348,-0.936956,0.00961769,12.6176,0.00200305,1.51871,-0.710192,0.101257,-0.0696491,0.25,0.978052,394
2022-02-03,0.010028,0.12235,0.207928,0.265907,-0.98,0.0279673,15.1223,0.0090046,0.791569,-0.312364,0.129596,-0.0703285,0.225777,0.902386,415
2022-02-04,0.0126398,0.12235,0.207928,0.265907,-0.98,0.0198582,15.1223,0.0090046,0.791569,-0.312364,0.129596,-0.0703285,0.225777,0.960695,427
2022-02-07,0.00904618,0.12235,0.207928,0.265907,-0.98,0.0407369,15.1223,0.0090046,0.791569,-0.312364,0.129596,-0.0703285,0.225777,1.82513,440
2022-02-08,0.0113785,0.12235,0.207928,0.265907,-0.98,0.0300578,15.1223,0.0090046,0.791569,-0.312364,0.129596,-0.0703285,0.225777,1.00707,387
2022-02-09,0.0135919,0.12235,0.207928,0.265907,-0.98,0.0173543,15.1223,0.0090046,0.791569,-0.312364,0.129596,-0.0703285,0.225777,1.12014,409
2022-02-10,0.011925,0.12235,0.207928,0.265907,-0.98,0.0142639,15.1223,0.0090046,0.791569,-0.312364,0.129596,-0.0703285,0.225777,0.946741,398
2022-02-11,0.0115071,0.12235,0.207928,0.265907,-0.98,0.0228538,15.1223,0.0090046,0.791569,-0.312364,0.129596,-0.0703285,0.225777,1.0245,404
2022-02-14,0.00911312,0.12235,0.207928,0.265907,-0.98,0.0602568,15.1223,0.0090046,0.791569,-0.312364,0.129596,-0.0703285,0.225777,3.29054,456
2022-02-15,0.0104368,0.12235,0.207928,0.265907,-0.98,0.0394099,15.1223,0.0090046,0.791569,-0.312364,0.129596,-0.0703285,0.225777,1.86977,398
2022-02-16,0.00920915,0.12235,0.207928,0.265907,-0.98,0.0391713,15.1223,0.0090046,0.791569,-0.312364,0.129596,-0.0703285,0.225777,1.50142,398
2022-02-17,0.014746,0.218401,0.0752581,0.289192,-0.98,0.0378183,15.2184,0.0108885,0.990544,-0.340469,0.120106,-0.0678859,0.23237,2.29748,406
2022-02-18,0.0159688,0.218401,0.0752581,0.289192,-0.98,0.0346355,15.2184,0.0108885,0.990544,-0.340469,0.120106,-0.0678859,0.23237,2.31821,425
2022-02-21,0.0146667,0.218401,0.0752581,0.289192,-0.98,0.0437895,15.2184,0.0108885,0.990544,-0.340469,0.120106,-0.0678859,0.23237,2.24928,468
2022-02-22,0.0173204,0.218401,0.0752581,0.289192,-0.98,0.0520485,15.2184,0.0108885,0.990544,-0.340469,0.120106,-0.0678859,0.23237,2.45419,384
2022-02-23,0.0170431,0.218401,0.0752581,0.289192,-0.98,0.0416636,15.2184,0.0108885,0.990544,-0.340469,0.120106,-0.0678859,0.23237,1.74659,399
2022-02-24,0.0244611,0.218401,0.0752581,0.289192,-0.98,0.0855752,15.2184,0.0108885,0.990544,-0.340469,0.120106,-0.0678859,0.23237,3.51327,425
2022-02-25,0.0212051,0.218401,0.0752581,0.289192,-0.98,0.0531058,15.2184,0.0108885,0.990544,-0.340469,0.120106,-0.0678859,0.23237,3.3237,483
2022-02-28,0.020237,0.218401,0.0752581,0.289192,-0.98,0.076066,15.2184,0.0108885,0.990544,-0.340469,0.120106,-0.0678859,0.23237,6.0599,502
2022-03-02,0.0214089,0.218401,0.0752581,0.289192,-0.98,0.0813893,15.2184,0.0108885,0.990544,-0.340469,0.120106,-0.0678859,0.23237,3.45473,444
2022-03-03,0.026775,0.218401,0.0752581,0.289192,-0.98,0.0608228,15.2184,0.0108885,0.990544,-0.340469,0.120106,-0.0678859,0.23237,2.16092,449
2022-03-04,0.0273791,0.698856,0.0184885,0.256426,-0.955104,0.0679845,15.6989,0.0131445,1.32096,-0.602662,0.10654,-0.0476308,0.246279,1.23026,484
2022-03-07,0.0290058,0.698856,0.0184885,0.256426,-0.955104,0.0931888,15.6989,0.0131445,1.32096,-0.602662,0.10654,-0.0476308,0.246279,3.57576,489
2022-03-08,0.0289422,0.698856,0.0184885,0.256426,-0.955104,0.0836906,15.6989,0.0131445,1.32096,-0.602662,0.10654,-0.0476308,0.246279,1.98906,424
2022-03-09,0.024237,0.698856,0.0184885,0.256426,-0.955104,0.0682118,15.6989,0.0131445,1.32096,-0.602662,0.10654,-0.0476308,0.246279,1.4574,445
2022-03-10,0.0259279,0.698856,0.0184885,0.256426,-0.955104,0.0546766,15.6989,0.0131445,1.32096,-0.602662,0.10654,-0.0476308,0.246279,1.7579,472
2022-03-11,0.0269101,0.698856,0.0184885,0.256426,-0.955104,0.0476504,15.6989,0.0131445,1.32096,-0.602662,0.10654,-0.0476308,0.246279,1.66329,478
2022-03-14,0.019948,0.698856,0.0184885,0.256426,-0.955104,0.0686899,15.6989,0.0131445,1.32096,-0.602662,0.10654,-0.0476308,0.246279,3.34437,457
2022-03-15,0.0266712,0.698856,0.0184885,0.256426,-0.955104,0.0672472,15.6989,0.0131445,1.32096,-0.602662,0.10654,-0.0476308,0.246279,1.87795,408
2022-03-16,0.0214633,0.698856,0.0184885,0.256426,-0.955104,0.0524919,15.6989,0.0131445,1.32096,-0.602662,0.10654,-0.0476308,0.246279,1.64475,414
2022-03-17,0.0209323,0.698856,0.0184885,0.256426,-0.955104,0.0371674,15.6989,0.0131445,1.32096,-0.602662,0.10654,-0.0476308,0.246279,1.90124,447
2022-03-21,0.0286252,0.179803,0.0196721,0.319934,-0.635863,0.0536566,14.7681,0.00753047,1.76636,-0.761018,0.123952,-0.0665947,0.246241,1.24649,468
2022-03-22,0.0317653,0.179803,0.0196721,0.319934,-0.635863,0.0393115,14.7681,0.00753047,1.76636,-0.761018,0.123952,-0.0665947,0.246241,1.09039,372
2022-03-23,0.0333574,0.179803,0.0196721,0.319934,-0.635863,0.0417099,14.7681,0.00753047,1.76636,-0.761018,0.123952,-0.0665947,0.246241,1.01174,407
2022-03-24,0.0374836,0.179803,0.0196721,0.319934,-0.635863,0.0262129,14.7681,0.00753047,1.76636,-0.761018,0.123952,-0.0665947,0.246241,1.29413,425
2022-03-25,0.0380979,0.179803,0.0196721,0.319934,-0.635863,0.0156361,14.7681,0.00753047,1.76636,-0.761018,0.123952,-0.0665947,0.246241,1.15606,451
2022-03-28,0.035145,0.179803,0.0196721,0.319934,-0.635863,0.0127244,14.7681,0.00753047,1.76636,-0.761018,0.123952,-0.0665947,0.246241,1.0278,435
2022-03-29,0.0311156,0.179803,0.0196721,0.319934,-0.635863,0.00811667,14.7681,0.00753047,1.76636,-0.761018,0.123952,-0.0665947,0.246241,0.866007,370
2022-03-30,0.0275027,0.179803,0.0196721,0.319934,-0.635863,0.0103741,14.7681,0.00753047,1.76636,-0.761018,0.123952,-0.0665947,0.246241,0.895517,384
2022-03-31,0.027534,0.179803,0.0196721,0.319934,-0.635863,0.00902176,14.7681,0.00753047,1.76636,-0.761018,0.123952,-0.0665947,0.246241,0.903365,373
2022-04-01,0.0236425,0.179803,0.0196721,0.319934,-0.635863,0.00446894,14.7681,0.00753047,1.76636,-0.761018,0.123952,-0.0665947,0.246241,1.20213,445
2022-04-04,0.0204755,1.04893,0.0156848,0.430147,-0.691052,0.00686604,16.0489,0.0108957,1.99997,-0.770253,0.116947,-0.0688125,0.249345,1.19881,459
2022-04-05,0.0224631,1.04893,0.0156848,0.430147,-0.691052,0.00503898,16.0489,0.0108957,1.99997,-0.770253,0.116947,-0.0688125,0.249345,0.679837,401
2022-04-06,0.0255143,1.04893,0.0156848,0.430147,-0.691052,0.00222131,16.0489,0.0108957,1.99997,-0.770253,0.116947,-0.0688125,0.249345,0.683012,418
2022-04-07,0.0260046,1.04893,0.0156848,0.430147,-0.691052,0.002,16.0489,0.0108957,1.99997,-0.770253,0.116947,-0.0688125,0.249345,0.739895,450
2022-04-08,0.0211217,1.04893,0.0156848,0.430147,-0.691052,0.002,16.0489,0.0108957,1.99997,-0.770253,0.116947,-0.0688125,0.249345,0.828433,454
2022-04-11,0.0234072,1.04893,0.0156848,0.430147,-0.691052,0.002,16.0489,0.0108957,1.99997,-0.770253,0.116947,-0.0688125,0.249345,0.84147,387
2022-04-12,0.0225929,1.04893,0.0156848,0.430147,-0.691052,0.002,16.0489,0.0108957,1.99997,-0.770253,0.116947,-0.0688125,0.249345,1.19747,393
2022-04-13,0.021005,1.04893,0.0156848,0.430147,-0.691052,0.002,16.0489,0.0108957,1.99997,-0.770253,0.116947,-0.0688125,0.249345,1.30708,413
2022-04-18,0.0278269,1.04893,0.0156848,0.430147,-0.691052,0.002,16.0489,0.0108957,1.99997,-0.770253,0.116947,-0.0688125,0.249345,1.56099,449
2022-04-19,0.028222,1.04893,0.0156848,0.430147,-0.691052,0.00503469,16.0489,0.0108957,1.99997,-0.770253,0.116947,-0.0688125,0.249345,1.466,402
2022-04-20,0.0239552,0.894284,0.0148624,0.38995,-0.607605,0.00664027,15.8943,0.00989352,1.99999,-0.856679,0.105311,-0.0610975,0.249933,0.789308,410
2022-04-21,0.0210153,0.894284,0.0148624,0.38995,-0.607605,0.00448267,15.8943,0.00989352,1.99999,-0.856679,0.105311,-0.0610975,0.249933,0.716521,425
2022-04-22,0.0241558,0.894284,0.0148624,0.38995,-0.607605,0.002,15.8943,0.00989352,1.99999,-0.856679,0.105311,-0.0610975,0.249933,0.734692,448
2022-04-25,0.0283853,0.894284,0.0148624,0.38995,-0.607605,0.0166008,15.8943,0.00989352,1.99999,-0.856679,0.105311,-0.0610975,0.249933,1.47855,479
2022-04-26,0.0259184,0.894284,0.0148624,0.38995,-0.607605,0.002,15.8943,0.00989352,1.99999,-0.856679,0.105311,-0.0610975,0.249933,0.793323,396
2022-04-27,0.0284534,0.894284,0.0148624,0.38995,-0.607605,0.00702798,15.8943,0.00989352,1.99999,-0.856679,0.105311,-0.0610975,0.249933,1.04708,404
2022-04-28,0.0237,0.894284,0.0148624,0.38995,-0.607605,0.00644569,15.8943,0.00989352,1.99999,-0.856679,0.105311,-0.0610975,0.249933,0.891317,435
2022-04-29,0.0240743,0.894284,0.0148624,0.38995,-0.607605,0.00584016,15.8943,0.00989352,1.99999,-0.856679,0.105311,-0.0610975,0.249933,0.92239,473
2022-05-02,0.0239019,0.894284,0.0148624,0.38995,-0.607605,0.0178323,15.8943,0.00989352,1.99999,-0.856679,0.105311,-0.0610975,0.249933,0.964398,449
2022-05-04,0.0309787,0.894284,0.0148624,0.38995,-0.607605,0.0210081,15.8943,0.00989352,1.99999,-0.856679,0.105311,-0.0610975,0.249933,2.11522,410
2022-05-05,0.0322301,1.53001,0.0253313,0.418296,-0.59978,0.00525474,15.7015,0.00224306,1.99979,-0.979994,0.117609,-0.0512197,0.233114,0.897644,418
2022-05-06,0.0334594,1.53001,0.0253313,0.418296,-0.59978,0.0139171,15.7015,0.00224306,1.99979,-0.979994,0.117609,-0.0512197,0.233114,0.800014,445
2022-05-09,0.0349187,1.53001,0.0253313,0.418296,-0.59978,0.0170171,15.7015,0.00224306,1.99979,-0.979994,0.117609,-0.0512197,0.233114,1.74145,466
2022-05-10,0.0379176,1.53001,0.0253313,0.418296,-0.59978,0.0117042,15.7015,0.00224306,1.99979,-0.979994,0.117609,-0.0512197,0.233114,1.061,383
2022-05-11,0.0403887,1.53001,0.0253313,0.418296,-0.59978,0.0081339,15.7015,0.00224306,1.99979,-0.979994,0.117609,-0.0512197,0.233114,1.20694,421
2022-05-12,0.043089,1.53001,0.0253313,0.418296,-0.59978,0.0202494,15.7015,0.00224306,1.99979,-0.979994,0.117609,-0.0512197,0.233114,1.97124,426
2022-05-13,0.043404,1.53001,0.0253313,0.418296,-0.59978,0.00954281,15.7015,0.00224306,1.99979,-0.979994,0.117609,-0.0512197,0.233114,1.36576,486
2022-05-16,0.0406321,1.53001,0.0253313,0.418296,-0.59978,0.0202047,15.7015,0.00224306,1.99979,-0.979994,0.117609,-0.0512197,0.233114,1.60207,468
2022-05-17,0.0361149,1.53001,0.0253313,0.418296,-0.59978,0.0150261,15.7015,0.00224306,1.99979,-0.979994,0.117609,-0.0512197,0.233114,0.973752,422
2022-05-18,0.0345808,1.53001,0.0253313,0.418296,-0.59978,0.0136174,15.7015,0.00224306,1.99979,-0.979994,0.117609,-0.0512197,0.233114,0.888955,419
2022-05-19,0.029699,0.875104,0.00796775,0.318804,-0.49764,0.0352977,15.8747,0.00959534,1.27443,-0.943458,0.115948,-0.0423034,0.25,0.823059,444
2022-05-20,0.0250311,0.875104,0.00796775,0.318804,-0.49764,0.0289099,15.8747,0.00959534,1.27443,-0.943458,0.115948,-0.0423034,0.25,0.894705,468
2022-05-23,0.0265035,0.875104,0.00796775,0.318804,-0.49764,0.0375107,15.8747,0.00959534,1.27443,-0.943458,0.115948,-0.0423034,0.25,1.29205,476
2022-05-24,0.028145,0.875104,0.00796775,0.318804,-0.49764,0.0399059,15.8747,0.00959534,1.27443,-0.943458,0.115948,-0.0423034,0.25,0.803807,403
2022-05-25,0.0318122,0.875104,0.00796775,0.318804,-0.49764,0.0320464,15.8747,0.00959534,1.27443,-0.943458,0.115948,-0.0423034,0.25,0.8123,423
2022-05-26,0.0299434,0.875104,0.00796775,0.318804,-0.49764,0.0164906,15.8747,0.00959534,1.27443,-0.943458,0.115948,-0.0423034,0.25,1.05182,448
2022-05-27,0.0253187,0.875104,0.00796775,0.318804,-0.49764,0.0141416,15.8747,0.00959534,1.27443,-0.943458,0.115948,-0.0423034,0.25,1.00525,464
2022-05-30,0.022281,0.875104,0.00796775,0.318804,-0.49764,0.0159278,15.8747,0.00959534,1.27443,-0.943458,0.115948,-0.0423034,0.25,1.39464,504
2022-05-31,0.0236942,0.875104,0.00796775,0.318804,-0.49764,0.0140387,15.8747,0.00959534,1.27443,-0.943458,0.115948,-0.0423034,0.25,1.00382,457
2022-06-01,0.0249529,0.875104,0.00796775,0.318804,-0.49764,0.0113937,15.8747,0.00959534,1.27443,-0.943458,0.115948,-0.0423034,0.25,0.869111,466
2022-06-02,0.0231146,0.280739,0.0142503,0.311988,-0.464038,0.0133065,15.2807,0.00778954,1.11169,-0.98,0.111025,-0.0540404,0.25,0.877259,471
2022-06-03,0.0234916,0.280739,0.0142503,0.311988,-0.464038,0.00845806,15.2807,0.00778954,1.11169,-0.98,0.111025,-0.0540404,0.25,0.885179,488
2022-06-06,0.0221007,0.280739,0.0142503,0.311988,-0.464038,0.0170536,15.2807,0.00778954,1.11169,-0.98,0.111025,-0.0540404,0.25,0.938724,460
2022-06-07,0.0249825,0.280739,0.0142503,0.311988,-0.464038,0.0118125,15.2807,0.00778954,1.11169,-0.98,0.111025,-0.0540404,0.25,0.731492,425
2022-06-08,0.0254784,0.280739,0.0142503,0.311988,-0.464038,0.00711316,15.2807,0.00778954,1.11169,-0.98,0.111025,-0.0540404,0.25,0.729672,432
2022-06-09,0.0233814,0.280739,0.0142503,0.311988,-0.464038,0.00587304,15.2807,0.00778954,1.11169,-0.98,0.111025,-0.0540404,0.25,0.950493,445
2022-06-10,0.0249344,0.280739,0.0142503,0.311988,-0.464038,0.00843004,15.2807,0.00778954,1.11169,-0.98,0.111025,-0.0540404,0.25,0.698882,475
2022-06-13,0.0285498,0.280739,0.0142503,0.311988,-0.464038,0.0284403,15.2807,0.00778954,1.11169,-0.98,0.111025,-0.0540404,0.25,2.32279,512
2022-06-14,0.0297273,0.280739,0.0142503,0.311988,-0.464038,0.0234317,15.2807,0.00778954,1.11169,-0.98,0.111025,-0.0540404,0.25,0.865935,424
2022-06-15,0.0293598,0.280739,0.0142503,0.311988,-0.464038,0.028973,15.2807,0.00778954,1.11169,-0.98,0.111025,-0.0540404,0.25,0.736192,426
2022-06-16,0.0338306,0.111816,0.0928469,0.291609,-0.495659,0.0318513,15.1118,0.00487053,1.1687,-0.978877,0.10306,-0.0460304,0.249982,1.67609,463
2022-06-17,0.0334842,0.111816,0.0928469,0.291609,-0.495659,0.0294247,15.1118,0.00487053,1.1687,-0.978877,0.10306,-0.0460304,0.249982,1.19872,520
2022-06-20,0.0320268,0.111816,0.0928469,0.291609,-0.495659,0.0298228,15.1118,0.00487053,1.1687,-0.978877,0.10306,-0.0460304,0.249982,1.70714,514
2022-06-21,0.0304866,0.111816,0.0928469,0.291609,-0.495659,0.0197522,15.1118,0.00487053,1.1687,-0.978877,0.10306,-0.0460304,0.249982,1.08998,445
2022-06-22,0.0316866,0.111816,0.0928469,0.291609,-0.495659,0.0196681,15.1118,0.00487053,1.1687,-0.978877,0.10306,-0.0460304,0.249982,1.13636,444
2022-06-23,0.0297471,0.111816,0.0928469,0.291609,-0.495659,0.0172973,15.1118,0.00487053,1.1687,-0.978877,0.10306,-0.0460304,0.249982,1.03793,460
2022-06-24,0.0290262,0.111816,0.0928469,0.291609,-0.495659,0.0144613,15.1118,0.00487053,1.1687,-0.978877,0.10306,-0.0460304,0.249982,1.11488,441
2022-06-27,0.0288221,0.111816,0.0928469,0.291609,-0.495659,0.0191148,15.1118,0.00487053,1.1687,-0.978877,0.10306,-0.0460304,0.249982,0.954273,438
2022-06-28,0.0304101,0.111816,0.0928469,0.291609,-0.495659,0.0174209,15.1118,0.00487053,1.1687,-0.978877,0.10306,-0.0460304,0.249982,0.907103,385
2022-06-29,0.0313543,0.111816,0.0928469,0.291609,-0.495659,0.0196802,15.1118,0.00487053,1.1687,-0.978877,0.10306,-0.0460304,0.249982,0.843122,404
2022-06-30,0.0274955,0.131191,0.139316,0.311804,-0.524846,0.0203467,15.1072,0.00942562,1.19105,-0.816771,0.108207,-0.0576588,0.25,0.807529,385
2022-07-01,0.0290731,0.131191,0.139316,0.311804,-0.524846,0.0151534,15.1072,0.00942562,1.19105,-0.816771,0.108207,-0.0576588,0.25,1.18787,508
2022-07-04,0.0255595,0.131191,0.139316,0.311804,-0.524846,0.0193899,15.1072,0.00942562,1.19105,-0.816771,0.108207,-0.0576588,0.25,1.03283,463
2022-07-05,0.0280591,0.131191,0.139316,0.311804,-0.524846,0.0136854,15.1072,0.00942562,1.19105,-0.816771,0.108207,-0.0576588,0.25,0.926696,450
2022-07-06,0.0236373,0.131191,0.139316,0.311804,-0.524846,0.0177475,15.1072,0.00942562,1.19105,-0.816771,0.108207,-0.0576588,0.25,0.985731,435
2022-07-07,0.0241453,0.131191,0.139316,0.311804,-0.524846,0.00819608,15.1072,0.00942562,1.19105,-0.816771,0.108207,-0.0576588,0.25,0.909528,432
2022-07-08,0.0221489,0.131191,0.139316,0.311804,-0.524846,0.0050039,15.1072,0.00942562,1.19105,-0.816771,0.108207,-0.0576588,0.25,1.07346,458
2022-07-11,0.0204672,0.131191,0.139316,0.311804,-0.524846,0.0103443,15.1072,0.00942562,1.19105,-0.816771,0.108207,-0.0576588,0.25,1.02882,462
2022-07-12,0.0222692,0.131191,0.139316,0.311804,-0.524846,0.00706223,15.1072,0.00942562,1.19105,-0.816771,0.108207,-0.0576588,0.25,0.828983,415
2022-07-13,0.0208438,0.131191,0.139316,0.311804,-0.524846,0.0101943,15.1072,0.00942562,1.19105,-0.816771,0.108207,-0.0576588,0.25,0.776805,422
2022-07-14,0.00839008,0.147875,0.127456,0.463854,-0.692807,0.0191157,15.1479,0.0248773,0.919959,-0.587299,0.0910276,-0.069903,0.25,0.711517,445
2022-07-15,0.00708324,0.147875,0.127456,0.463854,-0.692807,0.0144657,15.1479,0.0248773,0.919959,-0.587299,0.0910276,-0.069903,0.25,0.778489,445
2022-07-18,0.00332382,0.147875,0.127456,0.463854,-0.692807,0.0213636,15.1479,0.0248773,0.919959,-0.587299,0.0910276,-0.069903,0.25,0.742154,434
2022-07-19,0.00444835,0.147875,0.127456,0.463854,-0.692807,0.0185529,15.1479,0.0248773,0.919959,-0.587299,0.0910276,-0.069903,0.25,0.663852,385
2022-07-20,0.00207213,0.147875,0.127456,0.463854,-0.692807,0.0211243,15.1479,0.0248773,0.919959,-0.587299,0.0910276,-0.069903,0.25,0.784333,403
2022-07-21,0.00278094,0.147875,0.127456,0.463854,-0.692807,0.0197629,15.1479,0.0248773,0.919959,-0.587299,0.0910276,-0.069903,0.25,0.653142,404
2022-07-22,0.00201144,0.147875,0.127456,0.463854,-0.692807,0.0197326,15.1479,0.0248773,0.919959,-0.587299,0.0910276,-0.069903,0.25,0.515641,414
2022-07-25,0.002,0.147875,0.127456,0.463854,-0.692807,0.0272674,15.1479,0.0248773,0.919959,-0.587299,0.0910276,-0.069903,0.25,0.779143,420
2022-07-26,0.002,0.147875,0.127456,0.463854,-0.692807,0.0293036,15.1479,0.0248773,0.919959,-0.587299,0.0910276,-0.069903,0.25,0.720308,364
2022-07-27,0.002,0.147875,0.127456,0.463854,-0.692807,0.0299441,15.1479,0.0248773,0.919959,-0.587299,0.0910276,-0.069903,0.25,0.810468,368
2022-07-28,0.00258666,0.188447,0.136832,0.636382,-0.661938,0.0216843,15.1884,0.0221132,0.70767,-0.629245,0.0945455,-0.0721551,0.239224,0.813659,427
2022-07-29,0.00287427,0.188447,0.136832,0.636382,-0.661938,0.0177744,15.1884,0.0221132,0.70767,-0.629245,0.0945455,-0.0721551,0.239224,0.89149,467
2022-08-01,0.002,0.188447,0.136832,0.636382,-0.661938,0.0249769,15.1884,0.0221132,0.70767,-0.629245,0.0945455,-0.0721551,0.239224,1.3615,490
2022-08-02,0.00332083,0.188447,0.136832,0.636382,-0.661938,0.0287502,15.1884,0.0221132,0.70767,-0.629245,0.0945455,-0.0721551,0.239224,0.746236,423
2022-08-03,0.0039752,0.188447,0.136832,0.636382,-0.661938,0.0270983,15.1884,0.0221132,0.70767,-0.629245,0.0945455,-0.0721551,0.239224,1.01028,427
2022-08-04,0.00676869,0.188447,0.136832,0.636382,-0.661938,0.0257677,15.1884,0.0221132,0.70767,-0.629245,0.0945455,-0.0721551,0.239224,0.920442,444
2022-08-05,0.0110869,0.188447,0.136832,0.636382,-0.661938,0.0126651,15.1884,0.0221132,0.70767,-0.629245,0.0945455,-0.0721551,0.239224,0.847523,456
2022-08-08,0.0111912,0.188447,0.136832,0.636382,-0.661938,0.0146025,15.1884,0.0221132,0.70767,-0.629245,0.0945455,-0.0721551,0.239224,1.52752,457
2022-08-10,0.0107404,0.188447,0.136832,0.636382,-0.661938,0.0174885,15.1884,0.0221132,0.70767,-0.629245,0.0945455,-0.0721551,0.239224,0.813093,407
2022-08-11,0.00934146,0.188447,0.136832,0.636382,-0.661938,0.0111025,15.1884,0.0221132,0.70767,-0.629245,0.0945455,-0.0721551,0.239224,0.696954,418
2022-08-12,0.0115891,0.25373,0.126183,0.736318,-0.629584,0.00477988,14.2791,0.0182707,0.673485,-0.623109,0.0921067,-0.0841034,0.242417,0.595053,445
2022-08-16,0.00822879,0.25373,0.126183,0.736318,-0.629584,0.011684,14.2791,0.0182707,0.673485,-0.623109,0.0921067,-0.0841034,0.242417,0.852575,416
2022-08-17,0.00667409,0.25373,0.126183,0.736318,-0.629584,0.0127605,14.2791,0.0182707,0.673485,-0.623109,0.0921067,-0.0841034,0.242417,0.884948,420
2022-08-18,0.00862814,0.25373,0.126183,0.736318,-0.629584,0.00875047,14.2791,0.0182707,0.673485,-0.623109,0.0921067,-0.0841034,0.242417,0.971926,459
2022-08-19,0.0109708,0.25373,0.126183,0.736318,-0.629584,0.0103084,14.2791,0.0182707,0.673485,-0.623109,0.0921067,-0.0841034,0.242417,1.07553,485
2022-08-22,0.00990998,0.25373,0.126183,0.736318,-0.629584,0.0181771,14.2791,0.0182707,0.673485,-0.623109,0.0921067,-0.0841034,0.242417,1.7802,476
2022-08-23,0.0105179,0.25373,0.126183,0.736318,-0.629584,0.0149267,14.2791,0.0182707,0.673485,-0.623109,0.0921067,-0.0841034,0.242417,1.03881,407
2022-08-24,0.0106565,0.25373,0.126183,0.736318,-0.629584,0.0123074,14.2791,0.0182707,0.673485,-0.623109,0.0921067,-0.0841034,0.242417,1.03629,390
2022-08-25,0.0116589,0.25373,0.126183,0.736318,-0.629584,0.0165578,14.2791,0.0182707,0.673485,-0.623109,0.0921067,-0.0841034,0.242417,1.06108,449
2022-08-26,0.00778358,0.25373,0.126183,0.736318,-0.629584,0.0146407,14.2791,0.0182707,0.673485,-0.623109,0.0921067,-0.0841034,0.242417,0.767297,468
2022-08-29,0.0129929,0.484348,0.0801175,0.645073,-0.633982,0.018186,14.6488,0.013686,0.647295,-0.561166,0.101869,-0.0781057,0.236069,1.47099,502
2022-08-30,0.0140384,0.484348,0.0801175,0.645073,-0.633982,0.00957587,14.6488,0.013686,0.647295,-0.561166,0.101869,-0.0781057,0.236069,1.18136,466
2022-09-01,0.0142454,2.16184,0.0404054,0.684242,-0.644906,0.0203521,16.7333,0.00944436,0.655861,-0.490751,0.0959857,-0.0804813,0.244519,0.965827,468
2022-09-02,0.0194568,2.16184,0.0404054,0.684242,-0.644906,0.0102688,16.7333,0.00944436,0.655861,-0.490751,0.0959857,-0.0804813,0.244519,0.718199,486
2022-09-05,0.0166316,2.16184,0.0404054,0.684242,-0.644906,0.0179296,16.7333,0.00944436,0.655861,-0.490751,0.0959857,-0.0804813,0.244519,1.22335,474
2022-09-06,0.017794,2.16184,0.0404054,0.684242,-0.644906,0.0140584,16.7333,0.00944436,0.655861,-0.490751,0.0959857,-0.0804813,0.244519,0.704365,405
2022-09-07,0.0195489,2.16184,0.0404054,0.684242,-0.644906,0.0110054,16.7333,0.00944436,0.655861,-0.490751,0.0959857,-0.0804813,0.244519,0.567417,427
2022-09-08,0.0187933,2.16184,0.0404054,0.684242,-0.644906,0.00407231,16.7333,0.00944436,0.655861,-0.490751,0.0959857,-0.0804813,0.244519,0.695727,443
2022-09-09,0.0164286,2.16184,0.0404054,0.684242,-0.644906,0.00474083,16.7333,0.00944436,0.655861,-0.490751,0.0959857,-0.0804813,0.244519,0.661832,467
2022-09-12,0.0133439,2.16184,0.0404054,0.684242,-0.644906,0.0135228,16.7333,0.00944436,0.655861,-0.490751,0.0959857,-0.0804813,0.244519,0.99294,435
2022-09-13,0.0113889,2.16184,0.0404054,0.684242,-0.644906,0.0127826,16.7333,0.00944436,0.655861,-0.490751,0.0959857,-0.0804813,0.244519,0.743375,371
2022-09-14,0.0101693,2.16184,0.0404054,0.684242,-0.644906,0.0222109,16.7333,0.00944436,0.655861,-0.490751,0.0959857,-0.0804813,0.244519,1.29766,439
2022-09-15,0.0192992,1.48089,0.0498619,0.480268,-0.712431,0.00854,16.3881,0.00671821,1.14549,-0.42169,0.0955412,-0.0800276,0.25,0.947014,427
2022-09-16,0.0218783,1.48089,0.0498619,0.480268,-0.712431,0.0159923,16.3881,0.00671821,1.14549,-0.42169,0.0955412,-0.0800276,0.25,1.33977,464
2022-09-19,0.0174693,1.48089,0.0498619,0.480268,-0.712431,0.0279577,16.3881,0.00671821,1.14549,-0.42169,0.0955412,-0.0800276,0.25,1.17143,479
2022-09-20,0.017267,1.48089,0.0498619,0.480268,-0.712431,0.0189352,16.3881,0.00671821,1.14549,-0.42169,0.0955412,-0.0800276,0.25,0.880919,422
2022-09-21,0.0173732,1.48089,0.0498619,0.480268,-0.712431,0.0239307,16.3881,0.00671821,1.14549,-0.42169,0.0955412,-0.0800276,0.25,0.956255,405
2022-09-22,0.0215834,1.48089,0.0498619,0.480268,-0.712431,0.0105538,16.3881,0.00671821,1.14549,-0.42169,0.0955412,-0.0800276,0.25,1.12701,450
2022-09-23,0.0236523,1.48089,0.0498619,0.480268,-0.712431,0.0203931,16.3881,0.00671821,1.14549,-0.42169,0.0955412,-0.0800276,0.25,1.58588,486
2022-09-26,0.0242854,1.48089,0.0498619,0.480268,-0.712431,0.0326698,16.3881,0.00671821,1.14549,-0.42169,0.0955412,-0.0800276,0.25,2.81256,502
2022-09-27,0.0259033,1.48089,0.0498619,0.480268,-0.712431,0.0251601,16.3881,0.00671821,1.14549,-0.42169,0.0955412,-0.0800276,0.25,1.62005,400
2022-09-28,0.0308156,1.48089,0.0498619,0.480268,-0.712431,0.0184181,16.3881,0.00671821,1.14549,-0.42169,0.0955412,-0.0800276,0.25,1.73996,421
2022-09-29,0.0319028,2.02596,0.0531151,0.482886,-0.718755,0.0101554,17.0114,0.00200106,0.603643,-0.28485,0.111478,-0.0653028,0.25,1.03396,452
2022-09-30,0.031411,2.02596,0.0531151,0.482886,-0.718755,0.002,17.0114,0.00200106,0.603643,-0.28485,0.111478,-0.0653028,0.25,0.896603,490
2022-10-03,0.0324696,2.02596,0.0531151,0.482886,-0.718755,0.0106467,17.0114,0.00200106,0.603643,-0.28485,0.111478,-0.0653028,0.25,1.00531,480
2022-10-04,0.029662,2.02596,0.0531151,0.482886,-0.718755,0.002,17.0114,0.00200106,0.603643,-0.28485,0.111478,-0.0653028,0.25,1.05353,443
2022-10-06,0.028263,2.02596,0.0531151,0.482886,-0.718755,0.002,17.0114,0.00200106,0.603643,-0.28485,0.111478,-0.0653028,0.25,1.07901,463
2022-10-07,0.0249944,2.02596,0.0531151,0.482886,-0.718755,0.002,17.0114,0.00200106,0.603643,-0.28485,0.111478,-0.0653028,0.25,1.04517,441
2022-10-10,0.0301466,2.02596,0.0531151,0.482886,-0.718755,0.00375083,17.0114,0.00200106,0.603643,-0.28485,0.111478,-0.0653028,0.25,0.848028,471
2022-10-11,0.0276081,2.02596,0.0531151,0.482886,-0.718755,0.0144859,17.0114,0.00200106,0.603643,-0.28485,0.111478,-0.0653028,0.25,0.875563,433
2022-10-12,0.0286178,2.02596,0.0531151,0.482886,-0.718755,0.00920574,17.0114,0.00200106,0.603643,-0.28485,0.111478,-0.0653028,0.25,0.747623,432
2022-10-13,0.028184,2.02596,0.0531151,0.482886,-0.718755,0.0117668,17.0114,0.00200106,0.603643,-0.28485,0.111478,-0.0653028,0.25,0.734649,446
2022-10-14,0.0129915,0.69766,0.0911067,0.394668,-0.745794,0.0139046,8.25371,0.0107766,0.602127,-0.561411,0.104046,-0.0604778,0.249597,1.06034,483
2022-10-17,0.0068037,0.69766,0.0911067,0.394668,-0.745794,0.025538,8.25371,0.0107766,0.602127,-0.561411,0.104046,-0.0604778,0.249597,0.989826,461
2022-10-18,0.003042,0.69766,0.0911067,0.394668,-0.745794,0.024665,8.25371,0.0107766,0.602127,-0.561411,0.104046,-0.0604778,0.249597,0.748323,408
2022-10-19,0.00630478,0.69766,0.0911067,0.394668,-0.745794,0.0189804,8.25371,0.0107766,0.602127,-0.561411,0.104046,-0.0604778,0.249597,0.778291,404
2022-10-20,0.00559733,0.69766,0.0911067,0.394668,-0.745794,0.0183786,8.25371,0.0107766,0.602127,-0.561411,0.104046,-0.0604778,0.249597,1.0721,435
2022-10-21,0.00755915,0.69766,0.0911067,0.394668,-0.745794,0.0142484,8.25371,0.0107766,0.602127,-0.561411,0.104046,-0.0604778,0.249597,1.04299,448
2022-10-24,0.00213662,0.69766,0.0911067,0.394668,-0.745794,0.023726,8.25371,0.0107766,0.602127,-0.561411,0.104046,-0.0604778,0.249597,1.15213,361
2022-10-25,0.00287929,0.69766,0.0911067,0.394668,-0.745794,0.020199,8.25371,0.0107766,0.602127,-0.561411,0.104046,-0.0604778,0.249597,0.791634,416
2022-10-27,0.002,0.69766,0.0911067,0.394668,-0.745794,0.019941,8.25371,0.0107766,0.602127,-0.561411,0.104046,-0.0604778,0.249597,0.849194,433
2022-10-28,0.002,0.69766,0.0911067,0.394668,-0.745794,0.0166029,8.25371,0.0107766,0.602127,-0.561411,0.104046,-0.0604778,0.249597,0.984154,456
2022-10-31,0.002,0.334125,0.151759,0.275584,-0.813638,0.0195289,7.86846,0.00748029,0.645941,-0.620904,0.0941159,-0.067095,0.25,0.965055,442
2022-11-01,0.002,0.334125,0.151759,0.275584,-0.813638,0.0203534,7.86846,0.00748029,0.645941,-0.620904,0.0941159,-0.067095,0.25,0.712076,405
2022-11-02,0.002,0.334125,0.151759,0.275584,-0.813638,0.0224728,7.86846,0.00748029,0.645941,-0.620904,0.0941159,-0.067095,0.25,0.779406,409
2022-11-03,0.00224846,0.334125,0.151759,0.275584,-0.813638,0.0186571,7.86846,0.00748029,0.645941,-0.620904,0.0941159,-0.067095,0.25,0.871541,428
2022-11-04,0.00347917,0.334125,0.151759,0.275584,-0.813638,0.0148443,7.86846,0.00748029,0.645941,-0.620904,0.0941159,-0.067095,0.25,1.01356,427
2022-11-07,0.00395568,0.334125,0.151759,0.275584,-0.813638,0.0139638,7.86846,0.00748029,0.645941,-0.620904,0.0941159,-0.067095,0.25,0.870967,414
2022-11-09,0.002,0.334125,0.151759,0.275584,-0.813638,0.0185345,7.86846,0.00748029,0.645941,-0.620904,0.0941159,-0.067095,0.25,0.781488,373
2022-11-10,0.00221401,0.334125,0.151759,0.275584,-0.813638,0.016961,7.86846,0.00748029,0.645941,-0.620904,0.0941159,-0.067095,0.25,0.976566,392
2022-11-11,0.002,0.334125,0.151759,0.275584,-0.813638,0.011494,7.86846,0.00748029,0.645941,-0.620904,0.0941159,-0.067095,0.25,0.906026,394
2022-11-14,0.002,0.334125,0.151759,0.275584,-0.813638,0.0135057,7.86846,0.00748029,0.645941,-0.620904,0.0941159,-0.067095,0.25,0.848767,375
2022-11-15,0.00356177,0.194161,0.239693,0.22392,-0.979895,0.0120113,7.01426,0.0034964,0.624215,-0.576839,0.0855169,-0.0681799,0.249788,1.0948,336
2022-11-16,0.00312238,0.194161,0.239693,0.22392,-0.979895,0.0144021,7.01426,0.0034964,0.624215,-0.576839,0.0855169,-0.0681799,0.249788,0.894696,359
2022-11-17,0.00378567,0.194161,0.239693,0.22392,-0.979895,0.0125742,7.01426,0.0034964,0.624215,-0.576839,0.0855169,-0.0681799,0.249788,1.14908,371
2022-11-18,0.00467726,0.194161,0.239693,0.22392,-0.979895,0.00892358,7.01426,0.0034964,0.624215,-0.576839,0.0855169,-0.0681799,0.249788,0.934215,369
2022-11-21,0.00346849,0.194161,0.239693,0.22392,-0.979895,0.0123828,7.01426,0.0034964,0.624215,-0.576839,0.0855169,-0.0681799,0.249788,1.17072,361
2022-11-22,0.00282339,0.194161,0.239693,0.22392,-0.979895,0.00966912,7.01426,0.0034964,0.624215,-0.576839,0.0855169,-0.0681799,0.249788,1.17225,324
2022-11-23,0.0030159,0.194161,0.239693,0.22392,-0.979895,0.00926666,7.01426,0.0034964,0.624215,-0.576839,0.0855169,-0.0681799,0.249788,1.05763,334
2022-11-24,0.002,0.194161,0.239693,0.22392,-0.979895,0.0102304,7.01426,0.0034964,0.624215,-0.576839,0.0855169,-0.0681799,0.249788,1.33797,348
2022-11-25,0.00248531,0.194161,0.239693,0.22392,-0.979895,0.00842045,7.01426,0.0034964,0.624215,-0.576839,0.0855169,-0.0681799,0.249788,1.32102,364
2022-11-28,0.002,0.194161,0.239693,0.22392,-0.979895,0.0114856,7.01426,0.0034964,0.624215,-0.576839,0.0855169,-0.0681799,0.249788,0.945386,364
2022-11-29,0.0020611,0.165719,0.249995,0.244949,-0.98,0.0110839,5.53335,0.00361119,0.400185,-0.600001,0.0798391,-0.0711291,0.25,0.969571,337
2022-11-30,0.00262615,0.165719,0.249995,0.244949,-0.98,0.010675,5.53335,0.00361119,0.400185,-0.600001,0.0798391,-0.0711291,0.25,0.819143,340
2022-12-01,0.002,0.165719,0.249995,0.244949,-0.98,0.0105733,5.53335,0.00361119,0.400185,-0.600001,0.0798391,-0.0711291,0.25,0.839191,369
2022-12-02,0.002,0.165719,0.249995,0.244949,-0.98,0.0104541,5.53335,0.00361119,0.400185,-0.600001,0.0798391,-0.0711291,0.25,0.768909,377
2022-12-05,0.002,0.165719,0.249995,0.244949,-0.98,0.0124434,5.53335,0.00361119,0.400185,-0.600001,0.0798391,-0.0711291,0.25,0.962562,372
2022-12-06,0.002,0.165719,0.249995,0.244949,-0.98,0.0127144,5.53335,0.00361119,0.400185,-0.600001,0.0798391,-0.0711291,0.25,0.697424,319
2022-12-07,0.002,0.165719,0.249995,0.244949,-0.98,0.0134302,5.53335,0.00361119,0.400185,-0.600001,0.0798391,-0.0711291,0.25,1.07294,349
2022-12-08,0.002,0.165719,0.249995,0.244949,-0.98,0.0102897,5.53335,0.00361119,0.400185,-0.600001,0.0798391,-0.0711291,0.25,0.775738,331
2022-12-09,0.002,0.165719,0.249995,0.244949,-0.98,0.0107967,5.53335,0.00361119,0.400185,-0.600001,0.0798391,-0.0711291,0.25,0.944476,355
2022-12-12,0.002,0.165719,0.249995,0.244949,-0.98,0.0119099,5.53335,0.00361119,0.400185,-0.600001,0.0798391,-0.0711291,0.25,1.03207,355
2022-12-13,0.002,0.131462,0.244417,0.225812,-0.98,0.0105777,3.44679,0.00279339,0.343321,-0.593949,0.0774793,-0.0730815,0.249676,0.671037,300
2022-12-14,0.002,0.131462,0.244417,0.225812,-0.98,0.0107978,3.44679,0.00279339,0.343321,-0.593949,0.0774793,-0.0730815,0.249676,0.869384,312
2022-12-15,0.002,0.131462,0.244417,0.225812,-0.98,0.0128819,3.44679,0.00279339,0.343321,-0.593949,0.0774793,-0.0730815,0.249676,0.676724,333
2022-12-16,0.002,0.131462,0.244417,0.225812,-0.98,0.0144328,3.44679,0.00279339,0.343321,-0.593949,0.0774793,-0.0730815,0.249676,1.05916,379
2022-12-19,0.002,0.131462,0.244417,0.225812,-0.98,0.0136057,3.44679,0.00279339,0.343321,-0.593949,0.0774793,-0.0730815,0.249676,1.07084,363
2022-12-20,0.002,0.131462,0.244417,0.225812,-0.98,0.014078,3.44679,0.00279339,0.343321,-0.593949,0.0774793,-0.0730815,0.249676,0.765233,335
2022-12-21,0.002,0.131462,0.244417,0.225812,-0.98,0.0190985,3.44679,0.00279339,0.343321,-0.593949,0.0774793,-0.0730815,0.249676,1.57691,355
2022-12-22,0.002,0.131462,0.244417,0.225812,-0.98,0.0181353,3.44679,0.00279339,0.343321,-0.593949,0.0774793,-0.0730815,0.249676,1.03212,391
2022-12-23,0.002,0.131462,0.244417,0.225812,-0.98,0.0216481,3.44679,0.00279339,0.343321,-0.593949,0.0774793,-0.0730815,0.249676,1.31566,450
2022-12-26,0.002,0.131462,0.244417,0.225812,-0.98,0.0214868,3.44679,0.00279339,0.343321,-0.593949,0.0774793,-0.0730815,0.249676,1.4986,437
2022-12-27,0.002,0.105747,0.246241,0.196894,-0.98,0.0197275,3.52182,0.00200002,0.408499,-0.607382,0.0916443,-0.0630071,0.237075,0.92112,372
2022-12-28,0.00298789,0.105747,0.246241,0.196894,-0.98,0.018213,3.52182,0.00200002,0.408499,-0.607382,0.0916443,-0.0630071,0.237075,0.875868,364
2022-12-29,0.00450124,0.105747,0.246241,0.196894,-0.98,0.0149295,3.52182,0.00200002,0.408499,-0.607382,0.0916443,-0.0630071,0.237075,1.00595,401
2022-12-30,0.00591293,0.105747,0.246241,0.196894,-0.98,0.0123547,3.52182,0.00200002,0.408499,-0.607382,0.0916443,-0.0630071,0.237075,0.769421,421
2023-01-02,0.00305465,0.105747,0.246241,0.196894,-0.98,0.0159834,3.52182,0.00200002,0.408499,-0.607382,0.0916443,-0.0630071,0.237075,0.76327,407
2023-01-03,0.00469177,0.105747,0.246241,0.196894,-0.98,0.0128626,3.52182,0.00200002,0.408499,-0.607382,0.0916443,-0.0630071,0.237075,1.01273,368
2023-01-04,0.00503095,0.105747,0.246241,0.196894,-0.98,0.0149842,3.52182,0.00200002,0.408499,-0.607382,0.0916443,-0.0630071,0.237075,0.896644,379
2023-01-05,0.00759104,0.105747,0.246241,0.196894,-0.98,0.0105679,3.52182,0.00200002,0.408499,-0.607382,0.0916443,-0.0630071,0.237075,0.8993,397
2023-01-06,0.00748524,0.105747,0.246241,0.196894,-0.98,0.0109866,3.52182,0.00200002,0.408499,-0.607382,0.0916443,-0.0630071,0.237075,0.967118,409
2023-01-09,0.0048512,0.105747,0.246241,0.196894,-0.98,0.0143495,3.52182,0.00200002,0.408499,-0.607382,0.0916443,-0.0630071,0.237075,0.900207,409
2023-01-10,0.00377791,0.0745086,0.246924,0.182877,-0.98,0.0181101,2.60575,0.00436352,0.317825,-0.756497,0.105092,-0.057796,0.220551,0.808578,355
2023-01-11,0.00374024,0.0745086,0.246924,0.182877,-0.98,0.0176332,2.60575,0.00436352,0.317825,-0.756497,0.105092,-0.057796,0.220551,0.564591,340
2023-01-12,0.00398026,0.0745086,0.246924,0.182877,-0.98,0.0174781,2.60575,0.00436352,0.317825,-0.756497,0.105092,-0.057796,0.220551,0.712812,379
2023-01-13,0.00559772,0.0745086,0.246924,0.182877,-0.98,0.0123678,2.60575,0.00436352,0.317825,-0.756497,0.105092,-0.057796,0.220551,0.740308,391
2023-01-16,0.00221473,0.0745086,0.246924,0.182877,-0.98,0.0190276,2.60575,0.00436352,0.317825,-0.756497,0.105092,-0.057796,0.220551,0.980599,410
2023-01-17,0.00256675,0.0745086,0.246924,0.182877,-0.98,0.0167352,2.60575,0.00436352,0.317825,-0.756497,0.105092,-0.057796,0.220551,0.807233,337
2023-01-18,0.00287503,0.0745086,0.246924,0.182877,-0.98,0.0158066,2.60575,0.00436352,0.317825,-0.756497,0.105092,-0.057796,0.220551,1.01657,376
2023-01-19,0.00517654,0.0745086,0.246924,0.182877,-0.98,0.0121523,2.60575,0.00436352,0.317825,-0.756497,0.105092,-0.057796,0.220551,0.751561,375
2023-01-20,0.00723508,0.0745086,0.246924,0.182877,-0.98,0.00891067,2.60575,0.00436352,0.317825,-0.756497,0.105092,-0.057796,0.220551,0.724013,352
2023-01-23,0.00677261,0.0745086,0.246924,0.182877,-0.98,0.00885795,2.60575,0.00436352,0.317825,-0.756497,0.105092,-0.057796,0.220551,0.640767,286
2023-01-24,0.0120898,0.0623995,0.24998,0.161261,-0.979999,0.00323242,4.69986,0.00202771,0.532996,-0.625885,0.101954,-0.0560918,0.225005,0.522205,290
2023-01-25,0.0108038,0.0623995,0.24998,0.161261,-0.979999,0.00916355,4.69986,0.00202771,0.532996,-0.625885,0.101954,-0.0560918,0.225005,0.758107,328
2023-01-27,0.00593587,0.0623995,0.24998,0.161261,-0.979999,0.0263103,4.69986,0.00202771,0.532996,-0.625885,0.101954,-0.0560918,0.225005,1.5611,395
2023-01-30,0.00493185,0.0623995,0.24998,0.161261,-0.979999,0.0293382,4.69986,0.00202771,0.532996,-0.625885,0.101954,-0.0560918,0.225005,3.1723,439
2023-01-31,0.00741476,0.0623995,0.24998,0.161261,-0.979999,0.0223439,4.69986,0.00202771,0.532996,-0.625885,0.101954,-0.0560918,0.225005,1.59629,363
2023-02-01,0.00558595,0.0623995,0.24998,0.161261,-0.979999,0.0246259,4.69986,0.00202771,0.532996,-0.625885,0.101954,-0.0560918,0.225005,1.70873,378
2023-02-02,0.00901581,0.0623995,0.24998,0.161261,-0.979999,0.01389,4.69986,0.00202771,0.532996,-0.625885,0.101954,-0.0560918,0.225005,0.922319,387
2023-02-03,0.0100954,0.0623995,0.24998,0.161261,-0.979999,0.00719264,4.69986,0.00202771,0.532996,-0.625885,0.101954,-0.0560918,0.225005,1.02654,377
2023-02-06,0.00951281,0.0623995,0.24998,0.161261,-0.979999,0.00910005,4.69986,0.00202771,0.532996,-0.625885,0.101954,-0.0560918,0.225005,0.885966,382
2023-02-07,0.0103219,0.0623995,0.24998,0.161261,-0.979999,0.00579098,4.69986,0.00202771,0.532996,-0.625885,0.101954,-0.0560918,0.225005,0.575935,337
2023-02-08,0.0107033,0.0807598,0.178848,0.157707,-0.979683,0.00372474,15.0802,0.00205948,1.36377,-0.408215,0.0963099,-0.0564739,0.229459,0.534639,336
2023-02-09,0.0103124,0.0807598,0.178848,0.157707,-0.979683,0.002,15.0802,0.00205948,1.36377,-0.408215,0.0963099,-0.0564739,0.229459,0.626963,326
2023-02-10,0.00939954,0.0807598,0.178848,0.157707,-0.979683,0.002,15.0802,0.00205948,1.36377,-0.408215,0.0963099,-0.0564739,0.229459,0.672412,332
2023-02-13,0.00998347,0.0807598,0.178848,0.157707,-0.979683,0.00469873,15.0802,0.00205948,1.36377,-0.408215,0.0963099,-0.0564739,0.229459,0.606524,335
2023-02-14,0.00900374,0.0807598,0.178848,0.157707,-0.979683,0.00517768,15.0802,0.00205948,1.36377,-0.408215,0.0963099,-0.0564739,0.229459,0.65321,303
2023-02-15,0.00874177,0.0807598,0.178848,0.157707,-0.979683,0.00275974,15.0802,0.00205948,1.36377,-0.408215,0.0963099,-0.0564739,0.229459,0.722856,308
2023-02-16,0.00831515,0.0807598,0.178848,0.157707,-0.979683,0.00261795,15.0802,0.00205948,1.36377,-0.408215,0.0963099,-0.0564739,0.229459,0.678906,311
2023-02-17,0.00897481,0.0807598,0.178848,0.157707,-0.979683,0.00287981,15.0802,0.00205948,1.36377,-0.408215,0.0963099,-0.0564739,0.229459,0.970922,351
2023-02-20,0.00792295,0.0807598,0.178848,0.157707,-0.979683,0.00737959,15.0802,0.00205948,1.36377,-0.408215,0.0963099,-0.0564739,0.229459,2.0066,359
2023-02-21,0.00881686,0.0807598,0.178848,0.157707,-0.979683,0.00431676,15.0802,0.00205948,1.36377,-0.408215,0.0963099,-0.0564739,0.229459,0.943337,287
2023-02-22,0.00718648,0.200425,0.0911379,0.153749,-0.95482,0.0134263,15.2004,0.00310814,1.10737,-0.419213,0.0871397,-0.0554207,0.235223,0.915026,321
2023-02-23,0.00778781,0.200425,0.0911379,0.153749,-0.95482,0.00946905,15.2004,0.00310814,1.10737,-0.419213,0.0871397,-0.0554207,0.235223,0.46174,333
2023-02-24,0.00721147,0.200425,0.0911379,0.153749,-0.95482,0.00710116,15.2004,0.00310814,1.10737,-0.419213,0.0871397,-0.0554207,0.235223,0.70356,380
2023-02-27,0.00612456,0.200425,0.0911379,0.153749,-0.95482,0.0108721,15.2004,0.00310814,1.10737,-0.419213,0.0871397,-0.0554207,0.235223,1.29573,384
2023-02-28,0.00634865,0.200425,0.0911379,0.153749,-0.95482,0.0102333,15.2004,0.00310814,1.10737,-0.419213,0.0871397,-0.0554207,0.235223,0.635888,344
2023-03-01,0.00643841,0.200425,0.0911379,0.153749,-0.95482,0.0059126,15.2004,0.00310814,1.10737,-0.419213,0.0871397,-0.0554207,0.235223,0.744796,349
2023-03-02,0.00736934,0.200425,0.0911379,0.153749,-0.95482,0.00513838,15.2004,0.00310814,1.10737,-0.419213,0.0871397,-0.0554207,0.235223,0.663174,356
2023-03-03,0.00617475,0.200425,0.0911379,0.153749,-0.95482,0.00366672,15.2004,0.00310814,1.10737,-0.419213,0.0871397,-0.0554207,0.235223,1.05771,347
2023-03-06,0.00518989,0.200425,0.0911379,0.153749,-0.95482,0.00609232,15.2004,0.00310814,1.10737,-0.419213,0.0871397,-0.0554207,0.235223,0.701531,356
2023-03-08,0.00449551,0.200425,0.0911379,0.153749,-0.95482,0.0093759,15.2004,0.00310814,1.10737,-0.419213,0.0871397,-0.0554207,0.235223,0.456587,325
2023-03-09,0.00639633,0.128819,0.115226,0.143759,-0.809622,0.00692787,15.1288,0.00384233,1.03954,-0.482849,0.0838099,-0.0596415,0.237443,0.649884,335
2023-03-10,0.00657363,0.128819,0.115226,0.143759,-0.809622,0.00991176,15.1288,0.00384233,1.03954,-0.482849,0.0838099,-0.0596415,0.237443,0.611194,345
2023-03-13,0.00696876,0.128819,0.115226,0.143759,-0.809622,0.0264515,15.1288,0.00384233,1.03954,-0.482849,0.0838099,-0.0596415,0.237443,2.33506,402
2023-03-14,0.00829917,0.128819,0.115226,0.143759,-0.809622,0.0239374,15.1288,0.00384233,1.03954,-0.482849,0.0838099,-0.0596415,0.237443,1.21271,359
2023-03-15,0.00849175,0.128819,0.115226,0.143759,-0.809622,0.0243013,15.1288,0.00384233,1.03954,-0.482849,0.0838099,-0.0596415,0.237443,1.31642,384
2023-03-16,0.00876008,0.128819,0.115226,0.143759,-0.809622,0.0237817,15.1288,0.00384233,1.03954,-0.482849,0.0838099,-0.0596415,0.237443,0.907318,409
2023-03-17,0.00876157,0.128819,0.115226,0.143759,-0.809622,0.0148352,15.1288,0.00384233,1.03954,-0.482849,0.0838099,-0.0596415,0.237443,0.836506,422
2023-03-20,0.00861855,0.128819,0.115226,0.143759,-0.809622,0.0244532,15.1288,0.00384233,1.03954,-0.482849,0.0838099,-0.0596415,0.237443,1.26213,427
2023-03-21,0.0079961,0.128819,0.115226,0.143759,-0.809622,0.0182668,15.1288,0.00384233,1.03954,-0.482849,0.0838099,-0.0596415,0.237443,0.698025,366
2023-03-22,0.00829024,0.128819,0.115226,0.143759,-0.809622,0.0163287,15.1288,0.00384233,1.03954,-0.482849,0.0838099,-0.0596415,0.237443,0.676961,368
2023-03-23,0.0105336,0.0980565,0.113064,0.150373,-0.661862,0.00910348,13.2413,0.00417344,1.30612,-0.539454,0.0803792,-0.0540593,0.247539,0.569656,383
2023-03-24,0.0111815,0.0980565,0.113064,0.150373,-0.661862,0.0108153,13.2413,0.00417344,1.30612,-0.539454,0.0803792,-0.0540593,0.247539,0.636505,401
2023-03-27,0.0106247,0.0980565,0.113064,0.150373,-0.661862,0.0122096,13.2413,0.00417344,1.30612,-0.539454,0.0803792,-0.0540593,0.247539,0.669383,327
2023-03-28,0.010605,0.0980565,0.113064,0.150373,-0.661862,0.0104435,13.2413,0.00417344,1.30612,-0.539454,0.0803792,-0.0540593,0.247539,0.679728,331
2023-03-29,0.00869267,0.0980565,0.113064,0.150373,-0.661862,0.0069913,13.2413,0.00417344,1.30612,-0.539454,0.0803792,-0.0540593,0.247539,0.719446,339
2023-03-31,0.00766555,0.0980565,0.113064,0.150373,-0.661862,0.00739977,13.2413,0.00417344,1.30612,-0.539454,0.0803792,-0.0540593,0.247539,0.70885,361
2023-04-03,0.00786438,0.0980565,0.113064,0.150373,-0.661862,0.00488843,13.2413,0.00417344,1.30612,-0.539454,0.0803792,-0.0540593,0.247539,0.652097,370
2023-04-05,0.0068545,0.0980565,0.113064,0.150373,-0.661862,0.00596911,13.2413,0.00417344,1.30612,-0.539454,0.0803792,-0.0540593,0.247539,0.851668,336
2023-04-06,0.00663925,0.0980565,0.113064,0.150373,-0.661862,0.00319732,13.2413,0.00417344,1.30612,-0.539454,0.0803792,-0.0540593,0.247539,0.815162,337
2023-04-10,0.00595194,0.0980565,0.113064,0.150373,-0.661862,0.00653157,13.2413,0.00417344,1.30612,-0.539454,0.0803792,-0.0540593,0.247539,0.76975,335
2023-04-11,0.00419625,0.0632683,0.0909574,0.16148,-0.544837,0.00639211,13.3733,0.00756177,1.05335,-0.614927,0.0770394,-0.0653244,0.249999,0.63992,297
2023-04-12,0.00424465,0.0632683,0.0909574,0.16148,-0.544837,0.00783841,13.3733,0.00756177,1.05335,-0.614927,0.0770394,-0.0653244,0.249999,1.15381,327
2023-04-13,0.00478707,0.0632683,0.0909574,0.16148,-0.544837,0.00439313,13.3733,0.00756177,1.05335,-0.614927,0.0770394,-0.0653244,0.249999,0.6704,328
2023-04-17,0.00481566,0.0632683,0.0909574,0.16148,-0.544837,0.00693929,13.3733,0.00756177,1.05335,-0.614927,0.0770394,-0.0653244,0.249999,0.72564,347
2023-04-18,0.00524085,0.0632683,0.0909574,0.16148,-0.544837,0.00563179,13.3733,0.00756177,1.05335,-0.614927,0.0770394,-0.0653244,0.249999,0.796945,312
2023-04-19,0.00592302,0.0632683,0.0909574,0.16148,-0.544837,0.00439529,13.3733,0.00756177,1.05335,-0.614927,0.0770394,-0.0653244,0.249999,0.491437,311
2023-04-20,0.00611875,0.0632683,0.0909574,0.16148,-0.544837,0.00269161,13.3733,0.00756177,1.05335,-0.614927,0.0770394,-0.0653244,0.249999,0.533764,320
2023-04-21,0.00551666,0.0632683,0.0909574,0.16148,-0.544837,0.002,13.3733,0.00756177,1.05335,-0.614927,0.0770394,-0.0653244,0.249999,0.659472,321
2023-04-24,0.00506754,0.0632683,0.0909574,0.16148,-0.544837,0.00339539,13.3733,0.00756177,1.05335,-0.614927,0.0770394,-0.0653244,0.249999,0.879914,325
2023-04-25,0.0054929,0.0632683,0.0909574,0.16148,-0.544837,0.00259674,13.3733,0.00756177,1.05335,-0.614927,0.0770394,-0.0653244,0.249999,0.752883,294
2023-04-26,0.00614682,0.0523717,0.0462677,0.193681,-0.495416,0.00244842,15.0515,0.00774324,1.13209,-0.636835,0.071495,-0.0671701,0.246324,0.666308,296
2023-04-27,0.00534819,0.0523717,0.0462677,0.193681,-0.495416,0.00247726,15.0515,0.00774324,1.13209,-0.636835,0.071495,-0.0671701,0.246324,0.827913,317
2023-04-28,0.00455172,0.0523717,0.0462677,0.193681,-0.495416,0.002,15.0515,0.00774324,1.13209,-0.636835,0.071495,-0.0671701,0.246324,0.486052,337
2023-05-02,0.00511732,0.0523717,0.0462677,0.193681,-0.495416,0.00440236,15.0515,0.00774324,1.13209,-0.636835,0.071495,-0.0671701,0.246324,1.05521,308
2023-05-03,0.00556049,0.0523717,0.0462677,0.193681,-0.495416,0.0032002,15.0515,0.00774324,1.13209,-0.636835,0.071495,-0.0671701,0.246324,0.505977,329
2023-05-04,0.00558701,0.0523717,0.0462677,0.193681,-0.495416,0.002,15.0515,0.00774324,1.13209,-0.636835,0.071495,-0.0671701,0.246324,0.556699,332
2023-05-05,0.00646,0.0523717,0.0462677,0.193681,-0.495416,0.00247154,15.0515,0.00774324,1.13209,-0.636835,0.071495,-0.0671701,0.246324,1.09439,355
2023-05-08,0.00568802,0.0523717,0.0462677,0.193681,-0.495416,0.00573541,15.0515,0.00774324,1.13209,-0.636835,0.071495,-0.0671701,0.246324,0.870177,351
2023-05-09,0.00568492,0.0523717,0.0462677,0.193681,-0.495416,0.0053017,15.0515,0.00774324,1.13209,-0.636835,0.071495,-0.0671701,0.246324,0.775414,304
2023-05-10,0.00692891,0.0523717,0.0462677,0.193681,-0.495416,0.00420195,15.0515,0.00774324,1.13209,-0.636835,0.071495,-0.0671701,0.246324,0.730452,305
2023-05-11,0.00750851,0.0778615,0.0607072,0.193527,-0.641941,0.00374004,14.7748,0.00720948,1.35957,-0.50125,0.067169,-0.0760216,0.249889,0.653596,320
2023-05-12,0.00756352,0.0778615,0.0607072,0.193527,-0.641941,0.00239902,14.7748,0.00720948,1.35957,-0.50125,0.067169,-0.0760216,0.249889,0.608914,335
2023-05-15,0.00691255,0.0778615,0.0607072,0.193527,-0.641941,0.00522312,14.7748,0.00720948,1.35957,-0.50125,0.067169,-0.0760216,0.249889,1.50358,358
2023-05-16,0.00737353,0.0778615,0.0607072,0.193527,-0.641941,0.00479161,14.7748,0.00720948,1.35957,-0.50125,0.067169,-0.0760216,0.249889,0.643131,312
2023-05-17,0.00785612,0.0778615,0.0607072,0.193527,-0.641941,0.00395697,14.7748,0.00720948,1.35957,-0.50125,0.067169,-0.0760216,0.249889,0.755429,334
2023-05-18,0.00749959,0.0778615,0.0607072,0.193527,-0.641941,0.002,14.7748,0.00720948,1.35957,-0.50125,0.067169,-0.0760216,0.249889,0.611274,337
2023-05-19,0.00642426,0.0778615,0.0607072,0.193527,-0.641941,0.002,14.7748,0.00720948,1.35957,-0.50125,0.067169,-0.0760216,0.249889,0.653761,343
2023-05-22,0.00626316,0.0778615,0.0607072,0.193527,-0.641941,0.00329352,14.7748,0.00720948,1.35957,-0.50125,0.067169,-0.0760216,0.249889,1.54714,358
2023-05-23,0.00612937,0.0778615,0.0607072,0.193527,-0.641941,0.00318915,14.7748,0.00720948,1.35957,-0.50125,0.067169,-0.0760216,0.249889,0.549904,293
2023-05-24,0.00658256,0.0778615,0.0607072,0.193527,-0.641941,0.00354569,14.7748,0.00720948,1.35957,-0.50125,0.067169,-0.0760216,0.249889,0.58266,308
2023-05-25,0.00666814,0.0989413,0.0880527,0.218382,-0.62436,0.002,13.1994,0.00611203,1.14379,-0.516965,0.0661104,-0.0807491,0.249768,0.696836,340
2023-05-26,0.00615751,0.0989413,0.0880527,0.218382,-0.62436,0.00206752,13.1994,0.00611203,1.14379,-0.516965,0.0661104,-0.0807491,0.249768,0.693555,366
2023-05-29,0.00532303,0.0989413,0.0880527,0.218382,-0.62436,0.00465052,13.1994,0.00611203,1.14379,-0.516965,0.0661104,-0.0807491,0.249768,1.40639,387
2023-05-30,0.00552493,0.0989413,0.0880527,0.218382,-0.62436,0.00316092,13.1994,0.00611203,1.14379,-0.516965,0.0661104,-0.0807491,0.249768,0.565659,326
2023-05-31,0.00576406,0.0989413,0.0880527,0.218382,-0.62436,0.00279789,13.1994,0.00611203,1.14379,-0.516965,0.0661104,-0.0807491,0.249768,0.581658,337
2023-06-01,0.00608796,0.0989413,0.0880527,0.218382,-0.62436,0.002,13.1994,0.00611203,1.14379,-0.516965,0.0661104,-0.0807491,0.249768,0.595497,345
2023-06-02,0.00500318,0.0989413,0.0880527,0.218382,-0.62436,0.002,13.1994,0.00611203,1.14379,-0.516965,0.0661104,-0.0807491,0.249768,0.619609,350
2023-06-05,0.00529596,0.0989413,0.0880527,0.218382,-0.62436,0.002,13.1994,0.00611203,1.14379,-0.516965,0.0661104,-0.0807491,0.249768,0.817756,345
2023-06-06,0.00513878,0.0989413,0.0880527,0.218382,-0.62436,0.002,13.1994,0.00611203,1.14379,-0.516965,0.0661104,-0.0807491,0.249768,0.561133,302
2023-06-07,0.00539874,0.0989413,0.0880527,0.218382,-0.62436,0.00212672,13.1994,0.00611203,1.14379,-0.516965,0.0661104,-0.0807491,0.249768,0.558844,310
2023-06-08,0.00620374,0.181647,0.0834692,0.180697,-0.63418,0.002,5.79935,0.00415244,0.811573,-0.590543,0.0664815,-0.0763331,0.249127,0.595206,324
2023-06-09,0.00610024,0.181647,0.0834692,0.180697,-0.63418,0.002,5.79935,0.00415244,0.811573,-0.590543,0.0664815,-0.0763331,0.249127,0.648388,337
2023-06-12,0.00595174,0.181647,0.0834692,0.180697,-0.63418,0.00288679,5.79935,0.00415244,0.811573,-0.590543,0.0664815,-0.0763331,0.249127,0.949889,339
2023-06-13,0.00620439,0.181647,0.0834692,0.180697,-0.63418,0.00223001,5.79935,0.00415244,0.811573,-0.590543,0.0664815,-0.0763331,0.249127,0.739693,290
2023-06-14,0.00573514,0.181647,0.0834692,0.180697,-0.63418,0.00323829,5.79935,0.00415244,0.811573,-0.590543,0.0664815,-0.0763331,0.249127,0.87232,300
2023-06-15,0.00662828,0.181647,0.0834692,0.180697,-0.63418,0.002,5.79935,0.00415244,0.811573,-0.590543,0.0664815,-0.0763331,0.249127,0.711484,312
2023-06-16,0.00653297,0.181647,0.0834692,0.180697,-0.63418,0.002,5.79935,0.00415244,0.811573,-0.590543,0.0664815,-0.0763331,0.249127,0.68935,337
2023-06-19,0.00771906,0.181647,0.0834692,0.180697,-0.63418,0.002,5.79935,0.00415244,0.811573,-0.590543,0.0664815,-0.0763331,0.249127,1.16571,347
2023-06-20,0.00753011,0.181647,0.0834692,0.180697,-0.63418,0.002,5.79935,0.00415244,0.811573,-0.590543,0.0664815,-0.0763331,0.249127,0.632279,303
2023-06-21,0.00765544,0.181647,0.0834692,0.180697,-0.63418,0.00206333,5.79935,0.00415244,0.811573,-0.590543,0.0664815,-0.0763331,0.249127,0.663632,312
2023-06-22,0.00729732,0.164794,0.0842587,0.132921,-0.808718,0.002,4.40998,0.00619103,0.592985,-0.563285,0.072763,-0.0770054,0.24738,0.531511,327
2023-06-23,0.00691236,0.164794,0.0842587,0.132921,-0.808718,0.002,4.40998,0.00619103,0.592985,-0.563285,0.072763,-0.0770054,0.24738,0.588766,348
2023-06-26,0.00674098,0.200863,0.0729403,0.143352,-0.782658,0.00265141,5.43592,0.00596763,0.590324,-0.571143,0.0736063,-0.0745269,0.24549,0.747175,339
2023-06-27,0.00606285,0.200863,0.0729403,0.143352,-0.782658,0.002,5.43592,0.00596763,0.590324,-0.571143,0.0736063,-0.0745269,0.24549,0.729129,300
2023-06-28,0.00628768,0.200863,0.0729403,0.143352,-0.782658,0.00209142,5.43592,0.00596763,0.590324,-0.571143,0.0736063,-0.0745269,0.24549,0.755069,315
2023-06-30,0.00573128,0.200863,0.0729403,0.143352,-0.782658,0.00272547,5.43592,0.00596763,0.590324,-0.571143,0.0736063,-0.0745269,0.24549,0.878169,390
2023-07-03,0.00396899,0.200863,0.0729403,0.143352,-0.782658,0.00721192,5.43592,0.00596763,0.590324,-0.571143,0.0736063,-0.0745269,0.24549,1.78702,443
2023-07-04,0.00403203,0.200863,0.0729403,0.143352,-0.782658,0.00741642,5.43592,0.00596763,0.590324,-0.571143,0.0736063,-0.0745269,0.24549,0.750637,388
2023-07-05,0.00410142,0.200863,0.0729403,0.143352,-0.782658,0.00788382,5.43592,0.00596763,0.590324,-0.571143,0.0736063,-0.0745269,0.24549,0.644501,398
2023-07-06,0.00531127,0.200863,0.0729403,0.143352,-0.782658,0.00551996,5.43592,0.00596763,0.590324,-0.571143,0.0736063,-0.0745269,0.24549,0.501577,410
2023-07-07,0.00595346,0.200863,0.0729403,0.143352,-0.782658,0.00351865,5.43592,0.00596763,0.590324,-0.571143,0.0736063,-0.0745269,0.24549,0.582626,437
2023-07-10,0.00594771,0.200863,0.0729403,0.143352,-0.782658,0.00382227,5.43592,0.00596763,0.590324,-0.571143,0.0736063,-0.0745269,0.24549,0.785903,430
2023-07-11,0.00546945,0.453243,0.0440919,0.162074,-0.902609,0.00313878,11.6802,0.00459115,0.926787,-0.424438,0.0719369,-0.0732638,0.246377,0.604375,358
2023-07-12,0.00552526,0.453243,0.0440919,0.162074,-0.902609,0.00261344,11.6802,0.00459115,0.926787,-0.424438,0.0719369,-0.0732638,0.246377,0.698598,361
2023-07-13,0.00545221,0.453243,0.0440919,0.162074,-0.902609,0.00237548,11.6802,0.00459115,0.926787,-0.424438,0.0719369,-0.0732638,0.246377,0.520486,373
2023-07-14,0.00506306,0.453243,0.0440919,0.162074,-0.902609,0.00230174,11.6802,0.00459115,0.926787,-0.424438,0.0719369,-0.0732638,0.246377,0.51862,390
2023-07-17,0.00436858,0.453243,0.0440919,0.162074,-0.902609,0.00664118,11.6802,0.00459115,0.926787,-0.424438,0.0719369,-0.0732638,0.246377,1.97429,401
2023-07-18,0.00456457,0.453243,0.0440919,0.162074,-0.902609,0.00815465,11.6802,0.00459115,0.926787,-0.424438,0.0719369,-0.0732638,0.246377,0.789334,355
2023-07-19,0.00486586,0.453243,0.0440919,0.162074,-0.902609,0.00690079,11.6802,0.00459115,0.926787,-0.424438,0.0719369,-0.0732638,0.246377,0.702432,373
2023-07-20,0.00538975,0.453243,0.0440919,0.162074,-0.902609,0.00660926,11.6802,0.00459115,0.926787,-0.424438,0.0719369,-0.0732638,0.246377,0.812469,404
2023-07-21,0.00584719,0.453243,0.0440919,0.162074,-0.902609,0.00531863,11.6802,0.00459115,0.926787,-0.424438,0.0719369,-0.0732638,0.246377,0.785526,416
2023-07-24,0.00616238,0.453243,0.0440919,0.162074,-0.902609,0.00607885,11.6802,0.00459115,0.926787,-0.424438,0.0719369,-0.0732638,0.246377,1.2857,400
2023-07-25,0.0062662,0.56448,0.038386,0.158753,-0.972629,0.00456154,14.5479,0.00408473,1.12286,-0.300492,0.0717789,-0.0699259,0.2482,0.826211,364
2023-07-26,0.00591328,0.56448,0.038386,0.158753,-0.972629,0.00497213,14.5479,0.00408473,1.12286,-0.300492,0.0717789,-0.0699259,0.2482,0.784304,375
2023-07-27,0.00626702,0.56448,0.038386,0.158753,-0.972629,0.00385875,14.5479,0.00408473,1.12286,-0.300492,0.0717789,-0.0699259,0.2482,0.927196,389
2023-07-28,0.00628758,0.56448,0.038386,0.158753,-0.972629,0.002,14.5479,0.00408473,1.12286,-0.300492,0.0717789,-0.0699259,0.2482,0.818252,416
2023-07-31,0.00593489,0.56448,0.038386,0.158753,-0.972629,0.00288044,14.5479,0.00408473,1.12286,-0.300492,0.0717789,-0.0699259,0.2482,0.988971,421
2023-08-01,0.00543424,0.56448,0.038386,0.158753,-0.972629,0.002,14.5479,0.00408473,1.12286,-0.300492,0.0717789,-0.0699259,0.2482,0.913043,362
2023-08-02,0.00652116,0.56448,0.038386,0.158753,-0.972629,0.00403145,14.5479,0.00408473,1.12286,-0.300492,0.0717789,-0.0699259,0.2482,0.808413,388
2023-08-03,0.00609491,0.56448,0.038386,0.158753,-0.972629,0.00357661,14.5479,0.00408473,1.12286,-0.300492,0.0717789,-0.0699259,0.2482,0.759112,410
2023-08-04,0.00525313,0.56448,0.038386,0.158753,-0.972629,0.002,14.5479,0.00408473,1.12286,-0.300492,0.0717789,-0.0699259,0.2482,0.66739,410
2023-08-07,0.00536523,0.56448,0.038386,0.158753,-0.972629,0.00293942,14.5479,0.00408473,1.12286,-0.300492,0.0717789,-0.0699259,0.2482,0.956418,403
2023-08-08,0.00557328,0.381795,0.046126,0.170059,-0.974531,0.002,15.0744,0.00524883,0.96617,-0.209079,0.0701301,-0.0613799,0.249044,0.548919,356
2023-08-09,0.00519279,0.381795,0.046126,0.170059,-0.974531,0.002,15.0744,0.00524883,0.96617,-0.209079,0.0701301,-0.0613799,0.249044,0.59388,369
2023-08-10,0.0053211,0.381795,0.046126,0.170059,-0.974531,0.002,15.0744,0.00524883,0.96617,-0.209079,0.0701301,-0.0613799,0.249044,0.599486,381
2023-08-11,0.00529579,0.381795,0.046126,0.170059,-0.974531,0.002,15.0744,0.00524883,0.96617,-0.209079,0.0701301,-0.0613799,0.249044,0.521579,385
2023-08-14,0.00575003,0.381795,0.046126,0.170059,-0.974531,0.00258016,15.0744,0.00524883,0.96617,-0.209079,0.0701301,-0.0613799,0.249044,0.605209,369
2023-08-16,0.00613401,0.381795,0.046126,0.170059,-0.974531,0.002,15.0744,0.00524883,0.96617,-0.209079,0.0701301,-0.0613799,0.249044,0.461058,347
2023-08-17,0.00603968,0.381795,0.046126,0.170059,-0.974531,0.002,15.0744,0.00524883,0.96617,-0.209079,0.0701301,-0.0613799,0.249044,0.526313,376
2023-08-18,0.00590369,0.381795,0.046126,0.170059,-0.974531,0.002,15.0744,0.00524883,0.96617,-0.209079,0.0701301,-0.0613799,0.249044,0.512489,378
2023-08-21,0.00596093,0.381795,0.046126,0.170059,-0.974531,0.002,15.0744,0.00524883,0.96617,-0.209079,0.0701301,-0.0613799,0.249044,0.645905,367
2023-08-22,0.00557032,0.381795,0.046126,0.170059,-0.974531,0.002,15.0744,0.00524883,0.96617,-0.209079,0.0701301,-0.0613799,0.249044,0.577833,319
2023-08-23,0.0055051,0.652603,0.0276681,0.176128,-0.97964,0.002,11.1351,0.00662071,0.996809,-0.216394,0.064966,-0.0601226,0.249801,0.456638,349
2023-08-24,0.00541121,0.652603,0.0276681,0.176128,-0.97964,0.00219322,11.1351,0.00662071,0.996809,-0.216394,0.064966,-0.0601226,0.249801,0.397691,364
2023-08-25,0.00606167,0.652603,0.0276681,0.176128,-0.97964,0.00249712,11.1351,0.00662071,0.996809,-0.216394,0.064966,-0.0601226,0.249801,0.407115,358
2023-08-28,0.0049495,0.652603,0.0276681,0.176128,-0.97964,0.00487231,11.1351,0.00662071,0.996809,-0.216394,0.064966,-0.0601226,0.249801,1.15223,378
2023-08-29,0.00511689,0.652603,0.0276681,0.176128,-0.97964,0.00330474,11.1351,0.00662071,0.996809,-0.216394,0.064966,-0.0601226,0.249801,0.369983,294
2023-08-30,0.00504947,0.652603,0.0276681,0.176128,-0.97964,0.0025239,11.1351,0.00662071,0.996809,-0.216394,0.064966,-0.0601226,0.249801,0.415898,306
2023-08-31,0.00553696,0.652603,0.0276681,0.176128,-0.97964,0.00275603,11.1351,0.00662071,0.996809,-0.216394,0.064966,-0.0601226,0.249801,0.426236,332
2023-09-01,0.00425773,0.652603,0.0276681,0.176128,-0.97964,0.00252271,11.1351,0.00662071,0.996809,-0.216394,0.064966,-0.0601226,0.249801,0.591599,350
2023-09-04,0.00330483,0.652603,0.0276681,0.176128,-0.97964,0.00376992,11.1351,0.00662071,0.996809,-0.216394,0.064966,-0.0601226,0.249801,1.11006,351
2023-09-05,0.00319014,0.652603,0.0276681,0.176128,-0.97964,0.00315247,11.1351,0.00662071,0.996809,-0.216394,0.064966,-0.0601226,0.249801,0.474886,305
2023-09-06,0.00426044,0.615847,0.024361,0.157007,-0.979839,0.002,6.61662,0.00743962,0.81985,-0.32643,0.0661028,-0.0606619,0.249984,0.419611,313
2023-09-07,0.0039336,0.615847,0.024361,0.157007,-0.979839,0.00307268,6.61662,0.00743962,0.81985,-0.32643,0.0661028,-0.0606619,0.249984,0.636121,333
2023-09-08,0.00390634,0.615847,0.024361,0.157007,-0.979839,0.00314785,6.61662,0.00743962,0.81985,-0.32643,0.0661028,-0.0606619,0.249984,0.498703,352
2023-09-11,0.00242422,0.615847,0.024361,0.157007,-0.979839,0.00732288,6.61662,0.00743962,0.81985,-0.32643,0.0661028,-0.0606619,0.249984,1.60844,378
2023-09-12,0.002,0.615847,0.024361,0.157007,-0.979839,0.00911701,6.61662,0.00743962,0.81985,-0.32643,0.0661028,-0.0606619,0.249984,1.05136,330
2023-09-13,0.002,0.615847,0.024361,0.157007,-0.979839,0.00960749,6.61662,0.00743962,0.81985,-0.32643,0.0661028,-0.0606619,0.249984,1.02818,347
2023-09-14,0.00299232,0.615847,0.024361,0.157007,-0.979839,0.00646205,6.61662,0.00743962,0.81985,-0.32643,0.0661028,-0.0606619,0.249984,0.779855,365
2023-09-15,0.00295662,0.615847,0.024361,0.157007,-0.979839,0.00557202,6.61662,0.00743962,0.81985,-0.32643,0.0661028,-0.0606619,0.249984,0.681006,376
2023-09-18,0.00293195,0.615847,0.024361,0.157007,-0.979839,0.00618157,6.61662,0.00743962,0.81985,-0.32643,0.0661028,-0.0606619,0.249984,0.80616,384
2023-09-20,0.00275387,0.615847,0.024361,0.157007,-0.979839,0.00753529,6.61662,0.00743962,0.81985,-0.32643,0.0661028,-0.0606619,0.249984,0.619345,342
2023-09-21,0.00490162,0.362891,0.0256303,0.116672,-0.97998,0.00386495,3.85956,0.00997739,0.915304,-0.420291,0.068713,-0.0626264,0.25,0.519554,366
2023-09-22,0.00583032,0.362891,0.0256303,0.116672,-0.97998,0.002,3.85956,0.00997739,0.915304,-0.420291,0.068713,-0.0626264,0.25,0.533515,397
2023-09-25,0.00528755,0.362891,0.0256303,0.116672,-0.97998,0.00393917,3.85956,0.00997739,0.915304,-0.420291,0.068713,-0.0626264,0.25,0.78067,385
2023-09-26,0.00609365,0.362891,0.0256303,0.116672,-0.97998,0.00268913,3.85956,0.00997739,0.915304,-0.420291,0.068713,-0.0626264,0.25,0.473366,366
2023-09-27,0.00705408,0.362891,0.0256303,0.116672,-0.97998,0.00209371,3.85956,0.00997739,0.915304,-0.420291,0.068713,-0.0626264,0.25,0.457903,394
2023-09-28,0.00690575,0.362891,0.0256303,0.116672,-0.97998,0.00591903,3.85956,0.00997739,0.915304,-0.420291,0.068713,-0.0626264,0.25,0.732606,404
2023-09-29,0.0068502,0.362891,0.0256303,0.116672,-0.97998,0.002,3.85956,0.00997739,0.915304,-0.420291,0.068713,-0.0626264,0.25,0.444006,439
2023-10-03,0.00662032,0.362891,0.0256303,0.116672,-0.97998,0.00406065,3.85956,0.00997739,0.915304,-0.420291,0.068713,-0.0626264,0.25,0.415487,401
2023-10-04,0.00729454,0.362891,0.0256303,0.116672,-0.97998,0.00295231,3.85956,0.00997739,0.915304,-0.420291,0.068713,-0.0626264,0.25,0.416097,443
2023-10-05,0.00648852,0.362891,0.0256303,0.116672,-0.97998,0.002,3.85956,0.00997739,0.915304,-0.420291,0.068713,-0.0626264,0.25,0.46519,448
2023-10-06,0.00543992,0.368457,0.0252548,0.114423,-0.952183,0.002,3.96078,0.00985804,0.907609,-0.416493,0.0670702,-0.0616816,0.249976,0.49149,417
2023-10-09,0.00555953,0.368457,0.0252548,0.114423,-0.952183,0.00561055,3.96078,0.00985804,0.907609,-0.416493,0.0670702,-0.0616816,0.249976,1.00932,428
2023-10-10,0.00559818,0.368457,0.0252548,0.114423,-0.952183,0.00474916,3.96078,0.00985804,0.907609,-0.416493,0.0670702,-0.0616816,0.249976,0.655441,390
2023-10-11,0.00483341,0.368457,0.0252548,0.114423,-0.952183,0.00482832,3.96078,0.00985804,0.907609,-0.416493,0.0670702,-0.0616816,0.249976,0.580938,394
2023-10-12,0.00514806,0.368457,0.0252548,0.114423,-0.952183,0.00349761,3.96078,0.00985804,0.907609,-0.416493,0.0670702,-0.0616816,0.249976,0.486874,406
2023-10-13,0.0052024,0.368457,0.0252548,0.114423,-0.952183,0.00336897,3.96078,0.00985804,0.907609,-0.416493,0.0670702,-0.0616816,0.249976,0.524154,395
2023-10-16,0.00568645,0.368457,0.0252548,0.114423,-0.952183,0.0040965,3.96078,0.00985804,0.907609,-0.416493,0.0670702,-0.0616816,0.249976,0.906522,407
2023-10-17,0.00535087,0.368457,0.0252548,0.114423,-0.952183,0.00321842,3.96078,0.00985804,0.907609,-0.416493,0.0670702,-0.0616816,0.249976,0.511563,361
2023-10-18,0.00608394,0.368457,0.0252548,0.114423,-0.952183,0.00338078,3.96078,0.00985804,0.907609,-0.416493,0.0670702,-0.0616816,0.249976,0.644981,376
2023-10-19,0.00613634,0.368457,0.0252548,0.114423,-0.952183,0.00269181,3.96078,0.00985804,0.907609,-0.416493,0.0670702,-0.0616816,0.249976,0.451002,390
2023-10-20,0.00673605,0.424686,0.0257093,0.113838,-0.956826,0.002,4.08795,0.0085804,0.835149,-0.438063,0.0653128,-0.0631888,0.249096,0.381721,389
2023-10-23,0.00674964,0.424686,0.0257093,0.113838,-0.956826,0.00544092,4.08795,0.0085804,0.835149,-0.438063,0.0653128,-0.0631888,0.249096,1.4734,454
2023-10-25,0.00647502,0.424686,0.0257093,0.113838,-0.956826,0.00777902,4.08795,0.0085804,0.835149,-0.438063,0.0653128,-0.0631888,0.249096,0.85054,405
2023-10-26,0.00507716,0.424686,0.0257093,0.113838,-0.956826,0.0111078,4.08795,0.0085804,0.835149,-0.438063,0.0653128,-0.0631888,0.249096,0.997571,418
2023-10-27,0.0058091,0.424686,0.0257093,0.113838,-0.956826,0.0058705,4.08795,0.0085804,0.835149,-0.438063,0.0653128,-0.0631888,0.249096,0.540774,460
2023-10-30,0.00468862,0.424686,0.0257093,0.113838,-0.956826,0.00785508,4.08795,0.0085804,0.835149,-0.438063,0.0653128,-0.0631888,0.249096,1.14236,442
2023-10-31,0.0055225,0.424686,0.0257093,0.113838,-0.956826,0.00710301,4.08795,0.0085804,0.835149,-0.438063,0.0653128,-0.0631888,0.249096,0.53554,401
2023-11-01,0.00669897,0.424686,0.0257093,0.113838,-0.956826,0.0057635,4.08795,0.0085804,0.835149,-0.438063,0.0653128,-0.0631888,0.249096,0.535689,409
2023-11-02,0.00647699,0.424686,0.0257093,0.113838,-0.956826,0.00301584,4.08795,0.0085804,0.835149,-0.438063,0.0653128,-0.0631888,0.249096,0.382481,433
2023-11-03,0.00652901,0.424686,0.0257093,0.113838,-0.956826,0.002,4.08795,0.0085804,0.835149,-0.438063,0.0653128,-0.0631888,0.249096,0.371337,410
2023-11-06,0.00696647,1.60403,0.0227255,0.236925,-0.687963,0.002,9.40493,0.00205216,1.35647,-0.401846,0.0636261,-0.0541011,0.249906,0.664398,440
2023-11-07,0.00656846,1.60403,0.0227255,0.236925,-0.687963,0.002,9.40493,0.00205216,1.35647,-0.401846,0.0636261,-0.0541011,0.249906,0.376351,397
2023-11-08,0.00628196,1.60403,0.0227255,0.236925,-0.687963,0.002,9.40493,0.00205216,1.35647,-0.401846,0.0636261,-0.0541011,0.249906,0.326399,395
2023-11-09,0.00586416,1.60403,0.0227255,0.236925,-0.687963,0.002,9.40493,0.00205216,1.35647,-0.401846,0.0636261,-0.0541011,0.249906,0.364191,392
2023-11-10,0.00548301,1.60403,0.0227255,0.236925,-0.687963,0.002,9.40493,0.00205216,1.35647,-0.401846,0.0636261,-0.0541011,0.249906,0.535642,401
2023-11-13,0.00598864,1.60403,0.0227255,0.236925,-0.687963,0.002,9.40493,0.00205216,1.35647,-0.401846,0.0636261,-0.0541011,0.249906,0.442709,416
2023-11-15,0.00530442,1.60403,0.0227255,0.236925,-0.687963,0.00268803,9.40493,0.00205216,1.35647,-0.401846,0.0636261,-0.0541011,0.249906,0.398558,424
2023-11-16,0.00565375,1.60403,0.0227255,0.236925,-0.687963,0.00216244,9.40493,0.00205216,1.35647,-0.401846,0.0636261,-0.0541011,0.249906,0.460964,426
2023-11-17,0.00623771,1.60403,0.0227255,0.236925,-0.687963,0.00256065,9.40493,0.00205216,1.35647,-0.401846,0.0636261,-0.0541011,0.249906,0.39396,411
2023-11-20,0.00651161,1.60403,0.0227255,0.236925,-0.687963,0.00400523,9.40493,0.00205216,1.35647,-0.401846,0.0636261,-0.0541011,0.249906,0.664505,427
2023-11-21,0.00643486,1.54108,0.0241062,0.250871,-0.668813,0.0045175,14.5358,0.002,1.55908,-0.360501,0.0562632,-0.0518296,0.249995,0.36714,378
2023-11-22,0.00654613,1.54108,0.0241062,0.250871,-0.668813,0.00288505,14.5358,0.002,1.55908,-0.360501,0.0562632,-0.0518296,0.249995,0.474683,382
2023-11-23,0.00599305,1.54108,0.0241062,0.250871,-0.668813,0.002,14.5358,0.002,1.55908,-0.360501,0.0562632,-0.0518296,0.249995,0.430385,380
2023-11-24,0.0055634,1.54108,0.0241062,0.250871,-0.668813,0.002,14.5358,0.002,1.55908,-0.360501,0.0562632,-0.0518296,0.249995,0.528254,366
2023-11-28,0.00683266,1.54108,0.0241062,0.250871,-0.668813,0.00254508,14.5358,0.002,1.55908,-0.360501,0.0562632,-0.0518296,0.249995,0.423796,378
2023-11-29,0.00616955,1.54108,0.0241062,0.250871,-0.668813,0.00683781,14.5358,0.002,1.55908,-0.360501,0.0562632,-0.0518296,0.249995,0.757586,405
2023-11-30,0.00646149,1.54108,0.0241062,0.250871,-0.668813,0.00716463,14.5358,0.002,1.55908,-0.360501,0.0562632,-0.0518296,0.249995,0.609473,412
2023-12-01,0.00585171,1.54108,0.0241062,0.250871,-0.668813,0.00750076,14.5358,0.002,1.55908,-0.360501,0.0562632,-0.0518296,0.249995,0.654941,452
2023-12-04,0.00532054,1.54108,0.0241062,0.250871,-0.668813,0.011392,14.5358,0.002,1.55908,-0.360501,0.0562632,-0.0518296,0.249995,2.6493,476
2023-12-05,0.00577595,1.54108,0.0241062,0.250871,-0.668813,0.0117321,14.5358,0.002,1.55908,-0.360501,0.0562632,-0.0518296,0.249995,1.10123,430
2023-12-06,0.00790319,1.17513,0.0273069,0.226672,-0.696592,0.0089916,15.7783,0.002,1.97504,-0.360626,0.0560441,-0.0603996,0.25,0.84305,452
2023-12-07,0.00835153,1.17513,0.0273069,0.226672,-0.696592,0.00441345,15.7783,0.002,1.97504,-0.360626,0.0560441,-0.0603996,0.25,0.69116,452
2023-12-08,0.00808122,1.17513,0.0273069,0.226672,-0.696592,0.00381872,15.7783,0.002,1.97504,-0.360626,0.0560441,-0.0603996,0.25,0.573351,474
2023-12-11,0.00801005,1.17513,0.0273069,0.226672,-0.696592,0.00657355,15.7783,0.002,1.97504,-0.360626,0.0560441,-0.0603996,0.25,1.07172,481
2023-12-12,0.00813445,1.17513,0.0273069,0.226672,-0.696592,0.00638385,15.7783,0.002,1.97504,-0.360626,0.0560441,-0.0603996,0.25,0.562345,428
2023-12-13,0.00797419,1.17513,0.0273069,0.226672,-0.696592,0.00360768,15.7783,0.002,1.97504,-0.360626,0.0560441,-0.0603996,0.25,0.627953,452
2023-12-14,0.00838174,1.17513,0.0273069,0.226672,-0.696592,0.00469774,15.7783,0.002,1.97504,-0.360626,0.0560441,-0.0603996,0.25,0.843446,454
2023-12-15,0.009263,1.17513,0.0273069,0.226672,-0.696592,0.00738879,15.7783,0.002,1.97504,-0.360626,0.0560441,-0.0603996,0.25,1.28527,478
2023-12-18,0.0108174,1.17513,0.0273069,0.226672,-0.696592,0.00904829,15.7783,0.002,1.97504,-0.360626,0.0560441,-0.0603996,0.25,1.57469,518
2023-12-19,0.0124975,1.17513,0.0273069,0.226672,-0.696592,0.00531457,15.7783,0.002,1.97504,-0.360626,0.0560441,-0.0603996,0.25,1.27919,436
2023-12-20,0.011652,1.40527,0.0216409,0.210951,-0.72033,0.00958837,11.4753,0.00249806,1.97589,-0.128486,0.0629099,-0.0871662,0.25,1.16993,441
2023-12-21,0.0120782,1.40527,0.0216409,0.210951,-0.72033,0.00618937,11.4753,0.00249806,1.97589,-0.128486,0.0629099,-0.0871662,0.25,0.72867,455
2023-12-22,0.0127987,1.40527,0.0216409,0.210951,-0.72033,0.00487848,11.4753,0.00249806,1.97589,-0.128486,0.0629099,-0.0871662,0.25,0.87755,446
2023-12-26,0.0136486,1.40527,0.0216409,0.210951,-0.72033,0.00809443,11.4753,0.00249806,1.97589,-0.128486,0.0629099,-0.0871662,0.25,0.696814,367
2023-12-27,0.0139855,1.40527,0.0216409,0.210951,-0.72033,0.0088569,11.4753,0.00249806,1.97589,-0.128486,0.0629099,-0.0871662,0.25,1.04199,374
2023-12-28,0.0163177,1.40527,0.0216409,0.210951,-0.72033,0.00450164,11.4753,0.00249806,1.97589,-0.128486,0.0629099,-0.0871662,0.25,0.703004,399
2023-12-29,0.0157821,1.40527,0.0216409,0.210951,-0.72033,0.00233764,11.4753,0.00249806,1.97589,-0.128486,0.0629099,-0.0871662,0.25,0.525789,482
2024-01-01,0.0168173,1.40527,0.0216409,0.210951,-0.72033,0.00231856,11.4753,0.00249806,1.97589,-0.128486,0.0629099,-0.0871662,0.25,1.43293,498
2024-01-02,0.016773,1.40527,0.0216409,0.210951,-0.72033,0.00205765,11.4753,0.00249806,1.97589,-0.128486,0.0629099,-0.0871662,0.25,0.509514,406
2024-01-03,0.0150365,1.40527,0.0216409,0.210951,-0.72033,0.002,11.4753,0.00249806,1.97589,-0.128486,0.0629099,-0.0871662,0.25,0.509573,415
2024-01-04,0.0122409,1.41184,0.0138968,0.167444,-0.92595,0.002,7.40177,0.00653864,1.15335,-0.190994,0.0673601,-0.0838718,0.25,0.673041,444
2024-01-05,0.0106883,1.41184,0.0138968,0.167444,-0.92595,0.002,7.40177,0.00653864,1.15335,-0.190994,0.0673601,-0.0838718,0.25,0.760119,439
2024-01-08,0.0129969,1.41184,0.0138968,0.167444,-0.92595,0.00315086,7.40177,0.00653864,1.15335,-0.190994,0.0673601,-0.0838718,0.25,0.849087,474
2024-01-09,0.0129055,1.41184,0.0138968,0.167444,-0.92595,0.00232557,7.40177,0.00653864,1.15335,-0.190994,0.0673601,-0.0838718,0.25,0.590864,422
2024-01-10,0.0126191,1.41184,0.0138968,0.167444,-0.92595,0.002,7.40177,0.00653864,1.15335,-0.190994,0.0673601,-0.0838718,0.25,0.592217,438
2024-01-11,0.0124252,1.41184,0.0138968,0.167444,-0.92595,0.002,7.40177,0.00653864,1.15335,-0.190994,0.0673601,-0.0838718,0.25,0.691534,438
2024-01-12,0.0137591,1.41184,0.0138968,0.167444,-0.92595,0.002,7.40177,0.00653864,1.15335,-0.190994,0.0673601,-0.0838718,0.25,0.705818,443
2024-01-15,0.0137135,1.41184,0.0138968,0.167444,-0.92595,0.00531085,7.40177,0.00653864,1.15335,-0.190994,0.0673601,-0.0838718,0.25,1.72775,483
2024-01-16,0.0142236,1.41184,0.0138968,0.167444,-0.92595,0.00437041,7.40177,0.00653864,1.15335,-0.190994,0.0673601,-0.0838718,0.25,0.876792,448
2024-01-17,0.0160411,1.41184,0.0138968,0.167444,-0.92595,0.00936442,7.40177,0.00653864,1.15335,-0.190994,0.0673601,-0.0838718,0.25,1.34522,464
2024-01-18,0.0113737,0.622878,0.0126545,0.148108,-0.979151,0.00961077,9.07569,0.0088535,1.05449,-0.183853,0.0695555,-0.0817039,0.25,0.917023,468
2024-01-19,0.011341,0.622878,0.0126545,0.148108,-0.979151,0.00777634,9.07569,0.0088535,1.05449,-0.183853,0.0695555,-0.0817039,0.25,0.734223,491
2024-01-23,0.0103834,0.622878,0.0126545,0.148108,-0.979151,0.0175,9.07569,0.0088535,1.05449,-0.183853,0.0695555,-0.0817039,0.25,1.63382,411
2024-01-24,0.0100605,0.622878,0.0126545,0.148108,-0.979151,0.0131782,9.07569,0.0088535,1.05449,-0.183853,0.0695555,-0.0817039,0.25,1.09535,425
2024-01-25,0.00983463,0.622878,0.0126545,0.148108,-0.979151,0.0116245,9.07569,0.0088535,1.05449,-0.183853,0.0695555,-0.0817039,0.25,0.999083,436
2024-01-29,0.00910993,0.622878,0.0126545,0.148108,-0.979151,0.0189446,9.07569,0.0088535,1.05449,-0.183853,0.0695555,-0.0817039,0.25,2.24825,458
2024-01-30,0.00853956,0.622878,0.0126545,0.148108,-0.979151,0.0215444,9.07569,0.0088535,1.05449,-0.183853,0.0695555,-0.0817039,0.25,1.29831,386
2024-01-31,0.00864359,0.622878,0.0126545,0.148108,-0.979151,0.022027,9.07569,0.0088535,1.05449,-0.183853,0.0695555,-0.0817039,0.25,1.32907,389
2024-02-01,0.0119025,0.622878,0.0126545,0.148108,-0.979151,0.00657455,9.07569,0.0088535,1.05449,-0.183853,0.0695555,-0.0817039,0.25,0.724573,407
2024-02-02,0.0132637,0.622878,0.0126545,0.148108,-0.979151,0.0046486,9.07569,0.0088535,1.05449,-0.183853,0.0695555,-0.0817039,0.25,0.628309,441
2024-02-05,0.0130012,3.61848,0.015874,0.296394,-0.822959,0.0114794,18.6185,0.00534504,0.915649,-0.0453525,0.073625,-0.0679549,0.25,1.10327,456
2024-02-06,0.0170725,3.61848,0.015874,0.296394,-0.822959,0.00453286,18.6185,0.00534504,0.915649,-0.0453525,0.073625,-0.0679549,0.25,0.692993,394
2024-02-07,0.0162456,3.61848,0.015874,0.296394,-0.822959,0.00349814,18.6185,0.00534504,0.915649,-0.0453525,0.073625,-0.0679549,0.25,0.523625,401
2024-02-08,0.016949,3.61848,0.015874,0.296394,-0.822959,0.00446856,18.6185,0.00534504,0.915649,-0.0453525,0.073625,-0.0679549,0.25,0.65911,413
2024-02-09,0.0163393,3.61848,0.015874,0.296394,-0.822959,0.002,18.6185,0.00534504,0.915649,-0.0453525,0.073625,-0.0679549,0.25,0.634779,420
2024-02-12,0.0154269,3.61848,0.015874,0.296394,-0.822959,0.00916519,18.6185,0.00534504,0.915649,-0.0453525,0.073625,-0.0679549,0.25,1.07249,443
2024-02-13,0.0175591,3.61848,0.015874,0.296394,-0.822959,0.002,18.6185,0.00534504,0.915649,-0.0453525,0.073625,-0.0679549,0.25,0.553833,368
2024-02-14,0.0160465,3.61848,0.015874,0.296394,-0.822959,0.002,18.6185,0.00534504,0.915649,-0.0453525,0.073625,-0.0679549,0.25,0.650936,398
2024-02-15,0.0153484,3.61848,0.015874,0.296394,-0.822959,0.002,18.6185,0.00534504,0.915649,-0.0453525,0.073625,-0.0679549,0.25,0.607257,390
2024-02-16,0.0157738,3.61848,0.015874,0.296394,-0.822959,0.002,18.6185,0.00534504,0.915649,-0.0453525,0.073625,-0.0679549,0.25,0.60837,411
2024-02-19,0.0137498,3.93249,0.0164435,0.36969,-0.685691,0.00860115,18.9325,0.0064819,0.873614,-0.102297,0.0655518,-0.0699547,0.249987,0.987437,422
2024-02-20,0.0174722,3.93249,0.0164435,0.36969,-0.685691,0.00253109,18.9325,0.0064819,0.873614,-0.102297,0.0655518,-0.0699547,0.249987,0.625503,360
2024-02-21,0.0159287,3.93249,0.0164435,0.36969,-0.685691,0.00426618,18.9325,0.0064819,0.873614,-0.102297,0.0655518,-0.0699547,0.249987,0.699221,382
2024-02-22,0.0143543,3.93249,0.0164435,0.36969,-0.685691,0.00209131,18.9325,0.0064819,0.873614,-0.102297,0.0655518,-0.0699547,0.249987,0.71579,409
2024-02-23,0.0137219,3.93249,0.0164435,0.36969,-0.685691,0.002,18.9325,0.0064819,0.873614,-0.102297,0.0655518,-0.0699547,0.249987,0.603482,386
2024-02-26,0.0124314,3.93249,0.0164435,0.36969,-0.685691,0.008306,18.9325,0.0064819,0.873614,-0.102297,0.0655518,-0.0699547,0.249987,0.8594,395
2024-02-27,0.0157749,3.93249,0.0164435,0.36969,-0.685691,0.002,18.9325,0.0064819,0.873614,-0.102297,0.0655518,-0.0699547,0.249987,0.633086,324
2024-02-28,0.0133966,3.93249,0.0164435,0.36969,-0.685691,0.0109025,18.9325,0.0064819,0.873614,-0.102297,0.0655518,-0.0699547,0.249987,0.641604,366
2024-02-29,0.0151457,3.93249,0.0164435,0.36969,-0.685691,0.002,18.9325,0.0064819,0.873614,-0.102297,0.0655518,-0.0699547,0.249987,0.64799,379
2024-03-01,0.0148104,3.93249,0.0164435,0.36969,-0.685691,0.002,18.9325,0.0064819,0.873614,-0.102297,0.0655518,-0.0699547,0.249987,0.849999,405
2024-03-04,0.0132294,3.99996,0.0140445,0.269067,-0.95927,0.00332917,19,0.00864245,0.821412,-0.138419,0.0638083,-0.0699815,0.25,1.15266,431
2024-03-05,0.011702,3.99996,0.0140445,0.269067,-0.95927,0.002,19,0.00864245,0.821412,-0.138419,0.0638083,-0.0699815,0.25,0.622984,388
2024-03-06,0.0113863,3.99996,0.0140445,0.269067,-0.95927,0.002,19,0.00864245,0.821412,-0.138419,0.0638083,-0.0699815,0.25,0.744878,399
2024-03-07,0.00923975,3.99996,0.0140445,0.269067,-0.95927,0.002,19,0.00864245,0.821412,-0.138419,0.0638083,-0.0699815,0.25,0.727474,400
2024-03-11,0.0127081,3.99996,0.0140445,0.269067,-0.95927,0.00311296,19,0.00864245,0.821412,-0.138419,0.0638083,-0.0699815,0.25,0.869554,409
2024-03-12,0.0116526,3.99996,0.0140445,0.269067,-0.95927,0.002,19,0.00864245,0.821412,-0.138419,0.0638083,-0.0699815,0.25,0.704261,362
2024-03-13,0.0101023,3.99996,0.0140445,0.269067,-0.95927,0.00937882,19,0.00864245,0.821412,-0.138419,0.0638083,-0.0699815,0.25,0.874421,392
2024-03-14,0.0113242,3.99996,0.0140445,0.269067,-0.95927,0.002,19,0.00864245,0.821412,-0.138419,0.0638083,-0.0699815,0.25,0.623206,406
2024-03-15,0.0119852,3.99996,0.0140445,0.269067,-0.95927,0.002,19,0.00864245,0.821412,-0.138419,0.0638083,-0.0699815,0.25,0.650966,404
2024-03-18,0.00751561,3.99996,0.0140445,0.269067,-0.95927,0.0100889,19,0.00864245,0.821412,-0.138419,0.0638083,-0.0699815,0.25,0.77339,422
2024-03-19,0.00440346,1.43808,0.00430574,0.24546,-0.979996,0.0132989,15.4554,0.0152552,0.649959,-0.268902,0.0628767,-0.0669186,0.25,0.551616,400
2024-03-20,0.00425854,1.43808,0.00430574,0.24546,-0.979996,0.00970601,15.4554,0.0152552,0.649959,-0.268902,0.0628767,-0.0669186,0.25,0.560408,417
2024-03-21,0.00393099,1.43808,0.00430574,0.24546,-0.979996,0.00521824,15.4554,0.0152552,0.649959,-0.268902,0.0628767,-0.0669186,0.25,0.612351,426
2024-03-22,0.0035967,1.43808,0.00430574,0.24546,-0.979996,0.00462621,15.4554,0.0152552,0.649959,-0.268902,0.0628767,-0.0669186,0.25,0.737227,420
2024-03-26,0.0021852,1.43808,0.00430574,0.24546,-0.979996,0.0101495,15.4554,0.0152552,0.649959,-0.268902,0.0628767,-0.0669186,0.25,0.684395,352
2024-03-27,0.00244217,1.43808,0.00430574,0.24546,-0.979996,0.00818614,15.4554,0.0152552,0.649959,-0.268902,0.0628767,-0.0669186,0.25,0.624517,367
2024-03-28,0.00313908,1.43808,0.00430574,0.24546,-0.979996,0.00772577,15.4554,0.0152552,0.649959,-0.268902,0.0628767,-0.0669186,0.25,0.779039,378
2024-04-01,0.002,1.43808,0.00430574,0.24546,-0.979996,0.00899684,15.4554,0.0152552,0.649959,-0.268902,0.0628767,-0.0669186,0.25,0.954039,441
2024-04-02,0.002,1.43808,0.00430574,0.24546,-0.979996,0.00666302,15.4554,0.0152552,0.649959,-0.268902,0.0628767,-0.0669186,0.25,0.830678,410
2024-04-03,0.002,1.43808,0.00430574,0.24546,-0.979996,0.00598156,15.4554,0.0152552,0.649959,-0.268902,0.0628767,-0.0669186,0.25,0.83778,430
2024-04-04,0.002,0.798029,0.00200628,0.341141,-0.564153,0.00732876,11.2312,0.013869,0.321256,-0.551468,0.0586477,-0.0632766,0.25,0.707932,427
2024-04-05,0.002,0.798029,0.00200628,0.341141,-0.564153,0.00787372,11.2312,0.013869,0.321256,-0.551468,0.0586477,-0.0632766,0.25,0.831845,407
2024-04-08,0.002,0.798029,0.00200628,0.341141,-0.564153,0.00926149,11.2312,0.013869,0.321256,-0.551468,0.0586477,-0.0632766,0.25,0.819515,373
2024-04-09,0.002,0.798029,0.00200628,0.341141,-0.564153,0.00801564,11.2312,0.013869,0.321256,-0.551468,0.0586477,-0.0632766,0.25,0.804198,390
2024-04-10,0.00245414,0.798029,0.00200628,0.341141,-0.564153,0.00639784,11.2312,0.013869,0.321256,-0.551468,0.0586477,-0.0632766,0.25,0.808169,414
2024-04-12,0.00200088,0.798029,0.00200628,0.341141,-0.564153,0.00849932,11.2312,0.013869,0.321256,-0.551468,0.0586477,-0.0632766,0.25,0.917684,449
2024-04-15,0.002,0.798029,0.00200628,0.341141,-0.564153,0.0133419,11.2312,0.013869,0.321256,-0.551468,0.0586477,-0.0632766,0.25,1.45313,485
2024-04-16,0.00271981,0.798029,0.00200628,0.341141,-0.564153,0.0123992,11.2312,0.013869,0.321256,-0.551468,0.0586477,-0.0632766,0.25,0.904866,417
2024-04-18,0.00242721,0.798029,0.00200628,0.341141,-0.564153,0.0150585,11.2312,0.013869,0.321256,-0.551468,0.0586477,-0.0632766,0.25,1.08586,455
2024-04-19,0.00408754,0.798029,0.00200628,0.341141,-0.564153,0.013361,11.2312,0.013869,0.321256,-0.551468,0.0586477,-0.0632766,0.25,1.75557,482
2024-04-22,0.00201662,0.651393,0.002,0.191228,-0.692721,0.0144349,13.9723,0.0126604,0.520758,-0.576834,0.0589704,-0.0579062,0.25,1.82295,481
2024-04-23,0.00349318,0.651393,0.002,0.191228,-0.692721,0.0104289,13.9723,0.0126604,0.520758,-0.576834,0.0589704,-0.0579062,0.25,0.956941,417
2024-04-24,0.00431691,0.546234,0.002,0.132254,-0.884232,0.00777366,15.343,0.0119281,0.641004,-0.541057,0.0585369,-0.0589614,0.25,0.837185,420
2024-04-25,0.00479184,0.546234,0.002,0.132254,-0.884232,0.0076121,15.343,0.0119281,0.641004,-0.541057,0.0585369,-0.0589614,0.25,1.02176,433
2024-04-26,0.00638983,0.546234,0.002,0.132254,-0.884232,0.00514075,15.343,0.0119281,0.641004,-0.541057,0.0585369,-0.0589614,0.25,0.881903,458
2024-04-29,0.00759108,0.546234,0.002,0.132254,-0.884232,0.00531745,15.343,0.0119281,0.641004,-0.541057,0.0585369,-0.0589614,0.25,1.71092,463
2024-04-30,0.0086047,0.546234,0.002,0.132254,-0.884232,0.00387754,15.343,0.0119281,0.641004,-0.541057,0.0585369,-0.0589614,0.25,1.34844,408
2024-05-02,0.00955917,0.546234,0.002,0.132254,-0.884232,0.002,15.343,0.0119281,0.641004,-0.541057,0.0585369,-0.0589614,0.25,1.65941,427
2024-05-03,0.0125857,0.546234,0.002,0.132254,-0.884232,0.002,15.343,0.0119281,0.641004,-0.541057,0.0585369,-0.0589614,0.25,1.88265,450
2024-05-06,0.0134365,0.546234,0.002,0.132254,-0.884232,0.00570586,15.343,0.0119281,0.641004,-0.541057,0.0585369,-0.0589614,0.25,1.93125,457
2024-05-07,0.0156018,0.546234,0.002,0.132254,-0.884232,0.00431567,15.343,0.0119281,0.641004,-0.541057,0.0585369,-0.0589614,0.25,1.77146,391
2024-05-08,0.0154421,0.546234,0.002,0.132254,-0.884232,0.002,15.343,0.0119281,0.641004,-0.541057,0.0585369,-0.0589614,0.25,1.83162,406
2024-05-09,0.0201044,1.94379,0.002,0.17395,-0.976971,0.002,16.9407,0.0130691,0.561208,-0.607017,0.0592766,-0.053854,0.25,1.96681,433
2024-05-10,0.0189025,1.94379,0.002,0.17395,-0.976971,0.002,16.9407,0.0130691,0.561208,-0.607017,0.0592766,-0.053854,0.25,2.21538,445
2024-05-13,0.0229388,1.94379,0.002,0.17395,-0.976971,0.002,16.9407,0.0130691,0.561208,-0.607017,0.0592766,-0.053854,0.25,2.73415,413
2024-05-14,0.0229601,1.94379,0.002,0.17395,-0.976971,0.00240576,16.9407,0.0130691,0.561208,-0.607017,0.0592766,-0.053854,0.25,2.78801,359
2024-05-15,0.0215903,1.94379,0.002,0.17395,-0.976971,0.002,16.9407,0.0130691,0.561208,-0.607017,0.0592766,-0.053854,0.25,2.81324,360
2024-05-16,0.0201089,1.94379,0.002,0.17395,-0.976971,0.00499502,16.9407,0.0130691,0.561208,-0.607017,0.0592766,-0.053854,0.25,2.83927,367
2024-05-17,0.0184945,1.94379,0.002,0.17395,-0.976971,0.0066642,16.9407,0.0130691,0.561208,-0.607017,0.0592766,-0.053854,0.25,3.01648,356
2024-05-21,0.00938844,1.94379,0.002,0.17395,-0.976971,0.0446701,16.9407,0.0130691,0.561208,-0.607017,0.0592766,-0.053854,0.25,3.85737,301
2024-05-22,0.00907563,1.94379,0.002,0.17395,-0.976971,0.0412765,16.9407,0.0130691,0.561208,-0.607017,0.0592766,-0.053854,0.25,3.76609,305
2024-05-23,0.00596644,1.94379,0.002,0.17395,-0.976971,0.0497439,16.9407,0.0130691,0.561208,-0.607017,0.0592766,-0.053854,0.25,3.70864,322
2024-05-24,0.00958538,2.85115,0.002,0.195099,-0.978005,0.0415229,16.8125,0.0132245,0.53663,-0.722181,0.0590275,-0.0506825,0.24921,3.53046,341
2024-05-27,0.002,2.85115,0.002,0.195099,-0.978005,0.0682373,16.8125,0.0132245,0.53663,-0.722181,0.0590275,-0.0506825,0.24921,3.82736,331
2024-05-28,0.002,2.85115,0.002,0.195099,-0.978005,0.0813678,16.8125,0.0132245,0.53663,-0.722181,0.0590275,-0.0506825,0.24921,3.26757,257
2024-05-29,0.002,2.85115,0.002,0.195099,-0.978005,0.0854436,16.8125,0.0132245,0.53663,-0.722181,0.0590275,-0.0506825,0.24921,3.62715,256
2024-05-30,0.002,2.85115,0.002,0.195099,-0.978005,0.0823696,16.8125,0.0132245,0.53663,-0.722181,0.0590275,-0.0506825,0.24921,4.60201,261
2024-05-31,0.002,2.85115,0.002,0.195099,-0.978005,0.0815284,16.8125,0.0132245,0.53663,-0.722181,0.0590275,-0.0506825,0.24921,5.6804,308
2024-06-03,0.002,2.85115,0.002,0.195099,-0.978005,0.0639738,16.8125,0.0132245,0.53663,-0.722181,0.0590275,-0.0506825,0.24921,9.14111,352
2024-06-04,0.002,2.85115,0.002,0.195099,-0.978005,0.121298,16.8125,0.0132245,0.53663,-0.722181,0.0590275,-0.0506825,0.24921,4.56708,313
2024-06-05,0.002,2.85115,0.002,0.195099,-0.978005,0.0503642,16.8125,0.0132245,0.53663,-0.722181,0.0590275,-0.0506825,0.24921,3.50899,409
2024-06-06,0.00240371,2.85115,0.002,0.195099,-0.978005,0.0331025,16.8125,0.0132245,0.53663,-0.722181,0.0590275,-0.0506825,0.24921,2.22604,444
2024-06-07,0.00913607,3.9226,0.0117209,0.199944,-0.979999,0.028005,18.9226,0.00542373,1.84838,-0.345689,0.0543755,-0.0568194,0.25,1.5126,457
2024-06-10,0.0103217,3.9226,0.0117209,0.199944,-0.979999,0.0278504,18.9226,0.00542373,1.84838,-0.345689,0.0543755,-0.0568194,0.25,1.37788,556
2024-06-11,0.0115522,3.9226,0.0117209,0.199944,-0.979999,0.0134868,18.9226,0.00542373,1.84838,-0.345689,0.0543755,-0.0568194,0.25,1.02742,468
2024-06-12,0.0125983,3.9226,0.0117209,0.199944,-0.979999,0.00819094,18.9226,0.00542373,1.84838,-0.345689,0.0543755,-0.0568194,0.25,0.846195,472
2024-06-13,0.0122212,3.9226,0.0117209,0.199944,-0.979999,0.002,18.9226,0.00542373,1.84838,-0.345689,0.0543755,-0.0568194,0.25,1.05838,463
2024-06-14,0.0100905,3.9226,0.0117209,0.199944,-0.979999,0.002,18.9226,0.00542373,1.84838,-0.345689,0.0543755,-0.0568194,0.25,1.09561,474
2024-06-18,0.00993386,3.9226,0.0117209,0.199944,-0.979999,0.0037145,18.9226,0.00542373,1.84838,-0.345689,0.0543755,-0.0568194,0.25,1.12093,411
2024-06-19,0.0113789,3.9226,0.0117209,0.199944,-0.979999,0.00436822,18.9226,0.00542373,1.84838,-0.345689,0.0543755,-0.0568194,0.25,0.809714,425
2024-06-20,0.0113987,3.9226,0.0117209,0.199944,-0.979999,0.002,18.9226,0.00542373,1.84838,-0.345689,0.0543755,-0.0568194,0.25,0.760733,441
2024-06-21,0.0109812,3.9226,0.0117209,0.199944,-0.979999,0.002,18.9226,0.00542373,1.84838,-0.345689,0.0543755,-0.0568194,0.25,0.675721,467
2024-06-24,0.0114932,3.51938,0.0153274,0.185969,-0.98,0.00645222,18.5194,0.00294554,1.88351,-0.326402,0.0609523,-0.081978,0.25,1.34559,457
2024-06-25,0.0120218,3.51938,0.0153274,0.185969,-0.98,0.00704445,18.5194,0.00294554,1.88351,-0.326402,0.0609523,-0.081978,0.25,1.02188,404
2024-06-26,0.0117402,3.51938,0.0153274,0.185969,-0.98,0.00708936,18.5194,0.00294554,1.88351,-0.326402,0.0609523,-0.081978,0.25,0.779865,434
2024-06-27,0.0111245,3.51938,0.0153274,0.185969,-0.98,0.00789281,18.5194,0.00294554,1.88351,-0.326402,0.0609523,-0.081978,0.25,0.858555,461
2024-06-28,0.0117758,3.51938,0.0153274,0.185969,-0.98,0.0056522,18.5194,0.00294554,1.88351,-0.326402,0.0609523,-0.081978,0.25,0.919905,509
2024-07-01,0.0111378,3.51938,0.0153274,0.185969,-0.98,0.00804905,18.5194,0.00294554,1.88351,-0.326402,0.0609523,-0.081978,0.25,0.978883,498
2024-07-02,0.0116882,3.51938,0.0153274,0.185969,-0.98,0.00472169,18.5194,0.00294554,1.88351,-0.326402,0.0609523,-0.081978,0.25,0.701471,438
2024-07-03,0.0119954,3.51938,0.0153274,0.185969,-0.98,0.00206428,18.5194,0.00294554,1.88351,-0.326402,0.0609523,-0.081978,0.25,0.671177,442
2024-07-04,0.0100716,3.51938,0.0153274,0.185969,-0.98,0.002,18.5194,0.00294554,1.88351,-0.326402,0.0609523,-0.081978,0.25,0.64245,469
2024-07-05,0.0102048,3.51938,0.0153274,0.185969,-0.98,0.002,18.5194,0.00294554,1.88351,-0.326402,0.0609523,-0.081978,0.25,0.870304,483
2024-07-08,0.01248,3.52197,0.0160694,0.192698,-0.98,0.00271622,18.522,0.00235127,1.88668,-0.328843,0.0595597,-0.0898479,0.249937,0.969088,460
2024-07-09,0.0139852,3.52197,0.0160694,0.192698,-0.98,0.00484373,18.522,0.00235127,1.88668,-0.328843,0.0595597,-0.0898479,0.249937,1.10171,419
2024-07-10,0.0157266,3.52197,0.0160694,0.192698,-0.98,0.0020604,18.522,0.00235127,1.88668,-0.328843,0.0595597,-0.0898479,0.249937,1.36525,449
2024-07-11,0.0146109,3.52197,0.0160694,0.192698,-0.98,0.002,18.522,0.00235127,1.88668,-0.328843,0.0595597,-0.0898479,0.249937,1.28654,428
2024-07-12,0.0145718,3.52197,0.0160694,0.192698,-0.98,0.002,18.522,0.00235127,1.88668,-0.328843,0.0595597,-0.0898479,0.249937,1.16963,449
2024-07-15,0.0133316,3.52197,0.0160694,0.192698,-0.98,0.00799014,18.522,0.00235127,1.88668,-0.328843,0.0595597,-0.0898479,0.249937,1.11876,459
2024-07-16,0.0124783,3.52197,0.0160694,0.192698,-0.98,0.0101904,18.522,0.00235127,1.88668,-0.328843,0.0595597,-0.0898479,0.249937,0.52786,420
2024-07-18,0.0114396,3.52197,0.0160694,0.192698,-0.98,0.0143934,18.522,0.00235127,1.88668,-0.328843,0.0595597,-0.0898479,0.249937,1.06806,470
2024-07-19,0.0119428,3.52197,0.0160694,0.192698,-0.98,0.017116,18.522,0.00235127,1.88668,-0.328843,0.0595597,-0.0898479,0.249937,1.53433,495
2024-07-22,0.0091046,3.52197,0.0160694,0.192698,-0.98,0.0268137,18.522,0.00235127,1.88668,-0.328843,0.0595597,-0.0898479,0.249937,4.53498,550
2024-07-23,0.0118646,1.81234,0.0185822,0.163522,-0.943966,0.00775249,16.8123,0.002,1.67666,-0.310816,0.060839,-0.0974562,0.25,1.27947,457
2024-07-24,0.0112051,1.81234,0.0185822,0.163522,-0.943966,0.00334876,16.8123,0.002,1.67666,-0.310816,0.060839,-0.0974562,0.25,0.981307,451
2024-07-25,0.0117182,1.81234,0.0185822,0.163522,-0.943966,0.002,16.8123,0.002,1.67666,-0.310816,0.060839,-0.0974562,0.25,0.505316,463
2024-07-26,0.0110803,1.81234,0.0185822,0.163522,-0.943966,0.002,16.8123,0.002,1.67666,-0.310816,0.060839,-0.0974562,0.25,0.692664,498
2024-07-29,0.0115882,1.81234,0.0185822,0.163522,-0.943966,0.00331579,16.8123,0.002,1.67666,-0.310816,0.060839,-0.0974562,0.25,0.845459,535
2024-07-30,0.0112422,1.81234,0.0185822,0.163522,-0.943966,0.00267647,16.8123,0.002,1.67666,-0.310816,0.060839,-0.0974562,0.25,0.580096,429
2024-07-31,0.0115265,1.81234,0.0185822,0.163522,-0.943966,0.00349977,16.8123,0.002,1.67666,-0.310816,0.060839,-0.0974562,0.25,0.387222,418
2024-08-01,0.0108519,1.81234,0.0185822,0.163522,-0.943966,0.002,16.8123,0.002,1.67666,-0.310816,0.060839,-0.0974562,0.25,0.513348,458
2024-08-02,0.0122324,1.81234,0.0185822,0.163522,-0.943966,0.00460466,16.8123,0.002,1.67666,-0.310816,0.060839,-0.0974562,0.25,0.598612,475
2024-08-05,0.0107066,1.81234,0.0185822,0.163522,-0.943966,0.0446913,16.8123,0.002,1.67666,-0.310816,0.060839,-0.0974562,0.25,3.58723,500
2024-08-06,0.0126154,1.02057,0.0211478,0.163639,-0.823807,0.0319504,16.0206,0.00200008,1.91354,-0.542443,0.0625663,-0.0720043,0.25,1.25606,471
2024-08-07,0.0131363,1.02057,0.0211478,0.163639,-0.823807,0.013732,16.0206,0.00200008,1.91354,-0.542443,0.0625663,-0.0720043,0.25,0.717299,475
2024-08-08,0.0145898,1.02057,0.0211478,0.163639,-0.823807,0.0140657,16.0206,0.00200008,1.91354,-0.542443,0.0625663,-0.0720043,0.25,0.708464,490
2024-08-09,0.0133466,1.02057,0.0211478,0.163639,-0.823807,0.00741552,16.0206,0.00200008,1.91354,-0.542443,0.0625663,-0.0720043,0.25,0.735752,478
2024-08-12,0.0140635,1.02057,0.0211478,0.163639,-0.823807,0.0102067,16.0206,0.00200008,1.91354,-0.542443,0.0625663,-0.0720043,0.25,0.874378,448
2024-08-13,0.015685,1.02057,0.0211478,0.163639,-0.823807,0.00734312,16.0206,0.00200008,1.91354,-0.542443,0.0625663,-0.0720043,0.25,0.703302,454
2024-08-14,0.0153717,1.02057,0.0211478,0.163639,-0.823807,0.00385083,16.0206,0.00200008,1.91354,-0.542443,0.0625663,-0.0720043,0.25,0.789643,465
2024-08-16,0.0122712,1.02057,0.0211478,0.163639,-0.823807,0.00481131,16.0206,0.00200008,1.91354,-0.542443,0.0625663,-0.0720043,0.25,0.997675,471
2024-08-19,0.0122443,1.02057,0.0211478,0.163639,-0.823807,0.00467719,16.0206,0.00200008,1.91354,-0.542443,0.0625663,-0.0720043,0.25,0.914101,472
2024-08-20,0.011244,1.02057,0.0211478,0.163639,-0.823807,0.00387587,16.0206,0.00200008,1.91354,-0.542443,0.0625663,-0.0720043,0.25,0.777556,415
2024-08-21,0.0101321,1.66748,0.0176448,0.202903,-0.772146,0.00205563,14.3178,0.00397294,1.95958,-0.546123,0.0595254,-0.0773328,0.25,0.556905,432
2024-08-22,0.00927901,1.66748,0.0176448,0.202903,-0.772146,0.002,14.3178,0.00397294,1.95958,-0.546123,0.0595254,-0.0773328,0.25,0.527069,447
2024-08-23,0.0103415,1.66748,0.0176448,0.202903,-0.772146,0.002,14.3178,0.00397294,1.95958,-0.546123,0.0595254,-0.0773328,0.25,0.766038,452
2024-08-26,0.0105316,1.66748,0.0176448,0.202903,-0.772146,0.00330839,14.3178,0.00397294,1.95958,-0.546123,0.0595254,-0.0773328,0.25,1.69639,466
2024-08-27,0.0109453,1.66748,0.0176448,0.202903,-0.772146,0.002,14.3178,0.00397294,1.95958,-0.546123,0.0595254,-0.0773328,0.25,0.81416,403
2024-08-28,0.0106188,1.66748,0.0176448,0.202903,-0.772146,0.002,14.3178,0.00397294,1.95958,-0.546123,0.0595254,-0.0773328,0.25,0.789472,399
2024-08-29,0.0104611,1.66748,0.0176448,0.202903,-0.772146,0.002,14.3178,0.00397294,1.95958,-0.546123,0.0595254,-0.0773328,0.25,0.989443,435
2024-08-30,0.0102937,1.66748,0.0176448,0.202903,-0.772146,0.002,14.3178,0.00397294,1.95958,-0.546123,0.0595254,-0.0773328,0.25,0.986864,458
2024-09-02,0.0122377,1.66748,0.0176448,0.202903,-0.772146,0.00254363,14.3178,0.00397294,1.95958,-0.546123,0.0595254,-0.0773328,0.25,0.924037,494
2024-09-03,0.0122743,1.66748,0.0176448,0.202903,-0.772146,0.002,14.3178,0.00397294,1.95958,-0.546123,0.0595254,-0.0773328,0.25,0.926582,420
2024-09-04,0.00995213,0.787726,0.0183465,0.188875,-0.898979,0.00434307,15.1708,0.00828974,1.43386,-0.451813,0.0595014,-0.0982462,0.249956,0.72695,452
2024-09-05,0.0104944,0.787726,0.0183465,0.188875,-0.898979,0.002,15.1708,0.00828974,1.43386,-0.451813,0.0595014,-0.0982462,0.249956,0.823089,455
2024-09-06,0.00948139,0.787726,0.0183465,0.188875,-0.898979,0.0108552,15.1708,0.00828974,1.43386,-0.451813,0.0595014,-0.0982462,0.249956,1.05688,494
2024-09-09,0.00977218,0.787726,0.0183465,0.188875,-0.898979,0.00808873,15.1708,0.00828974,1.43386,-0.451813,0.0595014,-0.0982462,0.249956,0.687711,500
2024-09-10,0.00915979,0.787726,0.0183465,0.188875,-0.898979,0.00517457,15.1708,0.00828974,1.43386,-0.451813,0.0595014,-0.0982462,0.249956,0.665881,424
2024-09-11,0.00971644,0.787726,0.0183465,0.188875,-0.898979,0.00542376,15.1708,0.00828974,1.43386,-0.451813,0.0595014,-0.0982462,0.249956,0.62701,441
2024-09-12,0.00775523,0.787726,0.0183465,0.188875,-0.898979,0.00723523,15.1708,0.00828974,1.43386,-0.451813,0.0595014,-0.0982462,0.249956,0.726885,445
2024-09-13,0.0079154,0.787726,0.0183465,0.188875,-0.898979,0.0040386,15.1708,0.00828974,1.43386,-0.451813,0.0595014,-0.0982462,0.249956,0.828442,457
2024-09-16,0.00757157,0.787726,0.0183465,0.188875,-0.898979,0.00581256,15.1708,0.00828974,1.43386,-0.451813,0.0595014,-0.0982462,0.249956,1.21022,480
2024-09-17,0.00765843,0.787726,0.0183465,0.188875,-0.898979,0.00598231,15.1708,0.00828974,1.43386,-0.451813,0.0595014,-0.0982462,0.249956,0.911987,390
2024-09-18,0.00849732,0.471557,0.0307588,0.197393,-0.754468,0.00991588,14.5224,0.00718948,1.63704,-0.529241,0.0611075,-0.0960287,0.249978,1.1347,413
2024-09-19,0.00840374,0.471557,0.0307588,0.197393,-0.754468,0.00443111,14.5224,0.00718948,1.63704,-0.529241,0.0611075,-0.0960287,0.249978,0.91842,428
2024-09-20,0.00814183,0.471557,0.0307588,0.197393,-0.754468,0.00613653,14.5224,0.00718948,1.63704,-0.529241,0.0611075,-0.0960287,0.249978,1.73461,474
2024-09-23,0.00923208,0.471557,0.0307588,0.197393,-0.754468,0.00922752,14.5224,0.00718948,1.63704,-0.529241,0.0611075,-0.0960287,0.249978,3.23223,520
2024-09-24,0.00972936,0.471557,0.0307588,0.197393,-0.754468,0.00622841,14.5224,0.00718948,1.63704,-0.529241,0.0611075,-0.0960287,0.249978,0.885199,424
2024-09-25,0.00976752,0.471557,0.0307588,0.197393,-0.754468,0.00271694,14.5224,0.00718948,1.63704,-0.529241,0.0611075,-0.0960287,0.249978,0.605902,439
2024-09-26,0.00838248,0.471557,0.0307588,0.197393,-0.754468,0.00334794,14.5224,0.00718948,1.63704,-0.529241,0.0611075,-0.0960287,0.249978,0.776991,480
2024-09-27,0.00843817,0.471557,0.0307588,0.197393,-0.754468,0.00208389,14.5224,0.00718948,1.63704,-0.529241,0.0611075,-0.0960287,0.249978,0.738482,528
2024-09-30,0.00908207,0.471557,0.0307588,0.197393,-0.754468,0.00515964,14.5224,0.00718948,1.63704,-0.529241,0.0611075,-0.0960287,0.249978,1.38175,540
2024-10-01,0.008377,0.471557,0.0307588,0.197393,-0.754468,0.002,14.5224,0.00718948,1.63704,-0.529241,0.0611075,-0.0960287,0.249978,0.580084,471
2024-10-03,0.00894337,0.794599,0.0310905,0.231866,-0.708148,0.00782313,15.7929,0.00568839,1.66637,-0.528468,0.0665348,-0.0990417,0.249519,1.01508,508
2024-10-04,0.0103504,0.794599,0.0310905,0.231866,-0.708148,0.0104604,15.7929,0.00568839,1.66637,-0.528468,0.0665348,-0.0990417,0.249519,1.1633,569
2024-10-07,0.00978072,0.794599,0.0310905,0.231866,-0.708148,0.0196581,15.7929,0.00568839,1.66637,-0.528468,0.0665348,-0.0990417,0.249519,2.2691,593
2024-10-08,0.0110906,0.794599,0.0310905,0.231866,-0.708148,0.0124074,15.7929,0.00568839,1.66637,-0.528468,0.0665348,-0.0990417,0.249519,0.918934,494
2024-10-09,0.0129139,0.794599,0.0310905,0.231866,-0.708148,0.00525111,15.7929,0.00568839,1.66637,-0.528468,0.0665348,-0.0990417,0.249519,0.759179,511
2024-10-10,0.0127314,0.794599,0.0310905,0.231866,-0.708148,0.002,15.7929,0.00568839,1.66637,-0.528468,0.0665348,-0.0990417,0.249519,0.745116,536
2024-10-11,0.0119604,0.794599,0.0310905,0.231866,-0.708148,0.002,15.7929,0.00568839,1.66637,-0.528468,0.0665348,-0.0990417,0.249519,0.720924,522
2024-10-14,0.0119042,0.794599,0.0310905,0.231866,-0.708148,0.002,15.7929,0.00568839,1.66637,-0.528468,0.0665348,-0.0990417,0.249519,0.795851,555
2024-10-15,0.0119066,0.794599,0.0310905,0.231866,-0.708148,0.002,15.7929,0.00568839,1.66637,-0.528468,0.0665348,-0.0990417,0.249519,0.731277,472
2024-10-16,0.0119428,0.794599,0.0310905,0.231866,-0.708148,0.002,15.7929,0.00568839,1.66637,-0.528468,0.0665348,-0.0990417,0.249519,0.735884,473
2024-10-17,0.0125238,0.559258,0.040568,0.200831,-0.738319,0.00242544,15.5585,0.00524282,1.86616,-0.546958,0.070695,-0.0702028,0.249606,0.637756,492
2024-10-18,0.0107664,0.559258,0.040568,0.200831,-0.738319,0.00248421,15.5585,0.00524282,1.86616,-0.546958,0.070695,-0.0702028,0.249606,0.555255,520
2024-10-21,0.0114367,0.559258,0.040568,0.200831,-0.738319,0.00655353,15.5585,0.00524282,1.86616,-0.546958,0.070695,-0.0702028,0.249606,0.770082,531
2024-10-22,0.0124318,0.559258,0.040568,0.200831,-0.738319,0.0094999,15.5585,0.00524282,1.86616,-0.546958,0.070695,-0.0702028,0.249606,0.737821,443
2024-10-23,0.0120123,0.559258,0.040568,0.200831,-0.738319,0.0094731,15.5585,0.00524282,1.86616,-0.546958,0.070695,-0.0702028,0.249606,0.639633,481
2024-10-24,0.0114942,0.559258,0.040568,0.200831,-0.738319,0.00598906,15.5585,0.00524282,1.86616,-0.546958,0.070695,-0.0702028,0.249606,0.659791,484
2024-10-25,0.0109411,0.559258,0.040568,0.200831,-0.738319,0.0108973,15.5585,0.00524282,1.86616,-0.546958,0.070695,-0.0702028,0.249606,0.777576,527
2024-10-28,0.00939531,0.559258,0.040568,0.200831,-0.738319,0.0126323,15.5585,0.00524282,1.86616,-0.546958,0.070695,-0.0702028,0.249606,0.722215,524
2024-10-29,0.010065,0.559258,0.040568,0.200831,-0.738319,0.0116917,15.5585,0.00524282,1.86616,-0.546958,0.070695,-0.0702028,0.249606,0.583523,449
2024-10-30,0.0114519,0.559258,0.040568,0.200831,-0.738319,0.0135979,15.5585,0.00524282,1.86616,-0.546958,0.070695,-0.0702028,0.249606,0.670793,425
2024-10-31,0.00479729,0.210268,0.0659314,0.142499,-0.865346,0.019937,7.84148,0.00866348,0.842637,-0.535871,0.0789011,-0.0690263,0.249982,0.55061,471
2024-11-01,0.00462734,0.210268,0.0659314,0.142499,-0.865346,0.0210506,7.84148,0.00866348,0.842637,-0.535871,0.0789011,-0.0690263,0.249982,0.554023,437
2024-11-04,0.00369761,0.210268,0.0659314,0.142499,-0.865346,0.0278084,7.84148,0.00866348,0.842637,-0.535871,0.0789011,-0.0690263,0.249982,1.68343,518
2024-11-05,0.00407156,0.210268,0.0659314,0.142499,-0.865346,0.0226079,7.84148,0.00866348,0.842637,-0.535871,0.0789011,-0.0690263,0.249982,0.563808,469
2024-11-06,0.00447981,0.210268,0.0659314,0.142499,-0.865346,0.0152856,7.84148,0.00866348,0.842637,-0.535871,0.0789011,-0.0690263,0.249982,0.428542,474
2024-11-07,0.00543959,0.210268,0.0659314,0.142499,-0.865346,0.0132878,7.84148,0.00866348,0.842637,-0.535871,0.0789011,-0.0690263,0.249982,0.605252,476
2024-11-08,0.00589179,0.210268,0.0659314,0.142499,-0.865346,0.0101466,7.84148,0.00866348,0.842637,-0.535871,0.0789011,-0.0690263,0.249982,0.592852,493
2024-11-11,0.00394572,0.210268,0.0659314,0.142499,-0.865346,0.0124932,7.84148,0.00866348,0.842637,-0.535871,0.0789011,-0.0690263,0.249982,0.771459,535
2024-11-12,0.00483039,0.210268,0.0659314,0.142499,-0.865346,0.0119985,7.84148,0.00866348,0.842637,-0.535871,0.0789011,-0.0690263,0.249982,0.799922,478
2024-11-13,0.0042144,0.210268,0.0659314,0.142499,-0.865346,0.0161706,7.84148,0.00866348,0.842637,-0.535871,0.0789011,-0.0690263,0.249982,1.00578,507
2024-11-14,0.002,0.104942,0.105711,0.165032,-0.926839,0.0145896,8.2173,0.0105705,0.700347,-0.462615,0.0797181,-0.0617443,0.249996,0.703105,551
2024-11-18,0.002,0.104942,0.105711,0.165032,-0.926839,0.0175994,8.2173,0.0105705,0.700347,-0.462615,0.0797181,-0.0617443,0.249996,0.466654,555
2024-11-19,0.002,0.104942,0.105711,0.165032,-0.926839,0.0187766,8.2173,0.0105705,0.700347,-0.462615,0.0797181,-0.0617443,0.249996,0.69929,518
2024-11-21,0.002,0.104942,0.105711,0.165032,-0.926839,0.0194446,8.2173,0.0105705,0.700347,-0.462615,0.0797181,-0.0617443,0.249996,0.502281,522
2024-11-22,0.002,0.104942,0.105711,0.165032,-0.926839,0.0198315,8.2173,0.0105705,0.700347,-0.462615,0.0797181,-0.0617443,0.249996,1.20808,515
2024-11-25,0.002,0.104942,0.105711,0.165032,-0.926839,0.0172708,8.2173,0.0105705,0.700347,-0.462615,0.0797181,-0.0617443,0.249996,1.67224,551
2024-11-26,0.002,0.104942,0.105711,0.165032,-0.926839,0.0163792,8.2173,0.0105705,0.700347,-0.462615,0.0797181,-0.0617443,0.249996,0.614958,439
2024-11-27,0.002,0.104942,0.105711,0.165032,-0.926839,0.013428,8.2173,0.0105705,0.700347,-0.462615,0.0797181,-0.0617443,0.249996,0.42971,441
2024-11-28,0.002,0.104942,0.105711,0.165032,-0.926839,0.0174587,8.2173,0.0105705,0.700347,-0.462615,0.0797181,-0.0617443,0.249996,0.594821,461
2024-11-29,0.002,0.104942,0.105711,0.165032,-0.926839,0.0142925,8.2173,0.0105705,0.700347,-0.462615,0.0797181,-0.0617443,0.249996,0.682661,506
2024-12-02,0.00660445,0.0646975,0.149326,0.192398,-0.569299,0.016165,13.2783,0.00525902,0.970308,-0.602823,0.0730377,-0.0539848,0.25,1.14783,514
2024-12-03,0.0065424,0.0646975,0.149326,0.192398,-0.569299,0.0149937,13.2783,0.00525902,0.970308,-0.602823,0.0730377,-0.0539848,0.25,0.584928,459
2024-12-04,0.0064132,0.0646975,0.149326,0.192398,-0.569299,0.0163147,13.2783,0.00525902,0.970308,-0.602823,0.0730377,-0.0539848,0.25,0.655393,472
2024-12-05,0.00557846,0.0646975,0.149326,0.192398,-0.569299,0.019415,13.2783,0.00525902,0.970308,-0.602823,0.0730377,-0.0539848,0.25,0.838108,500
2024-12-06,0.00706504,0.0646975,0.149326,0.192398,-0.569299,0.0132699,13.2783,0.00525902,0.970308,-0.602823,0.0730377,-0.0539848,0.25,0.432307,512
2024-12-09,0.00737142,0.0646975,0.149326,0.192398,-0.569299,0.0151284,13.2783,0.00525902,0.970308,-0.602823,0.0730377,-0.0539848,0.25,0.937586,509
2024-12-10,0.00782838,0.0646975,0.149326,0.192398,-0.569299,0.0122294,13.2783,0.00525902,0.970308,-0.602823,0.0730377,-0.0539848,0.25,0.54916,429
2024-12-11,0.00851832,0.0646975,0.149326,0.192398,-0.569299,0.00788821,13.2783,0.00525902,0.970308,-0.602823,0.0730377,-0.0539848,0.25,0.399724,451
2024-12-12,0.00859412,0.0646975,0.149326,0.192398,-0.569299,0.00761758,13.2783,0.00525902,0.970308,-0.602823,0.0730377,-0.0539848,0.25,0.479404,459
2024-12-13,0.00825415,0.0646975,0.149326,0.192398,-0.569299,0.00730208,13.2783,0.00525902,0.970308,-0.602823,0.0730377,-0.0539848,0.25,0.648049,504
2024-12-16,0.0108513,0.0635245,0.129988,0.188121,-0.560545,0.0123475,15.0635,0.00290393,0.922204,-0.753537,0.06905,-0.0553362,0.249914,0.753518,485
2024-12-17,0.0126633,0.0635245,0.129988,0.188121,-0.560545,0.0108199,15.0635,0.00290393,0.922204,-0.753537,0.06905,-0.0553362,0.249914,0.999059,457
2024-12-18,0.0132439,0.0635245,0.129988,0.188121,-0.560545,0.00835551,15.0635,0.00290393,0.922204,-0.753537,0.06905,-0.0553362,0.249914,1.49193,451
2024-12-19,0.0136054,0.0635245,0.129988,0.188121,-0.560545,0.00925613,15.0635,0.00290393,0.922204,-0.753537,0.06905,-0.0553362,0.249914,1.13001,485
2024-12-20,0.0147338,0.0635245,0.129988,0.188121,-0.560545,0.0122722,15.0635,0.00290393,0.922204,-0.753537,0.06905,-0.0553362,0.249914,1.4207,506
2024-12-23,0.0133186,0.0635245,0.129988,0.188121,-0.560545,0.00497553,15.0635,0.00290393,0.922204,-0.753537,0.06905,-0.0553362,0.249914,1.58616,557
2024-12-24,0.0125487,0.0635245,0.129988,0.188121,-0.560545,0.00317705,15.0635,0.00290393,0.922204,-0.753537,0.06905,-0.0553362,0.249914,0.432812,449
2024-12-26,0.0127539,0.0635245,0.129988,0.188121,-0.560545,0.00604711,15.0635,0.00290393,0.922204,-0.753537,0.06905,-0.0553362,0.249914,0.359922,461
2024-12-27,0.0124153,0.0635245,0.129988,0.188121,-0.560545,0.00218581,15.0635,0.00290393,0.922204,-0.753537,0.06905,-0.0553362,0.249914,0.543799,503
2024-12-30,0.0130561,0.0635245,0.129988,0.188121,-0.560545,0.00582293,15.0635,0.00290393,0.922204,-0.753537,0.06905,-0.0553362,0.249914,0.715688,531
2024-12-31,0.012868,0.075266,0.0939964,0.154413,-0.569253,0.00948652,15.0753,0.00206325,0.826746,-0.796897,0.0693069,-0.055356,0.249941,0.409267,456
2025-01-01,0.0133247,0.075266,0.0939964,0.154413,-0.569253,0.00912886,15.0753,0.00206325,0.826746,-0.796897,0.0693069,-0.055356,0.249941,0.516917,456
2025-01-02,0.0127191,0.075266,0.0939964,0.154413,-0.569253,0.00642306,15.0753,0.00206325,0.826746,-0.796897,0.0693069,-0.055356,0.249941,0.585643,484
2025-01-03,0.0142625,0.075266,0.0939964,0.154413,-0.569253,0.002,15.0753,0.00206325,0.826746,-0.796897,0.0693069,-0.055356,0.249941,0.606506,480
2025-01-06,0.0140375,0.075266,0.0939964,0.154413,-0.569253,0.0186477,15.0753,0.00206325,0.826746,-0.796897,0.0693069,-0.055356,0.249941,1.8716,537
2025-01-07,0.0145582,0.075266,0.0939964,0.154413,-0.569253,0.00856347,15.0753,0.00206325,0.826746,-0.796897,0.0693069,-0.055356,0.249941,0.512385,455
2025-01-08,0.0151034,0.075266,0.0939964,0.154413,-0.569253,0.00479957,15.0753,0.00206325,0.826746,-0.796897,0.0693069,-0.055356,0.249941,0.551961,472
2025-01-09,0.0156432,0.075266,0.0939964,0.154413,-0.569253,0.00449332,15.0753,0.00206325,0.826746,-0.796897,0.0693069,-0.055356,0.249941,0.597194,467
2025-01-10,0.0165125,0.075266,0.0939964,0.154413,-0.569253,0.00568769,15.0753,0.00206325,0.826746,-0.796897,0.0693069,-0.055356,0.249941,0.723111,499
2025-01-13,0.0165896,0.075266,0.0939964,0.154413,-0.569253,0.0136082,15.0753,0.00206325,0.826746,-0.796897,0.0693069,-0.055356,0.249941,2.34385,523
2025-01-14,0.0160664,0.232009,0.0324411,0.147373,-0.592626,0.0112588,15.232,0.00288302,0.659826,-0.788328,0.069304,-0.0543477,0.249754,1.03883,455
2025-01-15,0.0158904,0.232009,0.0324411,0.147373,-0.592626,0.00955168,15.232,0.00288302,0.659826,-0.788328,0.069304,-0.0543477,0.249754,1.01266,444
2025-01-16,0.015694,0.232009,0.0324411,0.147373,-0.592626,0.0105552,15.232,0.00288302,0.659826,-0.788328,0.069304,-0.0543477,0.249754,0.85927,461
2025-01-17,0.0166382,0.232009,0.0324411,0.147373,-0.592626,0.0100803,15.232,0.00288302,0.659826,-0.788328,0.069304,-0.0543477,0.249754,1.14872,472
2025-01-20,0.0147429,0.232009,0.0324411,0.147373,-0.592626,0.019892,15.232,0.00288302,0.659826,-0.788328,0.069304,-0.0543477,0.249754,1.38754,451
2025-01-21,0.0154821,0.232009,0.0324411,0.147373,-0.592626,0.0242357,15.232,0.00288302,0.659826,-0.788328,0.069304,-0.0543477,0.249754,1.56863,373
2025-01-22,0.0154283,0.232009,0.0324411,0.147373,-0.592626,0.0204183,15.232,0.00288302,0.659826,-0.788328,0.069304,-0.0543477,0.249754,1.52123,402
2025-01-23,0.0147848,0.232009,0.0324411,0.147373,-0.592626,0.0210114,15.232,0.00288302,0.659826,-0.788328,0.069304,-0.0543477,0.249754,1.36246,400
2025-01-24,0.0161241,0.232009,0.0324411,0.147373,-0.592626,0.0189915,15.232,0.00288302,0.659826,-0.788328,0.069304,-0.0543477,0.249754,1.44867,426
2025-01-27,0.0153019,0.232009,0.0324411,0.147373,-0.592626,0.0315541,15.232,0.00288302,0.659826,-0.788328,0.069304,-0.0543477,0.249754,1.80792,441
2025-01-28,0.0126582,2.22612,0.0170912,0.239916,-0.59867,0.03708,16.848,0.00264534,0.773071,-0.442032,0.0696286,-0.0456023,0.249995,1.29359,344
2025-01-29,0.0100435,2.22612,0.0170912,0.239916,-0.59867,0.0436404,16.848,0.00264534,0.773071,-0.442032,0.0696286,-0.0456023,0.249995,1.49084,344
2025-01-30,0.00773355,2.22612,0.0170912,0.239916,-0.59867,0.0402293,16.848,0.00264534,0.773071,-0.442032,0.0696286,-0.0456023,0.249995,1.65501,359
2025-01-31,0.00706146,2.22612,0.0170912,0.239916,-0.59867,0.0304643,16.848,0.00264534,0.773071,-0.442032,0.0696286,-0.0456023,0.249995,1.81506,447
2025-02-03,0.0124215,2.22612,0.0170912,0.239916,-0.59867,0.00808011,16.848,0.00264534,0.773071,-0.442032,0.0696286,-0.0456023,0.249995,0.814431,481
2025-02-04,0.0110966,2.22612,0.0170912,0.239916,-0.59867,0.00763192,16.848,0.00264534,0.773071,-0.442032,0.0696286,-0.0456023,0.249995,0.609564,407
2025-02-05,0.0124756,2.22612,0.0170912,0.239916,-0.59867,0.00578434,16.848,0.00264534,0.773071,-0.442032,0.0696286,-0.0456023,0.249995,0.519935,439
2025-02-06,0.0115837,2.22612,0.0170912,0.239916,-0.59867,0.0078426,16.848,0.00264534,0.773071,-0.442032,0.0696286,-0.0456023,0.249995,0.468818,448
2025-02-07,0.0129684,2.22612,0.0170912,0.239916,-0.59867,0.002,16.848,0.00264534,0.773071,-0.442032,0.0696286,-0.0456023,0.249995,0.502369,482
2025-02-10,0.0116533,2.22612,0.0170912,0.239916,-0.59867,0.00879301,16.848,0.00264534,0.773071,-0.442032,0.0696286,-0.0456023,0.249995,0.758876,474
2025-02-11,0.0134534,3.6117,0.0185548,0.323151,-0.586197,0.00853068,18.6117,0.002,0.784585,-0.45405,0.0619786,-0.0297141,0.249999,0.453323,450
2025-02-12,0.0138635,3.6117,0.0185548,0.323151,-0.586197,0.00745505,18.6117,0.002,0.784585,-0.45405,0.0619786,-0.0297141,0.249999,0.435153,480
2025-02-13,0.0133189,2.68853,0.0204345,0.303413,-0.57779,0.00758684,17.6885,0.002,0.816842,-0.437374,0.0609669,-0.0306804,0.25,0.502092,476
2025-02-14,0.0131487,2.68853,0.0204345,0.303413,-0.57779,0.00806863,17.6885,0.002,0.816842,-0.437374,0.0609669,-0.0306804,0.25,0.452129,489
2025-02-17,0.0101954,2.68853,0.0204345,0.303413,-0.57779,0.0184345,17.6885,0.002,0.816842,-0.437374,0.0609669,-0.0306804,0.25,0.839674,482
2025-02-18,0.0134357,2.68853,0.0204345,0.303413,-0.57779,0.0108588,17.6885,0.002,0.816842,-0.437374,0.0609669,-0.0306804,0.25,0.385267,436
2025-02-19,0.014107,2.68853,0.0204345,0.303413,-0.57779,0.0075406,17.6885,0.002,0.816842,-0.437374,0.0609669,-0.0306804,0.25,0.453522,462
2025-02-20,0.0140025,2.68853,0.0204345,0.303413,-0.57779,0.003827,17.6885,0.002,0.816842,-0.437374,0.0609669,-0.0306804,0.25,0.502484,467
2025-02-21,0.0145481,2.68853,0.0204345,0.303413,-0.57779,0.00203256,17.6885,0.002,0.816842,-0.437374,0.0609669,-0.0306804,0.25,0.471648,462
2025-02-24,0.0120781,2.68853,0.0204345,0.303413,-0.57779,0.00649426,17.6885,0.002,0.816842,-0.437374,0.0609669,-0.0306804,0.25,0.78063,494
2025-02-25,0.0118518,2.68853,0.0204345,0.303413,-0.57779,0.00271308,17.6885,0.002,0.816842,-0.437374,0.0609669,-0.0306804,0.25,0.589676,457
2025-02-27,0.0116837,2.68853,0.0204345,0.303413,-0.57779,0.002,17.6885,0.002,0.816842,-0.437374,0.0609669,-0.0306804,0.25,0.587978,475
2025-02-28,0.0120652,2.49386,0.0212339,0.336377,-0.541598,0.00585401,17.4939,0.00200383,0.841589,-0.405052,0.0576473,-0.0399934,0.249929,0.557707,531
2025-03-03,0.0103847,2.49386,0.0212339,0.336377,-0.541598,0.009572,17.4939,0.00200383,0.841589,-0.405052,0.0576473,-0.0399934,0.249929,0.536109,600
2025-03-04,0.0121243,2.49386,0.0212339,0.336377,-0.541598,0.00626813,17.4939,0.00200383,0.841589,-0.405052,0.0576473,-0.0399934,0.249929,0.345337,515
2025-03-05,0.010914,2.49386,0.0212339,0.336377,-0.541598,0.00690254,17.4939,0.00200383,0.841589,-0.405052,0.0576473,-0.0399934,0.249929,0.52497,555
2025-03-06,0.0108812,2.49386,0.0212339,0.336377,-0.541598,0.00662354,17.4939,0.00200383,0.841589,-0.405052,0.0576473,-0.0399934,0.249929,0.567986,538
2025-03-07,0.0117204,2.49386,0.0212339,0.336377,-0.541598,0.00351739,17.4939,0.00200383,0.841589,-0.405052,0.0576473,-0.0399934,0.249929,0.587169,523
2025-03-10,0.00978749,2.49386,0.0212339,0.336377,-0.541598,0.0108333,17.4939,0.00200383,0.841589,-0.405052,0.0576473,-0.0399934,0.249929,0.658272,529
2025-03-11,0.0120953,2.49386,0.0212339,0.336377,-0.541598,0.00608411,17.4939,0.00200383,0.841589,-0.405052,0.0576473,-0.0399934,0.249929,0.690225,480
2025-03-12,0.0119263,2.49386,0.0212339,0.336377,-0.541598,0.00451396,17.4939,0.00200383,0.841589,-0.405052,0.0576473,-0.0399934,0.249929,0.591591,489
2025-03-13,0.011872,2.49386,0.0212339,0.336377,-0.541598,0.002,17.4939,0.00200383,0.841589,-0.405052,0.0576473,-0.0399934,0.249929,0.67093,460
2025-03-17,0.0092581,2.28185,0.020272,0.373237,-0.525024,0.00846208,17.2818,0.00333296,0.87692,-0.429762,0.0524576,-0.0461725,0.25,0.620957,483
2025-03-18,0.00865595,2.28185,0.020272,0.373237,-0.525024,0.00729651,17.2818,0.00333296,0.87692,-0.429762,0.0524576,-0.0461725,0.25,0.58329,454
2025-03-19,0.00837734,2.28185,0.020272,0.373237,-0.525024,0.00874807,17.2818,0.00333296,0.87692,-0.429762,0.0524576,-0.0461725,0.25,0.587938,463
2025-03-20,0.0079645,2.28185,0.020272,0.373237,-0.525024,0.00581704,17.2818,0.00333296,0.87692,-0.429762,0.0524576,-0.0461725,0.25,0.605529,508
2025-03-21,0.0071712,2.28185,0.020272,0.373237,-0.525024,0.00739501,17.2818,0.00333296,0.87692,-0.429762,0.0524576,-0.0461725,0.25,0.730754,559
2025-03-24,0.00384164,2.28185,0.020272,0.373237,-0.525024,0.0199701,17.2818,0.00333296,0.87692,-0.429762,0.0524576,-0.0461725,0.25,1.6747,611
2025-03-25,0.00490039,2.28185,0.020272,0.373237,-0.525024,0.0177596,17.2818,0.00333296,0.87692,-0.429762,0.0524576,-0.0461725,0.25,1.04629,530
2025-03-26,0.00561738,2.28185,0.020272,0.373237,-0.525024,0.0156556,17.2818,0.00333296,0.87692,-0.429762,0.0524576,-0.0461725,0.25,0.82109,540
2025-03-27,0.00528235,2.28185,0.020272,0.373237,-0.525024,0.015474,17.2818,0.00333296,0.87692,-0.429762,0.0524576,-0.0461725,0.25,0.982079,534
2025-03-28,0.00887417,2.28185,0.020272,0.373237,-0.525024,0.00575801,17.2818,0.00333296,0.87692,-0.429762,0.0524576,-0.0461725,0.25,0.847607,557
2025-04-01,0.0108952,1.25795,0.0218634,0.287753,-0.555737,0.00944076,16.0676,0.00315874,1.64579,-0.426974,0.0536197,-0.0597482,0.25,0.616283,510
2025-04-02,0.00982595,1.25795,0.0218634,0.287753,-0.555737,0.0108013,16.0676,0.00315874,1.64579,-0.426974,0.0536197,-0.0597482,0.25,0.592704,509
2025-04-03,0.0118937,1.25795,0.0218634,0.287753,-0.555737,0.00526196,16.0676,0.00315874,1.64579,-0.426974,0.0536197,-0.0597482,0.25,0.439631,519
2025-04-04,0.0130682,1.25795,0.0218634,0.287753,-0.555737,0.00356518,16.0676,0.00315874,1.64579,-0.426974,0.0536197,-0.0597482,0.25,0.568349,568
2025-04-07,0.0132811,1.25795,0.0218634,0.287753,-0.555737,0.0720527,16.0676,0.00315874,1.64579,-0.426974,0.0536197,-0.0597482,0.25,2.99833,419
2025-04-08,0.013676,1.25795,0.0218634,0.287753,-0.555737,0.050097,16.0676,0.00315874,1.64579,-0.426974,0.0536197,-0.0597482,0.25,1.74671,509
2025-04-09,0.0192572,1.25795,0.0218634,0.287753,-0.555737,0.0450002,16.0676,0.00315874,1.64579,-0.426974,0.0536197,-0.0597482,0.25,2.00734,500
2025-04-11,0.0160212,1.25795,0.0218634,0.287753,-0.555737,0.0409017,16.0676,0.00315874,1.64579,-0.426974,0.0536197,-0.0597482,0.25,2.35938,522
2025-04-15,0.0118731,1.25795,0.0218634,0.287753,-0.555737,0.0216757,16.0676,0.00315874,1.64579,-0.426974,0.0536197,-0.0597482,0.25,1.37412,432
2025-04-16,0.0126996,1.25795,0.0218634,0.287753,-0.555737,0.0181998,16.0676,0.00315874,1.64579,-0.426974,0.0536197,-0.0597482,0.25,1.1287,489
2025-04-17,0.0112799,1.64105,0.020265,0.255615,-0.615695,0.0158957,6.87222,0.00260975,1.99999,-0.618459,0.0561568,-0.047005,0.247667,1.40935,520
2025-04-21,0.0121167,1.64105,0.020265,0.255615,-0.615695,0.0156184,6.87222,0.00260975,1.99999,-0.618459,0.0561568,-0.047005,0.247667,2.71784,564
2025-04-22,0.0124701,1.64105,0.020265,0.255615,-0.615695,0.0156974,6.87222,0.00260975,1.99999,-0.618459,0.0561568,-0.047005,0.247667,1.14116,466
2025-04-23,0.0134282,1.64105,0.020265,0.255615,-0.615695,0.016545,6.87222,0.00260975,1.99999,-0.618459,0.0561568,-0.047005,0.247667,1.5889,513
2025-04-24,0.0135786,1.64105,0.020265,0.255615,-0.615695,0.018338,6.87222,0.00260975,1.99999,-0.618459,0.0561568,-0.047005,0.247667,1.01222,530
2025-04-25,0.0147201,1.64105,0.020265,0.255615,-0.615695,0.0207332,6.87222,0.00260975,1.99999,-0.618459,0.0561568,-0.047005,0.247667,1.92261,591
2025-04-28,0.0116958,1.64105,0.020265,0.255615,-0.615695,0.0224839,6.87222,0.00260975,1.99999,-0.618459,0.0561568,-0.047005,0.247667,1.30418,481
2025-04-29,0.0119848,1.64105,0.020265,0.255615,-0.615695,0.0227154,6.87222,0.00260975,1.99999,-0.618459,0.0561568,-0.047005,0.247667,1.13008,493
2025-04-30,0.0110631,1.64105,0.020265,0.255615,-0.615695,0.0280711,6.87222,0.00260975,1.99999,-0.618459,0.0561568,-0.047005,0.247667,1.15775,505
2025-05-02,0.0123898,1.64105,0.020265,0.255615,-0.615695,0.0246719,6.87222,0.00260975,1.99999,-0.618459,0.0561568,-0.047005,0.247667,1.85637,567
2025-05-05,0.0128579,1.43925,0.0202881,0.245564,-0.65117,0.020761,5.02732,0.00200952,2,-0.691998,0.0689524,-0.0678009,0.249325,2.9696,559
2025-05-06,0.0119322,1.43925,0.0202881,0.245564,-0.65117,0.0249181,5.02732,0.00200952,2,-0.691998,0.0689524,-0.0678009,0.249325,1.59968,458
2025-05-07,0.0117449,1.43925,0.0202881,0.245564,-0.65117,0.0255758,5.02732,0.00200952,2,-0.691998,0.0689524,-0.0678009,0.249325,1.52582,482
2025-05-08,0.00894584,1.43925,0.0202881,0.245564,-0.65117,0.0402791,5.02732,0.00200952,2,-0.691998,0.0689524,-0.0678009,0.249325,4.45391,503
2025-05-09,0.00994366,1.43925,0.0202881,0.245564,-0.65117,0.0400485,5.02732,0.00200952,2,-0.691998,0.0689524,-0.0678009,0.249325,3.06968,529
2025-05-12,0.0119369,1.43925,0.0202881,0.245564,-0.65117,0.0218146,5.02732,0.00200952,2,-0.691998,0.0689524,-0.0678009,0.249325,2.71387,552
2025-05-13,0.0176642,1.43925,0.0202881,0.245564,-0.65117,0.0117573,5.02732,0.00200952,2,-0.691998,0.0689524,-0.0678009,0.249325,0.815616,524
2025-05-14,0.0168638,1.43925,0.0202881,0.245564,-0.65117,0.0090332,5.02732,0.00200952,2,-0.691998,0.0689524,-0.0678009,0.249325,0.666333,506
2025-05-15,0.0131302,1.43925,0.0202881,0.245564,-0.65117,0.0125538,5.02732,0.00200952,2,-0.691998,0.0689524,-0.0678009,0.249325,0.712091,539
2025-05-16,0.0163439,1.43925,0.0202881,0.245564,-0.65117,0.00695919,5.02732,0.00200952,2,-0.691998,0.0689524,-0.0678009,0.249325,0.6025,577
2025-05-19,0.0194805,2.10813,0.0172613,0.266225,-0.658766,0.00621734,5.24292,0.002,2,-0.821315,0.0841343,-0.064958,0.247739,1.03898,553
2025-05-20,0.0200842,2.10813,0.0172613,0.266225,-0.658766,0.00560293,5.24292,0.002,2,-0.821315,0.0841343,-0.064958,0.247739,0.83931,492
2025-05-21,0.0201936,2.10813,0.0172613,0.266225,-0.658766,0.00602059,5.24292,0.002,2,-0.821315,0.0841343,-0.064958,0.247739,0.470976,525
2025-05-22,0.0208369,2.10813,0.0172613,0.266225,-0.658766,0.00340899,5.24292,0.002,2,-0.821315,0.0841343,-0.064958,0.247739,0.539073,541
2025-05-23,0.019699,2.10813,0.0172613,0.266225,-0.658766,0.00485767,5.24292,0.002,2,-0.821315,0.0841343,-0.064958,0.247739,0.444336,568
2025-05-26,0.0211144,2.10813,0.0172613,0.266225,-0.658766,0.00728932,5.24292,0.002,2,-0.821315,0.0841343,-0.064958,0.247739,1.84505,556
2025-05-27,0.0234794,2.10813,0.0172613,0.266225,-0.658766,0.00638138,5.24292,0.002,2,-0.821315,0.0841343,-0.064958,0.247739,1.15025,461
2025-05-28,0.0254714,2.10813,0.0172613,0.266225,-0.658766,0.002,5.24292,0.002,2,-0.821315,0.0841343,-0.064958,0.247739,0.909568,482
2025-05-29,0.019916,2.10813,0.0172613,0.266225,-0.658766,0.002,5.24292,0.002,2,-0.821315,0.0841343,-0.064958,0.247739,0.958107,493
2025-05-30,0.0205471,2.10813,0.0172613,0.266225,-0.658766,0.002,5.24292,0.002,2,-0.821315,0.0841343,-0.064958,0.247739,0.855239,508
2025-06-02,0.0252118,3.99629,0.0140036,0.230077,-0.731599,0.00293275,4.43064,0.00491246,2,-0.77855,0.0754493,-0.0579972,0.249944,2.12926,537
2025-06-03,0.0241971,3.99629,0.0140036,0.230077,-0.731599,0.002,4.43064,0.00491246,2,-0.77855,0.0754493,-0.0579972,0.249944,0.774913,482
2025-06-04,0.0207583,3.99629,0.0140036,0.230077,-0.731599,0.002,4.43064,0.00491246,2,-0.77855,0.0754493,-0.0579972,0.249944,0.579278,470
2025-06-05,0.0184783,3.99629,0.0140036,0.230077,-0.731599,0.002,4.43064,0.00491246,2,-0.77855,0.0754493,-0.0579972,0.249944,0.662118,488
2025-06-06,0.0173807,3.99629,0.0140036,0.230077,-0.731599,0.002,4.43064,0.00491246,2,-0.77855,0.0754493,-0.0579972,0.249944,0.688538,527
2025-06-09,0.0182378,3.99629,0.0140036,0.230077,-0.731599,0.002,4.43064,0.00491246,2,-0.77855,0.0754493,-0.0579972,0.249944,0.724832,529
2025-06-10,0.0156881,3.99629,0.0140036,0.230077,-0.731599,0.002,4.43064,0.00491246,2,-0.77855,0.0754493,-0.0579972,0.249944,0.61256,457
2025-06-11,0.0149078,3.99629,0.0140036,0.230077,-0.731599,0.002,4.43064,0.00491246,2,-0.77855,0.0754493,-0.0579972,0.249944,0.617229,459
2025-06-12,0.0161024,3.99629,0.0140036,0.230077,-0.731599,0.002,4.43064,0.00491246,2,-0.77855,0.0754493,-0.0579972,0.249944,0.664811,508
2025-06-13,0.0168007,3.99629,0.0140036,0.230077,-0.731599,0.00693865,4.43064,0.00491246,2,-0.77855,0.0754493,-0.0579972,0.249944,0.662473,520
2025-06-16,0.0151574,3.99865,0.0165764,0.198367,-0.758262,0.00755131,4.19917,0.00363066,2,-0.761218,0.0658198,-0.0589281,0.249763,1.74727,537
2025-06-17,0.015516,3.99865,0.0165764,0.198367,-0.758262,0.00536565,4.19917,0.00363066,2,-0.761218,0.0658198,-0.0589281,0.249763,0.634673,482
2025-06-18,0.0154025,3.99865,0.0165764,0.198367,-0.758262,0.00500014,4.19917,0.00363066,2,-0.761218,0.0658198,-0.0589281,0.249763,0.550468,491
2025-06-19,0.0141131,3.99865,0.0165764,0.198367,-0.758262,0.00647016,4.19917,0.00363066,2,-0.761218,0.0658198,-0.0589281,0.249763,0.728243,490
2025-06-20,0.0124436,3.99865,0.0165764,0.198367,-0.758262,0.0059074,4.19917,0.00363066,2,-0.761218,0.0658198,-0.0589281,0.249763,0.807867,545
2025-06-23,0.0137325,3.99865,0.0165764,0.198367,-0.758262,0.00610775,4.19917,0.00363066,2,-0.761218,0.0658198,-0.0589281,0.249763,1.96424,561
2025-06-24,0.0148383,3.99865,0.0165764,0.198367,-0.758262,0.002,4.19917,0.00363066,2,-0.761218,0.0658198,-0.0589281,0.249763,0.488609,449
2025-06-25,0.0129773,3.99865,0.0165764,0.198367,-0.758262,0.002,4.19917,0.00363066,2,-0.761218,0.0658198,-0.0589281,0.249763,0.514997,443
2025-06-26,0.0122085,3.99865,0.0165764,0.198367,-0.758262,0.002,4.19917,0.00363066,2,-0.761218,0.0658198,-0.0589281,0.249763,0.588618,466
2025-06-27,0.0107778,3.99865,0.0165764,0.198367,-0.758262,0.002,4.19917,0.00363066,2,-0.761218,0.0658198,-0.0589281,0.249763,0.570746,533
2025-06-30,0.012563,2.70143,0.0198148,0.215114,-0.668134,0.002,7.88685,0.00200001,2,-0.788599,0.0591042,-0.0611894,0.249993,0.889933,531
2025-07-01,0.0113937,2.70143,0.0198148,0.215114,-0.668134,0.002,7.88685,0.00200001,2,-0.788599,0.0591042,-0.0611894,0.249993,0.542538,462
2025-07-02,0.0112484,2.70143,0.0198148,0.215114,-0.668134,0.002,7.88685,0.00200001,2,-0.788599,0.0591042,-0.0611894,0.249993,0.499071,481
2025-07-03,0.0110323,2.70143,0.0198148,0.215114,-0.668134,0.002,7.88685,0.00200001,2,-0.788599,0.0591042,-0.0611894,0.249993,0.635302,486
2025-07-04,0.0106709,2.70143,0.0198148,0.215114,-0.668134,0.002,7.88685,0.00200001,2,-0.788599,0.0591042,-0.0611894,0.249993,0.682608,511
2025-07-07,0.0116308,2.70143,0.0198148,0.215114,-0.668134,0.002,7.88685,0.00200001,2,-0.788599,0.0591042,-0.0611894,0.249993,0.803324,508
2025-07-08,0.0104063,2.70143,0.0198148,0.215114,-0.668134,0.002,7.88685,0.00200001,2,-0.788599,0.0591042,-0.0611894,0.249993,0.6255,447
2025-07-09,0.00965629,2.70143,0.0198148,0.215114,-0.668134,0.002,7.88685,0.00200001,2,-0.788599,0.0591042,-0.0611894,0.249993,0.57699,449
2025-07-10,0.00901526,2.70143,0.0198148,0.215114,-0.668134,0.002,7.88685,0.00200001,2,-0.788599,0.0591042,-0.0611894,0.249993,0.767992,464
2025-07-11,0.00977565,2.70143,0.0198148,0.215114,-0.668134,0.002,7.88685,0.00200001,2,-0.788599,0.0591042,-0.0611894,0.249993,0.622287,480
2025-07-14,0.0106394,1.0339,0.0272728,0.219,-0.540177,0.00229369,13.6815,0.00200785,1.58649,-0.596111,0.0486457,-0.0746263,0.249996,0.807471,500
2025-07-15,0.00944703,1.0339,0.0272728,0.219,-0.540177,0.002,13.6815,0.00200785,1.58649,-0.596111,0.0486457,-0.0746263,0.249996,0.41803,431
2025-07-16,0.00879576,1.0339,0.0272728,0.219,-0.540177,0.002,13.6815,0.00200785,1.58649,-0.596111,0.0486457,-0.0746263,0.249996,0.475688,416
2025-07-17,0.00854506,1.0339,0.0272728,0.219,-0.540177,0.002,13.6815,0.00200785,1.58649,-0.596111,0.0486457,-0.0746263,0.249996,0.598069,425
2025-07-18,0.00937509,1.0339,0.0272728,0.219,-0.540177,0.002,13.6815,0.00200785,1.58649,-0.596111,0.0486457,-0.0746263,0.249996,0.478935,457
2025-07-21,0.00872091,1.0339,0.0272728,0.219,-0.540177,0.002,13.6815,0.00200785,1.58649,-0.596111,0.0486457,-0.0746263,0.249996,0.705591,450
2025-07-22,0.00762785,1.0339,0.0272728,0.219,-0.540177,0.002,13.6815,0.00200785,1.58649,-0.596111,0.0486457,-0.0746263,0.249996,0.566253,393
2025-07-23,0.00707163,1.0339,0.0272728,0.219,-0.540177,0.002,13.6815,0.00200785,1.58649,-0.596111,0.0486457,-0.0746263,0.249996,0.566553,388
2025-07-24,0.00743569,1.0339,0.0272728,0.219,-0.540177,0.002,13.6815,0.00200785,1.58649,-0.596111,0.0486457,-0.0746263,0.249996,0.530398,396
2025-07-25,0.00901311,1.0339,0.0272728,0.219,-0.540177,0.002,13.6815,0.00200785,1.58649,-0.596111,0.0486457,-0.0746263,0.249996,0.655934,426
2025-07-28,0.0102194,0.725671,0.0322418,0.20526,-0.473645,0.00389537,13.9254,0.0027569,1.94805,-0.586536,0.0416393,-0.0660177,0.249227,1.33417,450
2025-07-29,0.00931291,0.725671,0.0322418,0.20526,-0.473645,0.00334096,13.9254,0.0027569,1.94805,-0.586536,0.0416393,-0.0660177,0.249227,0.612805,399
2025-07-30,0.00846201,0.725671,0.0322418,0.20526,-0.473645,0.00311236,13.9254,0.0027569,1.94805,-0.586536,0.0416393,-0.0660177,0.249227,0.517999,404
2025-07-31,0.00863784,0.725671,0.0322418,0.20526,-0.473645,0.00443416,13.9254,0.0027569,1.94805,-0.586536,0.0416393,-0.0660177,0.249227,0.605876,426
2025-08-01,0.00906902,0.725671,0.0322418,0.20526,-0.473645,0.00496231,13.9254,0.0027569,1.94805,-0.586536,0.0416393,-0.0660177,0.249227,0.517039,447
2025-08-04,0.00860473,0.725671,0.0322418,0.20526,-0.473645,0.00473839,13.9254,0.0027569,1.94805,-0.586536,0.0416393,-0.0660177,0.249227,0.935662,456
2025-08-05,0.00872849,0.725671,0.0322418,0.20526,-0.473645,0.00249296,13.9254,0.0027569,1.94805,-0.586536,0.0416393,-0.0660177,0.249227,0.370848,437
2025-08-06,0.0084497,0.725671,0.0322418,0.20526,-0.473645,0.00402097,13.9254,0.0027569,1.94805,-0.586536,0.0416393,-0.0660177,0.249227,0.316984,435
2025-08-07,0.00812406,0.725671,0.0322418,0.20526,-0.473645,0.00261001,13.9254,0.0027569,1.94805,-0.586536,0.0416393,-0.0660177,0.249227,0.501438,456
2025-08-08,0.00885453,0.725671,0.0322418,0.20526,-0.473645,0.00323505,13.9254,0.0027569,1.94805,-0.586536,0.0416393,-0.0660177,0.249227,0.710215,486
2025-08-11,0.00815135,0.260952,0.0574571,0.1943,-0.43173,0.00539971,13.8354,0.00336462,1.96819,-0.416882,0.0429344,-0.0820286,0.242425,0.868498,500
2025-08-12,0.00818982,0.260952,0.0574571,0.1943,-0.43173,0.00424639,13.8354,0.00336462,1.96819,-0.416882,0.0429344,-0.0820286,0.242425,0.373932,455
2025-08-13,0.00779541,0.260952,0.0574571,0.1943,-0.43173,0.00421787,13.8354,0.00336462,1.96819,-0.416882,0.0429344,-0.0820286,0.242425,0.300278,432
2025-08-14,0.00801419,0.260952,0.0574571,0.1943,-0.43173,0.00447014,13.8354,0.00336462,1.96819,-0.416882,0.0429344,-0.0820286,0.242425,0.251406,432
2025-08-18,0.00760443,0.260952,0.0574571,0.1943,-0.43173,0.0056506,13.8354,0.00336462,1.96819,-0.416882,0.0429344,-0.0820286,0.242425,0.69092,470
2025-08-19,0.00794758,0.260952,0.0574571,0.1943,-0.43173,0.00238954,13.8354,0.00336462,1.96819,-0.416882,0.0429344,-0.0820286,0.242425,0.510728,410
2025-08-20,0.00770176,0.260952,0.0574571,0.1943,-0.43173,0.00292309,13.8354,0.00336462,1.96819,-0.416882,0.0429344,-0.0820286,0.242425,0.53163,409
2025-08-21,0.00709809,0.260952,0.0574571,0.1943,-0.43173,0.002,13.8354,0.00336462,1.96819,-0.416882,0.0429344,-0.0820286,0.242425,0.361734,413
2025-08-22,0.00790309,0.260952,0.0574571,0.1943,-0.43173,0.002,13.8354,0.00336462,1.96819,-0.416882,0.0429344,-0.0820286,0.242425,0.500638,465
2025-08-25,0.00757046,0.260952,0.0574571,0.1943,-0.43173,0.002,13.8354,0.00336462,1.96819,-0.416882,0.0429344,-0.0820286,0.242425,0.701779,475
2025-08-26,0.00739634,0.137704,0.0823958,0.159129,-0.564792,0.00434662,14.0284,0.00470644,1.89587,-0.267365,0.0460181,-0.09252,0.22807,0.576648,449
2025-08-28,0.00802144,0.137704,0.0823958,0.159129,-0.564792,0.00370665,14.0284,0.00470644,1.89587,-0.267365,0.0460181,-0.09252,0.22807,0.406674,476
2025-08-29,0.00812793,0.137704,0.0823958,0.159129,-0.564792,0.002,14.0284,0.00470644,1.89587,-0.267365,0.0460181,-0.09252,0.22807,0.385807,489
2025-09-01,0.00740652,0.137704,0.0823958,0.159129,-0.564792,0.002,14.0284,0.00470644,1.89587,-0.267365,0.0460181,-0.09252,0.22807,0.373642,433
2025-09-02,0.00777288,0.137704,0.0823958,0.159129,-0.564792,0.002,14.0284,0.00470644,1.89587,-0.267365,0.0460181,-0.09252,0.22807,0.442175,454
2025-09-03,0.00704342,0.137704,0.0823958,0.159129,-0.564792,0.002,14.0284,0.00470644,1.89587,-0.267365,0.0460181,-0.09252,0.22807,0.514251,460
2025-09-04,0.00678987,0.137704,0.0823958,0.159129,-0.564792,0.002,14.0284,0.00470644,1.89587,-0.267365,0.0460181,-0.09252,0.22807,0.447821,466
2025-09-05,0.0065696,0.137704,0.0823958,0.159129,-0.564792,0.002,14.0284,0.00470644,1.89587,-0.267365,0.0460181,-0.09252,0.22807,0.436699,450
2025-09-08,0.00684105,0.137704,0.0823958,0.159129,-0.564792,0.00235452,14.0284,0.00470644,1.89587,-0.267365,0.0460181,-0.09252,0.22807,0.548084,406
2025-09-09,0.0065434,0.137704,0.0823958,0.159129,-0.564792,0.002,14.0284,0.00470644,1.89587,-0.267365,0.0460181,-0.09252,0.22807,0.397333,407
2025-09-10,0.00602967,0.108305,0.0991959,0.151879,-0.555192,0.00237011,12.738,0.00519393,1.86372,-0.268558,0.0448559,-0.0953709,0.219077,0.395869,435
2025-09-11,0.00584703,0.108305,0.0991959,0.151879,-0.555192,0.002,12.738,0.00519393,1.86372,-0.268558,0.0448559,-0.0953709,0.219077,0.580819,428
2025-09-12,0.00544386,0.108305,0.0991959,0.151879,-0.555192,0.002,12.738,0.00519393,1.86372,-0.268558,0.0448559,-0.0953709,0.219077,0.613481,444
2025-09-15,0.00580259,0.108305,0.0991959,0.151879,-0.555192,0.00247939,12.738,0.00519393,1.86372,-0.268558,0.0448559,-0.0953709,0.219077,0.535054,390
2025-09-16,0.00535717,0.108305,0.0991959,0.151879,-0.555192,0.0029644,12.738,0.00519393,1.86372,-0.268558,0.0448559,-0.0953709,0.219077,0.348969,396
2025-09-17,0.00550214,0.108305,0.0991959,0.151879,-0.555192,0.00242655,12.738,0.00519393,1.86372,-0.268558,0.0448559,-0.0953709,0.219077,0.480183,421
2025-09-18,0.00509393,0.108305,0.0991959,0.151879,-0.555192,0.002,12.738,0.00519393,1.86372,-0.268558,0.0448559,-0.0953709,0.219077,0.569591,416
2025-09-19,0.0053027,0.108305,0.0991959,0.151879,-0.555192,0.002,12.738,0.00519393,1.86372,-0.268558,0.0448559,-0.0953709,0.219077,0.565722,424
2025-09-22,0.00587819,0.108305,0.0991959,0.151879,-0.555192,0.00352512,12.738,0.00519393,1.86372,-0.268558,0.0448559,-0.0953709,0.219077,0.659315,383
2025-09-23,0.00623834,0.108305,0.0991959,0.151879,-0.555192,0.00240082,12.738,0.00519393,1.86372,-0.268558,0.0448559,-0.0953709,0.219077,0.662371,396
2025-09-24,0.00591467,0.0882552,0.115595,0.148585,-0.59201,0.002,11.2354,0.00533967,1.47069,-0.2357,0.0491138,-0.107678,0.219804,0.363976,406
2025-09-25,0.00644916,0.0882552,0.115595,0.148585,-0.59201,0.00224057,11.2354,0.00533967,1.47069,-0.2357,0.0491138,-0.107678,0.219804,0.651129,434
2025-09-26,0.00648887,0.0882552,0.115595,0.148585,-0.59201,0.00502242,11.2354,0.00533967,1.47069,-0.2357,0.0491138,-0.107678,0.219804,1.03733,468
2025-09-29,0.00654893,0.0882552,0.115595,0.148585,-0.59201,0.00541656,11.2354,0.00533967,1.47069,-0.2357,0.0491138,-0.107678,0.219804,0.498801,426
2025-09-30,0.00681656,0.0882552,0.115595,0.148585,-0.59201,0.00316449,11.2354,0.00533967,1.47069,-0.2357,0.0491138,-0.107678,0.219804,0.428377,421
2025-10-01,0.00571944,0.0882552,0.115595,0.148585,-0.59201,0.002,11.2354,0.00533967,1.47069,-0.2357,0.0491138,-0.107678,0.219804,0.529653,473
2025-10-03,0.00517545,0.0882552,0.115595,0.148585,-0.59201,0.002,11.2354,0.00533967,1.47069,-0.2357,0.0491138,-0.107678,0.219804,0.581975,463
2025-10-06,0.00513789,0.0882552,0.115595,0.148585,-0.59201,0.00259298,11.2354,0.00533967,1.47069,-0.2357,0.0491138,-0.107678,0.219804,0.419632,417
2025-10-07,0.0050759,0.0882552,0.115595,0.148585,-0.59201,0.002,11.2354,0.00533967,1.47069,-0.2357,0.0491138,-0.107678,0.219804,0.313764,436
2025-10-08,0.00546796,0.0882552,0.115595,0.148585,-0.59201,0.00238627,11.2354,0.00533967,1.47069,-0.2357,0.0491138,-0.107678,0.219804,0.547335,471
2025-10-09,0.00513444,0.0774004,0.130474,0.143763,-0.628554,0.002,12.2356,0.00554934,1.43883,-0.242727,0.0450526,-0.111025,0.23142,0.462187,451
2025-10-10,0.00502197,0.0774004,0.130474,0.143763,-0.628554,0.00202894,12.2356,0.00554934,1.43883,-0.242727,0.0450526,-0.111025,0.23142,0.708664,459
2025-10-13,0.00484547,0.0774004,0.130474,0.143763,-0.628554,0.00614737,12.2356,0.00554934,1.43883,-0.242727,0.0450526,-0.111025,0.23142,0.670234,421
2025-10-14,0.00511964,0.0774004,0.130474,0.143763,-0.628554,0.00637419,12.2356,0.00554934,1.43883,-0.242727,0.0450526,-0.111025,0.23142,0.371433,439
2025-10-15,0.00461496,0.0774004,0.130474,0.143763,-0.628554,0.00426286,12.2356,0.00554934,1.43883,-0.242727,0.0450526,-0.111025,0.23142,0.692606,431
2025-10-16,0.00446814,0.0774004,0.130474,0.143763,-0.628554,0.00578104,12.2356,0.00554934,1.43883,-0.242727,0.0450526,-0.111025,0.23142,1.02947,465
2025-10-17,0.00547692,0.0774004,0.130474,0.143763,-0.628554,0.00635095,12.2356,0.00554934,1.43883,-0.242727,0.0450526,-0.111025,0.23142,0.957793,519
2025-10-20,0.00499906,0.0774004,0.130474,0.143763,-0.628554,0.0063951,12.2356,0.00554934,1.43883,-0.242727,0.0450526,-0.111025,0.23142,0.479406,476
2025-10-21,0.00510616,0.0774004,0.130474,0.143763,-0.628554,0.00582624,12.2356,0.00554934,1.43883,-0.242727,0.0450526,-0.111025,0.23142,0.402371,458
2025-10-23,0.00516985,0.0774004,0.130474,0.143763,-0.628554,0.00698192,12.2356,0.00554934,1.43883,-0.242727,0.0450526,-0.111025,0.23142,0.577167,530
2025-10-24,0.00506932,0.0611558,0.130687,0.121326,-0.625155,0.0067003,6.94871,0.0063445,1.07819,-0.322129,0.0532972,-0.103379,0.223718,0.788386,546
2025-10-27,0.00442883,0.0611558,0.130687,0.121326,-0.625155,0.00869433,6.94871,0.0063445,1.07819,-0.322129,0.0532972,-0.103379,0.223718,0.777057,469
2025-10-28,0.00524571,0.0611558,0.130687,0.121326,-0.625155,0.00712079,6.94871,0.0063445,1.07819,-0.322129,0.0532972,-0.103379,0.223718,0.522661,503
2025-10-29,0.00513297,0.0611558,0.130687,0.121326,-0.625155,0.00662945,6.94871,0.0063445,1.07819,-0.322129,0.0532972,-0.103379,0.223718,0.366042,528
2025-10-30,0.00569874,0.0611558,0.130687,0.121326,-0.625155,0.00549846,6.94871,0.0063445,1.07819,-0.322129,0.0532972,-0.103379,0.223718,0.562323,557
2025-10-31,0.00598857,0.0611558,0.130687,0.121326,-0.625155,0.00475549,6.94871,0.0063445,1.07819,-0.322129,0.0532972,-0.103379,0.223718,0.835589,553
2025-11-03,0.00520115,0.0611558,0.130687,0.121326,-0.625155,0.00753844,6.94871,0.0063445,1.07819,-0.322129,0.0532972,-0.103379,0.223718,0.515549,491
2025-11-04,0.0052488,0.0611558,0.130687,0.121326,-0.625155,0.00684804,6.94871,0.0063445,1.07819,-0.322129,0.0532972,-0.103379,0.223718,0.595888,513
2025-11-06,0.0053933,0.0611558,0.130687,0.121326,-0.625155,0.00531007,6.94871,0.0063445,1.07819,-0.322129,0.0532972,-0.103379,0.223718,0.66343,512
2025-11-07,0.00556681,0.0611558,0.130687,0.121326,-0.625155,0.00565657,6.94871,0.0063445,1.07819,-0.322129,0.0532972,-0.103379,0.223718,0.573583,532
2025-11-10,0.00374273,0.0510639,0.154494,0.11091,-0.875826,0.00864122,7.3074,0.0060079,0.850566,-0.19678,0.0507571,-0.112326,0.246579,0.34865,469
2025-11-11,0.00349855,0.0510639,0.154494,0.11091,-0.875826,0.00870221,7.3074,0.0060079,0.850566,-0.19678,0.0507571,-0.112326,0.246579,0.413051,485
2025-11-12,0.00336907,0.0510639,0.154494,0.11091,-0.875826,0.00810604,7.3074,0.0060079,0.850566,-0.19678,0.0507571,-0.112326,0.246579,0.530123,492
2025-11-13,0.00281707,0.0510639,0.154494,0.11091,-0.875826,0.0101967,7.3074,0.0060079,0.850566,-0.19678,0.0507571,-0.112326,0.246579,0.618646,518
2025-11-14,0.00350537,0.0510639,0.154494,0.11091,-0.875826,0.0085942,7.3074,0.0060079,0.850566,-0.19678,0.0507571,-0.112326,0.246579,0.484866,538
2025-11-17,0.003338,0.0510639,0.154494,0.11091,-0.875826,0.00842582,7.3074,0.0060079,0.850566,-0.19678,0.0507571,-0.112326,0.246579,0.551686,472
2025-11-18,0.0037327,0.0510639,0.154494,0.11091,-0.875826,0.00824633,7.3074,0.0060079,0.850566,-0.19678,0.0507571,-0.112326,0.246579,0.464078,475
2025-11-19,0.00419796,0.0510639,0.154494,0.11091,-0.875826,0.00697302,7.3074,0.0060079,0.850566,-0.19678,0.0507571,-0.112326,0.246579,0.502829,513
2025-11-20,0.00429359,0.0510639,0.154494,0.11091,-0.875826,0.00638182,7.3074,0.0060079,0.850566,-0.19678,0.0507571,-0.112326,0.246579,0.549034,526
2025-11-21,0.00496657,0.0510639,0.154494,0.11091,-0.875826,0.0064646,7.3074,0.0060079,0.850566,-0.19678,0.0507571,-0.112326,0.246579,0.457988,526
2025-11-24,0.00483005,0.0500016,0.109809,0.123957,-0.842512,0.00719608,9.41214,0.00649351,0.747312,-0.218046,0.0518757,-0.114961,0.249963,0.373611,459
2025-11-25,0.00524817,0.0500016,0.109809,0.123957,-0.842512,0.00459747,9.41214,0.00649351,0.747312,-0.218046,0.0518757,-0.114961,0.249963,0.376966,458
2025-11-26,0.00499509,0.0500016,0.109809,0.123957,-0.842512,0.00456046,9.41214,0.00649351,0.747312,-0.218046,0.0518757,-0.114961,0.249963,0.414439,494
2025-11-27,0.00517108,0.0500016,0.109809,0.123957,-0.842512,0.00277581,9.41214,0.00649351,0.747312,-0.218046,0.0518757,-0.114961,0.249963,0.360906,517
2025-11-28,0.00504254,0.0500016,0.109809,0.123957,-0.842512,0.00222784,9.41214,0.00649351,0.747312,-0.218046,0.0518757,-0.114961,0.249963,0.373026,513
2025-12-01,0.00453531,0.0500016,0.109809,0.123957,-0.842512,0.00451499,9.41214,0.00649351,0.747312,-0.218046,0.0518757,-0.114961,0.249963,0.388046,465
2025-12-02,0.00473404,0.0500016,0.109809,0.123957,-0.842512,0.00385886,9.41214,0.00649351,0.747312,-0.218046,0.0518757,-0.114961,0.249963,0.437874,470
2025-12-03,0.00461278,0.0500016,0.109809,0.123957,-0.842512,0.00353905,9.41214,0.00649351,0.747312,-0.218046,0.0518757,-0.114961,0.249963,0.465698,497
2025-12-04,0.00464149,0.0500016,0.109809,0.123957,-0.842512,0.00258569,9.41214,0.00649351,0.747312,-0.218046,0.0518757,-0.114961,0.249963,0.511192,480
2025-12-05,0.00415664,0.0500016,0.109809,0.123957,-0.842512,0.002,9.41214,0.00649351,0.747312,-0.218046,0.0518757,-0.114961,0.249963,0.415272,479
2025-12-08,0.00565122,0.05,0.071399,0.103802,-0.821635,0.00377623,8.45197,0.00614001,0.86881,-0.222408,0.046917,-0.115266,0.249731,0.558688,450
2025-12-09,0.00569724,0.05,0.071399,0.103802,-0.821635,0.00310179,8.45197,0.00614001,0.86881,-0.222408,0.046917,-0.115266,0.249731,0.346875,464
2025-12-10,0.00568654,0.05,0.0692641,0.103027,-0.791957,0.0037016,8.35052,0.00595648,0.87782,-0.227327,0.0475141,-0.111712,0.249671,0.537505,468
2025-12-11,0.00568915,0.05,0.0692641,0.103027,-0.791957,0.002,8.35052,0.00595648,0.87782,-0.227327,0.0475141,-0.111712,0.249671,0.283802,463
2025-12-12,0.00511762,0.05,0.0692641,0.103027,-0.791957,0.002,8.35052,0.00595648,0.87782,-0.227327,0.0475141,-0.111712,0.249671,0.418018,477
2025-12-15,0.0055683,0.05,0.0692641,0.103027,-0.791957,0.002,8.35052,0.00595648,0.87782,-0.227327,0.0475141,-0.111712,0.249671,0.488859,422
2025-12-16,0.00568372,0.05,0.0692641,0.103027,-0.791957,0.002,8.35052,0.00595648,0.87782,-0.227327,0.0475141,-0.111712,0.249671,0.435035,420
2025-12-17,0.00535963,0.05,0.0692641,0.103027,-0.791957,0.002,8.35052,0.00595648,0.87782,-0.227327,0.0475141,-0.111712,0.249671,0.468389,433
2025-12-18,0.00521547,0.05,0.0692641,0.103027,-0.791957,0.002,8.35052,0.00595648,0.87782,-0.227327,0.0475141,-0.111712,0.249671,0.399231,438
2025-12-19,0.00467894,0.05,0.0692641,0.103027,-0.791957,0.002,8.35052,0.00595648,0.87782,-0.227327,0.0475141,-0.111712,0.249671,0.505629,429
2025-12-22,0.00493513,0.05,0.0692641,0.103027,-0.791957,0.002,8.35052,0.00595648,0.87782,-0.227327,0.0475141,-0.111712,0.249671,0.433516,382
2025-12-23,0.00448415,0.05,0.0692641,0.103027,-0.791957,0.002,8.35052,0.00595648,0.87782,-0.227327,0.0475141,-0.111712,0.249671,0.383838,404
2025-12-24,0.002917,0.060266,0.078271,0.163965,-0.929366,0.002,11.3828,0.00693745,0.504419,-0.124467,0.0486304,-0.107365,0.249842,0.597188,408
2025-12-26,0.0033349,0.060266,0.078271,0.163965,-0.929366,0.002,11.3828,0.00693745,0.504419,-0.124467,0.0486304,-0.107365,0.249842,0.595911,394
2025-12-29,0.00379646,0.060266,0.078271,0.163965,-0.929366,0.00281601,11.3828,0.00693745,0.504419,-0.124467,0.0486304,-0.107365,0.249842,0.457966,368
2025-12-30,0.00393361,0.060266,0.078271,0.163965,-0.929366,0.00210853,11.3828,0.00693745,0.504419,-0.124467,0.0486304,-0.107365,0.249842,0.492167,382
2025-12-31,0.00372353,0.060266,0.078271,0.163965,-0.929366,0.002,11.3828,0.00693745,0.504419,-0.124467,0.0486304,-0.107365,0.249842,0.4506,435
2026-01-01,0.003144,0.060266,0.078271,0.163965,-0.929366,0.002,11.3828,0.00693745,0.504419,-0.124467,0.0486304,-0.107365,0.249842,0.607592,430
2026-01-02,0.00346359,0.060266,0.078271,0.163965,-0.929366,0.002,11.3828,0.00693745,0.504419,-0.124467,0.0486304,-0.107365,0.249842,0.596837,442
2026-01-05,0.00336173,0.060266,0.078271,0.163965,-0.929366,0.00399905,11.3828,0.00693745,0.504419,-0.124467,0.0486304,-0.107365,0.249842,0.505489,435
2026-01-06,0.00400107,0.060266,0.078271,0.163965,-0.929366,0.00247648,11.3828,0.00693745,0.504419,-0.124467,0.0486304,-0.107365,0.249842,0.635867,458
2026-01-07,0.00342364,0.060266,0.078271,0.163965,-0.929366,0.00283919,11.3828,0.00693745,0.504419,-0.124467,0.0486304,-0.107365,0.249842,0.730333,454
2026-01-08,0.00304622,0.0594025,0.0969666,0.215738,-0.978773,0.00638933,15.0445,0.00756104,0.418059,-0.104383,0.0454016,-0.0984341,0.243817,0.774705,522
2026-01-09,0.0026725,0.0594025,0.0969666,0.215738,-0.978773,0.00942086,15.0445,0.00756104,0.418059,-0.104383,0.0454016,-0.0984341,0.243817,1.06772,548
2026-01-12,0.00233302,0.0594025,0.0969666,0.215738,-0.978773,0.0116875,15.0445,0.00756104,0.418059,-0.104383,0.0454016,-0.0984341,0.243817,0.87575,511
2026-01-13,0.002,0.0594025,0.0969666,0.215738,-0.978773,0.0115703,15.0445,0.00756104,0.418059,-0.104383,0.0454016,-0.0984341,0.243817,0.762428,514
2026-01-14,0.00219508,0.0594025,0.0969666,0.215738,-0.978773,0.011783,15.0445,0.00756104,0.418059,-0.104383,0.0454016,-0.0984341,0.243817,0.790255,497
2026-01-16,0.00217827,0.0594025,0.0969666,0.215738,-0.978773,0.0115709,15.0445,0.00756104,0.418059,-0.104383,0.0454016,-0.0984341,0.243817,0.718102,516
2026-01-19,0.002,0.0594025,0.0969666,0.215738,-0.978773,0.0147625,15.0445,0.00756104,0.418059,-0.104383,0.0454016,-0.0984341,0.243817,0.771837,475
2026-01-20,0.00248174,0.0594025,0.0969666,0.215738,-0.978773,0.019195,15.0445,0.00756104,0.418059,-0.104383,0.0454016,-0.0984341,0.243817,1.14945,507
2026-01-21,0.00372917,0.0594025,0.0969666,0.215738,-0.978773,0.0206193,15.0445,0.00756104,0.418059,-0.104383,0.0454016,-0.0984341,0.243817,1.34062,572
2026-01-22,0.00287154,0.0594025,0.0969666,0.215738,-0.978773,0.0191385,15.0445,0.00756104,0.418059,-0.104383,0.0454016,-0.0984341,0.243817,1.24224,576
2026-01-23,0.00362288,0.0557792,0.112301,0.121108,-0.979758,0.0242382,15.0529,0.00611116,0.841723,-0.172561,0.0449053,-0.0945562,0.249934,1.42723,573
2026-01-27,0.00324734,0.0557792,0.112301,0.121108,-0.979758,0.0264137,15.0529,0.00611116,0.841723,-0.172561,0.0449053,-0.0945562,0.249934,1.21678,526
2026-01-28,0.00271354,0.0557792,0.112301,0.121108,-0.979758,0.0215374,15.0529,0.00611116,0.841723,-0.172561,0.0449053,-0.0945562,0.249934,1.14819,556
2026-01-29,0.0033139,0.0557792,0.112301,0.121108,-0.979758,0.0191197,15.0529,0.00611116,0.841723,-0.172561,0.0449053,-0.0945562,0.249934,1.19471,599
2026-01-30,0.00291801,0.0557792,0.112301,0.121108,-0.979758,0.0220344,15.0529,0.00611116,0.841723,-0.172561,0.0449053,-0.0945562,0.249934,1.88472,642
2026-02-02,0.00448915,0.0557792,0.112301,0.121108,-0.979758,0.0179833,15.0529,0.00611116,0.841723,-0.172561,0.0449053,-0.0945562,0.249934,1.02559,575
2026-02-03,0.00371246,0.0557792,0.112301,0.121108,-0.979758,0.0153264,15.0529,0.00611116,0.841723,-0.172561,0.0449053,-0.0945562,0.249934,1.32006,587
2026-02-04,0.0036518,0.0557792,0.112301,0.121108,-0.979758,0.0118365,15.0529,0.00611116,0.841723,-0.172561,0.0449053,-0.0945562,0.249934,1.21909,598
2026-02-05,0.00403383,0.0557792,0.112301,0.121108,-0.979758,0.0100427,15.0529,0.00611116,0.841723,-0.172561,0.0449053,-0.0945562,0.249934,1.00909,615
2026-02-06,0.00389656,0.0557792,0.112301,0.121108,-0.979758,0.00885918,15.0529,0.00611116,0.841723,-0.172561,0.0449053,-0.0945562,0.249934,1.43252,612
2026-02-09,0.00493496,0.0652623,0.125597,0.102269,-0.75503,0.00999685,15.0652,0.00362776,1.32538,-0.270968,0.0486151,-0.0909529,0.248299,1.03552,518
2026-02-10,0.00524629,0.0652623,0.125597,0.102269,-0.75503,0.00693983,15.0652,0.00362776,1.32538,-0.270968,0.0486151,-0.0909529,0.248299,0.732926,516
2026-02-11,0.00507537,0.0652623,0.125597,0.102269,-0.75503,0.0065255,15.0652,0.00362776,1.32538,-0.270968,0.0486151,-0.0909529,0.248299,0.884815,526
2026-02-12,0.00544079,0.0652623,0.125597,0.102269,-0.75503,0.0065625,15.0652,0.00362776,1.32538,-0.270968,0.0486151,-0.0909529,0.248299,0.78299,548
2026-02-13,0.00596555,0.0652623,0.125597,0.102269,-0.75503,0.0111612,15.0652,0.00362776,1.32538,-0.270968,0.0486151,-0.0909529,0.248299,1.32073,596
2026-02-16,0.00556656,0.0652623,0.125597,0.102269,-0.75503,0.0122844,15.0652,0.00362776,1.32538,-0.270968,0.0486151,-0.0909529,0.248299,1.41672,522
2026-02-17,0.0065545,0.0652623,0.125597,0.102269,-0.75503,0.00803906,15.0652,0.00362776,1.32538,-0.270968,0.0486151,-0.0909529,0.248299,0.917776,522
2026-02-18,0.00616901,0.0652623,0.125597,0.102269,-0.75503,0.0071878,15.0652,0.00362776,1.32538,-0.270968,0.0486151,-0.0909529,0.248299,1.22124,555
2026-02-19,0.00686899,0.0652623,0.125597,0.102269,-0.75503,0.0120241,15.0652,0.00362776,1.32538,-0.270968,0.0486151,-0.0909529,0.248299,1.35486,586
2026-02-20,0.00665073,0.0652623,0.125597,0.102269,-0.75503,0.0123888,15.0652,0.00362776,1.32538,-0.270968,0.0486151,-0.0909529,0.248299,1.81402,598
2026-02-23,0.0069965,0.0791368,0.111418,0.133364,-0.567361,0.0147299,15.0779,0.00200115,1.82233,-0.395932,0.0666445,-0.0850948,0.224765,1.11265,518
2026-02-24,0.00863402,0.0791368,0.111418,0.133364,-0.567361,0.011986,15.0779,0.00200115,1.82233,-0.395932,0.0666445,-0.0850948,0.224765,0.605151,548
2026-02-25,0.0085038,0.0791368,0.111418,0.133364,-0.567361,0.00954203,15.0779,0.00200115,1.82233,-0.395932,0.0666445,-0.0850948,0.224765,0.728786,593
2026-02-26,0.00869194,0.0791368,0.111418,0.133364,-0.567361,0.00677829,15.0779,0.00200115,1.82233,-0.395932,0.0666445,-0.0850948,0.224765,0.600451,589
2026-02-27,0.0096906,0.0791368,0.111418,0.133364,-0.567361,0.00907172,15.0779,0.00200115,1.82233,-0.395932,0.0666445,-0.0850948,0.224765,0.882955,602
2026-03-02,0.0099086,0.0791368,0.111418,0.133364,-0.567361,0.0271903,15.0779,0.00200115,1.82233,-0.395932,0.0666445,-0.0850948,0.224765,1.07409,553
2026-03-04,0.0118041,0.0791368,0.111418,0.133364,-0.567361,0.04408,15.0779,0.00200115,1.82233,-0.395932,0.0666445,-0.0850948,0.224765,2.09205,602
2026-03-05,0.0117832,0.0791368,0.111418,0.133364,-0.567361,0.0252038,15.0779,0.00200115,1.82233,-0.395932,0.0666445,-0.0850948,0.224765,1.65242,620
2026-03-06,0.0115426,0.0791368,0.111418,0.133364,-0.567361,0.0407897,15.0779,0.00200115,1.82233,-0.395932,0.0666445,-0.0850948,0.224765,1.63356,616
2026-03-09,0.0156273,0.0791368,0.111418,0.133364,-0.567361,0.0588587,15.0779,0.00200115,1.82233,-0.395932,0.0666445,-0.0850948,0.224765,2.48803,531
2026-03-10,0.0145002,0.0500041,0.131528,0.156872,-0.580168,0.0356094,13.4873,0.002,2,-0.790728,0.129664,-0.0409566,0.17006,0.970339,607
2026-03-11,0.0166813,0.0500041,0.131528,0.156872,-0.580168,0.0520588,13.4873,0.002,2,-0.790728,0.129664,-0.0409566,0.17006,1.22443,629
2026-03-12,0.0176285,0.0500041,0.131528,0.156872,-0.580168,0.0505344,13.4873,0.002,2,-0.790728,0.129664,-0.0409566,0.17006,1.26031,617
2026-03-13,0.0204527,0.0500041,0.131528,0.156872,-0.580168,0.0631166,13.4873,0.002,2,-0.790728,0.129664,-0.0409566,0.17006,2.38384,673
2026-03-16,0.0190173,0.0500041,0.131528,0.156872,-0.580168,0.0578183,13.4873,0.002,2,-0.790728,0.129664,-0.0409566,0.17006,1.50985,583
2026-03-17,0.0187151,0.0500041,0.131528,0.156872,-0.580168,0.032131,13.4873,0.002,2,-0.790728,0.129664,-0.0409566,0.17006,1.38371,605
2026-03-18,0.0167143,0.0500041,0.131528,0.156872,-0.580168,0.0294606,13.4873,0.002,2,-0.790728,0.129664,-0.0409566,0.17006,1.31217,641
2026-03-19,0.0219532,0.0500041,0.131528,0.156872,-0.580168,0.0540145,13.4873,0.002,2,-0.790728,0.129664,-0.0409566,0.17006,1.62841,657
2026-03-20,0.0212502,0.0500041,0.131528,0.156872,-0.580168,0.0523282,13.4873,0.002,2,-0.790728,0.129664,-0.0409566,0.17006,1.32217,634
2026-03-23,0.0212951,0.0500041,0.131528,0.156872,-0.580168,0.119416,13.4873,0.002,2,-0.790728,0.129664,-0.0409566,0.17006,2.52573,557
2026-03-24,0.0177609,0.0500083,0.178182,0.16402,-0.69084,0.0764279,8.66659,0.002,2,-0.650445,0.110055,-0.0517467,0.197497,1.57586,572
2026-03-25,0.0154673,0.0500083,0.178182,0.16402,-0.69084,0.0667775,8.66659,0.002,2,-0.650445,0.110055,-0.0517467,0.197497,1.29863,549
2026-03-27,0.0189501,0.0500083,0.178182,0.16402,-0.69084,0.088281,8.66659,0.002,2,-0.650445,0.110055,-0.0517467,0.197497,2.60903,560
2026-03-30,0.0240791,0.0500083,0.178182,0.16402,-0.69084,0.0929918,8.66659,0.002,2,-0.650445,0.110055,-0.0517467,0.197497,2.62328,497
2026-04-01,0.0213826,0.0500083,0.178182,0.16402,-0.69084,0.0625744,8.66659,0.002,2,-0.650445,0.110055,-0.0517467,0.197497,1.44148,549
2026-04-02,0.0201426,0.0500083,0.178182,0.16402,-0.69084,0.0669617,8.66659,0.002,2,-0.650445,0.110055,-0.0517467,0.197497,1.23389,591
2026-04-06,0.0172029,0.0500083,0.178182,0.16402,-0.69084,0.0763409,8.66659,0.002,2,-0.650445,0.110055,-0.0517467,0.197497,1.46796,544
2026-04-07,0.0167579,0.0500083,0.178182,0.16402,-0.69084,0.0686374,8.66659,0.002,2,-0.650445,0.110055,-0.0517467,0.197497,1.21742,557
2026-04-08,0.0140396,0.0500083,0.178182,0.16402,-0.69084,0.0325242,8.66659,0.002,2,-0.650445,0.110055,-0.0517467,0.197497,1.33169,629
2026-04-09,0.0157287,0.0500083,0.178182,0.16402,-0.69084,0.0324354,8.66659,0.002,2,-0.650445,0.110055,-0.0517467,0.197497,0.870828,675
2026-04-10,0.0142686,0.052767,0.204656,0.219968,-0.683269,0.0234932,8.50078,0.002,1.82046,-0.638814,0.0988225,-0.0785014,0.225282,0.797881,676
2026-04-13,0.0148978,0.052767,0.204656,0.219968,-0.683269,0.0342176,8.50078,0.002,1.82046,-0.638814,0.0988225,-0.0785014,0.225282,0.692031,602
2026-04-15,0.013683,0.052767,0.204656,0.219968,-0.683269,0.0229878,8.50078,0.002,1.82046,-0.638814,0.0988225,-0.0785014,0.225282,0.668128,649
2026-04-16,0.0152003,0.052767,0.204656,0.219968,-0.683269,0.0174571,8.50078,0.002,1.82046,-0.638814,0.0988225,-0.0785014,0.225282,0.925462,678
2026-04-17,0.0141652,0.052767,0.204656,0.219968,-0.683269,0.0149768,8.50078,0.002,1.82046,-0.638814,0.0988225,-0.0785014,0.225282,0.904346,652
2026-04-20,0.0125581,0.052767,0.204656,0.219968,-0.683269,0.0288801,8.50078,0.002,1.82046,-0.638814,0.0988225,-0.0785014,0.225282,0.928443,620
2026-04-21,0.0117546,0.052767,0.204656,0.219968,-0.683269,0.021684,8.50078,0.002,1.82046,-0.638814,0.0988225,-0.0785014,0.225282,0.803644,622
2026-04-22,0.0142221,0.052767,0.204656,0.219968,-0.683269,0.0203943,8.50078,0.002,1.82046,-0.638814,0.0988225,-0.0785014,0.225282,1.16643,633
2026-04-23,0.0176293,0.052767,0.204656,0.219968,-0.683269,0.0136476,8.50078,0.002,1.82046,-0.638814,0.0988225,-0.0785014,0.225282,1.28097,626
2026-04-24,0.0176881,0.052767,0.204656,0.219968,-0.683269,0.0202051,8.50078,0.002,1.82046,-0.638814,0.0988225,-0.0785014,0.225282,1.33042,631
2026-04-27,0.0164567,0.0603881,0.210621,0.270173,-0.688343,0.017932,7.84786,0.002,1.41082,-0.64025,0.0689947,-0.0817298,0.24981,0.7635,577
2026-04-28,0.0182413,0.0603881,0.210621,0.270173,-0.688343,0.0120251,7.84786,0.002,1.41082,-0.64025,0.0689947,-0.0817298,0.24981,0.808515,589
2026-04-29,0.0169176,0.0603881,0.210621,0.270173,-0.688343,0.0105507,7.84786,0.002,1.41082,-0.64025,0.0689947,-0.0817298,0.24981,0.698086,640
2026-04-30,0.0181971,0.0603881,0.210621,0.270173,-0.688343,0.0141126,7.84786,0.002,1.41082,-0.64025,0.0689947,-0.0817298,0.24981,0.677816,691
2026-05-04,0.0169015,0.0603881,0.210621,0.270173,-0.688343,0.0158261,7.84786,0.002,1.41082,-0.64025,0.0689947,-0.0817298,0.24981,0.591644,615
2026-05-05,0.0187001,0.0603881,0.210621,0.270173,-0.688343,0.00942886,7.84786,0.002,1.41082,-0.64025,0.0689947,-0.0817298,0.24981,0.640341,615
2026-05-06,0.0166269,0.0603881,0.210621,0.270173,-0.688343,0.00713926,7.84786,0.002,1.41082,-0.64025,0.0689947,-0.0817298,0.24981,0.496455,664
2026-05-07,0.017943,0.0603881,0.210621,0.270173,-0.688343,0.00402867,7.84786,0.002,1.41082,-0.64025,0.0689947,-0.0817298,0.24981,0.608221,687
2026-05-08,0.0191954,0.0603881,0.210621,0.270173,-0.688343,0.00346724,7.84786,0.002,1.41082,-0.64025,0.0689947,-0.0817298,0.24981,0.619572,677
2026-05-11,0.0190521,0.0603881,0.210621,0.270173,-0.688343,0.0132254,7.84786,0.002,1.41082,-0.64025,0.0689947,-0.0817298,0.24981,0.797945,631
2026-05-12,0.0214965,0.0615816,0.157648,0.247744,-0.699318,0.0143998,7.40078,0.002,1.43984,-0.627555,0.0598185,-0.0835678,0.249942,1.02433,658
2026-05-13,0.0206637,0.0615816,0.157648,0.247744,-0.699318,0.01673,7.40078,0.002,1.43984,-0.627555,0.0598185,-0.0835678,0.249942,0.814448,667
2026-05-14,0.02011,0.0615816,0.157648,0.247744,-0.699318,0.0122023,7.40078,0.002,1.43984,-0.627555,0.0598185,-0.0835678,0.249942,0.612485,694
2026-05-15,0.0210786,0.0615816,0.157648,0.247744,-0.699318,0.0117976,7.40078,0.002,1.43984,-0.627555,0.0598185,-0.0835678,0.249942,0.600581,706
2026-05-18,0.0190659,0.0615816,0.157648,0.247744,-0.699318,0.0207256,7.40078,0.002,1.43984,-0.627555,0.0598185,-0.0835678,0.249942,0.75635,596
2026-05-19,0.021778,0.0615816,0.157648,0.247744,-0.699318,0.00929901,7.40078,0.002,1.43984,-0.627555,0.0598185,-0.0835678,0.249942,0.459375,604
2026-05-20,0.0208851,0.0615816,0.157648,0.247744,-0.699318,0.0106362,7.40078,0.002,1.43984,-0.627555,0.0598185,-0.0835678,0.249942,0.575644,635
2026-05-21,0.0225031,0.0615816,0.157648,0.247744,-0.699318,0.005115,7.40078,0.002,1.43984,-0.627555,0.0598185,-0.0835678,0.249942,0.517291,639
2026-05-22,0.0211537,0.0615816,0.157648,0.247744,-0.699318,0.00322026,7.40078,0.002,1.43984,-0.627555,0.0598185,-0.0835678,0.249942,0.579469,651
2026-05-25,0.0174497,0.0615816,0.157648,0.247744,-0.699318,0.00367151,7.40078,0.002,1.43984,-0.627555,0.0598185,-0.0835678,0.249942,0.579189,603
2026-05-26,0.0178809,0.0811748,0.117231,0.233534,-0.679697,0.002,6.47723,0.002,1.21052,-0.653248,0.0598181,-0.0977984,0.25,0.430702,597
2026-05-27,0.0157043,0.0811748,0.117231,0.233534,-0.679697,0.002,6.47723,0.002,1.21052,-0.653248,0.0598181,-0.0977984,0.25,0.576538,620
2026-05-29,0.0186847,0.0811748,0.117231,0.233534,-0.679697,0.002,6.47723,0.002,1.21052,-0.653248,0.0598181,-0.0977984,0.25,0.817665,660
2026-06-01,0.0187153,0.0811748,0.117231,0.233534,-0.679697,0.00428348,6.47723,0.002,1.21052,-0.653248,0.0598181,-0.0977984,0.25,0.944661,617
2026-06-02,0.0171545,0.0811748,0.117231,0.233534,-0.679697,0.002,6.47723,0.002,1.21052,-0.653248,0.0598181,-0.0977984,0.25,0.514722,614
2026-06-03,0.0181244,0.0811748,0.117231,0.233534,-0.679697,0.0048517,6.47723,0.002,1.21052,-0.653248,0.0598181,-0.0977984,0.25,1.06065,636
2026-06-04,0.0186819,0.0811748,0.117231,0.233534,-0.679697,0.002,6.47723,0.002,1.21052,-0.653248,0.0598181,-0.0977984,0.25,0.870312,627
2026-06-05,0.0187924,0.0811748,0.117231,0.233534,-0.679697,0.002,6.47723,0.002,1.21052,-0.653248,0.0598181,-0.0977984,0.25,0.925955,639
2026-06-08,0.0190092,0.0811748,0.117231,0.233534,-0.679697,0.00909822,6.47723,0.002,1.21052,-0.653248,0.0598181,-0.0977984,0.25,0.863303,576
2026-06-09,0.0188239,0.0811748,0.117231,0.233534,-0.679697,0.00210596,6.47723,0.002,1.21052,-0.653248,0.0598181,-0.0977984,0.25,0.603245,563
2026-06-10,0.0166401,0.0703073,0.149839,0.18796,-0.618742,0.00523558,4.02881,0.002,0.871475,-0.666215,0.066154,-0.0872208,0.237707,0.537715,587
2026-06-11,0.0172211,0.0703073,0.149839,0.18796,-0.618742,0.00415919,4.02881,0.002,0.871475,-0.666215,0.066154,-0.0872208,0.237707,0.488942,597
2026-06-12,0.0152265,0.0703073,0.149839,0.18796,-0.618742,0.00434623,4.02881,0.002,0.871475,-0.666215,0.066154,-0.0872208,0.237707,0.839786,660
2026-06-15,0.0144219,0.0703073,0.149839,0.18796,-0.618742,0.00356054,4.02881,0.002,0.871475,-0.666215,0.066154,-0.0872208,0.237707,0.945293,605
2026-06-16,0.0133765,0.0703073,0.149839,0.18796,-0.618742,0.002,4.02881,0.002,0.871475,-0.666215,0.066154,-0.0872208,0.237707,0.479525,582
2026-06-17,0.013119,0.0703073,0.149839,0.18796,-0.618742,0.002,4.02881,0.002,0.871475,-0.666215,0.066154,-0.0872208,0.237707,0.466115,606
2026-06-18,0.011664,0.0703073,0.149839,0.18796,-0.618742,0.002,4.02881,0.002,0.871475,-0.666215,0.066154,-0.0872208,0.237707,0.548619,620
2026-06-19,0.0123352,0.0703073,0.149839,0.18796,-0.618742,0.002,4.02881,0.002,0.871475,-0.666215,0.066154,-0.0872208,0.237707,0.607764,619
2026-06-22,0.0116653,0.0703073,0.149839,0.18796,-0.618742,0.002,4.02881,0.002,0.871475,-0.666215,0.066154,-0.0872208,0.237707,0.545741,548
2026-06-23,0.0133519,0.0703073,0.149839,0.18796,-0.618742,0.00327907,4.02881,0.002,0.871475,-0.666215,0.066154,-0.0872208,0.237707,0.603687,570
2026-06-24,0.0108914,0.0751656,0.169645,0.185395,-0.606964,0.00413644,3.67325,0.002,0.800493,-0.544962,0.0742986,-0.079205,0.221097,0.493084,552
2026-06-25,0.011082,0.0751656,0.169645,0.185395,-0.606964,0.002,3.67325,0.002,0.800493,-0.544962,0.0742986,-0.079205,0.221097,0.567236,532
2026-06-29,0.0120125,0.0751656,0.169645,0.185395,-0.606964,0.00369964,3.67325,0.002,0.800493,-0.544962,0.0742986,-0.079205,0.221097,0.46131,485
2026-06-30,0.0128088,0.0751656,0.169645,0.185395,-0.606964,0.002,3.67325,0.002,0.800493,-0.544962,0.0742986,-0.079205,0.221097,0.466168,477
2026-07-01,0.0122392,0.0751656,0.169645,0.185395,-0.606964,0.00206154,3.67325,0.002,0.800493,-0.544962,0.0742986,-0.079205,0.221097,0.45485,535
2026-07-02,0.0098504,0.0751656,0.169645,0.185395,-0.606964,0.002,3.67325,0.002,0.800493,-0.544962,0.0742986,-0.079205,0.221097,0.524281,541
2026-07-03,0.00887374,0.0751656,0.169645,0.185395,-0.606964,0.002,3.67325,0.002,0.800493,-0.544962,0.0742986,-0.079205,0.221097,0.555413,519
2026-07-06,0.00898198,0.0751656,0.169645,0.185395,-0.606964,0.002,3.67325,0.002,0.800493,-0.544962,0.0742986,-0.079205,0.221097,0.504148,468
2026-07-07,0.00845858,0.0751656,0.169645,0.185395,-0.606964,0.002,3.67325,0.002,0.800493,-0.544962,0.0742986,-0.079205,0.221097,0.485585,481
2026-07-08,0.00745323,0.0751656,0.169645,0.185395,-0.606964,0.0141209,3.67325,0.002,0.800493,-0.544962,0.0742986,-0.079205,0.221097,1.02067,561
2026-07-09,0.00909434,0.0749186,0.177253,0.180414,-0.615469,0.00786781,6.24414,0.002,1.06641,-0.425415,0.057723,-0.0953496,0.239714,0.449331,553
2026-07-10,0.00839845,0.0749186,0.177253,0.180414,-0.615469,0.00482542,6.24414,0.002,1.06641,-0.425415,0.057723,-0.0953496,0.239714,0.550993,533
2026-07-13,0.00753676,0.0749186,0.177253,0.180414,-0.615469,0.0102027,6.24414,0.002,1.06641,-0.425415,0.057723,-0.0953496,0.239714,0.703619,490
2026-07-14,0.0092358,0.0749186,0.177253,0.180414,-0.615469,0.00903795,6.24414,0.002,1.06641,-0.425415,0.057723,-0.0953496,0.239714,0.374652,489
2026-07-15,0.0101223,0.0749186,0.177253,0.180414,-0.615469,0.00644046,6.24414,0.002,1.06641,-0.425415,0.057723,-0.0953496,0.239714,0.401086,511
2026-07-16,0.0103746,0.0749186,0.177253,0.180414,-0.615469,0.00386016,6.24414,0.002,1.06641,-0.425415,0.057723,-0.0953496,0.239714,0.435454,492
2026-07-17,0.0088256,0.0749186,0.177253,0.180414,-0.615469,0.00784615,6.24414,0.002,1.06641,-0.425415,0.057723,-0.0953496,0.239714,0.60916,513
2026-07-20,0.00951475,0.0749186,0.177253,0.180414,-0.615469,0.00584833,6.24414,0.002,1.06641,-0.425415,0.057723,-0.0953496,0.239714,0.448909,490
2026-07-21,0.01052,0.0749186,0.177253,0.180414,-0.615469,0.00320325,6.24414,0.002,1.06641,-0.425415,0.057723,-0.0953496,0.239714,0.370908,487
2026-07-22,0.0109148,0.0749186,0.177253,0.180414,-0.615469,0.00504706,6.24414,0.002,1.06641,-0.425415,0.057723,-0.0953496,0.239714,0.543799,514
2026-07-23,0.0114681,0.0648039,0.18318,0.181336,-0.576851,0.00503574,9.74793,0.002,1.1902,-0.39838,0.0521026,-0.106179,0.248923,0.556642,524
2026-07-24,0.0107528,0.0648039,0.18318,0.181336,-0.576851,0.0081482,9.74793,0.002,1.1902,-0.39838,0.0521026,-0.106179,0.248923,0.537317,543
2026-07-27,0.0101884,0.0648039,0.18318,0.181336,-0.576851,0.00414667,9.74793,0.002,1.1902,-0.39838,0.0521026,-0.106179,0.248923,0.441481,475
2026-07-28,0.0104484,0.0648039,0.18318,0.181336,-0.576851,0.00228248,9.74793,0.002,1.1902,-0.39838,0.0521026,-0.106179,0.248923,0.299407,470
2026-07-29,0.0096055,0.0648039,0.18318,0.181336,-0.576851,0.002,9.74793,0.002,1.1902,-0.39838,0.0521026,-0.106179,0.248923,0.465476,499
2026-07-30,0.00941611,0.0648039,0.18318,0.181336,-0.576851,0.002,9.74793,0.002,1.1902,-0.39838,0.0521026,-0.106179,0.248923,0.48402,490
2026-07-31,0.00865922,0.0648039,0.18318,0.181336,-0.576851,0.00202509,9.74793,0.002,1.1902,-0.39838,0.0521026,-0.106179,0.248923,0.537736,505
2026-08-03,0.00752867,0.0648039,0.18318,0.181336,-0.576851,0.0040191,9.74793,0.002,1.1902,-0.39838,0.0521026,-0.106179,0.248923,0.51641,461
2026-08-04,0.0078006,0.0648039,0.18318,0.181336,-0.576851,0.00425126,9.74793,0.002,1.1902,-0.39838,0.0521026,-0.106179,0.248923,0.445949,519
2026-08-05,0.00799307,0.0648039,0.18318,0.181336,-0.576851,0.00337259,9.74793,0.002,1.1902,-0.39838,0.0521026,-0.106179,0.248923,0.520278,530
2026-08-06,0.0086701,0.0599224,0.187305,0.178895,-0.526615,0.00273731,9.21761,0.002,1.41049,-0.448493,0.0475831,-0.112957,0.249686,0.320923,498
2026-08-07,0.00898981,0.0599224,0.187305,0.178895,-0.526615,0.00206152,9.21761,0.002,1.41049,-0.448493,0.0475831,-0.112957,0.249686,0.463635,478
2026-08-10,0.00877492,0.0599224,0.187305,0.178895,-0.526615,0.00298783,9.21761,0.002,1.41049,-0.448493,0.0475831,-0.112957,0.249686,0.383956,421
2026-08-11,0.00875142,0.0599224,0.187305,0.178895,-0.526615,0.002,9.21761,0.002,1.41049,-0.448493,0.0475831,-0.112957,0.249686,0.431719,442
2026-08-12,0.00856313,0.0599224,0.187305,0.178895,-0.526615,0.002,9.21761,0.002,1.41049,-0.448493,0.0475831,-0.112957,0.249686,0.380676,460
2026-08-13,0.00793507,0.0599224,0.187305,0.178895,-0.526615,0.002,9.21761,0.002,1.41049,-0.448493,0.0475831,-0.112957,0.249686,0.583435,446
2026-08-14,0.00759753,0.0599224,0.187305,0.178895,-0.526615,0.002,9.21761,0.002,1.41049,-0.448493,0.0475831,-0.112957,0.249686,0.542597,444
2026-08-17,0.00783436,0.0599224,0.187305,0.178895,-0.526615,0.002,9.21761,0.002,1.41049,-0.448493,0.0475831,-0.112957,0.249686,0.331029,411
2026-08-18,0.00797635,0.0599224,0.187305,0.178895,-0.526615,0.002,9.21761,0.002,1.41049,-0.448493,0.0475831,-0.112957,0.249686,0.573331,438
2026-08-19,0.0078696,0.0599224,0.187305,0.178895,-0.526615,0.002,9.21761,0.002,1.41049,-0.448493,0.0475831,-0.112957,0.249686,0.457286,462
2026-08-20,0.00619848,0.060346,0.187966,0.15128,-0.535863,0.002,6.23019,0.00310427,1.15159,-0.380851,0.0437359,-0.116213,0.249747,0.401172,450
2026-08-21,0.00614358,0.060346,0.187966,0.15128,-0.535863,0.002,6.23019,0.00310427,1.15159,-0.380851,0.0437359,-0.116213,0.249747,0.487664,436
2026-08-24,0.00694479,0.060346,0.187966,0.15128,-0.535863,0.002,6.23019,0.00310427,1.15159,-0.380851,0.0437359,-0.116213,0.249747,0.520701,394
2026-08-25,0.00589453,0.060346,0.187966,0.15128,-0.535863,0.002,6.23019,0.00310427,1.15159,-0.380851,0.0437359,-0.116213,0.249747,0.46686,393
2026-08-26,0.00591615,0.060346,0.187966,0.15128,-0.535863,0.002,6.23019,0.00310427,1.15159,-0.380851,0.0437359,-0.116213,0.249747,0.416797,410
2026-08-27,0.00670243,0.060346,0.187966,0.15128,-0.535863,0.002,6.23019,0.00310427,1.15159,-0.380851,0.0437359,-0.116213,0.249747,0.506494,426
2026-08-28,0.00631645,0.060346,0.187966,0.15128,-0.535863,0.002,6.23019,0.00310427,1.15159,-0.380851,0.0437359,-0.116213,0.249747,0.423832,422
2026-08-31,0.00684228,0.060346,0.187966,0.15128,-0.535863,0.00262979,6.23019,0.00310427,1.15159,-0.380851,0.0437359,-0.116213,0.249747,0.475144,398
2026-09-01,0.00696214,0.060346,0.187966,0.15128,-0.535863,0.00306143,6.23019,0.00310427,1.15159,-0.380851,0.0437359,-0.116213,0.249747,0.421641,409
2026-09-02,0.00696872,0.060346,0.187966,0.15128,-0.535863,0.00426859,6.23019,0.00310427,1.15159,-0.380851,0.0437359,-0.116213,0.249747,0.346713,444
2026-09-03,0.00588635,0.0555479,0.188453,0.117346,-0.623786,0.00413475,4.36523,0.00484078,0.98048,-0.309625,0.0429347,-0.119693,0.249896,0.484557,453
2026-09-04,0.00578195,0.0555479,0.188453,0.117346,-0.623786,0.0028571,4.36523,0.00484078,0.98048,-0.309625,0.0429347,-0.119693,0.249896,0.587827,450
2026-09-07,0.00510596,0.0555479,0.188453,0.117346,-0.623786,0.00558435,4.36523,0.00484078,0.98048,-0.309625,0.0429347,-0.119693,0.249896,0.581197,425
2026-09-08,0.00500253,0.0555479,0.188453,0.117346,-0.623786,0.00580692,4.36523,0.00484078,0.98048,-0.309625,0.0429347,-0.119693,0.249896,0.617529,434
2026-09-09,0.00498934,0.0555479,0.188453,0.117346,-0.623786,0.00790798,4.36523,0.00484078,0.98048,-0.309625,0.0429347,-0.119693,0.249896,0.69489,457
2026-09-10,0.00526192,0.0555479,0.188453,0.117346,-0.623786,0.00711774,4.36523,0.00484078,0.98048,-0.309625,0.0429347,-0.119693,0.249896,0.754291,500
2026-09-11,0.00443392,0.0555479,0.188453,0.117346,-0.623786,0.00985877,4.36523,0.00484078,0.98048,-0.309625,0.0429347,-0.119693,0.249896,0.753625,534
2026-09-15,0.00428641,0.0555479,0.188453,0.117346,-0.623786,0.0150453,4.36523,0.00484078,0.98048,-0.309625,0.0429347,-0.119693,0.249896,0.810232,501
2026-09-16,0.00434064,0.0555479,0.188453,0.117346,-0.623786,0.0137156,4.36523,0.00484078,0.98048,-0.309625,0.0429347,-0.119693,0.249896,0.795068,500
2026-09-17,0.00542101,0.0555479,0.188453,0.117346,-0.623786,0.00911542,4.36523,0.00484078,0.98048,-0.309625,0.0429347,-0.119693,0.249896,0.576453,514
2026-09-18,0.00673352,0.0509098,0.159305,0.0916783,-0.71116,0.00462452,3.93975,0.00605543,1.27728,-0.349895,0.0483149,-0.0992547,0.235995,0.509268,511
2026-09-21,0.00594256,0.0509098,0.159305,0.0916783,-0.71116,0.00544824,3.93975,0.00605543,1.27728,-0.349895,0.0483149,-0.0992547,0.235995,0.575774,450
2026-09-22,0.00659318,0.0509098,0.159305,0.0916783,-0.71116,0.00368069,3.93975,0.00605543,1.27728,-0.349895,0.0483149,-0.0992547,0.235995,0.393914,460
2026-09-23,0.00612339,0.0509098,0.159305,0.0916783,-0.71116,0.00256791,3.93975,0.00605543,1.27728,-0.349895,0.0483149,-0.0992547,0.235995,0.437222,447
2026-09-24,0.00687174,0.0509098,0.159305,0.0916783,-0.71116,0.00853032,3.93975,0.00605543,1.27728,-0.349895,0.0483149,-0.0992547,0.235995,0.872332,548
2026-09-25,0.00641312,0.0509098,0.159305,0.0916783,-0.71116,0.00682289,3.93975,0.00605543,1.27728,-0.349895,0.0483149,-0.0992547,0.235995,0.614406,545
2026-09-28,0.00649946,0.0509098,0.159305,0.0916783,-0.71116,0.0122491,3.93975,0.00605543,1.27728,-0.349895,0.0483149,-0.0992547,0.235995,0.942006,532
2026-09-29,0.00696284,0.0509098,0.159305,0.0916783,-0.71116,0.0105557,3.93975,0.00605543,1.27728,-0.349895,0.0483149,-0.0992547,0.235995,0.567514,537
2026-09-30,0.00723843,0.0509098,0.159305,0.0916783,-0.71116,0.0105898,3.93975,0.00605543,1.27728,-0.349895,0.0483149,-0.0992547,0.235995,0.440895,600
2026-10-01,0.00805586,0.0509098,0.159305,0.0916783,-0.71116,0.0131886,3.93975,0.00605543,1.27728,-0.349895,0.0483149,-0.0992547,0.235995,0.571677,659
2026-10-05,0.00735193,0.050082,0.141043,0.109505,-0.602094,0.0152707,4.25191,0.00673756,1.28456,-0.382176,0.0626784,-0.0805198,0.20611,0.541045,576
2026-10-06,0.00794045,0.050082,0.141043,0.109505,-0.602094,0.00936169,4.25191,0.00673756,1.28456,-0.382176,0.0626784,-0.0805198,0.20611,0.34462,577
