date,regime,instrument,cp,tau,x,index,forward,price_btc,price_usd,scenario,model,prediction_usd,prediction_btc,error_usd,error_fwd,market_iv,model_iv,iv_error_vol_points,model_bound_violation
2023-08-18,shock,BTC-29SEP23-20000-P,P,0.11510144216133943,0.2871070664283846,26449.57,26651.33758029029,0.0043,113.73315099999999,fixed_28pct,DH_PINN,12.081218240626432,0.00045676425895114484,-101.65193275937357,-0.0038141400015340755,0.5484839080351033,0.3745947810111665,-17.38891270239368,False
2023-08-18,shock,BTC-29SEP23-21000-P,P,0.1151080652270421,0.23844619656927588,26452.99,26654.78366937698,0.006,158.71794000000003,fixed_28pct,DH_PINN,29.40414534524329,0.0011115622598898381,-129.31379465475675,-0.004851429156535312,0.5113087489522226,0.363279703408963,-14.802904554325957,False
2023-08-18,shock,BTC-29SEP23-22000-P,P,0.11508866482749873,0.19177193316603847,26448.91,26650.67254555426,0.008,211.59128,fixed_28pct,DH_PINN,66.04290804260751,0.0024969992352277467,-145.5483719573925,-0.00546133954813355,0.4678883768741148,0.3518438946989405,-11.604448217517426,False
2023-08-18,shock,BTC-29SEP23-23000-P,P,0.1151080652270421,0.14747441836354905,26452.99,26654.78366937698,0.0122,322.72647800000004,fixed_28pct,DH_PINN,136.71718644719746,0.005168307493678312,-186.00929155280258,-0.006978458120690136,0.44396277363583636,0.34051743510117605,-10.344533853466032,False
2023-08-18,shock,BTC-29SEP23-24000-P,P,0.1150805249873161,0.10467548288950165,26446.66,26648.405381681438,0.018,476.03988,fixed_28pct,DH_PINN,264.58840417389473,0.010004605654320611,-211.45147582610525,-0.007934864124044757,0.4167239773242909,0.32923704222223577,-8.748693510205513,False
2023-08-18,shock,BTC-29SEP23-25000-P,P,0.11510698779173009,0.06427651469221499,26457.85,26659.68074334227,0.0278,735.5282299999999,fixed_28pct,DH_PINN,473.4346087182181,0.017893918391638706,-262.0936212817818,-0.009831086268624372,0.4046273824005224,0.3182574545416229,-8.636992785889946,False
2023-08-18,shock,BTC-29SEP23-26000-P,P,0.11507396305809234,0.024152448009356446,26433.96,26635.60850115485,0.042,1110.22632,fixed_28pct,DH_PINN,803.7759501440462,0.030406944330098336,-306.4503698559538,-0.011505288863314946,0.39485703531772953,0.3068331505749323,-8.80238847427972,False
2023-08-18,shock,BTC-29SEP23-27000-C,C,0.11507217018645358,-0.013867105272662581,26426.58,26628.172203651997,0.0465,1228.83597,fixed_28pct,DH_PINN,895.9068811102118,0.03390173382670825,-332.9290888897883,-0.01250288928370862,0.38800458880470867,0.2954275279004847,-9.257706090422396,False
2023-08-18,shock,BTC-29SEP23-28000-C,C,0.1151045541920345,-0.04875362705166406,26465.75,26667.641007606842,0.034,899.8355,fixed_28pct,DH_PINN,518.7807075852106,0.01960196509017166,-381.0547924147894,-0.01428903262594899,0.3979936201371984,0.28497065912909975,-11.302296100809867,False
2023-08-18,shock,BTC-29SEP23-29000-C,C,0.11508392941400304,-0.08438730412713888,26451.4,26653.181540240184,0.024,634.8336,fixed_28pct,DH_PINN,255.67482103772048,0.00966583322764468,-379.1587789622796,-0.014225648010907699,0.4069620583844821,0.27401008318981107,-13.2951975194671,False
2023-08-18,shock,BTC-29SEP23-30000-C,C,0.11510564437468289,-0.117722316633254,26466.39,26668.28588977511,0.018,476.39501999999993,fixed_28pct,DH_PINN,111.40539849914539,0.004209315985260755,-364.9896215008545,-0.013686279763514731,0.42533302751131896,0.2637594219476545,-16.157360556366445,False
2023-08-18,shock,BTC-29SEP23-35000-C,C,0.11513173560375443,-0.2718442812073834,26467.15,26669.051687349933,0.005,132.33575000000002,fixed_28pct,DH_PINN,0.0766730188238961,2.896912543431994e-06,-132.25907698117612,-0.004959271838072564,0.5109468815715087,0.22027071624273736,-29.067616532877132,False
2023-10-23,shock,BTC-29DEC23-24000-P,P,0.18356287943937089,0.25144657504154105,30522.92,30861.220798051287,0.0155,473.10526,fixed_28pct,DH_PINN,92.99025137112713,0.0030465712772934942,-380.11500862887283,-0.012316914198445284,0.5521860776927368,0.3619199310355856,-19.026614665715115,False
2023-10-23,shock,BTC-29DEC23-25000-P,P,0.18357180704591577,0.21039718454822928,30515.98,30854.20387855805,0.02,610.3196,fixed_28pct,DH_PINN,157.71939934666113,0.005168419934298723,-452.6002006533389,-0.014668996239046399,0.5330994370865297,0.3535387799410893,-17.956065714544046,False
2023-10-23,shock,BTC-29DEC23-27000-P,P,0.18361817858954846,0.13991563467163953,30714.35,31054.772512545544,0.0335,1028.930725,fixed_28pct,DH_PINN,374.80717994411214,0.01220299892213614,-654.1235450558878,-0.021063543286032257,0.5181947188177624,0.3389055751461829,-17.928914367157944,False
2023-10-23,shock,BTC-29DEC23-30000-P,P,0.18359523684043633,0.03561042024272565,30746.78,31087.561950465664,0.071,2183.0213799999997,fixed_28pct,DH_PINN,1160.9142664291396,0.037757263246074535,-1022.1071135708601,-0.03287832977058369,0.5166893101865667,0.3158974736220887,-20.079183656447803,False
2023-10-23,shock,BTC-29DEC23-32000-C,C,0.18366562347792997,-0.03032499462871697,30703.86,31044.166246625653,0.08,2456.3088000000002,fixed_28pct,DH_PINN,1186.6520618753977,0.03864830226152014,-1269.6567381246025,-0.040898400299689414,0.5410665196592633,0.300802504111692,-24.026401554757133,False
2023-10-23,shock,BTC-29DEC23-33000-C,C,0.18358757883054286,-0.05990858371648203,30740.36,31081.07079439267,0.0685,2105.71466,fixed_28pct,DH_PINN,827.7537441919169,0.02692726253667546,-1277.9609158080832,-0.04111701698638516,0.5431116378172971,0.29395317752489397,-24.915846029240313,False
2023-10-23,shock,BTC-29DEC23-34000-C,C,0.18358160708396754,-0.09095971294653507,30703.55,31043.852810740507,0.059,1811.5094499999998,fixed_28pct,DH_PINN,531.9173100815417,0.017324293447550584,-1279.592139918458,-0.04121885732803586,0.5531122867754044,0.286782324515526,-26.63299622598784,False
2023-10-23,shock,BTC-29DEC23-35000-C,C,0.1836686566780822,-0.12070999318483927,30680.14,31020.183345994592,0.0525,1610.70735,fixed_28pct,DH_PINN,325.1627775366864,0.010598477632001889,-1285.5445724633134,-0.04144219774991453,0.572039058687328,0.27994478959314156,-29.20942690941864,False
2023-10-23,shock,BTC-29DEC23-36000-C,C,0.1835759743150685,-0.15049037118516015,30630.8,30970.29648608159,0.044,1347.7551999999998,fixed_28pct,DH_PINN,183.10600289684956,0.005977839393579324,-1164.6491971031503,-0.03760536156399268,0.572895930588261,0.2731492786715563,-29.974665191670475,False
2023-10-23,shock,BTC-29DEC23-37000-C,C,0.183654147260274,-0.17732601895184827,30648.06,30987.74778729964,0.039,1195.27434,fixed_28pct,DH_PINN,101.33017376076772,0.003306250828299335,-1093.9441662392321,-0.03530247418263764,0.5855971385122246,0.26710056685971606,-31.849657165250854,False
2023-10-23,shock,BTC-29DEC23-38000-C,C,0.18358899429223746,-0.20103240042623854,30738.97,31079.665388327023,0.034,1045.12498,fixed_28pct,DH_PINN,56.06184536559343,0.001823803639666307,-989.0631346344067,-0.031823480796092526,0.5892757699406612,0.2617995449954764,-32.74762249451848,False
2023-10-23,shock,BTC-29DEC23-39000-C,C,0.18357936485286655,-0.228945416295037,30679.47,31019.505920049283,0.0295,905.044365,fixed_28pct,DH_PINN,25.37242126025474,0.0008270162835360173,-879.6719437397452,-0.028358670380084106,0.5989930988513675,0.255769123308161,-34.32239755432065,False
2023-10-23,shock,BTC-29DEC23-40000-C,C,0.18358892830416032,-0.2523221163008076,30739.08,31079.776607512074,0.0265,814.5856200000001,fixed_28pct,DH_PINN,12.079336463588564,0.0003929635000002786,-802.5062835364115,-0.02582085108496061,0.6097890723353685,0.25093697777199747,-35.8852094563371,False
2023-10-26,shock,BTC-24NOV23-29000-P,P,0.07947974651192288,0.18822759263631017,34693.83,35006.13817785115,0.0105,364.28521500000005,fixed_28pct,DH_PINN,35.41597448132225,0.0010208147812254297,-328.86924051867777,-0.009394616419778568,0.6023579504072346,0.352340526996024,-25.001742341121062,False
2023-10-26,shock,BTC-24NOV23-30000-P,P,0.07945303063165907,0.1533037230536002,34658.38,34970.36906275475,0.0144,499.08067199999994,fixed_28pct,DH_PINN,74.82250474575282,0.0021588575330339396,-424.2581672542471,-0.012131932794100934,0.5817328944373886,0.3426153669699231,-23.91175274674655,False
2023-10-26,shock,BTC-24NOV23-31000-P,P,0.0795225078957382,0.12252552996388377,34728.17,35040.787300909265,0.0195,677.199315,fixed_28pct,DH_PINN,140.33404972582073,0.004040928437226054,-536.8652652741793,-0.015321153051268578,0.5693477656468494,0.33360534657965146,-23.574241906719795,False
2023-10-26,shock,BTC-24NOV23-32000-P,P,0.07950538974505326,0.09114361353680861,34740.91,35053.64198430357,0.0265,920.6341150000001,fixed_28pct,DH_PINN,256.1473777940332,0.007373076231855562,-664.4867372059668,-0.018956282417202548,0.5589459518131343,0.3241115806664412,-23.483437114669314,False
2023-10-26,shock,BTC-24NOV23-36000-C,C,0.07948235724251648,-0.026808401457431037,34735.04,35047.71914352456,0.0535,1858.32464,fixed_28pct,DH_PINN,725.7351296038488,0.020893458870461897,-1132.5895103961511,-0.03231564101955003,0.5771273628622716,0.28519447299040307,-29.193288987186854,False
2023-10-26,shock,BTC-24NOV23-37000-C,C,0.07946918921232876,-0.055543518977004484,34688.66,35000.92163835754,0.044,1526.30104,fixed_28pct,DH_PINN,387.6233781242401,0.011174354331480087,-1138.67766187576,-0.03253279081165343,0.5921937044309735,0.2750601574567153,-31.71335469742582,False
2023-10-26,shock,BTC-24NOV23-38000-C,C,0.07946233647260273,-0.08259121274050377,34675.5,34987.643174191995,0.0365,1265.65575,fixed_28pct,DH_PINN,184.86486705051388,0.005331281944038698,-1080.790882949486,-0.030890645522151434,0.6070749872170453,0.2650504121539146,-34.202457506313074,False
2023-10-26,shock,BTC-24NOV23-40000-C,C,0.07949175386859463,-0.13257348962513577,34720.99,35033.542667724716,0.025,868.02475,fixed_28pct,DH_PINN,28.168715555871373,0.0008112877989905062,-839.8560344441287,-0.023972911972098707,0.6275952578211735,0.2464742322225959,-38.11210255985776,False
2023-10-26,shock,BTC-24NOV23-42000-C,C,0.07948895608193811,-0.18074030598792323,34742.64,35055.387557480346,0.017,590.6248800000001,fixed_28pct,DH_PINN,1.874116754674389,5.394284241711019e-05,-588.7507632453257,-0.016794872465179588,0.6465317003135949,0.228832830394438,-41.76988699191568,False
2023-10-26,shock,BTC-24NOV23-44000-C,C,0.07947396058472857,-0.22929880043984524,34671.89,34984.000677562995,0.0115,398.72673499999996,fixed_28pct,DH_PINN,0.03775023079010187,1.0887849145259134e-06,-398.68898476920987,-0.011396323377757913,0.6680855118004256,0.2132374808913076,-45.48480309091181,False
2023-10-26,shock,BTC-24NOV23-46000-C,C,0.0794822417237443,-0.27191876802713305,34735.46,35048.1429242958,0.008,277.88368,fixed_28pct,DH_PINN,0.0004443560923499897,1.279257831478235e-08,-277.88323564390765,-0.007928615112194023,0.6846807266510474,0.20285061703607754,-48.18301096149698,False
2023-10-26,shock,BTC-24NOV23-48000-C,C,0.07952338280060882,-0.3143859739479086,34738.67,35051.38182019028,0.0055,191.062685,fixed_28pct,DH_PINN,2.9527087390927723e-06,8.499774859235464e-11,-191.06268204729125,-0.005450931521827633,0.7002092643869212,0.19711111064093742,-50.30981537459838,False
2024-02-29,shock,BTC-8MAR24-49000-P,P,0.02199230590436327,0.2552934495191499,62813.96,63251.177727365415,0.0018,113.065128,fixed_28pct,DH_PINN,0.0015063321713740556,2.398085029783277e-08,-113.06362166782863,-0.001787533856763461,0.9572479255826316,0.376459412535855,-58.078851304677656,False
2024-02-29,shock,BTC-8MAR24-50000-P,P,0.02201515379249112,0.23797828311994992,62995.6,63434.08203593629,0.002,125.9912,fixed_28pct,DH_PINN,0.004716083719384899,7.486370031216306e-08,-125.98648391628062,-0.0019861008447305587,0.9197487248111971,0.3698619927715149,-54.98867320396822,False
2024-02-29,shock,BTC-8MAR24-52000-P,P,0.02194171997082699,0.19283265556829868,62623.46,63059.35174860109,0.0033,206.657418,fixed_28pct,DH_PINN,0.08593532352592022,1.372254479805495e-06,-206.5714826764741,-0.0032758262961537134,0.8597917233622958,0.3541223980126508,-50.5669325349645,False
2024-02-29,shock,BTC-8MAR24-53000-P,P,0.021923783136732624,0.17555044877762052,62734.15,63170.812208388095,0.0039,244.663185,fixed_28pct,DH_PINN,0.2564785627789736,4.088340445817367e-06,-244.40670643722103,-0.0038689815421554395,0.8301289908398336,0.34848744602478054,-48.16415448150531,False
2024-02-29,shock,BTC-8MAR24-54000-P,P,0.021936777524099442,0.1552200670788126,62631.46,63067.407432748674,0.0055,344.47303,fixed_28pct,DH_PINN,0.8994064982750939,1.4360299093699778e-05,-343.5736235017249,-0.005447720740195185,0.8244914591825504,0.3420396141393321,-48.245184504321834,False
2024-02-29,shock,BTC-8MAR24-55000-P,P,0.021980263064434298,0.13995518985585573,62824.93,63262.22408425279,0.007,439.77451,fixed_28pct,DH_PINN,2.252024769682131,3.5846037069713105e-05,-437.5224852303179,-0.006916014913538676,0.8178040331829347,0.3372680372395265,-48.053599594340824,False
2024-02-29,shock,BTC-8MAR24-55500-P,P,0.021966496797311007,0.1303801064013499,62791.94,63229.00445674919,0.008,502.33552000000003,fixed_28pct,DH_PINN,3.8815793532146974,6.181652220356143e-05,-498.4539406467853,-0.007883311542375223,0.8106736849327371,0.3342726585980578,-47.640102633467926,False
2024-02-29,shock,BTC-8MAR24-56000-P,P,0.02199303697361745,0.12298714831714998,62890.96,63328.713687285905,0.009,566.01864,fixed_28pct,DH_PINN,5.903962939298398,9.387617774157682e-05,-560.1146770607016,-0.00884456109161668,0.8086746569328367,0.3319436967702762,-47.67309601625605,False
2024-02-29,shock,BTC-8MAR24-56500-P,P,0.022008551401572807,0.11733047967461836,63094.57,63533.74091844708,0.009,567.8511299999999,fixed_28pct,DH_PINN,8.087816203840886,0.0001281856141319433,-559.763313796159,-0.00881048881592979,0.7828393489877864,0.33014398875290585,-45.26953602348806,False
2024-02-29,shock,BTC-8MAR24-58500-P,P,0.02201215147767631,0.08249221828129787,63091.28,63530.42801834139,0.016,1009.46048,fixed_28pct,DH_PINN,46.97020054898644,0.0007444800699714199,-962.4902794510135,-0.01515006760497726,0.7886064360043208,0.3183596977156309,-47.02467382886899,False
2024-02-29,shock,BTC-8MAR24-59000-P,P,0.02194114817985794,0.06623308753596721,62604.31,63040.068454672815,0.02,1252.0862,fixed_28pct,DH_PINN,96.31224853120985,0.001538428401035166,-1155.77395146879,-0.018333957747838057,0.7839778365924199,0.31223051920866235,-47.174731738375755,False
2024-02-29,shock,BTC-8MAR24-59500-P,P,0.021938728786149164,0.05759549078129061,62591.87,63027.541865823325,0.023,1439.61301,fixed_28pct,DH_PINN,138.95577524688764,0.002220029138718617,-1300.6572347531123,-0.020636331296594538,0.791945783256986,0.3087993265027134,-48.31464567542725,False
2024-02-29,shock,BTC-8MAR24-61000-P,P,0.021981969178082192,0.03583431811360583,62788.49,63225.530442960546,0.03,1883.6546999999998,fixed_28pct,DH_PINN,328.2464690066273,0.005227812756870364,-1555.4082309933724,-0.02460095186384553,0.7789008673089645,0.299827324942108,-47.90735423668565,False
2024-02-29,shock,BTC-8MAR24-63000-P,P,0.02197476182775241,0.0014143620096400077,62653.07,63089.16784955234,0.0465,2913.3677549999998,fixed_28pct,DH_PINN,1019.6828315447824,0.016275065715770712,-1893.6849234552174,-0.030016007311604673,0.7937619643239132,0.28531211962235126,-50.8449844701562,False
2024-02-29,shock,BTC-8MAR24-64000-C,C,0.021948678779807204,-0.012177449313743727,62788.33,63225.3693292776,0.0405,2542.927365,fixed_28pct,DH_PINN,707.670037361364,0.011270725584855722,-1835.257327638636,-0.02902722984630773,0.7754547093474637,0.27925177843226723,-49.62029309151965,False
2024-02-29,shock,BTC-8MAR24-64500-C,C,0.0219377195268899,-0.022623661493204078,62621.28,63057.15657467087,0.037,2316.9873599999996,fixed_28pct,DH_PINN,469.3164442806012,0.007494520142044385,-1847.6709157193984,-0.029301526045365334,0.7920393118050524,0.27456818238707525,-51.74711294179771,False
2024-02-29,shock,BTC-8MAR24-65000-C,C,0.021954731703450026,-0.028537415661734043,62734.62,63171.285479831764,0.034,2132.97708,fixed_28pct,DH_PINN,363.5321168133568,0.005794760800549311,-1769.4449631866432,-0.028010273176276603,0.7812824091559047,0.271865072344632,-50.941733681127275,False
2024-02-29,shock,BTC-8MAR24-66000-C,C,0.021928038115169964,-0.04575243920262514,62612.56,63048.375878950006,0.0285,1784.45796,fixed_28pct,DH_PINN,149.44260436369703,0.0023867831688034642,-1635.015355636303,-0.025932711712914818,0.7967126469085606,0.2635600261650309,-53.31526207435297,False
2024-02-29,shock,BTC-8MAR24-68000-C,C,0.021936975202942667,-0.07549313086279838,62619.59,63055.454811394695,0.0205,1283.701595,fixed_28pct,DH_PINN,17.731004247484986,0.0002831542692547969,-1265.970590752515,-0.020077098714760877,0.8168768323350389,0.24830706976046163,-56.85697625745774,False
2024-02-29,shock,BTC-8MAR24-70000-C,C,0.02193446816336885,-0.10348610645611421,62681.9,63118.198521299186,0.0145,908.88755,fixed_28pct,DH_PINN,0.8898363883985747,1.4196065983937543e-05,-907.9977136116015,-0.01438567219730136,0.8293218975745971,0.23322713288518515,-59.60947646894119,False
2024-02-29,shock,BTC-8MAR24-72000-C,C,0.022022204654997466,-0.128176077294097,62900.47,63338.289881816345,0.011,691.90517,fixed_28pct,DH_PINN,0.020064088706428028,3.189815387139083e-07,-691.8851059112935,-0.010923646773575511,0.8519451234502358,0.21899522132847596,-63.29499021217598,False
2024-02-29,shock,BTC-8MAR24-74000-C,C,0.021918328608574327,-0.1593134813666806,62665.76,63101.94617853144,0.007,438.66032,fixed_28pct,DH_PINN,1.913655983220476e-05,3.0537505381255667e-10,-438.66030086344017,-0.0069516128650352355,0.8601658819429434,0.20240724592636944,-65.77586360165739,False
2024-02-29,shock,BTC-8MAR24-76000-C,C,0.02192382290081177,-0.18491983028202047,62732.34,63168.9896098497,0.005,313.6617,fixed_28pct,DH_PINN,2.9047141717129884e-08,4.630329701893774e-13,-313.66169997095284,-0.004965437976896891,0.8778789151018811,,,False
2025-10-12,shock,BTC-31OCT25-100000-P,P,0.052087223205225776,0.1134745804005474,111825.67,112016.34144251612,0.0085,950.5181950000001,fixed_28pct,DH_PINN,231.19332384414852,0.0020674441194418825,-719.3248711558516,-0.0064216065432291455,0.48872009961768237,0.3303980565915145,-15.832204302616788,False
2025-10-12,shock,BTC-31OCT25-102000-P,P,0.05206753513444952,0.09287038477879103,111736.07,111926.58866756519,0.011,1229.09677,fixed_28pct,DH_PINN,392.40639487299893,0.003511904391061892,-836.6903751270012,-0.007475349558022068,0.47085764521211426,0.3235707185220246,-14.728692669008964,False
2025-10-12,shock,BTC-31OCT25-105000-P,P,0.052167198598427195,0.06416919607088947,111768.07,111958.64323004766,0.018,2011.82526,fixed_28pct,DH_PINN,786.8168933041188,0.007039728728465283,-1225.0083666958813,-0.010941614969188116,0.4752016721346993,0.31379279274407845,-16.140887939062086,False
2025-10-12,shock,BTC-31OCT25-106000-P,P,0.05212723709411467,0.0556293671335694,111873.06,112063.81224614252,0.0185,2069.65161,fixed_28pct,DH_PINN,956.1703108298701,0.00854692193839938,-1113.4812991701297,-0.009936136178594603,0.4495389238843547,0.3108371836854782,-13.87017401988765,False
2025-10-12,shock,BTC-31OCT25-108000-P,P,0.05205597605910705,0.034558320853792596,111607.24,111797.53900242086,0.026,2901.78824,fixed_28pct,DH_PINN,1505.398280386937,0.01348835685200115,-1396.389959613063,-0.01249034613886112,0.4551726300251792,0.3033472403895424,-15.18253896356368,False
2025-10-12,shock,BTC-31OCT25-111000-P,P,0.05206324790715373,0.0072700860374546785,111619.6,111809.92007717972,0.036,4018.3055999999997,fixed_28pct,DH_PINN,2583.702348732752,0.023147389425627326,-1434.6032512672477,-0.012830733178925227,0.4351913599212449,0.29303626109837766,-14.215509882286725,False
2025-10-12,shock,BTC-31OCT25-112000-C,C,0.052089843924403856,-0.0008084556238861046,111719.0,111909.48956189092,0.0405,4524.6195,fixed_28pct,DH_PINN,2909.2329463785745,0.026040628240304464,-1615.3865536214253,-0.014434759375147044,0.44848841053097815,0.28986777494577315,-15.8620635585205,False
2025-10-12,shock,BTC-31OCT25-113000-C,C,0.052057037734652464,-0.010467040071485245,111633.05,111823.39301047313,0.035,3907.1567500000006,fixed_28pct,DH_PINN,2375.6626733846037,0.02128099763810631,-1531.4940766153968,-0.013695650215800199,0.43713131704674374,0.28605762777186755,-15.107368927487618,False
2025-10-12,shock,BTC-31OCT25-115000-C,C,0.0520629525304414,-0.028232993239539463,111608.31,111798.61082685385,0.0275,3069.228525,fixed_28pct,DH_PINN,1558.1967051718143,0.013961296476685422,-1511.0318198281857,-0.013515658277439332,0.43512869546390387,0.27909511250867897,-15.60335829552249,False
2025-10-12,shock,BTC-31OCT25-116000-C,C,0.05213238051750381,-0.03598293395140361,111709.71,111900.18372172024,0.0255,2848.597605,fixed_28pct,DH_PINN,1269.2661925763066,0.011362183220924183,-1579.3314124236933,-0.014113751737452593,0.44452122497236785,0.2760518654347363,-16.846935953763154,False
2025-10-12,shock,BTC-31OCT25-118000-C,C,0.05209595364028412,-0.05305910585990082,111711.75,111902.22720007849,0.02,2234.235,fixed_28pct,DH_PINN,756.1982287701669,0.00676919150196973,-1478.0367712298332,-0.013208287343442584,0.44574283688648125,0.26901587333847604,-17.67269635480052,False
2025-10-12,shock,BTC-31OCT25-120000-C,C,0.05207246603881279,-0.06986622417628213,111711.75,111902.22720007849,0.0155,1731.532125,fixed_28pct,DH_PINN,412.8593307334577,0.0036957556455203475,-1318.6727942665423,-0.011784151462050769,0.4470561834800484,0.2617342633790845,-18.532192010096388,False
2025-10-12,shock,BTC-31OCT25-123000-C,C,0.05207276721841705,-0.09460592334294181,111706.49,111896.95823137043,0.011,1228.7713899999999,fixed_28pct,DH_PINN,137.86372939625906,0.0012341604269927294,-1090.9076606037409,-0.009749216402719906,0.4594238642134572,0.25092986585718097,-20.849399835627626,False
2025-10-12,shock,BTC-31OCT25-124000-C,C,0.052168613330796546,-0.1020268572931283,111782.06,111972.65708408297,0.011,1229.60266,fixed_28pct,DH_PINN,94.32628299943184,0.0008438409794866175,-1135.2763770005681,-0.010138871458128048,0.4806490517167141,0.24769539811540262,-23.29536536013115,False
2025-10-12,shock,BTC-31OCT25-126000-C,C,0.05207268112633181,-0.11867026343721723,111710.2,111900.67455720824,0.008,893.6816,fixed_28pct,DH_PINN,35.134877509631856,0.00031451807900828983,-858.5467224903681,-0.0076723998839832155,0.47538461271102495,0.24022812744346003,-23.51564852675649,False
2025-10-12,shock,BTC-31OCT25-128000-C,C,0.05207257940131913,-0.13441423406529657,111710.69,111901.16539269626,0.0065,726.1194849999999,fixed_28pct,DH_PINN,11.744781728127485,0.00010513570123080866,-714.3747032718725,-0.006383979119117373,0.48607414142306615,0.23313564724281433,-25.293849418025182,False
2025-10-12,shock,BTC-31OCT25-130000-C,C,0.05213990093860984,-0.15017151703875645,111682.42,111872.84719015313,0.006,670.09452,fixed_28pct,DH_PINN,3.276559407444641,2.9338184178357176e-05,-666.8179605925553,-0.005960498703131671,0.5135610270361453,0.22613036814240098,-28.74306588937443,False
2025-10-12,shock,BTC-31OCT25-132000-C,C,0.052088215468036526,-0.1647417187802167,111760.32,111950.88001569644,0.0047,525.273504,fixed_28pct,DH_PINN,0.8244006281576235,7.3765056162833415e-06,-524.4491033718424,-0.004684635826876129,0.5159270086206769,0.21980112505670046,-29.61258835639764,False
2025-10-12,shock,BTC-31OCT25-134000-C,C,0.052096086250634194,-0.18016361651696475,111717.41,111907.89685081757,0.0039,435.697899,fixed_28pct,DH_PINN,0.15697464914001383,1.4051046219207356e-06,-435.54092435086,-0.003891958803689,0.5276646781603831,0.2135406851847749,-31.41239929756082,False
2025-10-12,shock,BTC-31OCT25-135000-C,C,0.05209434655631659,-0.18773779517307265,111701.86,111892.32033686124,0.0034,379.786324,fixed_28pct,DH_PINN,0.06415411517640632,5.743334549344685e-07,-379.7221698848236,-0.0033936392483562595,0.5280995741219837,0.21065739443882314,-31.744217968316057,False
2025-10-12,shock,BTC-31OCT25-138000-C,C,0.052096085299340435,-0.20958009756195858,111717.12,111907.60635634507,0.0027,301.636224,fixed_28pct,DH_PINN,0.0036518543461406894,3.2688403945077435e-08,-301.6325721456539,-0.0026953714940981897,0.5481676435365285,0.20320969415089607,-34.49579493856324,False
2025-10-12,shock,BTC-31OCT25-140000-C,C,0.05209608476027397,-0.22396883501405812,111717.12,111907.60635634507,0.0023,256.949376,fixed_28pct,DH_PINN,0.0004493123577157035,4.021875588233062e-09,-256.94892668764226,-0.002296080981925796,0.5600116814821122,0.19917051463397628,-36.084116684813594,False
2025-10-12,shock,BTC-31OCT25-150000-C,C,0.05207591168822932,-0.2926455113224503,111752.45,111942.99659673589,0.0011,122.927695,fixed_28pct,DH_PINN,1.8772935430801567e-08,1.6798679072182818e-13,-122.92769498122706,-0.001098127607071861,0.6154764236351105,,,False
2025-10-12,shock,BTC-31OCT25-155000-C,C,0.052124018518518514,-0.3236951423764416,111947.09,112137.9684730356,0.0009,100.752381,fixed_28pct,DH_PINN,1.599769508941373e-09,1.4290407271340176e-14,-100.75238099840023,-0.0008984680422726481,0.6501225753991589,,,False
2025-10-12,shock,BTC-31OCT25-160000-C,C,0.05206415553652968,-0.3582725650505931,111630.87,111821.20929340401,0.0006,66.978522,fixed_28pct,DH_PINN,8.923492667708931e-10,7.993749997387757e-15,-66.97852199910766,-0.0005989786948499627,0.6716254835480686,,,False
2025-10-12,shock,BTC-31OCT25-80000-P,P,0.05205744758371385,0.3348851860062355,111632.05,111822.39130539555,0.0005,55.816025,fixed_28pct,DH_PINN,0.17233818841220902,1.5438056401562904e-06,-55.64368681158779,-0.0004976077345691938,0.6468596191809027,0.3907178387557392,-25.614178042516357,False
2025-10-12,shock,BTC-31OCT25-85000-P,P,0.052081540969051245,0.2746565190074033,111676.26,111866.67668687525,0.001,111.67626,fixed_28pct,DH_PINN,1.5132187831754056,1.3550048892892775e-05,-110.1630412168246,-0.0009847708404280278,0.60023165695229,0.3754107411566136,-22.482091579567637,False
2025-10-12,shock,BTC-31OCT25-90000-P,P,0.052091111364789444,0.21794483265438055,111726.16,111916.66177024638,0.0019,212.279704,fixed_28pct,DH_PINN,10.382962971071361,9.293224586857153e-05,-201.89674102892866,-0.001803991808149195,0.5508721497437815,0.3606989865413439,-19.01731632024376,False
2025-10-12,shock,BTC-31OCT25-95000-P,P,0.05206556941273465,0.16317582850632734,111647.78,111838.14812626585,0.0041,457.75589800000006,fixed_28pct,DH_PINN,57.210839416317036,0.0005124225436127529,-400.54505858368304,-0.00358147077088102,0.5158050614349488,0.3456240247233921,-17.018103671155664,False
2025-10-12,shock,BTC-31OCT25-98000-P,P,0.052167200152207,0.1331620675578409,111768.07,111958.64323004766,0.007,782.3764900000001,fixed_28pct,DH_PINN,136.17464138259777,0.0012183680131776255,-646.2018486174023,-0.0057717906360263355,0.5130162051000439,0.3366516233878079,-17.636458171223595,False
2025-10-15,shock,BTC-28NOV25-105000-P,P,0.12058413067605277,0.07676254098438098,112500.55,113377.49231675502,0.031,3487.51705,fixed_28pct,DH_PINN,1781.481776403876,0.01583531615093327,-1706.035273596124,-0.015047389378041525,0.4555413905742501,0.3219797736261479,-13.35616169481022,False
2025-10-15,shock,BTC-28NOV25-108000-P,P,0.12058052454337899,0.048644195714375685,112506.46,113383.44838523283,0.0395,4444.00517,fixed_28pct,DH_PINN,2595.7930556586725,0.023072391182325642,-1848.2121143413278,-0.016300545984999703,0.44393335979563137,0.3143154310297449,-12.961792876588646,False
2025-10-15,shock,BTC-28NOV25-112000-P,P,0.12058052235540336,0.012276551543500845,112506.46,113383.44838523283,0.054,6075.348840000001,fixed_28pct,DH_PINN,4083.192447032643,0.036292959951212074,-1992.1563929673575,-0.01757008118326747,0.4324367991472321,0.3039518655120385,-12.848493363519358,False
2025-10-15,shock,BTC-28NOV25-118000-C,C,0.12060228662480975,-0.040310948140738614,112461.27,113337.90612897013,0.042,4723.37334,fixed_28pct,DH_PINN,2658.938104024468,0.02364314491579606,-2064.435235975532,-0.01821487008615068,0.4248791749387655,0.2884942270767512,-13.638494786201427,False
2025-10-15,shock,BTC-28NOV25-120000-C,C,0.12057623370116692,-0.056774007183782255,112499.97,113376.90779565228,0.0355,3993.7489349999996,fixed_28pct,DH_PINN,2011.9056711585536,0.01788361073481667,-1981.843263841446,-0.01748013155741971,0.4210441910725455,0.28365106164657095,-13.739312942597454,False
2025-10-15,shock,BTC-28NOV25-122000-C,C,0.1206567994355657,-0.07290481066199231,112544.81,113422.09732366331,0.03,3376.3442999999997,fixed_28pct,DH_PINN,1486.3746418003293,0.013206958559886763,-1889.9696581996704,-0.016663152091134583,0.41895537528576243,0.2788316809040348,-14.012369438172762,False
2025-10-15,shock,BTC-28NOV25-125000-C,C,0.12055253358066971,-0.09685361047989792,112583.52,113461.10906829553,0.0235,2645.71272,fixed_28pct,DH_PINN,887.594341868603,0.007883874494851494,-1758.118378131397,-0.015495339262664309,0.42107476913457315,0.2715788951033233,-14.949587403124987,False
2025-10-15,shock,BTC-28NOV25-126000-C,C,0.1205845284436834,-0.10559163840442144,112496.88,113373.79370908774,0.022,2474.93136,fixed_28pct,DH_PINN,720.3914101694974,0.006403656796255126,-1754.5399498305028,-0.015475709971676316,0.42686447203522104,0.26897009966073965,-15.789437237448139,False
2025-10-15,shock,BTC-28NOV25-130000-C,C,0.12060476407914764,-0.1374546962720417,112428.22,113304.59850406458,0.0155,1742.63741,fixed_28pct,DH_PINN,302.03828335256424,0.002686498846575746,-1440.5991266474357,-0.012714392404786263,0.4293388797607837,0.25944708065010225,-16.98917991106815,False
2025-10-15,shock,BTC-28NOV25-134000-C,C,0.1205624327435312,-0.1663474309186297,112587.15,113464.7673641626,0.011,1238.4586499999998,fixed_28pct,DH_PINN,115.59096573319954,0.0010266799162533162,-1122.8676842668003,-0.009896179319373933,0.4313451874715906,0.2508326907389167,-18.051249673267396,False
2025-10-15,shock,BTC-28NOV25-135000-C,C,0.12056589770421106,-0.1739762336098013,112565.33,113442.77727715991,0.01,1125.6533,fixed_28pct,DH_PINN,86.94122361813235,0.0007723623572029892,-1038.7120763818675,-0.009156264517785192,0.43172124599741607,0.2485980187362469,-18.312322726116918,False
2025-10-15,shock,BTC-28NOV25-136000-C,C,0.12063656633688483,-0.1808610179775276,112621.1,113498.9820045724,0.009,1013.5899,fixed_28pct,DH_PINN,66.65708453553272,0.0005918703025945645,-946.9328154644672,-0.0083430952308129,0.429723772029432,0.24662630166186258,-18.309747036756942,False
2025-10-15,shock,BTC-28NOV25-138000-C,C,0.12056584290969051,-0.19595949336575502,112564.84,113442.2834576076,0.008,900.51872,fixed_28pct,DH_PINN,35.34483360190447,0.0003139953257331905,-865.1738863980955,-0.0076265556371791785,0.43991950768916865,0.24229536469323096,-19.762414299593768,False
2025-10-15,shock,BTC-28NOV25-140000-C,C,0.12058338628868594,-0.2108871765934511,112504.19,113381.16069057214,0.007,787.5293300000001,fixed_28pct,DH_PINN,17.857774826381178,0.00015872986442888197,-769.6715551736189,-0.006788354877351494,0.44760539765994295,0.2381653747740294,-20.944002288591353,False
2025-10-15,shock,BTC-28NOV25-145000-C,C,0.12056629328386606,-0.2454551861842352,112563.08,113440.50973839931,0.0048,540.302784,fixed_28pct,DH_PINN,2.8709383132551785,2.5505150652018215e-05,-537.4318456867449,-0.004737565503946476,0.4581070004542016,0.2291016063287374,-22.90053941254642,False
2025-10-15,shock,BTC-28NOV25-160000-C,C,0.12061685147133434,-0.34395531601613666,112556.32,113433.69704416751,0.0021,236.368272,fixed_28pct,DH_PINN,0.00202040520697698,1.7950171140785164e-08,-236.36625159479303,-0.00208373929223835,0.5102435511972039,0.20885996436705248,-30.13835868301514,False
2025-10-15,shock,BTC-28NOV25-95000-P,P,0.12059087087772703,0.17671283577088592,112485.57,113362.3955475845,0.0125,1406.069625,fixed_28pct,DH_PINN,399.14517688355863,0.0035484122708677977,-1006.9244481164415,-0.008882349770861884,0.4950974062132918,0.3478690241487658,-14.722838206452598,False
2025-10-15,shock,BTC-31OCT25-100000-P,P,0.0438510455035515,0.12036290319860699,112560.11,112790.60980471678,0.0065,731.640715,fixed_28pct,DH_PINN,125.79455625922022,0.0011175766997670864,-605.8461587407797,-0.00537142373633522,0.508875202296985,0.33239231139800646,-17.648289089897855,False
2025-10-15,shock,BTC-31OCT25-102000-P,P,0.04393798890157281,0.10017071925010844,112516.27,112746.6800294719,0.0075,843.872025,fixed_28pct,DH_PINN,231.1040196237929,0.002053960903821224,-612.7680053762072,-0.005434909526524684,0.46851030935572074,0.3257322472181014,-14.277806213761934,False
2025-10-15,shock,BTC-31OCT25-105000-P,P,0.04386838777904617,0.07109483569517651,112506.33,112736.71967440953,0.012,1350.0759600000001,fixed_28pct,DH_PINN,517.6996706508398,0.004601515938266227,-832.3762893491603,-0.007383364459717414,0.45231874847965386,0.31560807903864124,-13.671066944101263,False
2025-10-15,shock,BTC-31OCT25-106000-P,P,0.043845579559868085,0.06231678453640306,112585.19,112815.74116336508,0.0145,1632.485255,fixed_28pct,DH_PINN,651.9141992858647,0.005790408128154908,-980.5710557141354,-0.00869179287927737,0.4584763327756599,0.31247387359453205,-14.600245918112787,False
2025-10-15,shock,BTC-31OCT25-107000-P,P,0.043870442732115676,0.05256982862165264,112544.98,112775.44882160876,0.0165,1856.99217,fixed_28pct,DH_PINN,835.7946057816441,0.0074263161784883175,-1021.1975642183559,-0.009055140767683519,0.4485476973352957,0.3089598656119745,-13.958783172332117,False
2025-10-15,shock,BTC-31OCT25-108000-P,P,0.04387105793378995,0.04292786961189098,112506.77,112737.16057543845,0.019,2137.62863,fixed_28pct,DH_PINN,1058.6902648986988,0.009410013858710002,-1078.9383651013013,-0.009570387967854895,0.4421651809660143,0.30542698196687257,-13.673819899914175,False
2025-10-15,shock,BTC-31OCT25-109000-P,P,0.043870442161339424,0.03405078085441503,112544.98,112775.44882160876,0.0215,2419.7170699999997,fixed_28pct,DH_PINN,1306.6468427517925,0.011609996667570536,-1113.0702272482072,-0.009869792041429971,0.43503706926423374,0.30211350776791934,-13.29235614963144,False
2025-10-15,shock,BTC-31OCT25-115000-C,C,0.043895878234398784,-0.019637251393664377,112533.3,112763.7449033866,0.025,2813.3325000000004,fixed_28pct,DH_PINN,1701.5634829620417,0.015120533059654712,-1111.7690170379587,-0.009859277181602092,0.4022854323978657,0.28077464118290696,-12.151079121495872,False
2025-10-15,shock,BTC-31OCT25-117000-C,C,0.04392634443176053,-0.03642933655981835,112583.92,112814.46856266797,0.0191,2150.352872,fixed_28pct,DH_PINN,1050.8715410199688,0.009334117527795878,-1099.481330980031,-0.009745924835600973,0.4050658247511369,0.2738925820353775,-13.117324271575942,False
2025-10-15,shock,BTC-31OCT25-119000-C,C,0.04383585670345003,-0.052827369629507626,112646.03,112876.70575109086,0.0145,1633.3674350000001,fixed_28pct,DH_PINN,597.1102526878561,0.005300766060622431,-1036.2571823121439,-0.00918043431031056,0.4097148805152116,0.26676021710992315,-14.295466340528845,False
2025-10-15,shock,BTC-31OCT25-120000-C,C,0.0438392982623034,-0.06149873850010755,112611.89,112842.49583943802,0.012,1351.34268,fixed_28pct,DH_PINN,424.2793171512166,0.003767624512395775,-927.0633628487833,-0.008215551738308664,0.4051916683027936,0.26282629974150556,-14.2365368561288,False
2025-10-15,shock,BTC-31OCT25-122000-C,C,0.04390731938102486,-0.07866938618360035,112539.69,112770.14798878382,0.0085,956.5873650000001,fixed_28pct,DH_PINN,195.47596408430238,0.0017369513287650105,-761.1114009156977,-0.006749227650134841,0.4059307626687711,0.25498093890675044,-15.094982376202065,False
2025-10-15,shock,BTC-31OCT25-123000-C,C,0.043836630358954846,-0.08588832066405638,112646.02,112876.69573061293,0.008,901.1681600000001,fixed_28pct,DH_PINN,134.2815266811312,0.0011920663213944992,-766.8866333188689,-0.006794020930140357,0.41991390133814493,0.2516355412358849,-16.827836010226005,False
2025-10-15,shock,BTC-31OCT25-124000-C,C,0.043934850012683914,-0.09668914460443472,112341.88,112571.93291485158,0.006,674.05128,fixed_28pct,DH_PINN,72.95167327464634,0.0006493720175828136,-601.0996067253536,-0.0053396933956887825,0.4122069220885134,0.24667520115454925,-16.553172093396416,False
2025-10-15,shock,BTC-31OCT25-126000-C,C,0.04385783609208524,-0.11088173336188326,112545.15,112775.61916973357,0.0045,506.45317499999993,fixed_28pct,DH_PINN,28.748150499475877,0.0002554366003286315,-477.7050245005241,-0.0042358891754923685,0.41733064100285205,0.23997673926539007,-17.7353901737462,False
2025-10-15,shock,BTC-31OCT25-128000-C,C,0.04387056909563673,-0.12675973559490186,112530.56,112760.99929243379,0.0034,382.60390399999994,fixed_28pct,DH_PINN,8.450372215175419,7.509402081688227e-05,-374.1535317848245,-0.0033181111743653202,0.4279960440495919,0.23240871482869224,-19.558732922089966,False
2025-10-15,shock,BTC-31OCT25-160000-C,C,0.0438652120116692,-0.3504752951362037,112466.21,112696.5175169546,0.0002,22.493242000000002,fixed_28pct,DH_PINN,1.3957900195091832e-09,1.2410750033358313e-14,-22.493241998604212,-0.00019959127836599052,0.6326173828500142,,,False
2026-02-11,shock,BTC-27FEB26-50000-P,P,0.04384667044013191,0.29547662136586306,67167.74,67188.33369938679,0.0038,255.237412,fixed_28pct,DH_PINN,0.11874887167988148,1.7679450236062947e-06,-255.11866312832012,-0.0037970678699931586,0.8872928226189982,0.38115253766136264,-50.61402849576355,False
2026-02-11,shock,BTC-27FEB26-56000-P,P,0.04386304322044648,0.18067188320572947,67068.67,67089.23332442109,0.009,603.61803,fixed_28pct,DH_PINN,10.113329058957495,0.0001507906606610433,-593.5047009410425,-0.00884649699410116,0.7527175246370794,0.35032697481902764,-40.239054981805175,False
2026-02-11,shock,BTC-27FEB26-60000-P,P,0.043928380263825464,0.10540338495023399,66649.09,66669.52468075392,0.0175,1166.359075,fixed_28pct,DH_PINN,117.20062271361844,0.0017584729621007347,-1049.1584522863816,-0.01573670214854931,0.6710692616829055,0.327492834135952,-34.35764275469535,False
2026-02-11,shock,BTC-27FEB26-62000-P,P,0.04389980006976154,0.07446618385979628,66772.68,66793.15257357727,0.023,1535.7716399999997,fixed_28pct,DH_PINN,280.5677382914406,0.004201834317440017,-1255.203901708559,-0.01879240391185107,0.6342267955470648,0.3168055074814767,-31.742128806558817,False
2026-02-11,shock,BTC-27FEB26-63000-P,P,0.043919013793759516,0.05755337668436795,66711.78,66732.23390157353,0.0275,1834.57395,fixed_28pct,DH_PINN,436.77273839328745,0.00654716061231296,-1397.8012116067125,-0.020946417194251197,0.6234468052495101,0.31076784068054736,-31.267896456896278,False
2026-02-11,shock,BTC-27FEB26-64000-P,P,0.04393731094622019,0.04446981033716263,66889.79,66910.29847962585,0.031,2073.58349,fixed_28pct,DH_PINN,606.3796579062005,0.009065354486928431,-1467.2038320937995,-0.021927922389115662,0.6085710835389333,0.30600396057265145,-30.256712296628187,False
2026-02-11,shock,BTC-27FEB26-65000-P,P,0.04390641273465246,0.027552901210765132,66795.36,66815.83952728902,0.0365,2438.03064,fixed_28pct,DH_PINN,899.0996447139331,0.013460510501237408,-1538.9309952860667,-0.0230324277323124,0.5932027560511509,0.29965157474231635,-29.355118130883458,False
2026-02-11,shock,BTC-27FEB26-69000-C,C,0.04391132994038559,-0.03216378840713169,66795.53,66816.0095794112,0.0305,2037.263665,fixed_28pct,DH_PINN,709.0889669070451,0.010615814664649642,-1328.1746980929547,-0.01987809069193831,0.5294292268902493,0.2756580707825051,-25.37711561077442,False
2026-02-11,shock,BTC-27FEB26-70000-C,C,0.04389980507990868,-0.04689467314447109,66772.68,66793.15257357727,0.025,1669.317,fixed_28pct,DH_PINN,439.24229501092327,0.006578173813166153,-1230.0747049890767,-0.018416179766841585,0.5258724068455114,0.26941212082222243,-25.646028602328897,False
2026-02-11,shock,BTC-27FEB26-71000-C,C,0.043924015379249115,-0.06265349521598987,66667.65,66688.09037126934,0.0195,1300.019175,fixed_28pct,DH_PINN,239.84410371207048,0.003597608490955816,-1060.1750712879293,-0.015897517313596305,0.5166599269647123,0.26232563640232837,-25.433429056238392,False
2026-02-11,shock,BTC-27FEB26-72000-C,C,0.0438370613267377,-0.07157351709966507,67006.26,67026.80418944976,0.016,1072.10016,fixed_28pct,DH_PINN,162.43546125774398,0.0024241833711916468,-909.664698742256,-0.013571655545013142,0.5010545756252825,0.258210192151459,-24.284438347382352,False
2026-02-11,shock,BTC-27FEB26-74000-C,C,0.043848879058853374,-0.09607561904861886,67200.65,67221.25378962723,0.01,672.0065,fixed_28pct,DH_PINN,44.90490310432816,0.000668221261317088,-627.1015968956718,-0.00932891848251183,0.4881327742823931,0.24692460078999062,-24.120817349240248,False
2026-02-11,shock,BTC-27FEB26-75000-C,C,0.04386462756849315,-0.1108414919092983,67110.47,67131.04614034484,0.0085,570.4389950000001,fixed_28pct,DH_PINN,17.17269283553792,0.0002558869403766345,-553.2663021644622,-0.008241586180674111,0.50522173581589,0.2399989748311924,-26.522276098469767,False
2026-02-11,shock,BTC-27FEB26-80000-C,C,0.04383695934804668,-0.17701507324576657,67000.83,67021.37252460608,0.0025,167.50207500000002,fixed_28pct,DH_PINN,0.019690530548955403,2.93884874992674e-07,-167.48238446945106,-0.0024989399375245852,0.5159150447657652,0.20955895333965566,-30.635609142610953,False
2026-02-11,shock,BTC-27FEB26-96000-C,C,0.04385354775494673,-0.3582490262206374,67073.74,67094.3048788884,0.0005,33.53687,fixed_28pct,DH_PINN,9.908031576521295e-10,1.4771848977738968e-14,-33.5368699990092,-0.0004998467464495896,0.7154970496714816,,,False
2025-07-18,calm,BTC-25JUL25-100000-P,P,0.019282908644089297,0.18692222468893913,120335.2,120553.35206591312,0.0006,72.20111999999999,fixed_28pct,DH_PINN,0.08771357900772375,7.289104020080887e-07,-72.11340642099226,-0.0005981866549970665,0.6539050906453384,0.3532701903945292,-30.06349002508092,False
2025-07-18,calm,BTC-25JUL25-106000-P,P,0.019268694634703196,0.12763339415177855,120212.53,120430.45968115849,0.001,120.21253,fixed_28pct,DH_PINN,4.578511735298196,3.80868095472094e-05,-115.63401826470181,-0.0009601725225565415,0.5155142968109905,0.33339048557416656,-18.21238112368239,False
2025-07-18,calm,BTC-25JUL25-107000-P,P,0.019190079369609335,0.11267057929076348,119544.44,119761.15852088523,0.0014,167.362216,fixed_28pct,DH_PINN,11.127164439376518,9.307973201745324e-05,-156.23505156062348,-0.0013045552789419412,0.4978023382183655,0.32852919888563226,-16.927313933273325,False
2025-07-18,calm,BTC-25JUL25-111000-P,P,0.019195064656265855,0.07783890141761612,119768.16,119985.28409614656,0.0023,275.466768,fixed_28pct,DH_PINN,76.88127339392383,0.0006419174628208685,-198.58549460607617,-0.0016550820886246827,0.41749400562973726,0.3165035441993961,-10.09904614303412,False
2025-07-18,calm,BTC-25JUL25-113000-P,P,0.019200617357940132,0.06066946051775561,119850.61,120067.8835672725,0.0035,419.47713500000003,fixed_28pct,DH_PINN,178.17995402929486,0.0014866837476195979,-241.29718097070517,-0.002009672976666649,0.3919309043994135,0.3098673909855148,-8.206351341389873,False
2025-07-18,calm,BTC-25JUL25-114000-P,P,0.01918759113394216,0.04959913635940195,119580.09,119796.87314969832,0.005,597.90045,fixed_28pct,DH_PINN,293.0961850778986,0.0024510450282977593,-304.80426492210137,-0.0025443424098491917,0.38639159659810096,0.30532143883635454,-8.107015776174642,False
2025-07-18,calm,BTC-25JUL25-116000-P,P,0.019190665556823947,0.03229678580475582,119590.78,119807.5825292779,0.008,956.72624,fixed_28pct,DH_PINN,603.3964884444156,0.005045510100731976,-353.3297515555844,-0.002949143485715853,0.3675013259597831,0.2980079121703411,-6.949341378944196,False
2025-07-18,calm,BTC-25JUL25-117000-P,P,0.01917980590436327,0.022701248449335163,119469.84,119686.42328078825,0.0105,1254.43332,fixed_28pct,DH_PINN,869.8424615197479,0.007280853992269077,-384.5908584802522,-0.0032133206752948873,0.36072202278982674,0.29394277489227,-6.677924789755673,False
2025-07-18,calm,BTC-25JUL25-118000-P,P,0.01919117354769153,0.01536547880641431,119610.29,119827.12789837028,0.013,1554.9337699999999,fixed_28pct,DH_PINN,1134.9242006037603,0.009488516419479965,-420.0095693962396,-0.0035051292371161974,0.3586393404255669,0.2908297189098255,-6.780962151574138,False
2025-07-18,calm,BTC-25JUL25-119000-P,P,0.019178217751141553,0.005572465666396692,119448.43,119664.974467243,0.017,2030.62331,fixed_28pct,DH_PINN,1575.6053482960979,0.013190674404813005,-455.0179617039021,-0.003802432280035779,0.35620204478953377,0.28661811720222113,-6.9583927587312635,False
2025-07-18,calm,BTC-25JUL25-120000-C,C,0.01918281919076611,-0.0016784364709748914,119581.97,119798.7565578938,0.0195,2331.848415,fixed_28pct,DH_PINN,1778.6788571309964,0.014874139112535078,-553.1695578690035,-0.004617489978718431,0.36700707554509615,0.2834289683199798,-8.357810722511633,False
2025-07-18,calm,BTC-25JUL25-120000-P,P,0.01923264481861999,0.0003823750085032469,119828.66,120045.89377477748,0.02,2396.5732000000003,fixed_28pct,DH_PINN,1865.2379138584402,0.015565874756994195,-531.3352861415601,-0.00442610129704576,0.36439226951921255,0.28435336166672337,-8.003890785248919,False
2025-07-18,calm,BTC-25JUL25-122000-C,C,0.019189183250887875,-0.01819954324038362,119582.95,119799.73833450633,0.013,1554.57835,fixed_28pct,DH_PINN,948.8305106884757,0.007934496604143615,-605.7478393115243,-0.0050563369146946514,0.37457440557739485,0.27599979666267377,-9.857460891472108,False
2025-07-18,calm,BTC-25JUL25-123000-C,C,0.019189168410705226,-0.02636285387954464,119582.95,119799.73833450633,0.0105,1255.620975,fixed_28pct,DH_PINN,655.1224615521356,0.005478393546505883,-600.4985134478644,-0.005012519407773203,0.37891150283384417,0.2722521813548489,-10.665932147899525,False
2025-07-18,calm,BTC-25JUL25-124000-C,C,0.019200528190005072,-0.03222220044697387,119850.86,120068.13402048998,0.009,1078.6577399999999,fixed_28pct,DH_PINN,489.46775995429607,0.0040839736982637926,-589.1899800457038,-0.004907130312736907,0.3828677205678046,0.26947859332790763,-11.338912723989697,False
2025-07-18,calm,BTC-25JUL25-125000-C,C,0.01919232692795535,-0.041884474334166366,119655.65,119872.57013015043,0.0065,777.761725,fixed_28pct,DH_PINN,283.229819802595,0.002367040919526951,-494.53190519740497,-0.004125480121603065,0.3794510127716885,0.26472040145526987,-11.473061131641865,False
2025-07-18,calm,BTC-25JUL25-126000-C,C,0.01925509284627093,-0.04688019037768975,120011.85,120229.41587442043,0.006,720.0711,fixed_28pct,DH_PINN,208.89150438729033,0.0017405906532337457,-511.1795956127097,-0.004251701564836983,0.391898176342931,0.2621995518171152,-12.969862452581582,False
2025-07-18,calm,BTC-25JUL25-127000-C,C,0.019210969875697613,-0.05632849095157381,119826.8,120044.0304028394,0.0047,563.18596,fixed_28pct,DH_PINN,107.37833737463589,0.0008961128676943379,-455.80762262536416,-0.003797003658539133,0.40248376194094754,0.2572957527856267,-14.518800915532083,False
2025-07-18,calm,BTC-25JUL25-128000-C,C,0.019238515442668695,-0.06441004083090163,119798.24,120015.41862727412,0.0038,455.233312,fixed_28pct,DH_PINN,56.86019251806763,0.00047463295385698174,-398.3731194819324,-0.003319349497243682,0.4105752237370853,0.2530850158798362,-15.749020785724916,False
2025-07-18,calm,BTC-25JUL25-129000-C,C,0.01925860197869102,-0.069754967592972,120090.57,120308.27858354153,0.0033,396.298881,fixed_28pct,DH_PINN,35.9292958178105,0.0002991849886115995,-360.3695851821895,-0.0029953847684051974,0.4159192395583066,0.250288058812355,-16.563118074595163,False
2025-07-18,calm,BTC-25JUL25-130000-C,C,0.01927477495560629,-0.07488998468862573,120401.65,120619.92253112014,0.0028,337.12462,fixed_28pct,DH_PINN,22.33820355108418,0.00018553070951340104,-314.7864164489158,-0.002609738174617882,0.41787492885677474,0.24758232878298528,-17.029260007378948,False
2025-07-18,calm,BTC-25JUL25-135000-C,C,0.019235712836123794,-0.11799526947595261,119757.43,119974.53464405217,0.001,119.75743,fixed_28pct,DH_PINN,0.06303093941088009,5.263217439692894e-07,-119.69439906058912,-0.0009976650412998544,0.4731571603836658,0.22304069220402864,-25.01164681796372,False
2025-07-18,calm,BTC-25JUL25-140000-C,C,0.019189240804160325,-0.1558585526071363,119578.45,119795.23017659163,0.0004,47.83138,fixed_28pct,DH_PINN,8.165176973534242e-06,6.828301398399328e-11,-47.83137183482303,-0.0003992760960875839,0.5160631864578026,0.20225450354482843,-31.380868291297414,False
2025-07-18,calm,BTC-25JUL25-85000-P,P,0.019207643899036023,0.34537431609896285,119846.81,120064.07667836675,0.0002,23.969362,fixed_28pct,DH_PINN,3.5217305803164063e-06,2.93852675788067e-11,-23.96935847826942,-0.0001996380527914245,0.9798079943003593,0.43057833283687913,-54.92296614634802,False
2025-07-18,calm,BTC-25JUL25-86000-P,P,0.019182725646879756,0.33146525743545946,119581.88,119798.66639473551,0.0003,35.874564,fixed_28pct,DH_PINN,7.065304893532813e-06,5.908340706412052e-11,-35.87455693469511,-0.0002994570642087848,0.990066870561742,0.42208771095281994,-56.79791596089221,False
2025-07-18,calm,BTC-25JUL25-94000-P,P,0.019192740360223236,0.2431411665280576,119656.45,119873.37158044637,0.0004,47.86258,fixed_28pct,DH_PINN,0.001627645969675248,1.3602659695112532e-08,-47.860952354030324,-0.00039926258620256707,0.7786115257603194,0.37563573641289816,-40.29757893474213,False
2025-07-18,calm,BTC-25JUL25-95000-P,P,0.019255817858954843,0.23583907788660954,120049.57,120267.20425587428,0.0005,60.024785,fixed_28pct,DH_PINN,0.002793457701541868,2.326920205996463e-08,-60.02199154229846,-0.0004990719782144331,0.780129530838739,0.3723621382638321,-40.776739257490696,False
2025-09-05,calm,BTC-12SEP25-100000-P,P,0.019275685216894975,0.11675600700641818,112227.1,112384.51858838873,0.0016,179.56336000000002,fixed_28pct,DH_PINN,8.338671351844638,7.430176269229659e-05,-171.2246886481554,-0.0015235611701578786,0.5255088756426358,0.3298648469725678,-19.5644028670068,False
2025-09-05,calm,BTC-12SEP25-102000-P,P,0.019195142472095385,0.10350736164550486,112965.05,113123.5036953041,0.0019,214.633595,fixed_28pct,DH_PINN,17.982743297100562,0.00015918855696607544,-196.65085170289944,-0.0017383730637673192,0.4967586039220706,0.3254980130665545,-17.12605908555161,False
2025-09-05,calm,BTC-12SEP25-104000-P,P,0.019209982813292746,0.08235511320561285,112769.32,112927.4991489574,0.0028,315.754096,fixed_28pct,DH_PINN,57.4315513558298,0.0005092834767100643,-258.3225446441702,-0.00228750788418177,0.4583493058356503,0.3181591638884033,-14.019014194724699,False
2025-09-05,calm,BTC-12SEP25-105000-P,P,0.01925216444698123,0.07194971326983772,112675.09,112833.13697452194,0.0038,428.165342,fixed_28pct,DH_PINN,97.96407620881592,0.0008694386328763166,-330.2012657911841,-0.0029264564882720977,0.45263810050821507,0.31429204376936537,-13.834605673884969,False
2025-09-05,calm,BTC-12SEP25-106000-P,P,0.019179347095383055,0.06500921204622485,112961.45,113119.89864565994,0.004,451.8458,fixed_28pct,DH_PINN,136.42411159046887,0.0012077050320305632,-315.42168840953116,-0.002788383760823259,0.4291267661505638,0.3115954527064605,-11.753131344410328,False
2025-09-05,calm,BTC-12SEP25-107000-P,P,0.01918688444951801,0.05595607856341437,112999.48,113157.98198953959,0.005,564.9974,fixed_28pct,DH_PINN,208.36770041018428,0.0018439704360602748,-356.6296995898157,-0.0031516088685885437,0.4178744530524224,0.3079527570496252,-10.992169600279716,False
2025-09-05,calm,BTC-12SEP25-108000-P,P,0.019204940417300864,0.044791236090479566,112789.22,112947.42706226808,0.007,789.52454,fixed_28pct,DH_PINN,340.7532365046966,0.003021150749200115,-448.7713034953034,-0.003973276020248741,0.41439105455733094,0.3033041626938445,-11.108689186348641,False
2025-09-05,calm,BTC-12SEP25-109000-P,P,0.019197004185692545,0.03633163622762885,112874.64,113032.96687910215,0.0085,959.4344400000001,fixed_28pct,DH_PINN,484.5665345624424,0.004292961949313348,-474.8679054375577,-0.004201145192848623,0.40254660769347256,0.29972087198087016,-10.28257357126024,False
2025-09-05,calm,BTC-12SEP25-110000-P,P,0.019222295630390664,0.02684684142457117,112834.88,112993.15110858796,0.011,1241.1836799999999,fixed_28pct,DH_PINN,704.3881615660877,0.006242645550436954,-536.7955184339122,-0.004750690755743633,0.3977868463769885,0.2957027737541196,-10.208407262286896,False
2025-09-05,calm,BTC-12SEP25-112000-P,P,0.019250421296296297,0.008054871698252968,112747.64,112905.78873887823,0.0175,1973.0837000000001,fixed_28pct,DH_PINN,1374.1181815648852,0.012187556046094492,-598.965518435115,-0.005305002738348223,0.38543351593403946,0.2877047972586254,-9.772871867541404,False
2025-09-05,calm,BTC-12SEP25-113000-P,P,0.019180962233637747,0.0010180827002609586,112956.66,113115.10192682788,0.02,2259.1332,fixed_28pct,DH_PINN,1720.8711970498034,0.015234791795807378,-538.2620029501968,-0.004758533509507765,0.3708381702182614,0.2846252011051787,-8.621296911308269,False
2025-09-05,calm,BTC-12SEP25-114000-C,C,0.019181771530948754,-0.00794589188427329,112939.34,113097.75763242882,0.017,1919.9687800000002,fixed_28pct,DH_PINN,1345.9747276021276,0.011917678353726237,-573.9940523978726,-0.005075202766295073,0.37357584871101807,0.28061451127988846,-9.29613374311296,False
2025-09-05,calm,BTC-12SEP25-115000-C,C,0.01919768864155251,-0.017444877063790443,112852.94,113011.2364409694,0.0135,1523.51469,fixed_28pct,DH_PINN,924.596920205408,0.008192936047615666,-598.917769794592,-0.005299630272671447,0.3788773380532097,0.2763424666395862,-10.25348714136235,False
2025-09-05,calm,BTC-12SEP25-116000-C,C,0.019178238362506345,-0.02504274099406845,112972.65,113131.11435566394,0.01,1129.7265,fixed_28pct,DH_PINN,658.4323139287512,0.005828245278204514,-471.29418607124876,-0.004165911285816423,0.36077478358399184,0.27286472899799574,-8.79100545859961,False
2025-09-05,calm,BTC-12SEP25-119000-C,C,0.019188439022070014,-0.051199131203636346,112902.28,113060.64564914774,0.0045,508.06025999999997,fixed_28pct,DH_PINN,145.92335047080144,0.0012924747885587557,-362.13690952919853,-0.0032030323854065866,0.37303527910302875,0.2599533186041596,-11.308196049886915,False
2025-09-05,calm,BTC-12SEP25-120000-C,C,0.019187111777016742,-0.058724883100107615,112997.44,113155.93912807459,0.0034,384.19129599999997,fixed_28pct,DH_PINN,84.0954460726745,0.0007442243476726066,-300.09584992732545,-0.0026520556697219796,0.3730510627690631,0.2560382930967175,-11.70127696723456,False
2025-09-05,calm,BTC-12SEP25-122000-C,C,0.01923779585235921,-0.07738162734177031,112757.3,112915.46228875667,0.002,225.5146,fixed_28pct,DH_PINN,16.220046442215313,0.00014384919151323519,-209.2945535577847,-0.001853550871735879,0.3933909208226637,0.24624169170718388,-14.714922911547982,False
2025-09-05,calm,BTC-12SEP25-124000-C,C,0.019192682775240996,-0.09210675296422283,112930.56,113088.96531690784,0.0012,135.51667199999997,fixed_28pct,DH_PINN,3.0617055333351844,2.7111399547962788e-05,-132.45496646666479,-0.0011712457187621076,0.40242394743262055,0.23818666173839598,-16.423728569422458,False
2025-09-05,calm,BTC-12SEP25-125000-C,C,0.01919271229705733,-0.10012918420998515,112931.66,113090.06685985466,0.001,112.93166000000001,fixed_28pct,DH_PINN,1.0520399406085423,9.315721920748727e-06,-111.87962005939147,-0.0009892966125666614,0.41505687105427264,0.23362306619667622,-18.143380485759643,False
2025-09-05,calm,BTC-12SEP25-130000-C,C,0.019281410736935567,-0.14533875104151395,112257.35,112414.81101942631,0.0005,56.128675,fixed_28pct,DH_PINN,0.00014073461057889725,1.2536783611843434e-09,-56.12853426538942,-0.0004992983909895102,0.5011446594528879,0.207192845158153,-29.39518142947349,False
2025-09-05,calm,BTC-12SEP25-135000-C,C,0.019249690639269405,-0.17892833399578545,112724.27,112882.38595827167,0.0003,33.817281,fixed_28pct,DH_PINN,1.7439230482655763e-08,1.5470697200040207e-13,-33.817280982560774,-0.0002995797855926056,0.5579418995799535,,,False
2025-09-05,calm,BTC-12SEP25-90000-P,P,0.01920613267376966,0.2271797296654179,112796.77,112954.98765249399,0.0003,33.839031,fixed_28pct,DH_PINN,0.004678634186648019,4.1478441152597e-08,-33.83435236581335,-0.0002995383654053837,0.706005887956288,0.36880363460869364,-33.72022533475944,False
2025-09-05,calm,BTC-12SEP25-95000-P,P,0.019275726788432267,0.16805660798038408,112227.92,112385.33973858545,0.0006,67.33675199999999,fixed_28pct,DH_PINN,0.3008009604515592,2.6802685147471253e-06,-67.03595103954844,-0.0005964830572695494,0.5968142022210055,0.3466899941800281,-25.012420804097736,False
2025-09-08,calm,BTC-26SEP25-100000-P,P,0.04938004575722983,0.10918130459910476,111427.43,111536.45527338712,0.0055,612.8508649999999,fixed_28pct,DH_PINN,229.35998855037533,0.0020583799568057465,-383.4908764496246,-0.0034382559093316142,0.4252942854232803,0.3289231203467004,-9.63711650765799,False
2025-09-08,calm,BTC-26SEP25-104000-P,P,0.04931913457635718,0.06842532088316913,111256.49,111365.3480185179,0.01,1112.5649,fixed_28pct,DH_PINN,653.8515353209941,0.005876974325911181,-458.71336467900596,-0.004118995476067931,0.3861035529890402,0.3150516484174151,-7.105190457162508,False
2025-09-08,calm,BTC-26SEP25-106000-P,P,0.04936526531582953,0.0521735881247468,111568.05,111677.21286189603,0.0135,1506.1686750000001,fixed_28pct,DH_PINN,965.3586776531969,0.008652644530877763,-540.8099973468032,-0.0048426172491928855,0.38027621078004964,0.30936407305870084,-7.09121377213488,False
2025-09-08,calm,BTC-26SEP25-108000-P,P,0.049377227676306444,0.033294376892421734,111547.18,111656.32244181224,0.0185,2063.62283,fixed_28pct,DH_PINN,1470.708967118368,0.013184636017856912,-592.9138628816318,-0.005310168290654733,0.36992211442854706,0.30254732974777426,-6.7374784680772795,False
2025-09-08,calm,BTC-26SEP25-112000-C,C,0.049381299308726534,-0.00458991904315855,111378.13,111487.10703619834,0.031,3452.72203,fixed_28pct,DH_PINN,2602.3876210830604,0.02336533771112031,-850.3344089169395,-0.007627199516809128,0.37396101099965817,0.2878947764634296,-8.606623453622857,False
2025-09-08,calm,BTC-26SEP25-118000-C,C,0.04931762176560122,-0.05783353067919421,111260.37,111369.23181487272,0.011,1223.8640699999999,fixed_28pct,DH_PINN,587.8994515431428,0.005283996912316065,-635.964618456857,-0.005710415777258936,0.3556424509683776,0.26615459352049975,-8.948785744787784,False
2025-09-08,calm,BTC-26SEP25-120000-C,C,0.049414030060882796,-0.07491877410692396,111229.43,111338.26154187837,0.007,778.60601,fixed_28pct,DH_PINN,300.4566478687895,0.002701233368442053,-478.14936213121047,-0.004294564649290497,0.34615162884785744,0.258629933902824,-8.752169494503342,False
2025-09-08,calm,BTC-26SEP25-122000-C,C,0.04935536621638762,-0.09114235839387955,111263.44,111372.30481868955,0.005,556.3172000000001,fixed_28pct,DH_PINN,140.2647616736916,0.0012606545481039558,-416.05243832630845,-0.0037356902957483744,0.35351191477453564,0.2514019676013042,-10.210994717323146,False
2025-09-08,calm,BTC-26SEP25-126000-C,C,0.04937431100963978,-0.12127513721247028,111500.47,111609.56673878814,0.0023,256.451081,fixed_28pct,DH_PINN,23.235472866067845,0.00020838901276441118,-233.21560813393214,-0.002089566467718235,0.3565441173046886,0.2377596537781197,-11.87844635265689,False
2025-09-08,calm,BTC-26SEP25-128000-C,C,0.04942443004819888,-0.1399278749614276,111177.1,111285.88034001044,0.0016,177.88336,fixed_28pct,DH_PINN,5.542661094629143,4.985434135832957e-05,-172.34069890537086,-0.0015486304136591304,0.36957412389554806,0.22921973083707345,-14.035439305847461,False
2025-09-08,calm,BTC-26SEP25-132000-C,C,0.04941328982749873,-0.17054942405195644,111193.79,111302.58667020679,0.001,111.19378999999999,fixed_28pct,DH_PINN,0.2712466026570904,2.439404238825661e-06,-110.9225433973429,-0.0009965854946930393,0.3985993109086635,0.2157381188972619,-18.28611920114016,False
2025-09-08,calm,BTC-26SEP25-98000-P,P,0.04937899334094368,0.13009839221180905,111507.06,111616.16318672067,0.0039,434.87753399999997,fixed_28pct,DH_PINN,127.88004657982827,0.0011468336316985514,-306.9974874201717,-0.002750475187958227,0.43977989698811876,0.3356396879227878,-10.414020906533095,False
2023-08-18,shock,BTC-29SEP23-20000-P,P,0.11510144216133943,0.2871070664283846,26449.57,26651.33758029029,0.0043,113.73315099999999,fixed_28pct,DH_numerical,11.965990942587077,0.0004524077685416843,-101.76716005741292,-0.0038184635105396637,0.5484839080351033,0.37411915607213775,-17.436475196296552,False
2023-08-18,shock,BTC-29SEP23-21000-P,P,0.1151080652270421,0.23844619656927588,26452.99,26654.78366937698,0.006,158.71794000000003,fixed_28pct,DH_numerical,29.168493325928527,0.0011026539278141535,-129.5494466740715,-0.00486027004686996,0.5113087489522226,0.36279948211995566,-14.850926683226689,False
2023-08-18,shock,BTC-29SEP23-22000-P,P,0.11508866482749873,0.19177193316603847,26448.91,26650.67254555426,0.008,211.59128,fixed_28pct,DH_numerical,65.7455188094453,0.002485755322599128,-145.8457611905547,-0.005472498337190519,0.4678883768741148,0.35151302683464436,-11.637535003947042,False
2023-08-18,shock,BTC-29SEP23-23000-P,P,0.1151080652270421,0.14747441836354905,26452.99,26654.78366937698,0.0122,322.72647800000004,fixed_28pct,DH_numerical,136.50397916286633,0.005160247637899017,-186.2224988371337,-0.006986456958233735,0.44396277363583636,0.3403734563115801,-10.358931732425624,False
2023-08-18,shock,BTC-29SEP23-24000-P,P,0.1150805249873161,0.10467548288950165,26446.66,26648.405381681438,0.018,476.03988,fixed_28pct,DH_numerical,264.467278830401,0.010000025667906686,-211.57260116959895,-0.007939409437047873,0.4167239773242909,0.3291820470709038,-8.754193025338708,False
2023-08-18,shock,BTC-29SEP23-25000-P,P,0.11510698779173009,0.06427651469221499,26457.85,26659.68074334227,0.0278,735.5282299999999,fixed_28pct,DH_numerical,473.28417250657185,0.017888232509692657,-262.24405749342804,-0.009836729104826896,0.4046273824005224,0.31820598056016836,-8.642140184035402,False
2023-08-18,shock,BTC-29SEP23-26000-P,P,0.11507396305809234,0.024152448009356446,26433.96,26635.60850115485,0.042,1110.22632,fixed_28pct,DH_numerical,803.9509797236543,0.030413565720900475,-306.2753402763457,-0.011498717600653515,0.39485703531772953,0.306883706648177,-8.797332866955255,False
2023-08-18,shock,BTC-29SEP23-27000-C,C,0.11507217018645358,-0.013867105272662581,26426.58,26628.172203651997,0.0465,1228.83597,fixed_28pct,DH_numerical,897.1392701996702,0.03394836827919732,-331.69669980032984,-0.012456607883692383,0.38800458880470867,0.2957708476549059,-9.223374114980276,False
2023-08-18,shock,BTC-29SEP23-28000-C,C,0.1151045541920345,-0.04875362705166406,26465.75,26667.641007606842,0.034,899.8355,fixed_28pct,DH_numerical,519.7503952577785,0.019638604432437336,-380.0851047422216,-0.014252670666813152,0.3979936201371984,0.2852686972726272,-11.272492286457119,False
2023-08-18,shock,BTC-29SEP23-29000-C,C,0.11508392941400304,-0.08438730412713888,26451.4,26653.181540240184,0.024,634.8336,fixed_28pct,DH_numerical,256.34257996333196,0.00969107797558284,-378.4910200366681,-0.014200594381771405,0.4069620583844821,0.2742782378203756,-13.26838205641065,False
2023-08-18,shock,BTC-29SEP23-30000-C,C,0.11510564437468289,-0.117722316633254,26466.39,26668.28588977511,0.018,476.39501999999993,fixed_28pct,DH_numerical,111.58545128504015,0.004216119058361951,-364.80956871495977,-0.01367952819400483,0.42533302751131896,0.26387122693120124,-16.146180058011772,False
2023-08-18,shock,BTC-29SEP23-35000-C,C,0.11513173560375443,-0.2718442812073834,26467.15,26669.051687349933,0.005,132.33575000000002,fixed_28pct,DH_numerical,0.07492897684372103,2.831017954094832e-06,-132.2608210231563,-0.00495933723379794,0.5109468815715087,0.21995293318146739,-29.099394839004134,False
2023-10-23,shock,BTC-29DEC23-24000-P,P,0.18356287943937089,0.25144657504154105,30522.92,30861.220798051287,0.0155,473.10526,fixed_28pct,DH_numerical,92.92874098053528,0.003044556057563801,-380.1765190194647,-0.012318907327330056,0.5521860776927368,0.36187053221349724,-19.03155454792395,False
2023-10-23,shock,BTC-29DEC23-25000-P,P,0.18357180704591577,0.21039718454822928,30515.98,30854.20387855805,0.02,610.3196,fixed_28pct,DH_numerical,157.80494884963835,0.005171223367220661,-452.5146511503617,-0.014666223537364843,0.5330994370865297,0.3535861942022779,-17.951324288425184,False
2023-10-23,shock,BTC-29DEC23-27000-P,P,0.18361817858954846,0.13991563467163953,30714.35,31054.772512545544,0.0335,1028.930725,fixed_28pct,DH_numerical,374.7560286623796,0.012201333535053798,-654.1746963376204,-0.021065190417136243,0.5181947188177624,0.3388890949814585,-17.930562383630384,False
2023-10-23,shock,BTC-29DEC23-30000-P,P,0.18359523684043633,0.03561042024272565,30746.78,31087.561950465664,0.071,2183.0213799999997,fixed_28pct,DH_numerical,1161.5938342883924,0.037779365328284534,-1021.4275457116073,-0.03285646997146739,0.5166893101865667,0.31603254289325905,-20.065676729330768,False
2023-10-23,shock,BTC-29DEC23-32000-C,C,0.18366562347792997,-0.03032499462871697,30703.86,31044.166246625653,0.08,2456.3088000000002,fixed_28pct,DH_numerical,1187.6255384187898,0.03868000760877589,-1268.6832615812104,-0.04086704250654855,0.5410665196592633,0.3009886047788655,-24.007791488039782,False
2023-10-23,shock,BTC-29DEC23-33000-C,C,0.18358757883054286,-0.05990858371648203,30740.36,31081.07079439267,0.0685,2105.71466,fixed_28pct,DH_numerical,828.5612903018507,0.026953532434293246,-1277.1533696981494,-0.04109103505946649,0.5431116378172971,0.2941186756590949,-24.899296215820222,False
2023-10-23,shock,BTC-29DEC23-34000-C,C,0.18358160708396754,-0.09095971294653507,30703.55,31043.852810740507,0.059,1811.5094499999998,fixed_28pct,DH_numerical,532.3492747150635,0.017338362329928088,-1279.1601752849363,-0.041204942668790594,0.5531122867754044,0.2868848108413104,-26.622747593409397,False
2023-10-23,shock,BTC-29DEC23-35000-C,C,0.1836686566780822,-0.12070999318483927,30680.14,31020.183345994592,0.0525,1610.70735,fixed_28pct,DH_numerical,325.280274391258,0.010602307368586259,-1285.427075608742,-0.04143840999491448,0.572039058687328,0.27997944839645644,-29.205961029087153,False
2023-10-23,shock,BTC-29DEC23-36000-C,C,0.1835759743150685,-0.15049037118516015,30630.8,30970.29648608159,0.044,1347.7551999999998,fixed_28pct,DH_numerical,182.94234507070828,0.005972496476445548,-1164.8128549292915,-0.03761064591205228,0.572895930588261,0.273083607422222,-29.981232316603908,False
2023-10-23,shock,BTC-29DEC23-37000-C,C,0.183654147260274,-0.17732601895184827,30648.06,30987.74778729964,0.039,1195.27434,fixed_28pct,DH_numerical,101.15716938218428,0.0033006059562068293,-1094.1171706178156,-0.03530805717562477,0.5855971385122246,0.26700114331921043,-31.85959951930142,False
2023-10-23,shock,BTC-29DEC23-38000-C,C,0.18358899429223746,-0.20103240042623854,30738.97,31079.665388327023,0.034,1045.12498,fixed_28pct,DH_numerical,55.95402933035545,0.0018202961690113705,-989.1709506696446,-0.03182694981784327,0.5892757699406612,0.261707906220077,-32.75678637205842,False
2023-10-23,shock,BTC-29DEC23-39000-C,C,0.18357936485286655,-0.228945416295037,30679.47,31019.505920049283,0.0295,905.044365,fixed_28pct,DH_numerical,25.313942138433607,0.0008251101514606871,-879.7304228615664,-0.028360555617133718,0.5989930988513675,0.25568171267508244,-34.33113861762851,False
2023-10-23,shock,BTC-29DEC23-40000-C,C,0.18358892830416032,-0.2523221163008076,30739.08,31079.776607512074,0.0265,814.5856200000001,fixed_28pct,DH_numerical,12.042326389434633,0.0003917594927836042,-802.5432936105655,-0.025822041893846442,0.6097890723353685,0.25084033041890913,-35.89487419164594,False
2023-10-26,shock,BTC-24NOV23-29000-P,P,0.07947974651192288,0.18822759263631017,34693.83,35006.13817785115,0.0105,364.28521500000005,fixed_28pct,DH_numerical,35.178387886224314,0.0010139666876278668,-329.10682711377575,-0.009401403417929888,0.6023579504072346,0.35193997799265,-25.041797241458465,False
2023-10-26,shock,BTC-24NOV23-30000-P,P,0.07945303063165907,0.1533037230536002,34658.38,34970.36906275475,0.0144,499.08067199999994,fixed_28pct,DH_numerical,74.45031584901925,0.0021481187478762497,-424.6303561509807,-0.01214257577290581,0.5817328944373886,0.3422542423147873,-23.947865212260133,False
2023-10-26,shock,BTC-24NOV23-31000-P,P,0.0795225078957382,0.12252552996388377,34728.17,35040.787300909265,0.0195,677.199315,fixed_28pct,DH_numerical,140.02035146326196,0.004031895474574732,-537.178963536738,-0.015330105426107217,0.5693477656468494,0.3334074536994162,-23.59403119474332,False
2023-10-26,shock,BTC-24NOV23-32000-P,P,0.07950538974505326,0.09114361353680861,34740.91,35053.64198430357,0.0265,920.6341150000001,fixed_28pct,DH_numerical,256.03166899883666,0.007369745611120625,-664.6024460011633,-0.018959583323717437,0.5589459518131343,0.32406102297222117,-23.488492884091315,False
2023-10-26,shock,BTC-24NOV23-36000-C,C,0.07948235724251648,-0.026808401457431037,34735.04,35047.71914352456,0.0535,1858.32464,fixed_28pct,DH_numerical,726.9872790413968,0.020929507466851825,-1131.3373609586033,-0.03227991403165618,0.5771273628622716,0.28552605675085213,-29.16013061114195,False
2023-10-26,shock,BTC-24NOV23-37000-C,C,0.07946918921232876,-0.055543518977004484,34688.66,35000.92163835754,0.044,1526.30104,fixed_28pct,DH_numerical,388.2372644299633,0.011192051362893906,-1138.0637755700368,-0.0325152516647685,0.5921937044309735,0.2752563154836104,-31.693738894736313,False
2023-10-26,shock,BTC-24NOV23-38000-C,C,0.07946233647260273,-0.08259121274050377,34675.5,34987.643174191995,0.0365,1265.65575,fixed_28pct,DH_numerical,185.4321248938748,0.005347640982649848,-1080.2236251061252,-0.030874432431131364,0.6070749872170453,0.2653052885624331,-34.176969865461224,False
2023-10-26,shock,BTC-24NOV23-40000-C,C,0.07949175386859463,-0.13257348962513577,34720.99,35033.542667724716,0.025,868.02475,fixed_28pct,DH_numerical,28.18626960337199,0.0008117933735003522,-839.838480396628,-0.02397241090808508,0.6275952578211735,0.24649996774992738,-38.109529007124614,False
2023-10-26,shock,BTC-24NOV23-42000-C,C,0.07948895608193811,-0.18074030598792323,34742.64,35055.387557480346,0.017,590.6248800000001,fixed_28pct,DH_numerical,1.8683791652654982,5.377769695295171e-05,-588.7565008347345,-0.01679503613729416,0.6465317003135949,0.22876544076599145,-41.77662595476034,False
2023-10-26,shock,BTC-24NOV23-44000-C,C,0.07947396058472857,-0.22929880043984524,34671.89,34984.000677562995,0.0115,398.72673499999996,fixed_28pct,DH_numerical,0.03676841675569086,1.060467622494501e-06,-398.68996658324426,-0.011396351442416483,0.6680855118004256,0.21291257050894086,-45.517294129148475,False
2023-10-26,shock,BTC-24NOV23-46000-C,C,0.0794822417237443,-0.27191876802713305,34735.46,35048.1429242958,0.008,277.88368,fixed_28pct,DH_numerical,0.0003889576966635682,1.1197712558393301e-08,-277.88329104230337,-0.007928616692831143,0.6846807266510474,0.20179492784655986,-48.28857988044876,False
2023-10-26,shock,BTC-24NOV23-48000-C,C,0.07952338280060882,-0.3143859739479086,34738.67,35051.38182019028,0.0055,191.062685,fixed_28pct,DH_numerical,1.5523032071268064e-06,4.468516518124633e-11,-191.06268344769677,-0.0054509315617805665,0.7002092643869212,0.1935655364651496,-50.66437279217716,False
2024-02-29,shock,BTC-8MAR24-49000-P,P,0.02199230590436327,0.2552934495191499,62813.96,63251.177727365415,0.0018,113.065128,fixed_28pct,DH_numerical,0.0014036780371781102,2.234659361037117e-08,-113.06372432196282,-0.001787535479723505,0.9572479255826316,0.3753424225106383,-58.19055030719933,False
2024-02-29,shock,BTC-8MAR24-50000-P,P,0.02201515379249112,0.23797828311994992,62995.6,63434.08203593629,0.002,125.9912,fixed_28pct,DH_numerical,0.004810964833589073,7.636985493572683e-08,-125.98638903516641,-0.001986099348987085,0.9197487248111971,0.37020405354182645,-54.954467126937054,False
2024-02-29,shock,BTC-8MAR24-52000-P,P,0.02194171997082699,0.19283265556829868,62623.46,63059.35174860109,0.0033,206.657418,fixed_28pct,DH_numerical,0.09485451630819762,1.5146802222074222e-06,-206.5625634836918,-0.003275684854915658,0.8597917233622958,0.3562978072397752,-50.349391612252056,False
2024-02-29,shock,BTC-8MAR24-53000-P,P,0.021923783136732624,0.17555044877762052,62734.15,63170.812208388095,0.0039,244.663185,fixed_28pct,DH_numerical,0.28112337616211136,4.481185704470553e-06,-244.3820616238379,-0.0038685914124021313,0.8301289908398336,0.3507531861612167,-47.93758046786169,False
2024-02-29,shock,BTC-8MAR24-54000-P,P,0.021936777524099442,0.1552200670788126,62631.46,63067.407432748674,0.0055,344.47303,fixed_28pct,DH_numerical,0.9648075101314563,1.5404518913202027e-05,-343.50822248986856,-0.005446683738445492,0.8244914591825504,0.34405653159985333,-48.04349275826971,False
2024-02-29,shock,BTC-8MAR24-55000-P,P,0.021980263064434298,0.13995518985585573,62824.93,63262.22408425279,0.007,439.77451,fixed_28pct,DH_numerical,2.367227259480401,3.767974368583301e-05,-437.40728274051963,-0.0069141938822444736,0.8178040331829347,0.3388969257719006,-47.89071074110341,False
2024-02-29,shock,BTC-8MAR24-55500-P,P,0.021966496797311007,0.1303801064013499,62791.94,63229.00445674919,0.008,502.33552000000003,fixed_28pct,DH_numerical,4.029270526230984,6.416859434874895e-05,-498.30624947376907,-0.007880975728704184,0.8106736849327371,0.3356001007214627,-47.507358421127435,False
2024-02-29,shock,BTC-8MAR24-56000-P,P,0.02199303697361745,0.12298714831714998,62890.96,63328.713687285905,0.009,566.01864,fixed_28pct,DH_numerical,6.073053181672316,9.656480329879392e-05,-559.9455868183277,-0.00884189105092694,0.8086746569328367,0.33302087580366346,-47.56537811291732,False
2024-02-29,shock,BTC-8MAR24-56500-P,P,0.022008551401572807,0.11733047967461836,63094.57,63533.74091844708,0.009,567.8511299999999,fixed_28pct,DH_numerical,8.266785357020927,0.00013102213640604773,-559.584344642979,-0.008807671900845101,0.7828393489877864,0.3310271074678557,-45.18122415199307,False
2024-02-29,shock,BTC-8MAR24-58500-P,P,0.02201215147767631,0.08249221828129787,63091.28,63530.42801834139,0.016,1009.46048,fixed_28pct,DH_numerical,46.943595967072866,0.0007440583859936407,-962.5168840329271,-0.015150486374104802,0.7886064360043208,0.3183257993387139,-47.02806366656069,False
2024-02-29,shock,BTC-8MAR24-59000-P,P,0.02194114817985794,0.06623308753596721,62604.31,63040.068454672815,0.02,1252.0862,fixed_28pct,DH_numerical,96.17109602708659,0.0015361737239350868,-1155.9151039729134,-0.01833619683969794,0.7839778365924199,0.31212124212019915,-47.18565944722208,False
2024-02-29,shock,BTC-8MAR24-59500-P,P,0.021938728786149164,0.05759549078129061,62591.87,63027.541865823325,0.023,1439.61301,fixed_28pct,DH_numerical,138.87488918975777,0.00221873686134889,-1300.7381208102422,-0.020637614641220322,0.791945783256986,0.30874991515165,-48.31958681053359,False
2024-02-29,shock,BTC-8MAR24-61000-P,P,0.021981969178082192,0.03583431811360583,62788.49,63225.530442960546,0.03,1883.6546999999998,fixed_28pct,DH_numerical,328.72176967359275,0.005235382626235999,-1554.9329303264071,-0.024593434320479182,0.7789008673089645,0.300006403009097,-47.88944642998675,False
2024-02-29,shock,BTC-8MAR24-63000-P,P,0.02197476182775241,0.0014143620096400077,62653.07,63089.16784955234,0.0465,2913.3677549999998,fixed_28pct,DH_numerical,1019.7680777843937,0.016276426323313345,-1893.599677215606,-0.030014656109131777,0.7937619643239132,0.28533500169362147,-50.842696263029175,False
2024-02-29,shock,BTC-8MAR24-64000-C,C,0.021948678779807204,-0.012177449313743727,62788.33,63225.3693292776,0.0405,2542.927365,fixed_28pct,DH_numerical,707.5583098741288,0.0112689461540724,-1835.3690551258712,-0.029028996976945644,0.7754547093474637,0.27922073866385533,-49.623397068360845,False
2024-02-29,shock,BTC-8MAR24-64500-C,C,0.0219377195268899,-0.022623661493204078,62621.28,63057.15657467087,0.037,2316.9873599999996,fixed_28pct,DH_numerical,468.74190417844375,0.007485345303999595,-1848.2454558215559,-0.029310637463218072,0.7920393118050524,0.27439014805954937,-51.764916374550296,False
2024-02-29,shock,BTC-8MAR24-65000-C,C,0.021954731703450026,-0.028537415661734043,62734.62,63171.285479831764,0.034,2132.97708,fixed_28pct,DH_numerical,362.77589628918827,0.005782706522956356,-1770.2011837108118,-0.028022244129826533,0.7812824091559047,0.27160837034405927,-50.967403881184545,False
2024-02-29,shock,BTC-8MAR24-66000-C,C,0.021928038115169964,-0.04575243920262514,62612.56,63048.375878950006,0.0285,1784.45796,fixed_28pct,DH_numerical,148.87285187008357,0.0023776835170145347,-1635.5851081299163,-0.025941748464229513,0.7967126469085606,0.26326251420566366,-53.345013270289684,False
2024-02-29,shock,BTC-8MAR24-68000-C,C,0.021936975202942667,-0.07549313086279838,62619.59,63055.454811394695,0.0205,1283.701595,fixed_28pct,DH_numerical,17.610033536838326,0.0002812224343346599,-1266.0915614631617,-0.020079017196056564,0.8168768323350389,0.2480493930658168,-56.88274392692221,False
2024-02-29,shock,BTC-8MAR24-70000-C,C,0.02193446816336885,-0.10348610645611421,62681.9,63118.198521299186,0.0145,908.88755,fixed_28pct,DH_numerical,0.8756932964620868,1.3970433194623756e-05,-908.011856703538,-0.014385896270425559,0.8293218975745971,0.23290480384952986,-59.641709372506725,False
2024-02-29,shock,BTC-8MAR24-72000-C,C,0.022022204654997466,-0.128176077294097,62900.47,63338.289881816345,0.011,691.90517,fixed_28pct,DH_numerical,0.02069923150367192,3.2907912299656774e-07,-691.8844707684963,-0.010923636745789816,0.8519451234502358,0.21936945849718467,-63.257566495305106,False
2024-02-29,shock,BTC-8MAR24-74000-C,C,0.021918328608574327,-0.1593134813666806,62665.76,63101.94617853144,0.007,438.66032,fixed_28pct,DH_numerical,2.150332495553752e-05,3.431431288081006e-10,-438.66029849667507,-0.0069516128275282285,0.8601658819429434,0.20317040165398575,-65.69954802889578,False
2024-02-29,shock,BTC-8MAR24-76000-C,C,0.02192382290081177,-0.18491983028202047,62732.34,63168.9896098497,0.005,313.6617,fixed_28pct,DH_numerical,9.68997710344584e-09,1.5446541773263742e-13,-313.66169999031,-0.004965437977203327,0.8778789151018811,,,False
2025-10-12,shock,BTC-31OCT25-100000-P,P,0.052087223205225776,0.1134745804005474,111825.67,112016.34144251612,0.0085,950.5181950000001,fixed_28pct,DH_numerical,230.5964769665569,0.0020621068218643975,-719.9217180334432,-0.006426934755790863,0.48872009961768237,0.33020561777260204,-15.851448184508033,False
2025-10-12,shock,BTC-31OCT25-102000-P,P,0.05206753513444952,0.09287038477879103,111736.07,111926.58866756519,0.011,1229.09677,fixed_28pct,DH_numerical,391.9194263193344,0.0035075461873621864,-837.1773436806657,-0.007479700343295358,0.47085764521211426,0.3234601797928772,-14.739746541923704,False
2025-10-12,shock,BTC-31OCT25-105000-P,P,0.052167198598427195,0.06416919607088947,111768.07,111958.64323004766,0.018,2011.82526,fixed_28pct,DH_numerical,786.4169988493395,0.007036150833143486,-1225.4082611506606,-0.010945186774305097,0.4752016721346993,0.31373231501061916,-16.146935712408016,False
2025-10-12,shock,BTC-31OCT25-106000-P,P,0.05212723709411467,0.0556293671335694,111873.06,112063.81224614252,0.0185,2069.65161,fixed_28pct,DH_numerical,955.5455408217067,0.008541337305171653,-1114.1060691782932,-0.009941711305797943,0.4495389238843547,0.31075155375227553,-13.878737013207914,False
2025-10-12,shock,BTC-31OCT25-108000-P,P,0.05205597605910705,0.034558320853792596,111607.24,111797.53900242086,0.026,2901.78824,fixed_28pct,DH_numerical,1504.318383936171,0.013478680988224159,-1397.469856063829,-0.012500005532622397,0.4551726300251792,0.3032248550566797,-15.194777496849953,False
2025-10-12,shock,BTC-31OCT25-111000-P,P,0.05206324790715373,0.0072700860374546785,111619.6,111809.92007717972,0.036,4018.3055999999997,fixed_28pct,DH_numerical,2584.354592034354,0.023153232873387414,-1433.9510079656457,-0.012824899677737213,0.4351913599212449,0.29310099647206583,-14.209036344917909,False
2025-10-12,shock,BTC-31OCT25-112000-C,C,0.052089843924403856,-0.0008084556238861046,111719.0,111909.48956189092,0.0405,4524.6195,fixed_28pct,DH_numerical,2910.783552587188,0.026054507761322496,-1613.835947412812,-0.01442090347950599,0.44848841053097815,0.290019984737471,-15.846842579350717,False
2025-10-12,shock,BTC-31OCT25-113000-C,C,0.052057037734652464,-0.010467040071485245,111633.05,111823.39301047313,0.035,3907.1567500000006,fixed_28pct,DH_numerical,2377.8065047109876,0.02130020190894173,-1529.350245289013,-0.013676478633999036,0.43713131704674374,0.28626997541608706,-15.086134163065667,False
2025-10-12,shock,BTC-31OCT25-115000-C,C,0.0520629525304414,-0.028232993239539463,111608.31,111798.61082685385,0.0275,3069.228525,fixed_28pct,DH_numerical,1559.4031764582792,0.013972106346366853,-1509.8253485417208,-0.013504866808050383,0.43512869546390387,0.2792241324886737,-15.590456297523014,False
2025-10-12,shock,BTC-31OCT25-116000-C,C,0.05213238051750381,-0.03598293395140361,111709.71,111900.18372172024,0.0255,2848.597605,fixed_28pct,DH_numerical,1269.7005197468477,0.011366071219295509,-1578.8970852531522,-0.014109870357135816,0.44452122497236785,0.27610114687077325,-16.84200781015946,False
2025-10-12,shock,BTC-31OCT25-118000-C,C,0.05209595364028412,-0.05305910585990082,111711.75,111902.22720007849,0.02,2234.235,fixed_28pct,DH_numerical,756.3288108635198,0.00677036042192088,-1477.9061891364804,-0.01320712041319803,0.44574283688648125,0.2690340098594258,-17.670882702705544,False
2025-10-12,shock,BTC-31OCT25-120000-C,C,0.05207246603881279,-0.06986622417628213,111711.75,111902.22720007849,0.0155,1731.532125,fixed_28pct,DH_numerical,413.7175829496814,0.0037034383845001213,-1317.8145420503186,-0.011776481800439038,0.4470561834800484,0.26189552853134757,-18.516065494870084,False
2025-10-12,shock,BTC-31OCT25-123000-C,C,0.05207276721841705,-0.09460592334294181,111706.49,111896.95823137043,0.011,1228.7713899999999,fixed_28pct,DH_numerical,138.34237416200244,0.0012384452699391274,-1090.4290158379974,-0.009744938853327065,0.4594238642134572,0.25110523606687446,-20.831862814658276,False
2025-10-12,shock,BTC-31OCT25-124000-C,C,0.052168613330796546,-0.1020268572931283,111782.06,111972.65708408297,0.011,1229.60266,fixed_28pct,DH_numerical,94.6629781135602,0.0008468530470234687,-1134.9396818864398,-0.010135864517657968,0.4806490517167141,0.2478547261049398,-23.279432561177433,False
2025-10-12,shock,BTC-31OCT25-126000-C,C,0.05207268112633181,-0.11867026343721723,111710.2,111900.67455720824,0.008,893.6816,fixed_28pct,DH_numerical,35.30052360407476,0.00031600089879057385,-858.3810763959252,-0.007670919588220046,0.47538461271102495,0.24038751734384817,-23.499709536717678,False
2025-10-12,shock,BTC-31OCT25-128000-C,C,0.05207257940131913,-0.13441423406529657,111710.69,111901.16539269626,0.0065,726.1194849999999,fixed_28pct,DH_numerical,11.845971147551083,0.00010604151802796208,-714.2735138524489,-0.0063830748441791405,0.48607414142306615,0.23336101337010562,-25.271312805296052,False
2025-10-12,shock,BTC-31OCT25-130000-C,C,0.05213990093860984,-0.15017151703875645,111682.42,111872.84719015313,0.006,670.09452,fixed_28pct,DH_numerical,3.32961104002815,2.981320641178934e-05,-666.7649089599719,-0.005960024489469322,0.5135610270361453,0.2264600172189254,-28.710100981721986,False
2025-10-12,shock,BTC-31OCT25-132000-C,C,0.052088215468036526,-0.1647417187802167,111760.32,111950.88001569644,0.0047,525.273504,fixed_28pct,DH_numerical,0.8446115932722829,7.557347663931911e-06,-524.4288924067278,-0.004684455292653336,0.5159270086206769,0.22019856954414985,-29.5728439076527,False
2025-10-12,shock,BTC-31OCT25-134000-C,C,0.052096086250634194,-0.18016361651696475,111717.41,111907.89685081757,0.0039,435.697899,fixed_28pct,DH_numerical,0.1613902105649166,1.4446290024528548e-06,-435.5365087894351,-0.00389191934658589,0.5276646781603831,0.21390360225827998,-31.37610759021031,False
2025-10-12,shock,BTC-31OCT25-135000-C,C,0.05209434655631659,-0.18773779517307265,111701.86,111892.32033686124,0.0034,379.786324,fixed_28pct,DH_numerical,0.06578545898746813,5.889379011904379e-07,-379.7205385410125,-0.00339362466876933,0.5280995741219837,0.2109523893218819,-31.714718480010184,False
2025-10-12,shock,BTC-31OCT25-138000-C,C,0.052096085299340435,-0.20958009756195858,111717.12,111907.60635634507,0.0027,301.636224,fixed_28pct,DH_numerical,0.003601758542844815,3.22399874150427e-08,-301.63262224145717,-0.002695371941751436,0.5481676435365285,0.20308876983229363,-34.50788737042348,False
2025-10-12,shock,BTC-31OCT25-140000-C,C,0.05209608476027397,-0.22396883501405812,111717.12,111907.60635634507,0.0023,256.949376,fixed_28pct,DH_numerical,0.0004093206927015833,3.663903014162765e-09,-256.94896667930726,-0.002296081339289038,0.5600116814821122,0.19848810910112832,-36.15235723809839,False
2025-10-12,shock,BTC-31OCT25-150000-C,C,0.05207591168822932,-0.2926455113224503,111752.45,111942.99659673589,0.0011,122.927695,fixed_28pct,DH_numerical,-3.5495960139006356e-09,-3.176302634886873e-14,-122.9276950035496,-0.001098127607271271,0.6154764236351105,,,False
2025-10-12,shock,BTC-31OCT25-155000-C,C,0.052124018518518514,-0.3236951423764416,111947.09,112137.9684730356,0.0009,100.752381,fixed_28pct,DH_numerical,-4.907958525290002e-09,-4.3841769583202226e-14,-100.75238100490796,-0.0008984680423306814,0.6501225753991589,,,False
2025-10-12,shock,BTC-31OCT25-160000-C,C,0.05206415553652968,-0.3582725650505931,111630.87,111821.20929340401,0.0006,66.978522,fixed_28pct,DH_numerical,-5.165935669891807e-09,-4.627694534577941e-14,-66.97852200516593,-0.0005989786949041409,0.6716254835480686,,,False
2025-10-12,shock,BTC-31OCT25-80000-P,P,0.05205744758371385,0.3348851860062355,111632.05,111822.39130539555,0.0005,55.816025,fixed_28pct,DH_numerical,0.19022836329361711,1.7040658421449495e-06,-55.62579663670638,-0.0004974477471581524,0.6468596191809027,0.393031316763471,-25.382830241743175,False
2025-10-12,shock,BTC-31OCT25-85000-P,P,0.052081540969051245,0.2746565190074033,111676.26,111866.67668687525,0.001,111.67626,fixed_28pct,DH_numerical,1.6184639656414974,1.4492462101090218e-05,-110.0577960343585,-0.0009838300313722561,0.60023165695229,0.3773799847876122,-22.285167216467777,False
2025-10-12,shock,BTC-31OCT25-90000-P,P,0.052091111364789444,0.21794483265438055,111726.16,111916.66177024638,0.0019,212.279704,fixed_28pct,DH_numerical,10.678564988559806,9.557801851025584e-05,-201.6011390114402,-0.0018013505390761834,0.5508721497437815,0.3617647290854617,-18.910742065831982,False
2025-10-12,shock,BTC-31OCT25-95000-P,P,0.05206556941273465,0.16317582850632734,111647.78,111838.14812626585,0.0041,457.75589800000006,fixed_28pct,DH_numerical,57.324963159920415,0.0005134447201719588,-400.43093484007966,-0.0035804503342454406,0.5158050614349488,0.3457274716918492,-17.007758974309954,False
2025-10-12,shock,BTC-31OCT25-98000-P,P,0.052167200152207,0.1331620675578409,111768.07,111958.64323004766,0.007,782.3764900000001,fixed_28pct,DH_numerical,135.79775648173165,0.001214995986615244,-646.5787335182685,-0.005775156922808605,0.5130162051000439,0.33647445560728173,-17.654174949276214,False
2025-10-15,shock,BTC-28NOV25-105000-P,P,0.12058413067605277,0.07676254098438098,112500.55,113377.49231675502,0.031,3487.51705,fixed_28pct,DH_numerical,1780.9927569873396,0.01583096933292628,-1706.5242930126603,-0.01505170257466057,0.4555413905742501,0.32193875711829506,-13.360263345595502,False
2025-10-15,shock,BTC-28NOV25-108000-P,P,0.12058052454337899,0.048644195714375685,112506.46,113383.44838523283,0.0395,4444.00517,fixed_28pct,DH_numerical,2595.3767307520657,0.023068690728977388,-1848.6284392479347,-0.016304217816404867,0.44393335979563137,0.3142853923659717,-12.964796742965968,False
2025-10-15,shock,BTC-28NOV25-112000-P,P,0.12058052235540336,0.012276551543500845,112506.46,113383.44838523283,0.054,6075.348840000001,fixed_28pct,DH_numerical,4085.502434993159,0.03631349199853198,-1989.8464050068415,-0.01754970794543237,0.4324367991472321,0.30410104826876966,-12.833575087846244,False
2025-10-15,shock,BTC-28NOV25-118000-C,C,0.12060228662480975,-0.040310948140738614,112461.27,113337.90612897013,0.042,4723.37334,fixed_28pct,DH_numerical,2663.8579794159054,0.023686892202230202,-2059.5153605840947,-0.01817146117240351,0.4248791749387655,0.28882757388128644,-13.605160105747904,False
2025-10-15,shock,BTC-28NOV25-120000-C,C,0.12057623370116692,-0.056774007183782255,112499.97,113376.90779565228,0.0355,3993.7489349999996,fixed_28pct,DH_numerical,2015.587772638361,0.01791634053447624,-1978.1611623616386,-0.017447654913353493,0.4210441910725455,0.28392040630978843,-13.712378476275704,False
2025-10-15,shock,BTC-28NOV25-122000-C,C,0.1206567994355657,-0.07290481066199231,112544.81,113422.09732366331,0.03,3376.3442999999997,fixed_28pct,DH_numerical,1489.5394381570384,0.013235078882420597,-1886.8048618429614,-0.016635249271213366,0.41895537528576243,0.279089646984304,-13.986572830145844,False
2025-10-15,shock,BTC-28NOV25-125000-C,C,0.12055253358066971,-0.09685361047989792,112583.52,113461.10906829553,0.0235,2645.71272,fixed_28pct,DH_numerical,889.8015805788535,0.007903479839490305,-1755.9111394211463,-0.01547588555973142,0.42107476913457315,0.27180580863588866,-14.926896049868448,False
2025-10-15,shock,BTC-28NOV25-126000-C,C,0.1205845284436834,-0.10559163840442144,112496.88,113373.79370908774,0.022,2474.93136,fixed_28pct,DH_numerical,721.9944980594614,0.006417906861589951,-1752.9368619405386,-0.015461570126501182,0.42686447203522104,0.26915365918823125,-15.77108128469898,False
2025-10-15,shock,BTC-28NOV25-130000-C,C,0.12060476407914764,-0.1374546962720417,112428.22,113304.59850406458,0.0155,1742.63741,fixed_28pct,DH_numerical,302.1132365036783,0.0026871655221765347,-1440.5241734963217,-0.012713730885729637,0.4293388797607837,0.2594613658846246,-16.987751387615912,False
2025-10-15,shock,BTC-28NOV25-134000-C,C,0.1205624327435312,-0.1663474309186297,112587.15,113464.7673641626,0.011,1238.4586499999998,fixed_28pct,DH_numerical,115.38685576379463,0.001024867009812351,-1123.0717942362053,-0.009897978203504633,0.4313451874715906,0.2507585325736375,-18.05866548979531,False
2025-10-15,shock,BTC-28NOV25-135000-C,C,0.12056589770421106,-0.1739762336098013,112565.33,113442.77727715991,0.01,1125.6533,fixed_28pct,DH_numerical,86.7241248916714,0.0007704337107319935,-1038.9291751083285,-0.009158178246730056,0.43172124599741607,0.24850132014318532,-18.321992585423075,False
2025-10-15,shock,BTC-28NOV25-136000-C,C,0.12063656633688483,-0.1808610179775276,112621.1,113498.9820045724,0.009,1013.5899,fixed_28pct,DH_numerical,66.43723170418234,0.0005899181565815139,-947.1526682958176,-0.008345032277537615,0.429723772029432,0.24650742219993782,-18.32163498294942,False
2025-10-15,shock,BTC-28NOV25-138000-C,C,0.12056584290969051,-0.19595949336575502,112564.84,113442.2834576076,0.008,900.51872,fixed_28pct,DH_numerical,35.14479256187617,0.0003122182074071813,-865.3739274381238,-0.007628319010005705,0.43991950768916865,0.24212095291312696,-19.77985547760417,False
2025-10-15,shock,BTC-28NOV25-140000-C,C,0.12058338628868594,-0.2108871765934511,112504.19,113381.16069057214,0.007,787.5293300000001,fixed_28pct,DH_numerical,17.701519350079767,0.00015734097859003977,-769.8278106499203,-0.006789733020557558,0.44760539765994295,0.23793330754422673,-20.967209011571622,False
2025-10-15,shock,BTC-28NOV25-145000-C,C,0.12056629328386606,-0.2454551861842352,112563.08,113440.50973839931,0.0048,540.302784,fixed_28pct,DH_numerical,2.822997674557409,2.50792504483478e-05,-537.4797863254425,-0.00473798810993448,0.4581070004542016,0.2287841504300538,-22.932285002414783,False
2025-10-15,shock,BTC-28NOV25-160000-C,C,0.12061685147133434,-0.34395531601613666,112556.32,113433.69704416751,0.0021,236.368272,fixed_28pct,DH_numerical,0.0019785435084213364,1.757825334393783e-08,-236.36629345649158,-0.00208373966127947,0.5102435511972039,0.20868715454371617,-30.155639665348772,False
2025-10-15,shock,BTC-28NOV25-95000-P,P,0.12059087087772703,0.17671283577088592,112485.57,113362.3955475845,0.0125,1406.069625,fixed_28pct,DH_numerical,398.04741346070386,0.003538653122002261,-1008.0222115392962,-0.008892033435515865,0.4950974062132918,0.3476458699702938,-14.7451536242998,False
2025-10-15,shock,BTC-31OCT25-100000-P,P,0.0438510455035515,0.12036290319860699,112560.11,112790.60980471678,0.0065,731.640715,fixed_28pct,DH_numerical,125.65779021450952,0.0011163616508060405,-605.9829247854905,-0.005372636302212358,0.508875202296985,0.3323235004395515,-17.65517018574335,False
2025-10-15,shock,BTC-31OCT25-102000-P,P,0.04393798890157281,0.10017071925010844,112516.27,112746.6800294719,0.0075,843.872025,fixed_28pct,DH_numerical,230.70527173195683,0.0020504169906446134,-613.1667532680432,-0.005438446197331592,0.46851030935572074,0.32560167791964995,-14.29086314360708,False
2025-10-15,shock,BTC-31OCT25-105000-P,P,0.04386838777904617,0.07109483569517651,112506.33,112736.71967440953,0.012,1350.0759600000001,fixed_28pct,DH_numerical,517.4195995154703,0.004599026557132121,-832.6563604845298,-0.0073858487535320505,0.45231874847965386,0.3155531104522929,-13.676563802736098,False
2025-10-15,shock,BTC-31OCT25-106000-P,P,0.043845579559868085,0.06231678453640306,112585.19,112815.74116336508,0.0145,1632.485255,fixed_28pct,DH_numerical,651.6453769459372,0.005788020404335039,-980.8398780540629,-0.008694175723525481,0.4584763327756599,0.31242752984066796,-14.604880293499194,False
2025-10-15,shock,BTC-31OCT25-107000-P,P,0.043870442732115676,0.05256982862165264,112544.98,112775.44882160876,0.0165,1856.99217,fixed_28pct,DH_numerical,835.4566252179404,0.007423313107505465,-1021.5355447820596,-0.009058137701566162,0.4485476973352957,0.30890862087912446,-13.963907645617123,False
2025-10-15,shock,BTC-31OCT25-108000-P,P,0.04387105793378995,0.04292786961189098,112506.77,112737.16057543845,0.019,2137.62863,fixed_28pct,DH_numerical,1058.2670856865304,0.009406252492063637,-1079.3615443134697,-0.009574141647741884,0.4421651809660143,0.30536946472039106,-13.679571624562325,False
2025-10-15,shock,BTC-31OCT25-109000-P,P,0.043870442161339424,0.03405078085441503,112544.98,112775.44882160876,0.0215,2419.7170699999997,fixed_28pct,DH_numerical,1306.2156466330096,0.011606165345029246,-1113.5014233669901,-0.00987361553424945,0.43503706926423374,0.3020596852005913,-13.297738406364246,False
2025-10-15,shock,BTC-31OCT25-115000-C,C,0.043895878234398784,-0.019637251393664377,112533.3,112763.7449033866,0.025,2813.3325000000004,fixed_28pct,DH_numerical,1702.756736062398,0.015131136615227652,-1110.5757639376025,-0.009848695295541297,0.4022854323978657,0.28090724356111757,-12.13781888367481,False
2025-10-15,shock,BTC-31OCT25-117000-C,C,0.04392634443176053,-0.03642933655981835,112583.92,112814.46856266797,0.0191,2150.352872,fixed_28pct,DH_numerical,1050.6453845370365,0.009332108746409227,-1099.7074874629634,-0.009747929511825697,0.4050658247511369,0.27386377480668217,-13.120204994445473,False
2025-10-15,shock,BTC-31OCT25-119000-C,C,0.04383585670345003,-0.052827369629507626,112646.03,112876.70575109086,0.0145,1633.3674350000001,fixed_28pct,DH_numerical,597.0018405843107,0.005299803646735803,-1036.3655944156894,-0.009181394757400367,0.4097148805152116,0.26674269335638295,-14.297218715882865,False
2025-10-15,shock,BTC-31OCT25-120000-C,C,0.0438392982623034,-0.06149873850010755,112611.89,112842.49583943802,0.012,1351.34268,fixed_28pct,DH_numerical,424.70155373907755,0.003771373997355675,-926.6411262609224,-0.00821180991582663,0.4051916683027936,0.26290742669733574,-14.228424160545783,False
2025-10-15,shock,BTC-31OCT25-122000-C,C,0.04390731938102486,-0.07866938618360035,112539.69,112770.14798878382,0.0085,956.5873650000001,fixed_28pct,DH_numerical,196.12129486646776,0.0017426855793406554,-760.4660701335323,-0.006743505118120167,0.4059307626687711,0.25517542931327153,-15.075533335549956,False
2025-10-15,shock,BTC-31OCT25-123000-C,C,0.043836630358954846,-0.08588832066405638,112646.02,112876.69573061293,0.008,901.1681600000001,fixed_28pct,DH_numerical,134.78815567611184,0.0011965638526431012,-766.3800043238882,-0.0067895325900830805,0.41991390133814493,0.25182980840187036,-16.808409293627456,False
2025-10-15,shock,BTC-31OCT25-124000-C,C,0.043934850012683914,-0.09668914460443472,112341.88,112571.93291485158,0.006,674.05128,fixed_28pct,DH_numerical,73.25314039323688,0.0006520554969637047,-600.7981396067631,-0.005337015400288112,0.4122069220885134,0.24685037488831713,-16.535654720019625,False
2025-10-15,shock,BTC-31OCT25-126000-C,C,0.04385783609208524,-0.11088173336188326,112545.15,112775.61916973357,0.0045,506.45317499999993,fixed_28pct,DH_numerical,28.898319545776364,0.0002567709007964925,-477.55485545422357,-0.004234557601811762,0.41733064100285205,0.24014843867994368,-17.71822023229084,False
2025-10-15,shock,BTC-31OCT25-128000-C,C,0.04387056909563673,-0.12675973559490186,112530.56,112760.99929243379,0.0034,382.60390399999994,fixed_28pct,DH_numerical,8.535630686029549,7.58516680804712e-05,-374.0682733139704,-0.003317355075435822,0.4279960440495919,0.23265992583747797,-19.533611821211394,False
2025-10-15,shock,BTC-31OCT25-160000-C,C,0.0438652120116692,-0.3504752951362037,112466.21,112696.5175169546,0.0002,22.493242000000002,fixed_28pct,DH_numerical,-5.212197715425546e-09,-4.634456620726835e-14,-22.4932420052122,-0.00019959127842462577,0.6326173828500142,,,False
2026-02-11,shock,BTC-27FEB26-50000-P,P,0.04384667044013191,0.29547662136586306,67167.74,67188.33369938679,0.0038,255.237412,fixed_28pct,DH_numerical,0.13369493684402434,1.990463529724602e-06,-255.10371706315598,-0.003796845419690536,0.8872928226189982,0.3839344986140777,-50.33583240049205,False
2026-02-11,shock,BTC-27FEB26-56000-P,P,0.04386304322044648,0.18067188320572947,67068.67,67089.23332442109,0.009,603.61803,fixed_28pct,DH_numerical,10.363369977875353,0.00015451879361668203,-593.2546600221247,-0.008842770003844634,0.7527175246370794,0.3513312741973186,-40.138625043976084,False
2026-02-11,shock,BTC-27FEB26-60000-P,P,0.043928380263825464,0.10540338495023399,66649.09,66669.52468075392,0.0175,1166.359075,fixed_28pct,DH_numerical,116.98897025303577,0.0017552973379386843,-1049.3701047469642,-0.0157398767993601,0.6710692616829055,0.32736257342940245,-34.3706688253503,False
2026-02-11,shock,BTC-27FEB26-62000-P,P,0.04389980006976154,0.07446618385979628,66772.68,66793.15257357727,0.023,1535.7716399999997,fixed_28pct,DH_numerical,280.38951985190903,0.004199165285142203,-1255.3821201480907,-0.018795072126071614,0.6342267955470648,0.31674330140778234,-31.74834941392825,False
2026-02-11,shock,BTC-27FEB26-63000-P,P,0.043919013793759516,0.05755337668436795,66711.78,66732.23390157353,0.0275,1834.57395,fixed_28pct,DH_numerical,436.5976199362061,0.0065445356117945904,-1397.9763300637937,-0.020949041390188345,0.6234468052495101,0.3107200775902878,-31.272672765922234,False
2026-02-11,shock,BTC-27FEB26-64000-P,P,0.04393731094622019,0.04446981033716263,66889.79,66910.29847962585,0.031,2073.58349,fixed_28pct,DH_numerical,606.1317274196807,0.009061647934904278,-1467.4517625803192,-0.02193162780505541,0.6085710835389333,0.3059463124953232,-30.262477104361007,False
2026-02-11,shock,BTC-27FEB26-65000-P,P,0.04390641273465246,0.027552901210765132,66795.36,66815.83952728902,0.0365,2438.03064,fixed_28pct,DH_numerical,898.8900361176617,0.013457372430026003,-1539.1406038823384,-0.023035564841682794,0.5932027560511509,0.29960965939309225,-29.359309665805867,False
2026-02-11,shock,BTC-27FEB26-69000-C,C,0.04391132994038559,-0.03216378840713169,66795.53,66816.0095794112,0.0305,2037.263665,fixed_28pct,DH_numerical,709.1541288569058,0.010616790208220607,-1328.1095361430941,-0.01987711544737835,0.5294292268902493,0.27567148090952465,-25.375774598072464,False
2026-02-11,shock,BTC-27FEB26-70000-C,C,0.04389980507990868,-0.04689467314447109,66772.68,66793.15257357727,0.025,1669.317,fixed_28pct,DH_numerical,439.0014308889538,0.00657456658754679,-1230.3155691110462,-0.018419785886820788,0.5258724068455114,0.2693525836366737,-25.65198232088377,False
2026-02-11,shock,BTC-27FEB26-71000-C,C,0.043924015379249115,-0.06265349521598987,66667.65,66688.09037126934,0.0195,1300.019175,fixed_28pct,DH_numerical,240.12664890092393,0.003601846606276417,-1059.892526099076,-0.01589328049728802,0.5166599269647123,0.26241966167700326,-25.424026528770906,False
2026-02-11,shock,BTC-27FEB26-72000-C,C,0.0438370613267377,-0.07157351709966507,67006.26,67026.80418944976,0.016,1072.10016,fixed_28pct,DH_numerical,162.84596321950147,0.002430309693743562,-909.2541967804984,-0.01356553110022241,0.5010545756252825,0.258380096393573,-24.267447923170955,False
2026-02-11,shock,BTC-27FEB26-74000-C,C,0.043848879058853374,-0.09607561904861886,67200.65,67221.25378962723,0.01,672.0065,fixed_28pct,DH_numerical,45.08971532517358,0.0006709714165737025,-626.9167846748264,-0.009326169170197249,0.4881327742823931,0.24710071456025193,-24.103205972214116,False
2026-02-11,shock,BTC-27FEB26-75000-C,C,0.04386462756849315,-0.1108414919092983,67110.47,67131.04614034484,0.0085,570.4389950000001,fixed_28pct,DH_numerical,17.262283404216166,0.0002572219119343996,-553.1767115957839,-0.008240251618294567,0.50522173581589,0.24017060455651632,-26.505113125937374,False
2026-02-11,shock,BTC-27FEB26-80000-C,C,0.04383695934804668,-0.17701507324576657,67000.83,67021.37252460608,0.0025,167.50207500000002,fixed_28pct,DH_numerical,0.02057641703862366,3.071068976104275e-07,-167.4814985829614,-0.0024989267195546106,0.5159150447657652,0.2100456258668633,-30.586941889890195,False
2026-02-11,shock,BTC-27FEB26-96000-C,C,0.04385354775494673,-0.3582490262206374,67073.74,67094.3048788884,0.0005,33.53687,fixed_28pct,DH_numerical,-3.1398402373101807e-09,-4.681176623385218e-14,-33.53687000313984,-0.0004998467465111544,0.7154970496714816,,,False
2025-07-18,calm,BTC-25JUL25-100000-P,P,0.019282908644089297,0.18692222468893913,120335.2,120553.35206591312,0.0006,72.20111999999999,fixed_28pct,DH_numerical,0.09342994973247122,7.764141309647652e-07,-72.10769005026752,-0.0005981392372303534,0.6539050906453384,0.3545712484870411,-29.933384215829733,False
2025-07-18,calm,BTC-25JUL25-106000-P,P,0.019268694634703196,0.12763339415177855,120212.53,120430.45968115849,0.001,120.21253,fixed_28pct,DH_numerical,4.755621479302682,3.9560114734318306e-05,-115.45690852069733,-0.0009587018834468562,0.5155142968109905,0.3346421365957764,-18.087216021521407,False
2025-07-18,calm,BTC-25JUL25-107000-P,P,0.019190079369609335,0.11267057929076348,119544.44,119761.15852088523,0.0014,167.362216,fixed_28pct,DH_numerical,11.35928146948018,9.502141186558054e-05,-156.0029345305198,-0.001302617112737051,0.4978023382183655,0.3293185015875226,-16.848383663084288,False
2025-07-18,calm,BTC-25JUL25-111000-P,P,0.019195064656265855,0.07783890141761612,119768.16,119985.28409614656,0.0023,275.466768,fixed_28pct,DH_numerical,76.73159446044545,0.0006406677238795808,-198.73517353955455,-0.0016563295660516515,0.41749400562973726,0.31639004093733114,-10.110396469240612,False
2025-07-18,calm,BTC-25JUL25-113000-P,P,0.019200617357940132,0.06066946051775561,119850.61,120067.8835672725,0.0035,419.47713500000003,fixed_28pct,DH_numerical,177.80876038217144,0.0014835866115505915,-241.6683746178286,-0.002012764508191109,0.3919309043994135,0.3097108464766088,-8.222005792280473,False
2025-07-18,calm,BTC-25JUL25-114000-P,P,0.01918759113394216,0.04959913635940195,119580.09,119796.87314969832,0.005,597.90045,fixed_28pct,DH_numerical,292.97344842321695,0.002450018631222112,-304.927001576783,-0.002545366949567589,0.38639159659810096,0.30528362364327805,-8.110797295482291,False
2025-07-18,calm,BTC-25JUL25-116000-P,P,0.019190665556823947,0.03229678580475582,119590.78,119807.5825292779,0.008,956.72624,fixed_28pct,DH_numerical,604.1472175780038,0.005051787584109777,-352.5790224219961,-0.0029428773620053207,0.3675013259597831,0.29816439999849736,-6.933692596128571,False
2025-07-18,calm,BTC-25JUL25-117000-P,P,0.01917980590436327,0.022701248449335163,119469.84,119686.42328078825,0.0105,1254.43332,fixed_28pct,DH_numerical,870.7280012383294,0.0072882662372221255,-383.7053187616707,-0.0032059218434616057,0.36072202278982674,0.2941010243371022,-6.662099845272451,False
2025-07-18,calm,BTC-25JUL25-118000-P,P,0.01919117354769153,0.01536547880641431,119610.29,119827.12789837028,0.013,1554.9337699999999,fixed_28pct,DH_numerical,1135.5970409076515,0.009494141690548961,-419.3367290923484,-0.0034995141454780007,0.3586393404255669,0.290939845655509,-6.769949477005788,False
2025-07-18,calm,BTC-25JUL25-119000-P,P,0.019178217751141553,0.005572465666396692,119448.43,119664.974467243,0.017,2030.62331,fixed_28pct,DH_numerical,1575.703650931526,0.013191497376160792,-454.91965906847395,-0.0038016107979282053,0.35620204478953377,0.28663317838827007,-6.95688664012637,False
2025-07-18,calm,BTC-25JUL25-120000-C,C,0.01918281919076611,-0.0016784364709748914,119581.97,119798.7565578938,0.0195,2331.848415,fixed_28pct,DH_numerical,1778.383313007436,0.014871667635241633,-553.4651019925639,-0.0046199569836528065,0.36700707554509615,0.28338430819358124,-8.362276735151491,False
2025-07-18,calm,BTC-25JUL25-120000-P,P,0.01923264481861999,0.0003823750085032469,119828.66,120045.89377477748,0.02,2396.5732000000003,fixed_28pct,DH_numerical,1865.0406422254748,0.015564228476104754,-531.5325577745255,-0.0044277445988427835,0.36439226951921255,0.2843236466745,-8.006862284471255,False
2025-07-18,calm,BTC-25JUL25-122000-C,C,0.019189183250887875,-0.01819954324038362,119582.95,119799.73833450633,0.013,1554.57835,fixed_28pct,DH_numerical,947.4649954972501,0.007923077625173573,-607.1133545027499,-0.005067735230001591,0.37457440557739485,0.2757708287557378,-9.880357682165709,False
2025-07-18,calm,BTC-25JUL25-123000-C,C,0.019189168410705226,-0.02636285387954464,119582.95,119799.73833450633,0.0105,1255.620975,fixed_28pct,DH_numerical,653.2462127319,0.0054627036106058595,-602.3747622681001,-0.005028180951331811,0.37891150283384417,0.2718949131184545,-10.701658971538969,False
2025-07-18,calm,BTC-25JUL25-124000-C,C,0.019200528190005072,-0.03222220044697387,119850.86,120068.13402048998,0.009,1078.6577399999999,fixed_28pct,DH_numerical,487.56075805757905,0.004068062240501062,-591.0969819424208,-0.004923012977294612,0.3828677205678046,0.2690680307017566,-11.3799689866048,False
2025-07-18,calm,BTC-25JUL25-125000-C,C,0.01919232692795535,-0.041884474334166366,119655.65,119872.57013015043,0.0065,777.761725,fixed_28pct,DH_numerical,281.7800847409689,0.0023549250264485538,-495.98164025903105,-0.004137574089889989,0.3794510127716885,0.2643085351504326,-11.51424776212559,False
2025-07-18,calm,BTC-25JUL25-126000-C,C,0.01925509284627093,-0.04688019037768975,120011.85,120229.41587442043,0.006,720.0711,fixed_28pct,DH_numerical,207.7802277510826,0.00173133092899645,-512.2908722489174,-0.0042609445327756144,0.391898176342931,0.2618249660484768,-13.007321029445418,False
2025-07-18,calm,BTC-25JUL25-127000-C,C,0.019210969875697613,-0.05632849095157381,119826.8,120044.0304028394,0.0047,563.18596,fixed_28pct,DH_numerical,106.77943178984935,0.0008911147739057485,-456.40652821015067,-0.0038019927078302702,0.40248376194094754,0.256989865435324,-14.549389650562356,False
2025-07-18,calm,BTC-25JUL25-128000-C,C,0.019238515442668695,-0.06441004083090163,119798.24,120015.41862727412,0.0038,455.233312,fixed_28pct,DH_numerical,56.485210431909465,0.00047150284037486247,-398.74810156809053,-0.0033224739465056784,0.4105752237370853,0.25279004609911265,-15.778517763797268,False
2025-07-18,calm,BTC-25JUL25-129000-C,C,0.01925860197869102,-0.069754967592972,120090.57,120308.27858354153,0.0033,396.298881,fixed_28pct,DH_numerical,35.63857304376701,0.00029676412597397955,-360.660307956233,-0.002997801250275492,0.4159192395583066,0.2499705318554134,-16.594870770289322,False
2025-07-18,calm,BTC-25JUL25-130000-C,C,0.01927477495560629,-0.07488998468862573,120401.65,120619.92253112014,0.0028,337.12462,fixed_28pct,DH_numerical,22.111089037896214,0.0001836444021979451,-315.0135309621038,-0.002611621068491648,0.41787492885677474,0.24722956001246682,-17.064536884430794,False
2025-07-18,calm,BTC-25JUL25-135000-C,C,0.019235712836123794,-0.11799526947595261,119757.43,119974.53464405217,0.001,119.75743,fixed_28pct,DH_numerical,0.06412376713866405,5.354470878229773e-07,-119.69330623286133,-0.000997655932469126,0.4731571603836658,0.22326312258867623,-24.989403779498957,False
2025-07-18,calm,BTC-25JUL25-140000-C,C,0.019189240804160325,-0.1558585526071363,119578.45,119795.23017659163,0.0004,47.83138,fixed_28pct,DH_numerical,9.092020829664501e-06,7.603394114628934e-11,-47.83137090797917,-0.0003992760883506827,0.5160631864578026,0.20290107362981732,-31.316211282798523,False
2025-07-18,calm,BTC-25JUL25-85000-P,P,0.019207643899036023,0.34537431609896285,119846.81,120064.07667836675,0.0002,23.969362,fixed_28pct,DH_numerical,2.1854191091706086e-07,1.82351045402928e-12,-23.96936178145809,-0.00019963808030330616,0.9798079943003593,0.4008603963695927,-57.89475979307666,False
2025-07-18,calm,BTC-25JUL25-86000-P,P,0.019182725646879756,0.33146525743545946,119581.88,119798.66639473551,0.0003,35.874564,fixed_28pct,DH_numerical,7.454299462982646e-07,6.233636285850872e-12,-35.874563254570056,-0.00029945711696291927,0.990066870561742,0.3972181712525602,-59.284869930918184,False
2025-07-18,calm,BTC-25JUL25-94000-P,P,0.019192740360223236,0.2431411665280576,119656.45,119873.37158044637,0.0004,47.86258,fixed_28pct,DH_numerical,0.0012820356473458759,1.071430455563303e-08,-47.86129796435266,-0.0003992654693309698,0.7786115257603194,0.3720419931379243,-40.65695326223951,False
2025-07-18,calm,BTC-25JUL25-95000-P,P,0.019255817858954843,0.23583907788660954,120049.57,120267.20425587428,0.0005,60.024785,fixed_28pct,DH_numerical,0.002376364908663735,1.9794863977136568e-08,-60.02240863509134,-0.0004990754462653906,0.780129530838739,0.36983591750579203,-41.0293613332947,False
2025-09-05,calm,BTC-12SEP25-100000-P,P,0.019275685216894975,0.11675600700641818,112227.1,112384.51858838873,0.0016,179.56336000000002,fixed_28pct,DH_numerical,8.550335699823703,7.618779866737805e-05,-171.0130243001763,-0.0015216777759801245,0.5255088756426358,0.3307861330297536,-19.47227426128822,False
2025-09-05,calm,BTC-12SEP25-102000-P,P,0.019195142472095385,0.10350736164550486,112965.05,113123.5036953041,0.0019,214.633595,fixed_28pct,DH_numerical,18.19445951873821,0.0001610627315150855,-196.43913548126181,-0.0017365015144011691,0.4967586039220706,0.3259928923268596,-17.0765711595211,False
2025-09-05,calm,BTC-12SEP25-104000-P,P,0.019209982813292746,0.08235511320561285,112769.32,112927.4991489574,0.0028,315.754096,fixed_28pct,DH_numerical,57.382797336536285,0.0005088511426382307,-258.37129866346373,-0.0022879396126771405,0.4583493058356503,0.318112602404864,-14.023670343078631,False
2025-09-05,calm,BTC-12SEP25-105000-P,P,0.01925216444698123,0.07194971326983772,112675.09,112833.13697452194,0.0038,428.165342,fixed_28pct,DH_numerical,97.70999200948751,0.0008671836162676906,-330.4553499905125,-0.0029287083462469924,0.45263810050821507,0.3141274039794051,-13.851069652880998,False
2025-09-05,calm,BTC-12SEP25-106000-P,P,0.019179347095383055,0.06500921204622485,112961.45,113119.89864565994,0.004,451.8458,fixed_28pct,DH_numerical,136.07937256133278,0.001204653203029288,-315.7664274386672,-0.0027914313150843883,0.4291267661505638,0.3114180572486992,-11.770870890186458,False
2025-09-05,calm,BTC-12SEP25-107000-P,P,0.01918688444951801,0.05595607856341437,112999.48,113157.98198953959,0.005,564.9974,fixed_28pct,DH_numerical,208.0700559737796,0.0018413364023779544,-356.92734402622034,-0.003154239212742544,0.4178744530524224,0.3078369726852285,-11.003748036719385,False
2025-09-05,calm,BTC-12SEP25-108000-P,P,0.019204940417300864,0.044791236090479566,112789.22,112947.42706226808,0.007,789.52454,fixed_28pct,DH_numerical,340.8517932686421,0.0030220245628850176,-448.6727467313579,-0.0039724034305270535,0.41439105455733094,0.30333264531169885,-11.105840924563209,False
2025-09-05,calm,BTC-12SEP25-109000-P,P,0.019197004185692545,0.03633163622762885,112874.64,113032.96687910215,0.0085,959.4344400000001,fixed_28pct,DH_numerical,485.1002942191188,0.004297690732117673,-474.33414578088133,-0.004196423033717409,0.40254660769347256,0.299848438277134,-10.269816941633858,False
2025-09-05,calm,BTC-12SEP25-110000-P,P,0.019222295630390664,0.02684684142457117,112834.88,112993.15110858796,0.011,1241.1836799999999,fixed_28pct,DH_numerical,705.232769922031,0.0062501308985486665,-535.9509100779688,-0.004743215892465134,0.3977868463769885,0.29587250985907926,-10.191433651790927,False
2025-09-05,calm,BTC-12SEP25-112000-P,P,0.019250421296296297,0.008054871698252968,112747.64,112905.78873887823,0.0175,1973.0837000000001,fixed_28pct,DH_numerical,1374.374551108872,0.012189829881218552,-598.709148891128,-0.005302732088217256,0.38543351593403946,0.28774684048931465,-9.768667544472482,False
2025-09-05,calm,BTC-12SEP25-113000-P,P,0.019180962233637747,0.0010180827002609586,112956.66,113115.10192682788,0.02,2259.1332,fixed_28pct,DH_numerical,1720.7067355203064,0.015233335825619369,-538.4264644796938,-0.00475998744029769,0.3708381702182614,0.284598859104764,-8.623931111349737,False
2025-09-05,calm,BTC-12SEP25-114000-C,C,0.019181771530948754,-0.00794589188427329,112939.34,113097.75763242882,0.017,1919.9687800000002,fixed_28pct,DH_numerical,1345.4580500481604,0.011913103530161949,-574.5107299518397,-0.005079771181839141,0.37357584871101807,0.280530401363747,-9.304544734727106,False
2025-09-05,calm,BTC-12SEP25-115000-C,C,0.01919768864155251,-0.017444877063790443,112852.94,113011.2364409694,0.0135,1523.51469,fixed_28pct,DH_numerical,923.3754473551085,0.008182112467385505,-600.1392426448915,-0.00531043869215934,0.3788773380532097,0.27612737167526225,-10.274996637794748,False
2025-09-05,calm,BTC-12SEP25-116000-C,C,0.019178238362506345,-0.02504274099406845,112972.65,113131.11435566394,0.01,1129.7265,fixed_28pct,DH_numerical,656.7019226713708,0.005812928374003538,-473.0245773286292,-0.0041812067354125475,0.36077478358399184,0.27252402509358004,-8.82507584904118,False
2025-09-05,calm,BTC-12SEP25-119000-C,C,0.019188439022070014,-0.051199131203636346,112902.28,113060.64564914774,0.0045,508.06025999999997,fixed_28pct,DH_numerical,145.13006054254635,0.0012854484474764047,-362.9301994574536,-0.003210048884593376,0.37303527910302875,0.2596127510121072,-11.342252809092157,False
2025-09-05,calm,BTC-12SEP25-120000-C,C,0.019187111777016742,-0.058724883100107615,112997.44,113155.93912807459,0.0034,384.19129599999997,fixed_28pct,DH_numerical,83.6099155064761,0.0007399275196542161,-300.58138049352385,-0.002656346479112452,0.3730510627690631,0.2557407893983229,-11.731027337074018,False
2025-09-05,calm,BTC-12SEP25-122000-C,C,0.01923779585235921,-0.07738162734177031,112757.3,112915.46228875667,0.002,225.5146,fixed_28pct,DH_numerical,16.035023829573294,0.0001422082989710936,-209.4795761704267,-0.0018551894658565748,0.3933909208226637,0.2458692015735209,-14.752171924914279,False
2025-09-05,calm,BTC-12SEP25-124000-C,C,0.019192682775240996,-0.09210675296422283,112930.56,113088.96531690784,0.0012,135.51667199999997,fixed_28pct,DH_numerical,3.006835993634649,2.662552982677717e-05,-132.50983600636533,-0.001171730907918687,0.40242394743262055,0.23777140976013206,-16.46525376724885,False
2025-09-05,calm,BTC-12SEP25-125000-C,C,0.01919271229705733,-0.10012918420998515,112931.66,113090.06685985466,0.001,112.93166000000001,fixed_28pct,DH_numerical,1.0340864669546455,9.156745477350155e-06,-111.89757353304536,-0.0009894553663295019,0.41505687105427264,0.233293616069412,-18.17632549848606,False
2025-09-05,calm,BTC-12SEP25-130000-C,C,0.019281410736935567,-0.14533875104151395,112257.35,112414.81101942631,0.0005,56.128675,fixed_28pct,DH_numerical,0.00016406082853428873,1.461470705787093e-09,-56.12851093917147,-0.0004992981834882233,0.5011446594528879,0.20832300061152254,-29.282165884136536,False
2025-09-05,calm,BTC-12SEP25-135000-C,C,0.019249690639269405,-0.17892833399578545,112724.27,112882.38595827167,0.0003,33.817281,fixed_28pct,DH_numerical,2.0932881494238312e-09,1.8569986298636762e-14,-33.817280997906714,-0.00029957978572855184,0.5579418995799535,,,False
2025-09-05,calm,BTC-12SEP25-90000-P,P,0.01920613267376966,0.2271797296654179,112796.77,112954.98765249399,0.0003,33.839031,fixed_28pct,DH_numerical,0.0042414162830828606,3.760228491545334e-08,-33.83478958371692,-0.0002995422361322339,0.706005887956288,0.3672069734794393,-33.87989144768488,False
2025-09-05,calm,BTC-12SEP25-95000-P,P,0.019275726788432267,0.16805660798038408,112227.92,112385.33973858545,0.0006,67.33675199999999,fixed_28pct,DH_numerical,0.32373701014917083,2.884638779273204e-06,-67.01301498985082,-0.0005962789732693501,0.5968142022210055,0.34841562370088547,-24.839857852012,False
2025-09-08,calm,BTC-26SEP25-100000-P,P,0.04938004575722983,0.10918130459910476,111427.43,111536.45527338712,0.0055,612.8508649999999,fixed_28pct,DH_numerical,228.8379561996542,0.002053695003103403,-384.0129088003457,-0.003442936283559409,0.4252942854232803,0.3287527622189906,-9.654152320428972,False
2025-09-08,calm,BTC-26SEP25-104000-P,P,0.04931913457635718,0.06842532088316913,111256.49,111365.3480185179,0.01,1112.5649,fixed_28pct,DH_numerical,653.5429801353719,0.005874200957942964,-459.0219198646282,-0.004121766133109032,0.3861035529890402,0.31499940755107664,-7.110414543796356,False
2025-09-08,calm,BTC-26SEP25-106000-P,P,0.04936526531582953,0.0521735881247468,111568.05,111677.21286189603,0.0135,1506.1686750000001,fixed_28pct,DH_numerical,964.7498241459056,0.008647187291934434,-541.4188508540946,-0.0048480691537640015,0.38027621078004964,0.30927980596730686,-7.099640481274277,False
2025-09-08,calm,BTC-26SEP25-108000-P,P,0.049377227676306444,0.033294376892421734,111547.18,111656.32244181224,0.0185,2063.62283,fixed_28pct,DH_numerical,1469.8288364686928,0.01317674580808491,-593.793993531307,-0.005318050787860692,0.36992211442854706,0.3024450614046412,-6.7477053023905835,False
2025-09-08,calm,BTC-26SEP25-112000-C,C,0.049381299308726534,-0.00458991904315855,111378.13,111487.10703619834,0.031,3452.72203,fixed_28pct,DH_numerical,2604.0856319906193,0.023380583171854468,-848.6363980093806,-0.007611968958292549,0.37396101099965817,0.2880667126134644,-8.589429838619377,False
2025-09-08,calm,BTC-26SEP25-118000-C,C,0.04931762176560122,-0.05783353067919421,111260.37,111369.23181487272,0.011,1223.8640699999999,fixed_28pct,DH_numerical,588.2054317592181,0.005286747039931811,-635.6586382407818,-0.005707668337853195,0.3556424509683776,0.2662032348151793,-8.943921615319827,False
2025-09-08,calm,BTC-26SEP25-120000-C,C,0.049414030060882796,-0.07491877410692396,111229.43,111338.26154187837,0.007,778.60601,fixed_28pct,DH_numerical,301.26415388107137,0.002708493191784507,-477.3418561189286,-0.004287311922320459,0.34615162884785744,0.2588140371088942,-8.733759173896322,False
2025-09-08,calm,BTC-26SEP25-122000-C,C,0.04935536621638762,-0.09114235839387955,111263.44,111372.30481868955,0.005,556.3172000000001,fixed_28pct,DH_numerical,140.7712709006723,0.001265206890068043,-415.54592909932774,-0.003731142403632778,0.35351191477453564,0.25158751055996825,-10.19244042145674,False
2025-09-08,calm,BTC-26SEP25-126000-C,C,0.04937431100963978,-0.12127513721247028,111500.47,111609.56673878814,0.0023,256.451081,fixed_28pct,DH_numerical,23.375426243903583,0.00020964419471867322,-233.0756547560964,-0.0020883125126861966,0.3565441173046886,0.23794491994064323,-11.859919736404537,False
2025-09-08,calm,BTC-26SEP25-128000-C,C,0.04942443004819888,-0.1399278749614276,111177.1,111285.88034001044,0.0016,177.88336,fixed_28pct,DH_numerical,5.616712041081635,5.052040430161998e-05,-172.26664795891838,-0.0015479650017827431,0.36957412389554806,0.2295217729689138,-14.005235092663426,False
2025-09-08,calm,BTC-26SEP25-132000-C,C,0.04941328982749873,-0.17054942405195644,111193.79,111302.58667020679,0.001,111.19378999999999,fixed_28pct,DH_numerical,0.28001463623498973,2.518257865254793e-06,-110.913775363765,-0.0009965067181448904,0.3985993109086635,0.21618717187054687,-18.241213903811666,False
2025-09-08,calm,BTC-26SEP25-98000-P,P,0.04937899334094368,0.13009839221180905,111507.06,111616.16318672067,0.0039,434.87753399999997,fixed_28pct,DH_numerical,127.60708400401609,0.0011443856918478175,-307.2704499959839,-0.0027529207349831285,0.43977989698811876,0.3355047230969423,-10.427517389117646,False
2023-08-18,shock,BTC-29SEP23-20000-P,P,0.11510144216133943,0.2871070664283846,26449.57,26651.33758029029,0.0043,113.73315099999999,fixed_28pct,SH_numerical,23.07672047100934,0.0008724799862912456,-90.65643052899065,-0.00340157150671622,0.5484839080351033,0.4105166087795251,-13.796729925557816,False
2023-08-18,shock,BTC-29SEP23-21000-P,P,0.1151080652270421,0.23844619656927588,26452.99,26654.78366937698,0.006,158.71794000000003,fixed_28pct,SH_numerical,50.55095697358242,0.001910973276502294,-108.1669830264176,-0.004058070189880699,0.5113087489522226,0.39942149737051474,-11.188725158170781,False
2023-08-18,shock,BTC-29SEP23-22000-P,P,0.11508866482749873,0.19177193316603847,26448.91,26650.67254555426,0.008,211.59128,fixed_28pct,SH_numerical,103.20883477429706,0.0039021961500227066,-108.38244522570295,-0.0040667808679290835,0.4678883768741148,0.3883511269789572,-7.953724989515759,False
2023-08-18,shock,BTC-29SEP23-23000-P,P,0.1151080652270421,0.14747441836354905,26452.99,26654.78366937698,0.0122,322.72647800000004,fixed_28pct,SH_numerical,195.9601446662342,0.0074078637109163915,-126.76633333376583,-0.004755856768757217,0.44396277363583636,0.37742002550739806,-6.6542748128438305,False
2023-08-18,shock,BTC-29SEP23-24000-P,P,0.1150805249873161,0.10467548288950165,26446.66,26648.405381681438,0.018,476.03988,fixed_28pct,SH_numerical,350.1865988987222,0.013241241007322747,-125.85328110127779,-0.004722732159718324,0.4167239773242909,0.3664014790737691,-5.032249825052181,False
2023-08-18,shock,BTC-29SEP23-25000-P,P,0.11510698779173009,0.06427651469221499,26457.85,26659.68074334227,0.0278,735.5282299999999,fixed_28pct,SH_numerical,584.4811334903135,0.022091029070401166,-151.0470965096864,-0.005665750387780148,0.4046273824005224,0.3555576229977433,-4.906975940277908,False
2023-08-18,shock,BTC-29SEP23-26000-P,P,0.11507396305809234,0.024152448009356446,26433.96,26635.60850115485,0.042,1110.22632,fixed_28pct,SH_numerical,933.766411234935,0.0353244996676599,-176.45990876506494,-0.006624962548064712,0.39485703531772953,0.34427676472950586,-5.0580270588223675,False
2023-08-18,shock,BTC-29SEP23-27000-C,C,0.11507217018645358,-0.013867105272662581,26426.58,26628.172203651997,0.0465,1228.83597,fixed_28pct,SH_numerical,1031.1811607638172,0.03902060579779211,-197.65480923618293,-0.00742277042992365,0.38800458880470867,0.3330782035261036,-5.492638527860505,False
2023-08-18,shock,BTC-29SEP23-28000-C,C,0.1151045541920345,-0.04875362705166406,26465.75,26667.641007606842,0.034,899.8355,fixed_28pct,SH_numerical,642.0436353774867,0.02425941586304891,-257.79186462251334,-0.009666841718357435,0.3979936201371984,0.3223118609785959,-7.5681759158602535,False
2023-08-18,shock,BTC-29SEP23-29000-C,C,0.11508392941400304,-0.08438730412713888,26451.4,26653.181540240184,0.024,634.8336,fixed_28pct,SH_numerical,351.65197073516777,0.013294266871892139,-283.1816292648323,-0.010624683917651371,0.4069620583844821,0.3107278366910055,-9.623422169347656,False
2023-08-18,shock,BTC-29SEP23-30000-C,C,0.11510564437468289,-0.117722316633254,26466.39,26668.28588977511,0.018,476.39501999999993,fixed_28pct,SH_numerical,174.93266566270088,0.0066096156545226185,-301.4623543372991,-0.01130415188975017,0.42533302751131896,0.2993166829931554,-12.601634451816357,False
2023-08-18,shock,BTC-29SEP23-35000-C,C,0.11513173560375443,-0.2718442812073834,26467.15,26669.051687349933,0.005,132.33575000000002,fixed_28pct,SH_numerical,0.22309783805339833,8.429235412705876e-06,-132.1126521619466,-0.004953781398406913,0.5109468815715087,0.23652335636669197,-27.442352520481673,False
2023-10-23,shock,BTC-29DEC23-24000-P,P,0.18356287943937089,0.25144657504154105,30522.92,30861.220798051287,0.0155,473.10526,fixed_28pct,SH_numerical,162.326918271698,0.005318197547013785,-310.778341728302,-0.010070189502935215,0.5521860776927368,0.40955620220727634,-14.262987548546041,False
2023-10-23,shock,BTC-29DEC23-25000-P,P,0.18357180704591577,0.21039718454822928,30515.98,30854.20387855805,0.02,610.3196,fixed_28pct,SH_numerical,254.6460478055265,0.008344678683284184,-355.67355219447353,-0.011527555648313025,0.5330994370865297,0.4013596827199684,-13.173975436656132,False
2023-10-23,shock,BTC-29DEC23-27000-P,P,0.18361817858954846,0.13991563467163953,30714.35,31054.772512545544,0.0335,1028.930725,fixed_28pct,SH_numerical,532.0888300766576,0.017323786115501633,-496.84189492334235,-0.01599889017775376,0.5181947188177624,0.3867468784271216,-13.144784039064078,False
2023-10-23,shock,BTC-29DEC23-30000-P,P,0.18359523684043633,0.03561042024272565,30746.78,31087.561950465664,0.071,2183.0213799999997,fixed_28pct,SH_numerical,1402.1843296004545,0.04560426586460288,-780.8370503995452,-0.025117346019083654,0.5166893101865667,0.36365219286032413,-15.303711732624258,False
2023-10-23,shock,BTC-29DEC23-32000-C,C,0.18366562347792997,-0.03032499462871697,30703.86,31044.166246625653,0.08,2456.3088000000002,fixed_28pct,SH_numerical,1434.4104254685044,0.04671759268927439,-1021.8983745314958,-0.032917565458617244,0.5410665196592633,0.34800620232800966,-19.306031733125366,False
2023-10-23,shock,BTC-29DEC23-33000-C,C,0.18358757883054286,-0.05990858371648203,30740.36,31081.07079439267,0.0685,2105.71466,fixed_28pct,SH_numerical,1059.081711925149,0.03445248240180496,-1046.6329480748511,-0.03367428860474376,0.5431116378172971,0.34064881988790524,-20.246281792939186,False
2023-10-23,shock,BTC-29DEC23-34000-C,C,0.18358160708396754,-0.09095971294653507,30703.55,31043.852810740507,0.059,1811.5094499999998,fixed_28pct,SH_numerical,732.9353377318719,0.023871354867169167,-1078.574112268128,-0.0347435648159936,0.5531122867754044,0.33271465326569444,-22.039763350970993,False
2023-10-23,shock,BTC-29DEC23-35000-C,C,0.1836686566780822,-0.12070999318483927,30680.14,31020.183345994592,0.0525,1610.70735,fixed_28pct,SH_numerical,488.69050909300904,0.015928561900076372,-1122.0168409069909,-0.03617054188210879,0.572039058687328,0.32490394429642616,-24.71351143909018,False
2023-10-23,shock,BTC-29DEC23-36000-C,C,0.1835759743150685,-0.15049037118516015,30630.8,30970.29648608159,0.044,1347.7551999999998,fixed_28pct,SH_numerical,305.1615482907102,0.009962571930563687,-1042.5936517092896,-0.033664309677430546,0.572895930588261,0.3167788923132444,-25.611703827501664,False
2023-10-23,shock,BTC-29DEC23-37000-C,C,0.183654147260274,-0.17732601895184827,30648.06,30987.74778729964,0.039,1195.27434,fixed_28pct,SH_numerical,188.12304128164155,0.006138171267011405,-1007.1512987183584,-0.03250159726455307,0.5855971385122246,0.3092807374416356,-27.631640107058903,False
2023-10-23,shock,BTC-29DEC23-38000-C,C,0.18358899429223746,-0.20103240042623854,30738.97,31079.665388327023,0.034,1045.12498,fixed_28pct,SH_numerical,115.76051358069552,0.0037659203799182443,-929.3644664193046,-0.02990265354556737,0.5892757699406612,0.30241362488044693,-28.68621450602143,False
2023-10-23,shock,BTC-29DEC23-39000-C,C,0.18357936485286655,-0.228945416295037,30679.47,31019.505920049283,0.0295,905.044365,fixed_28pct,SH_numerical,59.871009894130374,0.0019515007884468138,-845.1733551058696,-0.027246512477801802,0.5989930988513675,0.2941025533568975,-30.489054549447005,False
2023-10-23,shock,BTC-29DEC23-40000-C,C,0.18358892830416032,-0.2523221163008076,30739.08,31079.776607512074,0.0265,814.5856200000001,fixed_28pct,SH_numerical,31.902659517843578,0.0010378534269029384,-782.6829604821564,-0.025183030443435672,0.6097890723353685,0.2869297395061482,-32.28593328292203,False
2023-10-26,shock,BTC-24NOV23-29000-P,P,0.07947974651192288,0.18822759263631017,34693.83,35006.13817785115,0.0105,364.28521500000005,fixed_28pct,SH_numerical,54.8105177347591,0.001579834735304782,-309.47469726524093,-0.008840583776848876,0.6023579504072346,0.3807982785851556,-22.155967182207903,False
2023-10-26,shock,BTC-24NOV23-30000-P,P,0.07945303063165907,0.1533037230536002,34658.38,34970.36906275475,0.0144,499.08067199999994,fixed_28pct,SH_numerical,107.45039353429179,0.0031002716668895604,-391.63027846570816,-0.011198917511076961,0.5817328944373886,0.371263576308577,-21.046931812881166,False
2023-10-26,shock,BTC-24NOV23-31000-P,P,0.0795225078957382,0.12252552996388377,34728.17,35040.787300909265,0.0195,677.199315,fixed_28pct,SH_numerical,189.5257002338705,0.005457405335031202,-487.67361476612945,-0.013917313289175866,0.5693477656468494,0.3625722266868239,-20.677553896002554,False
2023-10-26,shock,BTC-24NOV23-32000-P,P,0.07950538974505326,0.09114361353680861,34740.91,35053.64198430357,0.0265,920.6341150000001,fixed_28pct,SH_numerical,325.90081355470556,0.009380894557877313,-594.7333014452945,-0.01696637689492025,0.5589459518131343,0.35335372601062376,-20.559222580251056,False
2023-10-26,shock,BTC-24NOV23-36000-C,C,0.07948235724251648,-0.026808401457431037,34735.04,35047.71914352456,0.0535,1858.32464,fixed_28pct,SH_numerical,838.5060821925605,0.02414006381430856,-1019.8185578074396,-0.029098000746672324,0.5771273628622716,0.3149056890380478,-26.222167382422384,False
2023-10-26,shock,BTC-24NOV23-37000-C,C,0.07946918921232876,-0.055543518977004484,34688.66,35000.92163835754,0.044,1526.30104,fixed_28pct,SH_numerical,481.6140044797516,0.013883903398971062,-1044.6870355202484,-0.029847415057075954,0.5921937044309735,0.30436572866703726,-28.782797576393627,False
2023-10-26,shock,BTC-24NOV23-38000-C,C,0.07946233647260273,-0.08259121274050377,34675.5,34987.643174191995,0.0365,1265.65575,fixed_28pct,SH_numerical,253.03819834130047,0.007297319385194171,-1012.6175516586994,-0.028942148135477685,0.6070749872170453,0.29390206964730936,-31.317291756973596,False
2023-10-26,shock,BTC-24NOV23-40000-C,C,0.07949175386859463,-0.13257348962513577,34720.99,35033.542667724716,0.025,868.02475,fixed_28pct,SH_numerical,49.77714867338388,0.0014336327585527913,-818.2476013266162,-0.023356119279379688,0.6275952578211735,0.27291639898272463,-35.46788588384489,False
2023-10-26,shock,BTC-24NOV23-42000-C,C,0.07948895608193811,-0.18074030598792323,34742.64,35055.387557480346,0.017,590.6248800000001,fixed_28pct,SH_numerical,4.445052352283964,0.0001279422735947517,-586.1798276477161,-0.016721533221863732,0.6465317003135949,0.2500832385558869,-39.644846175770795,False
2023-10-26,shock,BTC-24NOV23-44000-C,C,0.07947396058472857,-0.22929880043984524,34671.89,34984.000677562995,0.0115,398.72673499999996,fixed_28pct,SH_numerical,0.08413750414089514,2.4266777536758206e-06,-398.6425974958591,-0.011394997420964741,0.6680855118004256,0.22380676217858703,-44.427874962183864,False
2023-10-26,shock,BTC-24NOV23-46000-C,C,0.0794822417237443,-0.27191876802713305,34735.46,35048.1429242958,0.008,277.88368,fixed_28pct,SH_numerical,0.00024250310795720948,6.981427853761242e-09,-277.88343749689204,-0.007928620871500152,0.6846807266510474,0.19816958049332833,-48.65111461577191,False
2023-10-26,shock,BTC-24NOV23-48000-C,C,0.07952338280060882,-0.3143859739479086,34738.67,35051.38182019028,0.0055,191.062685,fixed_28pct,SH_numerical,1.4377776488677714e-08,4.138839077223657e-13,-191.0626849856222,-0.0054509316056568806,0.7002092643869212,,,False
2024-02-29,shock,BTC-8MAR24-49000-P,P,0.02199230590436327,0.2552934495191499,62813.96,63251.177727365415,0.0018,113.065128,fixed_28pct,SH_numerical,0.002846709718572416,4.531969833731891e-08,-113.06228129028143,-0.0017875126654181715,0.9572479255826316,0.3869671841955381,-57.02807413870935,False
2024-02-29,shock,BTC-8MAR24-50000-P,P,0.02201515379249112,0.23797828311994992,62995.6,63434.08203593629,0.002,125.9912,fixed_28pct,SH_numerical,0.009188629229076218,1.4586144475290684e-07,-125.98201137077093,-0.001986030337751248,0.9197487248111971,0.38181295321575853,-53.79357715954385,False
2024-02-29,shock,BTC-8MAR24-52000-P,P,0.02194171997082699,0.19283265556829868,62623.46,63059.35174860109,0.0033,206.657418,fixed_28pct,SH_numerical,0.1558369042001685,2.488474833555484e-06,-206.50158109579985,-0.0032747177915665917,0.8597917233622958,0.36780564733454857,-49.19860760277472,False
2024-02-29,shock,BTC-8MAR24-53000-P,P,0.021923783136732624,0.17555044877762052,62734.15,63170.812208388095,0.0039,244.663185,fixed_28pct,SH_numerical,0.4369933623714235,6.9657971355541355e-06,-244.22619163762857,-0.0038661239756103555,0.8301289908398336,0.36221886177083695,-46.79101290689967,False
2024-02-29,shock,BTC-8MAR24-54000-P,P,0.021936777524099442,0.1552200670788126,62631.46,63067.407432748674,0.0055,344.47303,fixed_28pct,SH_numerical,1.4081447522457646,2.2483026138074454e-05,-343.0648852477542,-0.005439654160726016,0.8244914591825504,0.35547820174748,-46.90132574350704,False
2024-02-29,shock,BTC-8MAR24-55000-P,P,0.021980263064434298,0.13995518985585573,62824.93,63262.22408425279,0.007,439.77451,fixed_28pct,SH_numerical,3.3011775963602967,5.254566294559018e-05,-436.47333240363974,-0.00689943072223233,0.8178040331829347,0.35029216561318977,-46.75118675697449,False
2024-02-29,shock,BTC-8MAR24-55500-P,P,0.021966496797311007,0.1303801064013499,62791.94,63229.00445674919,0.008,502.33552000000003,fixed_28pct,SH_numerical,5.466017691253731,8.704967056685508e-05,-496.8695023087463,-0.007858252815740948,0.8106736849327371,0.3469606038203547,-46.371308111238235,False
2024-02-29,shock,BTC-8MAR24-56000-P,P,0.02199303697361745,0.12298714831714998,62890.96,63328.713687285905,0.009,566.01864,fixed_28pct,SH_numerical,8.068825334387574,0.00012829865110005595,-557.9498146656124,-0.008810376560318932,0.8086746569328367,0.3443664636747661,-46.43081932580706,False
2024-02-29,shock,BTC-8MAR24-56500-P,P,0.022008551401572807,0.11733047967461836,63094.57,63533.74091844708,0.009,567.8511299999999,fixed_28pct,SH_numerical,10.813566323460575,0.00017138663950733916,-557.0375636765393,-0.008767586413517844,0.7828393489877864,0.3423583274708672,-44.04810215169192,False
2024-02-29,shock,BTC-8MAR24-58500-P,P,0.02201215147767631,0.08249221828129787,63091.28,63530.42801834139,0.016,1009.46048,fixed_28pct,SH_numerical,56.18541094460006,0.0008905416238916069,-953.2750690553999,-0.015005015687603852,0.7886064360043208,0.3295045218313768,-45.9101914172944,False
2024-02-29,shock,BTC-8MAR24-59000-P,P,0.02194114817985794,0.06623308753596721,62604.31,63040.068454672815,0.02,1252.0862,fixed_28pct,SH_numerical,110.95956832987193,0.0017723950368572377,-1141.126631670128,-0.018101608384048996,0.7839778365924199,0.32317709063633554,-46.08007459560844,False
2024-02-29,shock,BTC-8MAR24-59500-P,P,0.021938728786149164,0.05759549078129061,62591.87,63027.541865823325,0.023,1439.61301,fixed_28pct,SH_numerical,157.37266651353355,0.002514266893025141,-1282.2403434864664,-0.020344127432673383,0.791945783256986,0.3197459176401375,-47.21998656168485,False
2024-02-29,shock,BTC-8MAR24-61000-P,P,0.021981969178082192,0.03583431811360583,62788.49,63225.530442960546,0.03,1883.6546999999998,fixed_28pct,SH_numerical,357.80626453665604,0.005698596423272101,-1525.8484354633438,-0.024133422444591445,0.7789008673089645,0.31083905473181306,-46.80618125771514,False
2024-02-29,shock,BTC-8MAR24-63000-P,P,0.02197476182775241,0.0014143620096400077,62653.07,63089.16784955234,0.0465,2913.3677549999998,fixed_28pct,SH_numerical,1058.5257094569924,0.01689503338714276,-1854.8420455430073,-0.029400325107571835,0.7937619643239132,0.2957383314887958,-49.80236328351174,False
2024-02-29,shock,BTC-8MAR24-64000-C,C,0.021948678779807204,-0.012177449313743727,62788.33,63225.3693292776,0.0405,2542.927365,fixed_28pct,SH_numerical,744.1488308248676,0.0118517060546899,-1798.7785341751323,-0.028450265348504287,0.7754547093474637,0.28937088531612754,-48.60838240313362,False
2024-02-29,shock,BTC-8MAR24-64500-C,C,0.0219377195268899,-0.022623661493204078,62621.28,63057.15657467087,0.037,2316.9873599999996,fixed_28pct,SH_numerical,500.9178624166832,0.007999163581719876,-1816.0694975833164,-0.02880037090528761,0.7920393118050524,0.28430788021792985,-50.77314315871225,False
2024-02-29,shock,BTC-8MAR24-65000-C,C,0.021954731703450026,-0.028537415661734043,62734.62,63171.285479831764,0.034,2132.97708,fixed_28pct,SH_numerical,391.82303643262344,0.006245722639790014,-1741.1540435673767,-0.027562428567695717,0.7812824091559047,0.28138505038026784,-49.98973587756369,False
2024-02-29,shock,BTC-8MAR24-66000-C,C,0.021928038115169964,-0.04575243920262514,62612.56,63048.375878950006,0.0285,1784.45796,fixed_28pct,SH_numerical,166.94647650385613,0.002666341649404786,-1617.511483496144,-0.02565508565362083,0.7967126469085606,0.2724890491297093,-52.42235977788513,False
2024-02-29,shock,BTC-8MAR24-68000-C,C,0.021936975202942667,-0.07549313086279838,62619.59,63055.454811394695,0.0205,1283.701595,fixed_28pct,SH_numerical,21.46936385710471,0.0003428537915547628,-1262.2322311428952,-0.020017811859709213,0.8168768323350389,0.25577414244402163,-56.11026898910173,False
2024-02-29,shock,BTC-8MAR24-70000-C,C,0.02193446816336885,-0.10348610645611421,62681.9,63118.198521299186,0.0145,908.88755,fixed_28pct,SH_numerical,1.1168018737229854,1.7816975454205847e-05,-907.770748126277,-0.01438207631702211,0.8293218975745971,0.2379257835028513,-59.13961140717458,False
2024-02-29,shock,BTC-8MAR24-72000-C,C,0.022022204654997466,-0.128176077294097,62900.47,63338.289881816345,0.011,691.90517,fixed_28pct,SH_numerical,0.02177317574857322,3.461528307908227e-07,-691.8833968242515,-0.010923619790102397,0.8519451234502358,0.2199805864904344,-63.19645369598014,False
2024-02-29,shock,BTC-8MAR24-74000-C,C,0.021918328608574327,-0.1593134813666806,62665.76,63101.94617853144,0.007,438.66032,fixed_28pct,SH_numerical,4.155388670687478e-06,6.631035306501473e-11,-438.6603158446113,-0.0069516131024474235,0.8601658819429434,0.1931077747966791,-66.70581071462644,False
2024-02-29,shock,BTC-8MAR24-76000-C,C,0.02192382290081177,-0.18491983028202047,62732.34,63168.9896098497,0.005,313.6617,fixed_28pct,SH_numerical,-1.65308057548259e-09,-2.6351329720565023e-14,-313.66170000165306,-0.004965437977382893,0.8778789151018811,,,False
2025-10-12,shock,BTC-31OCT25-100000-P,P,0.052087223205225776,0.1134745804005474,111825.67,112016.34144251612,0.0085,950.5181950000001,fixed_28pct,SH_numerical,302.2097259114967,0.0027025076255880846,-648.3084690885034,-0.0057876240264568765,0.48872009961768237,0.3517460473295972,-13.697405228808519,False
2025-10-12,shock,BTC-31OCT25-102000-P,P,0.05206753513444952,0.09287038477879103,111736.07,111926.58866756519,0.011,1229.09677,fixed_28pct,SH_numerical,491.8121898945075,0.004401552604226258,-737.2845801054925,-0.006587215682015578,0.47085764521211426,0.34503854808507806,-12.58190971270362,False
2025-10-12,shock,BTC-31OCT25-105000-P,P,0.052167198598427195,0.06416919607088947,111768.07,111958.64323004766,0.018,2011.82526,fixed_28pct,SH_numerical,933.3560874298062,0.008350829422301075,-1078.469172570194,-0.009632745998486273,0.4752016721346993,0.3353870098220153,-13.981466231268403,False
2025-10-12,shock,BTC-31OCT25-106000-P,P,0.05212723709411467,0.0556293671335694,111873.06,112063.81224614252,0.0185,2069.65161,fixed_28pct,SH_numerical,1116.692410353124,0.00998178122912812,-952.959199646876,-0.00850371926981878,0.4495389238843547,0.3324017331884804,-11.71371906958743,False
2025-10-12,shock,BTC-31OCT25-108000-P,P,0.05205597605910705,0.034558320853792596,111607.24,111797.53900242086,0.026,2901.78824,fixed_28pct,SH_numerical,1696.7615130308488,0.015202969924091383,-1205.026726969151,-0.010778651638682829,0.4551726300251792,0.32485592272979286,-13.031670729538636,False
2025-10-12,shock,BTC-31OCT25-111000-P,P,0.05206324790715373,0.0072700860374546785,111619.6,111809.92007717972,0.036,4018.3055999999997,fixed_28pct,SH_numerical,2801.9288935446857,0.02510248104763577,-1216.376706455314,-0.010878969465461366,0.4351913599212449,0.31468745539690035,-12.050390452434456,False
2025-10-12,shock,BTC-31OCT25-112000-C,C,0.052089843924403856,-0.0008084556238861046,111719.0,111909.48956189092,0.0405,4524.6195,fixed_28pct,SH_numerical,3130.46517273337,0.028020884296613556,-1394.15432726663,-0.01245787406165945,0.44848841053097815,0.3115850504479338,-13.690336008304438,False
2025-10-12,shock,BTC-31OCT25-113000-C,C,0.052057037734652464,-0.010467040071485245,111633.05,111823.39301047313,0.035,3907.1567500000006,fixed_28pct,SH_numerical,2595.1111066944313,0.02324679928295815,-1312.0456433055692,-0.011733194709828613,0.43713131704674374,0.3077754937229814,-12.935582332376233,False
2025-10-12,shock,BTC-31OCT25-115000-C,C,0.0520629525304414,-0.028232993239539463,111608.31,111798.61082685385,0.0275,3069.228525,fixed_28pct,SH_numerical,1760.6381288036007,0.015775152663843765,-1308.5903961963993,-0.011704889591365817,0.43512869546390387,0.30059422154345633,-13.453447392044755,False
2025-10-12,shock,BTC-31OCT25-116000-C,C,0.05213238051750381,-0.03598293395140361,111709.71,111900.18372172024,0.0255,2848.597605,fixed_28pct,SH_numerical,1459.7055430282778,0.013066953114713821,-1388.8920619717221,-0.01241188366076054,0.44452122497236785,0.29740989951343766,-14.711132545893019,False
2025-10-12,shock,BTC-31OCT25-118000-C,C,0.05209595364028412,-0.05305910585990082,111711.75,111902.22720007849,0.02,2234.235,fixed_28pct,SH_numerical,911.9897426785477,0.008163776350102363,-1322.2452573214523,-0.011816076323104004,0.44574283688648125,0.290074061574917,-15.566877531156425,False
2025-10-12,shock,BTC-31OCT25-120000-C,C,0.05207246603881279,-0.06986622417628213,111711.75,111902.22720007849,0.0155,1731.532125,fixed_28pct,SH_numerical,529.3414842232008,0.004738458436316689,-1202.1906407767992,-0.010743223534124225,0.4470561834800484,0.2825468610981086,-16.450932238193978,False
2025-10-12,shock,BTC-31OCT25-123000-C,C,0.05207276721841705,-0.09460592334294181,111706.49,111896.95823137043,0.011,1228.7713899999999,fixed_28pct,SH_numerical,197.9850672470764,0.001772368527979676,-1030.7863227529235,-0.009211924426234685,0.4594238642134572,0.2708432208707401,-18.858064334271713,False
2025-10-12,shock,BTC-31OCT25-124000-C,C,0.052168613330796546,-0.1020268572931283,111782.06,111972.65708408297,0.011,1229.60266,fixed_28pct,SH_numerical,140.8928138301089,0.0012604242025071725,-1088.709846169891,-0.00972299733275377,0.4806490517167141,0.26723898489003195,-21.34100668266822,False
2025-10-12,shock,BTC-31OCT25-126000-C,C,0.05207268112633181,-0.11867026343721723,111710.2,111900.67455720824,0.008,893.6816,fixed_28pct,SH_numerical,57.735968089932776,0.0005168370309061552,-835.9456319100673,-0.007470425314395199,0.47538461271102495,0.2585924328895873,-21.67921798214377,False
2025-10-12,shock,BTC-31OCT25-128000-C,C,0.05207257940131913,-0.13441423406529657,111710.69,111901.16539269626,0.0065,726.1194849999999,fixed_28pct,SH_numerical,21.197247437973697,0.00018975128913780495,-704.9222375620262,-0.006299507561768755,0.48607414142306615,0.25003384567482484,-23.604029574824132,False
2025-10-12,shock,BTC-31OCT25-130000-C,C,0.05213990093860984,-0.15017151703875645,111682.42,111872.84719015313,0.006,670.09452,fixed_28pct,SH_numerical,6.408283457137493,5.737951825486494e-05,-663.6862365428625,-0.005932505100319634,0.5135610270361453,0.24104335346485667,-27.25176735712886,False
2025-10-12,shock,BTC-31OCT25-132000-C,C,0.052088215468036526,-0.1647417187802167,111760.32,111950.88001569644,0.0047,525.273504,fixed_28pct,SH_numerical,1.661662562478753,1.4868090593143908e-05,-523.6118414375212,-0.0046771569938897,0.5159270086206769,0.23212776237161406,-28.379924624906284,False
2025-10-12,shock,BTC-31OCT25-134000-C,C,0.052096086250634194,-0.18016361651696475,111717.41,111907.89685081757,0.0039,435.697899,fixed_28pct,SH_numerical,0.29458719263055116,2.6368960095883994e-06,-435.40331180736945,-0.003890729109026129,0.5276646781603831,0.2222079341088557,-30.545674405152738,False
2025-10-12,shock,BTC-31OCT25-135000-C,C,0.05209434655631659,-0.18773779517307265,111701.86,111892.32033686124,0.0034,379.786324,fixed_28pct,SH_numerical,0.10887536919722532,9.746961169422363e-07,-379.67744863080276,-0.0033932395671816603,0.5280995741219837,0.21711843867519445,-31.09811354467893,False
2025-10-12,shock,BTC-31OCT25-138000-C,C,0.052096085299340435,-0.20958009756195858,111717.12,111907.60635634507,0.0027,301.636224,fixed_28pct,SH_numerical,0.0030837220532674695,2.7602949783054467e-08,-301.6331402779468,-0.0026953765708960177,0.5481676435365285,0.2017429424440457,-34.64247010924828,False
2025-10-12,shock,BTC-31OCT25-140000-C,C,0.05209608476027397,-0.22396883501405812,111717.12,111907.60635634507,0.0023,256.949376,fixed_28pct,SH_numerical,0.0001431305475345146,1.2811872301623477e-09,-256.94923286945243,-0.0022960837179490223,0.5600116814821122,0.19122468505915677,-36.878699642295544,False
2025-10-12,shock,BTC-31OCT25-150000-C,C,0.05207591168822932,-0.2926455113224503,111752.45,111942.99659673589,0.0011,122.927695,fixed_28pct,SH_numerical,-4.446616816480867e-09,-3.9789882159011875e-14,-122.92769500444662,-0.001098127607279284,0.6154764236351105,,,False
2025-10-12,shock,BTC-31OCT25-155000-C,C,0.052124018518518514,-0.3236951423764416,111947.09,112137.9684730356,0.0009,100.752381,fixed_28pct,SH_numerical,-4.860012268473198e-09,-4.341347567384912e-14,-100.75238100486001,-0.0008984680423302538,0.6501225753991589,,,False
2025-10-12,shock,BTC-31OCT25-160000-C,C,0.05206415553652968,-0.3582725650505931,111630.87,111821.20929340401,0.0006,66.978522,fixed_28pct,SH_numerical,-5.1730013977375955e-09,-4.6340240810965604e-14,-66.978522005173,-0.0005989786949042042,0.6716254835480686,,,False
2025-10-12,shock,BTC-31OCT25-80000-P,P,0.05205744758371385,0.3348851860062355,111632.05,111822.39130539555,0.0005,55.816025,fixed_28pct,SH_numerical,0.4359423052251455,3.905171545493839e-06,-55.380082694774856,-0.0004952503881224253,0.6468596191809027,0.41402958424463326,-23.283003493626946,False
2025-10-12,shock,BTC-31OCT25-85000-P,P,0.052081540969051245,0.2746565190074033,111676.26,111866.67668687525,0.001,111.67626,fixed_28pct,SH_numerical,3.1548481002665567,2.82499440818179e-05,-108.52141189973344,-0.0009700959670366761,0.60023165695229,0.3985151330678051,-20.171652388448486,False
2025-10-12,shock,BTC-31OCT25-90000-P,P,0.052091111364789444,0.21794483265438055,111726.16,111916.66177024638,0.0019,212.279704,fixed_28pct,SH_numerical,17.955791767038875,0.0001607125114390298,-194.32391223296113,-0.0017363269164683318,0.5508721497437815,0.38304046109643025,-16.783168864735128,False
2025-10-12,shock,BTC-31OCT25-95000-P,P,0.05206556941273465,0.16317582850632734,111647.78,111838.14812626585,0.0041,457.75589800000006,fixed_28pct,SH_numerical,84.16417163162181,0.0007538364993161693,-373.59172636837826,-0.0033404677440348105,0.5158050614349488,0.36713750449193405,-14.866755694301471,False
2025-10-12,shock,BTC-31OCT25-98000-P,P,0.052167200152207,0.1331620675578409,111768.07,111958.64323004766,0.007,782.3764900000001,fixed_28pct,SH_numerical,185.91556786229256,0.0016634050123822712,-596.4609221377075,-0.005327511167781178,0.5130162051000439,0.3579920276068466,-15.502417749319724,False
2025-10-15,shock,BTC-28NOV25-105000-P,P,0.12058413067605277,0.07676254098438098,112500.55,113377.49231675502,0.031,3487.51705,fixed_28pct,SH_numerical,2250.0077203230753,0.019999970847458748,-1237.5093296769246,-0.010914947088612265,0.4555413905742501,0.3603071813409625,-9.523420923328757,False
2025-10-15,shock,BTC-28NOV25-108000-P,P,0.12058052454337899,0.048644195714375685,112506.46,113383.44838523283,0.0395,4444.00517,fixed_28pct,SH_numerical,3133.5846535522264,0.027852486457686308,-1310.420516447774,-0.011557423372726106,0.44393335979563137,0.35270720352963053,-9.122615626600084,False
2025-10-15,shock,BTC-28NOV25-112000-P,P,0.12058052235540336,0.012276551543500845,112506.46,113383.44838523283,0.054,6075.348840000001,fixed_28pct,SH_numerical,4680.671723250558,0.041603581903213005,-1394.6771167494426,-0.012300535365716455,0.4324367991472321,0.34251586683931196,-8.992093230792014,False
2025-10-15,shock,BTC-28NOV25-118000-C,C,0.12060228662480975,-0.040310948140738614,112461.27,113337.90612897013,0.042,4723.37334,fixed_28pct,SH_numerical,3232.03068334043,0.02873905552854267,-1491.34265665957,-0.013158374877355971,0.4248791749387655,0.3269658919654615,-9.791328297330399,False
2025-10-15,shock,BTC-28NOV25-120000-C,C,0.12057623370116692,-0.056774007183782255,112499.97,113376.90779565228,0.0355,3993.7489349999996,fixed_28pct,SH_numerical,2544.523587603318,0.022617993476827754,-1449.2253473966816,-0.012782367905188677,0.4210441910725455,0.3218614088233008,-9.918278224924471,False
2025-10-15,shock,BTC-28NOV25-122000-C,C,0.1206567994355657,-0.07290481066199231,112544.81,113422.09732366331,0.03,3376.3442999999997,fixed_28pct,SH_numerical,1967.9639499224172,0.017486048000991048,-1408.3803500775825,-0.012417160176985648,0.41895537528576243,0.3167863960792594,-10.216897920650304,False
2025-10-15,shock,BTC-28NOV25-125000-C,C,0.12055253358066971,-0.09685361047989792,112583.52,113461.10906829553,0.0235,2645.71272,fixed_28pct,SH_numerical,1274.9211330616895,0.011324225189101296,-1370.7915869383105,-0.012081598692228466,0.42107476913457315,0.30893729829942096,-11.21374708351522,False
2025-10-15,shock,BTC-28NOV25-126000-C,C,0.1205845284436834,-0.10559163840442144,112496.88,113373.79370908774,0.022,2474.93136,fixed_28pct,SH_numerical,1070.2060456778513,0.009513206461173424,-1404.7253143221487,-0.012390211779687053,0.42686447203522104,0.3060318458752204,-12.083262616000063,False
2025-10-15,shock,BTC-28NOV25-130000-C,C,0.12060476407914764,-0.1374546962720417,112428.22,113304.59850406458,0.0155,1742.63741,fixed_28pct,SH_numerical,517.5630105668199,0.004603497329823597,-1225.0743994331801,-0.010812221353833517,0.4293388797607837,0.2950478845705214,-13.429099519026233,False
2025-10-15,shock,BTC-28NOV25-134000-C,C,0.1205624327435312,-0.1663474309186297,112587.15,113464.7673641626,0.011,1238.4586499999998,fixed_28pct,SH_numerical,231.57012165121617,0.00205680774094749,-1006.8885283487837,-0.008874019237330279,0.4313451874715906,0.28453861900190563,-14.680656846968498,False
2025-10-15,shock,BTC-28NOV25-135000-C,C,0.12056589770421106,-0.1739762336098013,112565.33,113442.77727715991,0.01,1125.6533,fixed_28pct,SH_numerical,182.0770486855913,0.0016175233412063137,-943.5762513144086,-0.008317640611081763,0.43172124599741607,0.28168164678755103,-15.003959920986503,False
2025-10-15,shock,BTC-28NOV25-136000-C,C,0.12063656633688483,-0.1808610179775276,112621.1,113498.9820045724,0.009,1013.5899,fixed_28pct,SH_numerical,145.36337595044859,0.0012907294987391225,-868.2265240495514,-0.007649641509688379,0.429723772029432,0.279108786157508,-15.061498587192402,False
2025-10-15,shock,BTC-28NOV25-138000-C,C,0.12056584290969051,-0.19595949336575502,112564.84,113442.2834576076,0.008,900.51872,fixed_28pct,SH_numerical,84.31616181357576,0.0007490452774914064,-816.2025581864243,-0.007194870671758226,0.43991950768916865,0.2732182417601962,-16.670126592897244,False
2025-10-15,shock,BTC-28NOV25-140000-C,C,0.12058338628868594,-0.2108871765934511,112504.19,113381.16069057214,0.007,787.5293300000001,fixed_28pct,SH_numerical,46.400080243039355,0.0004124297969972439,-741.1292497569607,-0.006536617240844554,0.44760539765994295,0.26728178938864605,-18.03236082712969,False
2025-10-15,shock,BTC-28NOV25-145000-C,C,0.12056629328386606,-0.2454551861842352,112563.08,113440.50973839931,0.0048,540.302784,fixed_28pct,SH_numerical,8.677531736082022,7.709038999361089e-05,-531.6252522639179,-0.004686379261604853,0.4581070004542016,0.2528254700411832,-20.528153041301838,False
2025-10-15,shock,BTC-28NOV25-160000-C,C,0.12061685147133434,-0.34395531601613666,112556.32,113433.69704416751,0.0021,236.368272,fixed_28pct,SH_numerical,0.0015091495138458196,1.3407950027557933e-08,-236.36676285048614,-0.0020837437993266885,0.5102435511972039,0.20648732726969524,-30.375622392750866,False
2025-10-15,shock,BTC-28NOV25-95000-P,P,0.12059087087772703,0.17671283577088592,112485.57,113362.3955475845,0.0125,1406.069625,fixed_28pct,SH_numerical,605.8678563853458,0.00538618292448841,-800.2017686146543,-0.00705879374504542,0.4950974062132918,0.38563158214994414,-10.946582406334764,False
2025-10-15,shock,BTC-31OCT25-100000-P,P,0.0438510455035515,0.12036290319860699,112560.11,112790.60980471678,0.0065,731.640715,fixed_28pct,SH_numerical,166.48219926390883,0.0014790514975856796,-565.1585157360912,-0.0050106876513443315,0.508875202296985,0.35125941150079143,-15.76157907961936,False
2025-10-15,shock,BTC-31OCT25-102000-P,P,0.04393798890157281,0.10017071925010844,112516.27,112746.6800294719,0.0075,843.872025,fixed_28pct,SH_numerical,292.23521058800236,0.0025972706932784243,-551.6368144119976,-0.00489271004935844,0.46851030935572074,0.3445870683042587,-12.392324105146201,False
2025-10-15,shock,BTC-31OCT25-105000-P,P,0.04386838777904617,0.07109483569517651,112506.33,112736.71967440953,0.012,1350.0759600000001,fixed_28pct,SH_numerical,617.335304806083,0.005487116189872009,-732.7406551939172,-0.006499574027966367,0.45231874847965386,0.3345294186704615,-11.778932980919238,False
2025-10-15,shock,BTC-31OCT25-106000-P,P,0.043845579559868085,0.06231678453640306,112585.19,112815.74116336508,0.0145,1632.485255,fixed_28pct,SH_numerical,764.5607814430687,0.006790953423297226,-867.9244735569314,-0.007693292306612746,0.4584763327756599,0.3313945773563665,-12.70817554192934,False
2025-10-15,shock,BTC-31OCT25-107000-P,P,0.043870442732115676,0.05256982862165264,112544.98,112775.44882160876,0.0165,1856.99217,fixed_28pct,SH_numerical,962.9749022045413,0.008556355887259844,-894.0172677954587,-0.007927410417223337,0.4485476973352957,0.327877852590232,-12.06698447450637,False
2025-10-15,shock,BTC-31OCT25-108000-P,P,0.04387105793378995,0.04292786961189098,112506.77,112737.16057543845,0.019,2137.62863,fixed_28pct,SH_numerical,1199.5915303726651,0.010662394186346876,-938.037099627335,-0.008320567014810031,0.4421651809660143,0.3243275358109952,-11.78376451550191,False
2025-10-15,shock,BTC-31OCT25-109000-P,P,0.043870442161339424,0.03405078085441503,112544.98,112775.44882160876,0.0215,2419.7170699999997,fixed_28pct,SH_numerical,1459.261629453872,0.012966030376955703,-960.4554405461276,-0.008516529533528187,0.43503706926423374,0.3210014316975126,-11.403563756672114,False
2025-10-15,shock,BTC-31OCT25-115000-C,C,0.043895878234398784,-0.019637251393664377,112533.3,112763.7449033866,0.025,2813.3325000000004,fixed_28pct,SH_numerical,1871.2445133542221,0.016628362567828563,-942.0879866457783,-0.008354529086036809,0.4022854323978657,0.29956597096365667,-10.271946143420902,False
2025-10-15,shock,BTC-31OCT25-117000-C,C,0.04392634443176053,-0.03642933655981835,112583.92,112814.46856266797,0.0191,2150.352872,fixed_28pct,SH_numerical,1197.4195407954555,0.010635795420833238,-952.9333312045444,-0.008446907062059986,0.4050658247511369,0.2923236582165058,-11.27421665346311,False
2025-10-15,shock,BTC-31OCT25-119000-C,C,0.04383585670345003,-0.052827369629507626,112646.03,112876.70575109086,0.0145,1633.3674350000001,fixed_28pct,SH_numerical,712.3762421503224,0.006324024398821001,-920.9911928496778,-0.008159267111148635,0.4097148805152116,0.28486722335002257,-12.484765716518902,False
2025-10-15,shock,BTC-31OCT25-120000-C,C,0.0438392982623034,-0.06149873850010755,112611.89,112842.49583943802,0.012,1351.34268,fixed_28pct,SH_numerical,521.7593154123133,0.004633252451515673,-829.5833645876867,-0.007351692803463768,0.4051916683027936,0.2808205638454976,-12.4371104457296,False
2025-10-15,shock,BTC-31OCT25-122000-C,C,0.04390731938102486,-0.07866938618360035,112539.69,112770.14798878382,0.0085,956.5873650000001,fixed_28pct,SH_numerical,257.9714348424591,0.002292270707716176,-698.615930157541,-0.0061950431263690965,0.4059307626687711,0.27254652698057785,-13.338423568819325,False
2025-10-15,shock,BTC-31OCT25-123000-C,C,0.043836630358954846,-0.08588832066405638,112646.02,112876.69573061293,0.008,901.1681600000001,fixed_28pct,SH_numerical,183.19524098512832,0.001626291288277458,-717.9729190148718,-0.006360683348920468,0.41991390133814493,0.268859601697132,-15.10542996410129,False
2025-10-15,shock,BTC-31OCT25-124000-C,C,0.043934850012683914,-0.09668914460443472,112341.88,112571.93291485158,0.006,674.05128,fixed_28pct,SH_numerical,105.01347549270294,0.0009347669408123038,-569.0378045072971,-0.0050548817078384205,0.4122069220885134,0.26334288230699526,-14.886403978151813,False
2025-10-15,shock,BTC-31OCT25-126000-C,C,0.04385783609208524,-0.11088173336188326,112545.15,112775.61916973357,0.0045,506.45317499999993,fixed_28pct,SH_numerical,44.63204842733769,0.0003965701625288846,-461.82112657266225,-0.004095044034984155,0.41733064100285205,0.25560090804673974,-16.172973295611232,False
2025-10-15,shock,BTC-31OCT25-128000-C,C,0.04387056909563673,-0.12675973559490186,112530.56,112760.99929243379,0.0034,382.60390399999994,fixed_28pct,SH_numerical,14.286026002816412,0.00012695241188541504,-368.31787799718353,-0.003266358761525249,0.4279960440495919,0.2465356899463446,-18.146035410324732,False
2025-10-15,shock,BTC-31OCT25-160000-C,C,0.0438652120116692,-0.3504752951362037,112466.21,112696.5175169546,0.0002,22.493242000000002,fixed_28pct,SH_numerical,-5.213201887312902e-09,-4.6353494861371266e-14,-22.493242005213204,-0.0001995912784246347,0.6326173828500142,,,False
2026-02-11,shock,BTC-27FEB26-50000-P,P,0.04384667044013191,0.29547662136586306,67167.74,67188.33369938679,0.0038,255.237412,fixed_28pct,SH_numerical,0.279916609999755,4.1674263567563085e-06,-254.95749539000025,-0.003794669124118004,0.8872928226189982,0.40259563360090017,-48.469718901809806,False
2026-02-11,shock,BTC-27FEB26-56000-P,P,0.04386304322044648,0.18067188320572947,67068.67,67089.23332442109,0.009,603.61803,fixed_28pct,SH_numerical,15.90298669085057,0.00023711498514657545,-587.7150433091495,-0.008760199128631506,0.7527175246370794,0.3701816569987875,-38.25358676382919,False
2026-02-11,shock,BTC-27FEB26-60000-P,P,0.043928380263825464,0.10540338495023399,66649.09,66669.52468075392,0.0175,1166.359075,fixed_28pct,SH_numerical,149.88880302504094,0.002248924974445127,-1016.4702719749591,-0.01524640046321483,0.6710692616829055,0.34634000085072725,-32.47292608321782,False
2026-02-11,shock,BTC-27FEB26-62000-P,P,0.04389980006976154,0.07446618385979628,66772.68,66793.15257357727,0.023,1535.7716399999997,fixed_28pct,SH_numerical,336.7590484660989,0.005043365766749199,-1199.0125915339008,-0.017951130397881813,0.6342267955470648,0.33572980596488794,-29.84969895821769,False
2026-02-11,shock,BTC-27FEB26-63000-P,P,0.043919013793759516,0.05755337668436795,66711.78,66732.23390157353,0.0275,1834.57395,fixed_28pct,SH_numerical,507.80252031250046,0.007611886840862296,-1326.7714296874994,-0.019882017311819895,0.6234468052495101,0.3297092783864022,-29.373752686310795,False
2026-02-11,shock,BTC-27FEB26-64000-P,P,0.04393731094622019,0.04446981033716263,66889.79,66910.29847962585,0.031,2073.58349,fixed_28pct,SH_numerical,688.922273300055,0.010299363674187871,-1384.6612166999448,-0.02069429143439815,0.6085710835389333,0.3249289278262839,-28.36421557126494,False
2026-02-11,shock,BTC-27FEB26-65000-P,P,0.04390641273465246,0.027552901210765132,66795.36,66815.83952728902,0.0365,2438.03064,fixed_28pct,SH_numerical,994.1352168862212,0.014883297535730344,-1443.8954231137786,-0.02161007679210647,0.5932027560511509,0.31854782002067733,-27.46549360304736,False
2026-02-11,shock,BTC-27FEB26-69000-C,C,0.04391132994038559,-0.03216378840713169,66795.53,66816.0095794112,0.0305,2037.263665,fixed_28pct,SH_numerical,800.0073102324129,0.011976958790991147,-1237.256354767587,-0.01851736376589657,0.5294292268902493,0.294187380147134,-23.524184674311527,False
2026-02-11,shock,BTC-27FEB26-70000-C,C,0.04389980507990868,-0.04689467314447109,66772.68,66793.15257357727,0.025,1669.317,fixed_28pct,SH_numerical,514.5550081722639,0.0077060709285933105,-1154.761991827736,-0.017288628359855986,0.5258724068455114,0.28762346648476783,-23.824894036074358,False
2026-02-11,shock,BTC-27FEB26-71000-C,C,0.043924015379249115,-0.06265349521598987,66667.65,66688.09037126934,0.0195,1300.019175,fixed_28pct,SH_numerical,296.2613352484568,0.004443854481873245,-1003.7578397515431,-0.015051530703059141,0.5166599269647123,0.2803329308569715,-23.632699610774083,False
2026-02-11,shock,BTC-27FEB26-72000-C,C,0.0438370613267377,-0.07157351709966507,67006.26,67026.80418944976,0.016,1072.10016,fixed_28pct,SH_numerical,207.87254177218682,0.0031022853950091653,-864.2276182278131,-0.012893761364260977,0.5010545756252825,0.2759860817308689,-22.506849389441363,False
2026-02-11,shock,BTC-27FEB26-74000-C,C,0.043848879058853374,-0.09607561904861886,67200.65,67221.25378962723,0.01,672.0065,fixed_28pct,SH_numerical,64.42829363213728,0.0009587450959497756,-607.5782063678627,-0.009038483695488833,0.4881327742823931,0.2635948718343239,-22.45379024480692,False
2026-02-11,shock,BTC-27FEB26-75000-C,C,0.04386462756849315,-0.1108414919092983,67110.47,67131.04614034484,0.0085,570.4389950000001,fixed_28pct,SH_numerical,26.655481813174184,0.0003971881259835341,-543.7835131868259,-0.00810032830487978,0.50522173581589,0.2556293475931876,-24.95923882227024,False
2026-02-11,shock,BTC-27FEB26-80000-C,C,0.04383695934804668,-0.17701507324576657,67000.83,67021.37252460608,0.0025,167.50207500000002,fixed_28pct,SH_numerical,0.028098583940714905,4.193766545983819e-07,-167.47397641605932,-0.0024988144842090975,0.5159150447657652,0.21358179297778287,-30.233325178798232,False
2026-02-11,shock,BTC-27FEB26-96000-C,C,0.04385354775494673,-0.3582490262206374,67073.74,67094.3048788884,0.0005,33.53687,fixed_28pct,SH_numerical,-3.1398402373101807e-09,-4.681176623385218e-14,-33.53687000313984,-0.0004998467465111544,0.7154970496714816,,,False
2025-07-18,calm,BTC-25JUL25-100000-P,P,0.019282908644089297,0.18692222468893913,120335.2,120553.35206591312,0.0006,72.20111999999999,fixed_28pct,SH_numerical,0.15237577862535817,1.26626106596705e-06,-72.04874422137463,-0.0005976502767171637,0.6539050906453384,0.36511000297305507,-28.879508767228334,False
2025-07-18,calm,BTC-25JUL25-106000-P,P,0.019268694634703196,0.12763339415177855,120212.53,120430.45968115849,0.001,120.21253,fixed_28pct,SH_numerical,6.420905165937587,5.341294427409178e-05,-113.79162483406242,-0.0009448741218403343,0.5155142968109905,0.34498298503032904,-17.053131178066145,False
2025-07-18,calm,BTC-25JUL25-107000-P,P,0.019190079369609335,0.11267057929076348,119544.44,119761.15852088523,0.0014,167.362216,fixed_28pct,SH_numerical,14.691443053223614,0.00012289524341929756,-152.67077294677637,-0.001274793721372961,0.4978023382183655,0.33956392091536,-15.823841730300552,False
2025-07-18,calm,BTC-25JUL25-111000-P,P,0.019195064656265855,0.07783890141761612,119768.16,119985.28409614656,0.0023,275.466768,fixed_28pct,SH_numerical,90.64483861908282,0.0007568358620444934,-184.8219293809172,-0.0015403716445161373,0.41749400562973726,0.32644254806876066,-9.10514575609766,False
2025-07-18,calm,BTC-25JUL25-113000-P,P,0.019200617357940132,0.06066946051775561,119850.61,120067.8835672725,0.0035,419.47713500000003,fixed_28pct,SH_numerical,202.08542280321043,0.0016861442991671918,-217.3917121967896,-0.0018105733668153468,0.3919309043994135,0.3196397363782581,-7.229116802115543,False
2025-07-18,calm,BTC-25JUL25-114000-P,P,0.01918759113394216,0.04959913635940195,119580.09,119796.87314969832,0.005,597.90045,fixed_28pct,SH_numerical,325.5638920967096,0.00272255934994454,-272.3365579032904,-0.002273319417636037,0.38639159659810096,0.3151118025344536,-7.127979406364737,False
2025-07-18,calm,BTC-25JUL25-116000-P,P,0.019190665556823947,0.03229678580475582,119590.78,119807.5825292779,0.008,956.72624,fixed_28pct,SH_numerical,650.9022456102753,0.005442746051244713,-305.8239943897247,-0.0025526263691614775,0.3675013259597831,0.307815790680153,-5.968553527963005,False
2025-07-18,calm,BTC-25JUL25-117000-P,P,0.01917980590436327,0.022701248449335163,119469.84,119686.42328078825,0.0105,1254.43332,fixed_28pct,SH_numerical,924.3169404319445,0.007736822451858516,-330.11637956805555,-0.0027581773313886384,0.36072202278982674,0.303630243008399,-5.709177978142771,False
2025-07-18,calm,BTC-25JUL25-118000-P,P,0.01919117354769153,0.01536547880641431,119610.29,119827.12789837028,0.013,1554.9337699999999,fixed_28pct,SH_numerical,1193.3625512318138,0.009977089356039633,-361.5712187681861,-0.003017440416955063,0.3586393404255669,0.3003728255852696,-5.8266514840297265,False
2025-07-18,calm,BTC-25JUL25-119000-P,P,0.019178217751141553,0.005572465666396692,119448.43,119664.974467243,0.017,2030.62331,fixed_28pct,SH_numerical,1636.2572741657962,0.013698441027360479,-394.3660358342038,-0.0032955845065772127,0.35620204478953377,0.2959079363506564,-6.029410843887739,False
2025-07-18,calm,BTC-25JUL25-120000-C,C,0.01918281919076611,-0.0016784364709748914,119581.97,119798.7565578938,0.0195,2331.848415,fixed_28pct,SH_numerical,1838.9251283646754,0.015377946427581644,-492.92328663532453,-0.004114594348039957,0.36700707554509615,0.2925326718157595,-7.4474403729336665,False
2025-07-18,calm,BTC-25JUL25-120000-P,P,0.01923264481861999,0.0003823750085032469,119828.66,120045.89377477748,0.02,2396.5732000000003,fixed_28pct,SH_numerical,1926.1704271269375,0.016074371749854648,-470.40277287306276,-0.00391852447494458,0.36439226951921255,0.2935316605420739,-7.086060897713864,False
2025-07-18,calm,BTC-25JUL25-122000-C,C,0.019189183250887875,-0.01819954324038362,119582.95,119799.73833450633,0.013,1554.57835,fixed_28pct,SH_numerical,1000.1098789884045,0.008363314995895356,-554.4684710115955,-0.00462829450815161,0.37457440557739485,0.28456820365979846,-9.000620191759639,False
2025-07-18,calm,BTC-25JUL25-123000-C,C,0.019189168410705226,-0.02636285387954464,119582.95,119799.73833450633,0.0105,1255.620975,fixed_28pct,SH_numerical,698.6464483693247,0.005842358366049046,-556.9745266306753,-0.004649213215103059,0.37891150283384417,0.2804780205146746,-9.84334823191696,False
2025-07-18,calm,BTC-25JUL25-124000-C,C,0.019200528190005072,-0.03222220044697387,119850.86,120068.13402048998,0.009,1078.6577399999999,fixed_28pct,SH_numerical,527.0683133922689,0.004397701555018203,-551.589426607731,-0.004593970174581048,0.3828677205678046,0.2774825724695607,-10.53851480982439,False
2025-07-18,calm,BTC-25JUL25-125000-C,C,0.01919232692795535,-0.041884474334166366,119655.65,119872.57013015043,0.0065,777.761725,fixed_28pct,SH_numerical,310.75101390102,0.0025970442173104237,-467.01071109898,-0.003895893035345182,0.3794510127716885,0.2723886876799736,-10.706232509171492,False
2025-07-18,calm,BTC-25JUL25-126000-C,C,0.01925509284627093,-0.04688019037768975,120011.85,120229.41587442043,0.006,720.0711,fixed_28pct,SH_numerical,231.81374013029833,0.0019315904231981952,-488.25735986970165,-0.004061047426028305,0.391898176342931,0.26973931293218883,-12.215886341074217,False
2025-07-18,calm,BTC-25JUL25-127000-C,C,0.019210969875697613,-0.05632849095157381,119826.8,120044.0304028394,0.0047,563.18596,fixed_28pct,SH_numerical,121.90131701625955,0.0010173126296976933,-441.28464298374047,-0.0036760232183382503,0.40248376194094754,0.2644550416795118,-13.802872026143575,False
2025-07-18,calm,BTC-25JUL25-128000-C,C,0.019238515442668695,-0.06441004083090163,119798.24,120015.41862727412,0.0038,455.233312,fixed_28pct,SH_numerical,65.84040600927308,0.0005495941009590215,-389.39290599072694,-0.003244523999037532,0.4105752237370853,0.2598316282801576,-15.074359545692772,False
2025-07-18,calm,BTC-25JUL25-129000-C,C,0.01925860197869102,-0.069754967592972,120090.57,120308.27858354153,0.0033,396.298881,fixed_28pct,SH_numerical,42.1107446881585,0.0003506582131149723,-354.1881363118415,-0.002944004689302365,0.4159192395583066,0.2566892836815189,-15.922995587678773,False
2025-07-18,calm,BTC-25JUL25-130000-C,C,0.01927477495560629,-0.07488998468862573,120401.65,120619.92253112014,0.0028,337.12462,fixed_28pct,SH_numerical,26.45147549134158,0.00021969362954196709,-310.6731445086584,-0.002575637075446672,0.41787492885677474,0.2535980591179805,-16.427686973879425,False
2025-07-18,calm,BTC-25JUL25-135000-C,C,0.019235712836123794,-0.11799526947595261,119757.43,119974.53464405217,0.001,119.75743,fixed_28pct,SH_numerical,0.06817806140751233,5.693013068793505e-07,-119.68925193859249,-0.000997622139512305,0.4731571603836658,0.22406136647067726,-24.909579391298852,False
2025-07-18,calm,BTC-25JUL25-140000-C,C,0.019189240804160325,-0.1558585526071363,119578.45,119795.23017659163,0.0004,47.83138,fixed_28pct,SH_numerical,1.1119202381076687e-06,9.298667428016242e-12,-47.83137888807976,-0.00039927615496519297,0.5160631864578026,0.19123648771973348,-32.48266987380691,False
2025-07-18,calm,BTC-25JUL25-85000-P,P,0.019207643899036023,0.34537431609896285,119846.81,120064.07667836675,0.0002,23.969362,fixed_28pct,SH_numerical,6.482276991702756e-07,5.408802279929483e-12,-23.9693613517723,-0.00019963807672450221,0.9798079943003593,0.4117701771756733,-56.80378171246859,False
2025-07-18,calm,BTC-25JUL25-86000-P,P,0.019182725646879756,0.33146525743545946,119581.88,119798.66639473551,0.0003,35.874564,fixed_28pct,SH_numerical,2.0766061516511554e-06,1.7365558658645902e-11,-35.87456192339385,-0.00029945710585114105,0.990066870561742,0.4080157305771692,-58.20511399845728,False
2025-07-18,calm,BTC-25JUL25-94000-P,P,0.019192740360223236,0.2431411665280576,119656.45,119873.37158044637,0.0004,47.86258,fixed_28pct,SH_numerical,0.0025510500233400695,2.131978696794088e-08,-47.86002894997666,-0.0003992548830401258,0.7786115257603194,0.3826722966318071,-39.593922912851234,False
2025-07-18,calm,BTC-25JUL25-95000-P,P,0.019255817858954843,0.23583907788660954,120049.57,120267.20425587428,0.0005,60.024785,fixed_28pct,SH_numerical,0.004602185673764028,3.833571143790043e-08,-60.02018281432624,-0.0004990569389692506,0.780129530838739,0.3804745010158301,-39.96550298229089,False
2025-09-05,calm,BTC-12SEP25-100000-P,P,0.019275685216894975,0.11675600700641818,112227.1,112384.51858838873,0.0016,179.56336000000002,fixed_28pct,SH_numerical,11.18609690566902,9.967375888416451e-05,-168.377263094331,-0.0014982247128807588,0.5255088756426358,0.3410830179957148,-18.442585764692105,False
2025-09-05,calm,BTC-12SEP25-102000-P,P,0.019195142472095385,0.10350736164550486,112965.05,113123.5036953041,0.0019,214.633595,fixed_28pct,SH_numerical,22.944998438682664,0.0002031159056600485,-191.68859656131735,-0.0016945072447333914,0.4967586039220706,0.33619532080001713,-16.05632831220535,False
2025-09-05,calm,BTC-12SEP25-104000-P,P,0.019209982813292746,0.08235511320561285,112769.32,112927.4991489574,0.0028,315.754096,fixed_28pct,SH_numerical,68.52958351571674,0.0006076970537351536,-247.22451248428325,-0.002189232156449165,0.4583493058356503,0.3282003094127864,-13.014899642286393,False
2025-09-05,calm,BTC-12SEP25-105000-P,P,0.01925216444698123,0.07194971326983772,112675.09,112833.13697452194,0.0038,428.165342,fixed_28pct,SH_numerical,113.85640389296158,0.0010104842507155892,-314.30893810703844,-0.0027856084350292446,0.45263810050821507,0.3241621037674958,-12.847599674071924,False
2025-09-05,calm,BTC-12SEP25-106000-P,P,0.019179347095383055,0.06500921204622485,112961.45,113119.89864565994,0.004,451.8458,fixed_28pct,SH_numerical,156.10810800893617,0.0013819591374662433,-295.7376919910638,-0.002614373735583349,0.4291267661505638,0.32137257911402095,-10.775418703654282,False
2025-09-05,calm,BTC-12SEP25-107000-P,P,0.01918688444951801,0.05595607856341437,112999.48,113157.98198953959,0.005,564.9974,fixed_28pct,SH_numerical,234.16350983292656,0.002072252985880347,-330.8338901670734,-0.002923646077372217,0.4178744530524224,0.3177212282166984,-10.015322483572398,False
2025-09-05,calm,BTC-12SEP25-108000-P,P,0.019204940417300864,0.044791236090479566,112789.22,112947.42706226808,0.007,789.52454,fixed_28pct,SH_numerical,375.33626214540084,0.0033277671584695844,-414.18827785459916,-0.0036670890929304356,0.41439105455733094,0.3131222898326783,-10.126876472465263,False
2025-09-05,calm,BTC-12SEP25-109000-P,P,0.019197004185692545,0.03633163622762885,112874.64,113032.96687910215,0.0085,959.4344400000001,fixed_28pct,SH_numerical,526.1796533644643,0.0046616286294641944,-433.25478663553577,-0.003832994909343011,0.40254660769347256,0.3095475680091549,-9.299903968431767,False
2025-09-05,calm,BTC-12SEP25-110000-P,P,0.019222295630390664,0.02684684142457117,112834.88,112993.15110858796,0.011,1241.1836799999999,fixed_28pct,SH_numerical,753.3295440404019,0.006676388932574766,-487.854135959598,-0.004317554924110078,0.3977868463769885,0.30547222633971877,-9.231462003726975,False
2025-09-05,calm,BTC-12SEP25-112000-P,P,0.019250421296296297,0.008054871698252968,112747.64,112905.78873887823,0.0175,1973.0837000000001,fixed_28pct,SH_numerical,1431.4043634234395,0.012695648116656274,-541.6793365765607,-0.004797622359552568,0.38543351593403946,0.2970934703522902,-8.834004558174923,False
2025-09-05,calm,BTC-12SEP25-113000-P,P,0.019180962233637747,0.0010180827002609586,112956.66,113115.10192682788,0.02,2259.1332,fixed_28pct,SH_numerical,1778.1266055700632,0.015741671235410672,-481.00659442993697,-0.0042523640631212225,0.3708381702182614,0.2937958309727081,-7.704233924555326,False
2025-09-05,calm,BTC-12SEP25-114000-C,C,0.019181771530948754,-0.00794589188427329,112939.34,113097.75763242882,0.017,1919.9687800000002,fixed_28pct,SH_numerical,1400.9309202938991,0.0124042775554904,-519.037859706101,-0.00458928515093102,0.37357584871101807,0.2895550542735124,-8.402079443750566,False
2025-09-05,calm,BTC-12SEP25-115000-C,C,0.01919768864155251,-0.017444877063790443,112852.94,113011.2364409694,0.0135,1523.51469,fixed_28pct,SH_numerical,973.6166457128883,0.008627304221873956,-549.8980442871117,-0.004865870524072595,0.3788773380532097,0.2849469127609872,-9.393042529222251,False
2025-09-05,calm,BTC-12SEP25-116000-C,C,0.019178238362506345,-0.02504274099406845,112972.65,113131.11435566394,0.01,1129.7265,fixed_28pct,SH_numerical,700.7397346817443,0.006202737872234955,-428.9867653182557,-0.003791943248871378,0.36077478358399184,0.2811388683813176,-7.963591520267427,False
2025-09-05,calm,BTC-12SEP25-119000-C,C,0.019188439022070014,-0.051199131203636346,112902.28,113060.64564914774,0.0045,508.06025999999997,fixed_28pct,SH_numerical,163.5662490056413,0.0014487417703667393,-344.49401099435863,-0.0030469842889753163,0.37303527910302875,0.26730917424592293,-10.572610485710582,False
2025-09-05,calm,BTC-12SEP25-120000-C,C,0.019187111777016742,-0.058724883100107615,112997.44,113155.93912807459,0.0034,384.19129599999997,fixed_28pct,SH_numerical,96.02430079258349,0.0008497918253066927,-288.16699520741645,-0.002546636061950377,0.3730510627690631,0.26307180059954904,-10.997926216951404,False
2025-09-05,calm,BTC-12SEP25-122000-C,C,0.01923779585235921,-0.07738162734177031,112757.3,112915.46228875667,0.002,225.5146,fixed_28pct,SH_numerical,19.282372650682724,0.00017100775427118887,-206.23222734931727,-0.0018264303503617895,0.3933909208226637,0.25202820567366946,-14.136271514899423,False
2025-09-05,calm,BTC-12SEP25-124000-C,C,0.019192682775240996,-0.09210675296422283,112930.56,113088.96531690784,0.0012,135.51667199999997,fixed_28pct,SH_numerical,3.681829082991232,3.2602592982725244e-05,-131.83484291700873,-0.0011657622169198342,0.40242394743262055,0.24253037556737247,-15.989357186524808,False
2025-09-05,calm,BTC-12SEP25-125000-C,C,0.01919271229705733,-0.10012918420998515,112931.66,113090.06685985466,0.001,112.93166000000001,fixed_28pct,SH_numerical,1.2551890492093427,1.1114589559821778e-05,-111.67647095079066,-0.0009875002646269916,0.41505687105427264,0.23707392863694976,-17.798294241732286,False
2025-09-05,calm,BTC-12SEP25-130000-C,C,0.019281410736935567,-0.14533875104151395,112257.35,112414.81101942631,0.0005,56.128675,fixed_28pct,SH_numerical,5.993201628982531e-05,5.338805547238137e-10,-56.12861506798371,-0.0004992991097790857,0.5011446594528879,0.2012029340621103,-29.994172539077756,False
2025-09-05,calm,BTC-12SEP25-135000-C,C,0.019249690639269405,-0.17892833399578545,112724.27,112882.38595827167,0.0003,33.817281,fixed_28pct,SH_numerical,-2.863730088440528e-09,-2.5404733944522578e-14,-33.81728100286373,-0.00029957978577246496,0.5579418995799535,,,False
2025-09-05,calm,BTC-12SEP25-90000-P,P,0.01920613267376966,0.2271797296654179,112796.77,112954.98765249399,0.0003,33.839031,fixed_28pct,SH_numerical,0.007965388172825957,7.06171654811211e-08,-33.83106561182717,-0.0002995092674960794,0.706005887956288,0.3778107108181688,-32.819517713811926,False
2025-09-05,calm,BTC-12SEP25-95000-P,P,0.019275726788432267,0.16805660798038408,112227.92,112385.33973858545,0.0006,67.33675199999999,fixed_28pct,SH_numerical,0.4958485276120653,4.418227902754193e-06,-66.84090347238792,-0.0005947475322658951,0.5968142022210055,0.3588995240508872,-23.791467817011824,False
2025-09-08,calm,BTC-26SEP25-100000-P,P,0.04938004575722983,0.10918130459910476,111427.43,111536.45527338712,0.0055,612.8508649999999,fixed_28pct,SH_numerical,296.6507552828347,0.0026622776392027955,-316.20010971716516,-0.002834948528193107,0.4252942854232803,0.34946391128061477,-7.583037414266553,False
2025-09-08,calm,BTC-26SEP25-104000-P,P,0.04931913457635718,0.06842532088316913,111256.49,111365.3480185179,0.01,1112.5649,fixed_28pct,SH_numerical,779.783600050258,0.007008881909273409,-332.7812999497421,-0.0029881943160129758,0.3861035529890402,0.3357499623439376,-5.035359064510258,False
2025-09-08,calm,BTC-26SEP25-106000-P,P,0.04936526531582953,0.0521735881247468,111568.05,111677.21286189603,0.0135,1506.1686750000001,fixed_28pct,SH_numerical,1117.5827865688452,0.010017050459955563,-388.5858884311549,-0.003479545007195818,0.38027621078004964,0.3300534577614053,-5.022275301864432,False
2025-09-08,calm,BTC-26SEP25-108000-P,P,0.049377227676306444,0.033294376892421734,111547.18,111656.32244181224,0.0185,2063.62283,fixed_28pct,SH_numerical,1649.97393043345,0.01479171351918937,-413.64889956654974,-0.003704661684358409,0.36992211442854706,0.32321441174419774,-4.670770268434932,False
2025-09-08,calm,BTC-26SEP25-112000-C,C,0.049381299308726534,-0.00458991904315855,111378.13,111487.10703619834,0.031,3452.72203,fixed_28pct,SH_numerical,2808.1195675272097,0.025212486217242196,-644.6024624727902,-0.005781856571661659,0.37396101099965817,0.30872385427996574,-6.523715671969244,False
2025-09-08,calm,BTC-26SEP25-118000-C,C,0.04931762176560122,-0.05783353067919421,111260.37,111369.23181487272,0.011,1223.8640699999999,fixed_28pct,SH_numerical,718.2372978044881,0.006455463861970692,-505.62677219551176,-0.00454009391962052,0.3556424509683776,0.28619032112566123,-6.945212984271637,False
2025-09-08,calm,BTC-26SEP25-120000-C,C,0.049414030060882796,-0.07491877410692396,111229.43,111338.26154187837,0.007,778.60601,fixed_28pct,SH_numerical,392.4358781647684,0.003528165865497723,-386.1701318352316,-0.0034684404668019623,0.34615162884785744,0.27837605524704073,-6.777557360081671,False
2025-09-08,calm,BTC-26SEP25-122000-C,C,0.04935536621638762,-0.09114235839387955,111263.44,111372.30481868955,0.005,556.3172000000001,fixed_28pct,SH_numerical,197.52320874393953,0.001775275047616176,-358.7939912560605,-0.003221572830338434,0.35351191477453564,0.2704890183057744,-8.302289646876126,False
2025-09-08,calm,BTC-26SEP25-126000-C,C,0.04937431100963978,-0.12127513721247028,111500.47,111609.56673878814,0.0023,256.451081,fixed_28pct,SH_numerical,38.66111883039772,0.00034673503017877607,-217.78996216960226,-0.001951355681536866,0.3565441173046886,0.25482899287098115,-10.171512443370744,False
2025-09-08,calm,BTC-26SEP25-128000-C,C,0.04942443004819888,-0.1399278749614276,111177.1,111285.88034001044,0.0016,177.88336,fixed_28pct,SH_numerical,10.233753077086504,9.204910972751136e-05,-167.6496069229135,-0.0015064768900663376,0.36957412389554806,0.2443237023490217,-12.525042154652635,False
2025-09-08,calm,BTC-26SEP25-132000-C,C,0.04941328982749873,-0.17054942405195644,111193.79,111302.58667020679,0.001,111.19378999999999,fixed_28pct,SH_numerical,0.5143189194200569,4.625428447218652e-06,-110.67947108057993,-0.000994401607291723,0.3985993109086635,0.22527906485186472,-17.33202460567988,False
2025-09-08,calm,BTC-26SEP25-98000-P,P,0.04937899334094368,0.13009839221180905,111507.06,111616.16318672067,0.0039,434.87753399999997,fixed_28pct,SH_numerical,173.29653372959137,0.0015541305970186226,-261.5810002704086,-0.0023435763495365312,0.43977989698811876,0.3561735262711954,-8.360637071692334,False
2023-08-18,shock,BTC-29SEP23-20000-P,P,0.11510144216133943,0.2871070664283846,26449.57,26651.33758029029,0.0043,113.73315099999999,fixed_28pct,BS_fixed,0.7735657611976922,2.9246818046482124e-05,-112.9595852388023,-0.0042384208634369015,0.5484839080351033,0.27999999999998726,-26.848390803511602,False
2023-08-18,shock,BTC-29SEP23-21000-P,P,0.1151080652270421,0.23844619656927588,26452.99,26654.78366937698,0.006,158.71794000000003,fixed_28pct,BS_fixed,4.362221984985787,0.0001649046850653097,-154.35571801501425,-0.005790919931282343,0.5113087489522226,0.27999999999998737,-23.13087489522352,False
2023-08-18,shock,BTC-29SEP23-22000-P,P,0.11508866482749873,0.19177193316603847,26448.91,26650.67254555426,0.008,211.59128,fixed_28pct,BS_fixed,18.54652775231492,0.0007012208727057152,-193.0447522476851,-0.007243522726029214,0.4678883768741148,0.28000000000000286,-18.788837687411192,False
2023-08-18,shock,BTC-29SEP23-23000-P,P,0.1151080652270421,0.14747441836354905,26452.99,26654.78366937698,0.0122,322.72647800000004,fixed_28pct,BS_fixed,61.05540674708601,0.0023080720458097934,-261.67107125291403,-0.009817039766619507,0.44396277363583636,0.2799999999999995,-16.396277363583682,False
2023-08-18,shock,BTC-29SEP23-24000-P,P,0.1150805249873161,0.10467548288950165,26446.66,26648.405381681438,0.018,476.03988,fixed_28pct,BS_fixed,164.05870280707845,0.0062033807976915965,-311.98117719292156,-0.011707311290280156,0.4167239773242909,0.27999999999999886,-13.672397732429204,False
2023-08-18,shock,BTC-29SEP23-25000-P,P,0.11510698779173009,0.06427651469221499,26457.85,26659.68074334227,0.0278,735.5282299999999,fixed_28pct,BS_fixed,364.26546899215396,0.013767765294313557,-371.26276100784594,-0.013926001762063918,0.4046273824005224,0.2799999999999996,-12.462738240052278,False
2023-08-18,shock,BTC-29SEP23-26000-P,P,0.11507396305809234,0.024152448009356446,26433.96,26635.60850115485,0.042,1110.22632,fixed_28pct,BS_fixed,711.1062237345152,0.026901237035030515,-399.1200962654848,-0.014984455723929866,0.39485703531772953,0.2799999999999998,-11.485703531772973,False
2023-08-18,shock,BTC-29SEP23-27000-C,C,0.11507217018645358,-0.013867105272662581,26426.58,26628.172203651997,0.0465,1228.83597,fixed_28pct,BS_fixed,840.5540154197977,0.03180714324062355,-388.2819545802024,-0.014581622486538914,0.38800458880470867,0.2799999999999994,-10.800458880470925,False
2023-08-18,shock,BTC-29SEP23-28000-C,C,0.1151045541920345,-0.04875362705166406,26465.75,26667.641007606842,0.034,899.8355,fixed_28pct,BS_fixed,502.64656917835845,0.018992341769205803,-397.1889308216416,-0.014894040710550473,0.3979936201371984,0.2799999999999991,-11.799362013719932,False
2023-08-18,shock,BTC-29SEP23-29000-C,C,0.11508392941400304,-0.08438730412713888,26451.4,26653.181540240184,0.024,634.8336,fixed_28pct,BS_fixed,270.7167756207551,0.010234497063321982,-364.116824379245,-0.013661289322233901,0.4069620583844821,0.28000000000000047,-12.69620583844816,False
2023-08-18,shock,BTC-29SEP23-30000-C,C,0.11510564437468289,-0.117722316633254,26466.39,26668.28588977511,0.018,476.39501999999993,fixed_28pct,BS_fixed,138.9047400932911,0.005248344791008185,-337.4902799067088,-0.012655117066826779,0.42533302751131896,0.28000000000000175,-14.533302751131721,False
2023-08-18,shock,BTC-29SEP23-35000-C,C,0.11513173560375443,-0.2718442812073834,26467.15,26669.051687349933,0.005,132.33575000000002,fixed_28pct,BS_fixed,1.7935245082467324,6.776417212456696e-05,-130.5422254917533,-0.004894895664913127,0.5109468815715087,0.2799999999999986,-23.094688157151012,False
2023-10-23,shock,BTC-29DEC23-24000-P,P,0.18356287943937089,0.25144657504154105,30522.92,30861.220798051287,0.0155,473.10526,fixed_28pct,BS_fixed,21.320800141525606,0.0006985177087095732,-451.7844598584744,-0.014639228396531936,0.5521860776927368,0.2800000000000065,-27.218607769273024,False
2023-10-23,shock,BTC-29DEC23-25000-P,P,0.18357180704591577,0.21039718454822928,30515.98,30854.20387855805,0.02,610.3196,fixed_28pct,BS_fixed,53.3117754226602,0.0017470117434426225,-557.0078245773399,-0.018052898942708718,0.5330994370865297,0.2799999999999988,-25.309943708653094,False
2023-10-23,shock,BTC-29DEC23-27000-P,P,0.18361817858954846,0.13991563467163953,30714.35,31054.772512545544,0.0335,1028.930725,fixed_28pct,BS_fixed,208.59259219204662,0.006791372508031152,-820.3381328079533,-0.026415847434610965,0.5181947188177624,0.27999999999999997,-23.819471881776238,False
2023-10-23,shock,BTC-29DEC23-30000-P,P,0.18359523684043633,0.03561042024272565,30746.78,31087.561950465664,0.071,2183.0213799999997,fixed_28pct,BS_fixed,981.0613683331712,0.03190777597957156,-1201.9600116668284,-0.038663694939539126,0.5166893101865667,0.28000000000000036,-23.668931018656636,False
2023-10-23,shock,BTC-29DEC23-32000-C,C,0.18366562347792997,-0.03032499462871697,30703.86,31044.166246625653,0.08,2456.3088000000002,fixed_28pct,BS_fixed,1078.045813743731,0.03511108420060966,-1378.2629862562692,-0.04439684336525158,0.5410665196592633,0.27999999999999986,-26.106651965926346,False
2023-10-23,shock,BTC-29DEC23-33000-C,C,0.18358757883054286,-0.05990858371648203,30740.36,31081.07079439267,0.0685,2105.71466,fixed_28pct,BS_fixed,760.0497093064856,0.024724814846231,-1345.6649506935146,-0.04329532143841987,0.5431116378172971,0.2799999999999997,-26.31116378172974,False
2023-10-23,shock,BTC-29DEC23-34000-C,C,0.18358160708396754,-0.09095971294653507,30703.55,31043.852810740507,0.059,1811.5094499999998,fixed_28pct,BS_fixed,503.5212051922577,0.016399445835815655,-1307.9882448077421,-0.04213356675738413,0.5531122867754044,0.27999999999999975,-27.311228677540463,False
2023-10-23,shock,BTC-29DEC23-35000-C,C,0.1836686566780822,-0.12070999318483927,30680.14,31020.183345994592,0.0525,1610.70735,fixed_28pct,BS_fixed,325.3499533375195,0.01060457851031708,-1285.3573966624804,-0.04143616374944634,0.572039058687328,0.27999999999999936,-29.20390586873286,False
2023-10-23,shock,BTC-29DEC23-36000-C,C,0.1835759743150685,-0.15049037118516015,30630.8,30970.29648608159,0.044,1347.7551999999998,fixed_28pct,BS_fixed,200.53124284280057,0.006546719081538862,-1147.2239571571993,-0.03704271793693596,0.572895930588261,0.2799999999999991,-29.289593058826195,False
2023-10-23,shock,BTC-29DEC23-37000-C,C,0.183654147260274,-0.17732601895184827,30648.06,30987.74778729964,0.039,1195.27434,fixed_28pct,BS_fixed,125.07209841901482,0.0040809140421617165,-1070.2022415809852,-0.03453630282932691,0.5855971385122246,0.2800000000000007,-30.55971385122239,False
2023-10-23,shock,BTC-29DEC23-38000-C,C,0.18358899429223746,-0.20103240042623854,30738.97,31079.665388327023,0.034,1045.12498,fixed_28pct,BS_fixed,79.88232258401284,0.0025987312712173775,-965.2426574159872,-0.031057047923640627,0.5892757699406612,0.2799999999999994,-30.92757699406618,False
2023-10-23,shock,BTC-29DEC23-39000-C,C,0.18357936485286655,-0.228945416295037,30679.47,31019.505920049283,0.0295,905.044365,fixed_28pct,BS_fixed,45.07067931880282,0.00146908272270684,-859.9736856811971,-0.02772364227520974,0.5989930988513675,0.27999999999999975,-31.899309885136777,False
2023-10-23,shock,BTC-29DEC23-40000-C,C,0.18358892830416032,-0.2523221163008076,30739.08,31079.776607512074,0.0265,814.5856200000001,fixed_28pct,BS_fixed,27.084225607368744,0.0008811007228377929,-787.5013943926314,-0.02533806482387296,0.6097890723353685,0.2799999999999993,-32.97890723353692,False
2023-10-26,shock,BTC-24NOV23-29000-P,P,0.07947974651192288,0.18822759263631017,34693.83,35006.13817785115,0.0105,364.28521500000005,fixed_28pct,BS_fixed,7.164091533001637,0.0002064946860292345,-357.1211234669984,-0.01020167153693502,0.6023579504072346,0.27999999999998904,-32.235795040724554,False
2023-10-26,shock,BTC-24NOV23-30000-P,P,0.07945303063165907,0.1533037230536002,34658.38,34970.36906275475,0.0144,499.08067199999994,fixed_28pct,BS_fixed,25.277639009510676,0.0007293370033311043,-473.80303299048927,-0.013548699818988014,0.5817328944373886,0.2800000000000018,-30.173289443738682,False
2023-10-26,shock,BTC-24NOV23-31000-P,P,0.0795225078957382,0.12252552996388377,34728.17,35040.787300909265,0.0195,677.199315,fixed_28pct,BS_fixed,67.67053395287904,0.001948577594295324,-609.5287810471209,-0.017394836931398067,0.5693477656468494,0.2799999999999987,-28.934776564685073,False
2023-10-26,shock,BTC-24NOV23-32000-P,P,0.07950538974505326,0.09114361353680861,34740.91,35053.64198430357,0.0265,920.6341150000001,fixed_28pct,BS_fixed,162.66942061957883,0.004682359230647062,-757.9646943804212,-0.021622994116269716,0.5589459518131343,0.28000000000000086,-27.89459518131335,False
2023-10-26,shock,BTC-24NOV23-36000-C,C,0.07948235724251648,-0.026808401457431037,34735.04,35047.71914352456,0.0535,1858.32464,fixed_28pct,BS_fixed,706.140576546663,0.020329343986552572,-1152.1840634533369,-0.03287472313775988,0.5771273628622716,0.2800000000000005,-29.71273628622711,False
2023-10-26,shock,BTC-24NOV23-37000-C,C,0.07946918921232876,-0.055543518977004484,34688.66,35000.92163835754,0.044,1526.30104,fixed_28pct,BS_fixed,403.1500032428381,0.011621953780942766,-1123.1510367571618,-0.03208918463239264,0.5921937044309735,0.27999999999999864,-31.21937044309749,False
2023-10-26,shock,BTC-24NOV23-38000-C,C,0.07946233647260273,-0.08259121274050377,34675.5,34987.643174191995,0.0365,1265.65575,fixed_28pct,BS_fixed,219.22442995913292,0.006322170695711177,-1046.431320040867,-0.02990859701040818,0.6070749872170453,0.2800000000000016,-32.707498721704376,False
2023-10-26,shock,BTC-24NOV23-40000-C,C,0.07949175386859463,-0.13257348962513577,34720.99,35033.542667724716,0.025,868.02475,fixed_28pct,BS_fixed,56.792992433752914,0.0016356962296798828,-811.2317575662471,-0.02315585852279818,0.6275952578211735,0.2800000000000002,-34.759525782117336,False
2023-10-26,shock,BTC-24NOV23-42000-C,C,0.07948895608193811,-0.18074030598792323,34742.64,35055.387557480346,0.017,590.6248800000001,fixed_28pct,BS_fixed,11.429385565442333,0.00032897285771727,-579.1954944345578,-0.016522296137358356,0.6465317003135949,0.2800000000000004,-36.653170031359444,False
2023-10-26,shock,BTC-24NOV23-44000-C,C,0.07947396058472857,-0.22929880043984524,34671.89,34984.000677562995,0.0115,398.72673499999996,fixed_28pct,BS_fixed,1.648323533343784,4.754063113789828e-05,-397.0784114666562,-0.011350285952896251,0.6680855118004256,0.2799999999999983,-38.808551180042734,False
2023-10-26,shock,BTC-24NOV23-46000-C,C,0.0794822417237443,-0.27191876802713305,34735.46,35048.1429242958,0.008,277.88368,fixed_28pct,BS_fixed,0.23052947673001067,6.636718694095621e-06,-277.65315052327,-0.007922050281608431,0.6846807266510474,0.2799999999999987,-40.46807266510487,False
2023-10-26,shock,BTC-24NOV23-48000-C,C,0.07952338280060882,-0.3143859739479086,34738.67,35051.38182019028,0.0055,191.062685,fixed_28pct,BS_fixed,0.025086499047083943,7.221490934190613e-07,-191.0375985009529,-0.005450215899645688,0.7002092643869212,0.2800000000000014,-42.02092643869198,False
2024-02-29,shock,BTC-8MAR24-49000-P,P,0.02199230590436327,0.2552934495191499,62813.96,63251.177727365415,0.0018,113.065128,fixed_28pct,BS_fixed,1.4038964936407988e-07,2.235007144336703e-12,-113.06512785961036,-0.001787557669628863,0.9572479255826316,0.2799998700511909,-67.72480555314407,False
2024-02-29,shock,BTC-8MAR24-50000-P,P,0.02201515379249112,0.23797828311994992,62995.6,63434.08203593629,0.002,125.9912,fixed_28pct,BS_fixed,1.9620255032570405e-06,3.1145437193344304e-11,-125.9911980379745,-0.0019861751600125425,0.9197487248111971,0.2800000344655835,-63.97486903456135,False
2024-02-29,shock,BTC-8MAR24-52000-P,P,0.02194171997082699,0.19283265556829868,62623.46,63059.35174860109,0.0033,206.657418,fixed_28pct,BS_fixed,0.0007856541285004401,1.2545683814028163e-08,-206.65663234587151,-0.003277176606092466,0.8597917233622958,0.280000000102414,-57.97917232598818,False
2024-02-29,shock,BTC-8MAR24-53000-P,P,0.021923783136732624,0.17555044877762052,62734.15,63170.812208388095,0.0039,244.663185,fixed_28pct,BS_fixed,0.005913843736420751,9.426833290035413e-08,-244.6572711562636,-0.0038729480056261954,0.8301289908398336,0.2799999999940776,-55.01289908457561,False
2024-02-29,shock,BTC-8MAR24-54000-P,P,0.021936777524099442,0.1552200670788126,62631.46,63067.407432748674,0.0055,344.47303,fixed_28pct,BS_fixed,0.05243796705854739,8.372464422599664e-07,-344.42059203294144,-0.005461150316036235,0.8244914591825504,0.2799999999974165,-54.449145918513395,False
2024-02-29,shock,BTC-8MAR24-55000-P,P,0.021980263064434298,0.13995518985585573,62824.93,63262.22408425279,0.007,439.77451,fixed_28pct,BS_fixed,0.23699504743531846,3.7723089772693494e-06,-439.5375149525647,-0.006947866935047803,0.8178040331829347,0.280000000000346,-53.78040331825886,False
2024-02-29,shock,BTC-8MAR24-55500-P,P,0.021966496797311007,0.1303801064013499,62791.94,63229.00445674919,0.008,502.33552000000003,fixed_28pct,BS_fixed,0.5642606902858908,8.986196162849734e-06,-501.77125930971414,-0.007935776683830961,0.8106736849327371,0.28000000000015607,-53.0673684932581,False
2024-02-29,shock,BTC-8MAR24-56000-P,P,0.02199303697361745,0.12298714831714998,62890.96,63328.713687285905,0.009,566.01864,fixed_28pct,BS_fixed,1.0805400850076488,1.71811669754707e-05,-564.9380999149923,-0.008920725955443042,0.8086746569328367,0.2799999999999779,-52.86746569328589,False
2024-02-29,shock,BTC-8MAR24-56500-P,P,0.022008551401572807,0.11733047967461836,63094.57,63533.74091844708,0.009,567.8511299999999,fixed_28pct,BS_fixed,1.743216093843357,2.7628623094560388e-05,-566.1079139061566,-0.00891035071636694,0.7828393489877864,0.2800000000000328,-50.283934898775364,False
2024-02-29,shock,BTC-8MAR24-58500-P,P,0.02201215147767631,0.08249221828129787,63091.28,63530.42801834139,0.016,1009.46048,fixed_28pct,BS_fixed,22.334628848895253,0.0003540050043190636,-987.1258511511047,-0.015537843549017475,0.7886064360043208,0.27999999999999736,-50.86064360043234,False
2024-02-29,shock,BTC-8MAR24-59000-P,P,0.02194114817985794,0.06623308753596721,62604.31,63040.068454672815,0.02,1252.0862,fixed_28pct,BS_fixed,59.20559797756581,0.0009457112134542464,-1192.8806020224342,-0.01892257783444733,0.7839778365924199,0.2800000000000022,-50.39778365924177,False
2024-02-29,shock,BTC-8MAR24-59500-P,P,0.021938728786149164,0.05759549078129061,62591.87,63027.541865823325,0.023,1439.61301,fixed_28pct,BS_fixed,95.44379875510147,0.0015248593588129172,-1344.1692112448986,-0.021326695781765433,0.791945783256986,0.28000000000000136,-51.19457832569846,False
2024-02-29,shock,BTC-8MAR24-61000-P,P,0.021981969178082192,0.03583431811360583,62788.49,63225.530442960546,0.03,1883.6546999999998,fixed_28pct,BS_fixed,276.8229321650521,0.0044088165229813955,-1606.8317678349476,-0.025414286864458412,0.7789008673089645,0.2800000000000021,-49.890086730896236,False
2024-02-29,shock,BTC-8MAR24-63000-P,P,0.02197476182775241,0.0014143620096400077,62653.07,63089.16784955234,0.0465,2913.3677549999998,fixed_28pct,BS_fixed,999.892871343434,0.01595919994572387,-1913.474883656566,-0.030329689689672194,0.7937619643239132,0.2799999999999992,-51.376196432391396,False
2024-02-29,shock,BTC-8MAR24-64000-C,C,0.021948678779807204,-0.012177449313743727,62788.33,63225.3693292776,0.0405,2542.927365,fixed_28pct,BS_fixed,710.3635802076044,0.011313624366305083,-1832.5637847923956,-0.02898462759858953,0.7754547093474637,0.27999999999999925,-49.54547093474645,False
2024-02-29,shock,BTC-8MAR24-64500-C,C,0.0219377195268899,-0.022623661493204078,62621.28,63057.15657467087,0.037,2316.9873599999996,fixed_28pct,BS_fixed,486.9000471110604,0.007775312914572497,-1830.0873128889393,-0.02902267422606966,0.7920393118050524,0.2800000000000002,-51.203931180505215,False
2024-02-29,shock,BTC-8MAR24-65000-C,C,0.021954731703450026,-0.028537415661734043,62734.62,63171.285479831764,0.034,2132.97708,fixed_28pct,BS_fixed,387.6780016099871,0.006179650113605328,-1745.299078390013,-0.027628044373851184,0.7812824091559047,0.2799999999999977,-50.1282409155907,False
2024-02-29,shock,BTC-8MAR24-66000-C,C,0.021928038115169964,-0.04575243920262514,62612.56,63048.375878950006,0.0285,1784.45796,fixed_28pct,BS_fixed,182.25567438891645,0.002910848468564717,-1602.2022856110834,-0.025412268964504946,0.7967126469085606,0.2800000000000014,-51.67126469085592,False
2024-02-29,shock,BTC-8MAR24-68000-C,C,0.021936975202942667,-0.07549313086279838,62619.59,63055.454811394695,0.0205,1283.701595,fixed_28pct,BS_fixed,36.81626481615391,0.000587935258217978,-1246.885330183846,-0.01977442449528605,0.8168768323350389,0.2799999999999987,-53.687683233504025,False
2024-02-29,shock,BTC-8MAR24-70000-C,C,0.02193446816336885,-0.10348610645611421,62681.9,63118.198521299186,0.0145,908.88755,fixed_28pct,BS_fixed,5.600502294811116,8.934799830271762e-05,-903.2870477051889,-0.014311039745539876,0.8293218975745971,0.2800000000000001,-54.9321897574597,False
2024-02-29,shock,BTC-8MAR24-72000-C,C,0.022022204654997466,-0.128176077294097,62900.47,63338.289881816345,0.011,691.90517,fixed_28pct,BS_fixed,0.7922694507041451,1.259560462273406e-05,-691.1129005492959,-0.010911455011476494,0.8519451234502358,0.2799999999999981,-57.194512345023774,False
2024-02-29,shock,BTC-8MAR24-74000-C,C,0.021918328608574327,-0.1593134813666806,62665.76,63101.94617853144,0.007,438.66032,fixed_28pct,BS_fixed,0.040097929552038954,6.398698356493076e-07,-438.620222070448,-0.006950977721502914,0.8601658819429434,0.28000000000000225,-58.016588194294116,False
2024-02-29,shock,BTC-8MAR24-76000-C,C,0.02192382290081177,-0.18491983028202047,62732.34,63168.9896098497,0.005,313.6617,fixed_28pct,BS_fixed,0.0024192311221409102,3.8564337344038345e-08,-313.65928076887786,-0.00496539967959168,0.8778789151018811,0.27999999999999875,-59.78789151018824,False
2025-10-12,shock,BTC-31OCT25-100000-P,P,0.052087223205225776,0.1134745804005474,111825.67,112016.34144251612,0.0085,950.5181950000001,fixed_28pct,BS_fixed,102.57100790916174,0.0009172402714793637,-847.9471870908384,-0.007569852542684434,0.48872009961768237,0.27999999999999814,-20.872009961768423,False
2025-10-12,shock,BTC-31OCT25-102000-P,P,0.05206753513444952,0.09287038477879103,111736.07,111926.58866756519,0.011,1229.09677,fixed_28pct,BS_fixed,222.13743104004016,0.0019880548066532155,-1006.95933895996,-0.008996605283403613,0.47085764521211426,0.2800000000000017,-19.085764521211257,False
2025-10-12,shock,BTC-31OCT25-105000-P,P,0.052167198598427195,0.06416919607088947,111768.07,111958.64323004766,0.018,2011.82526,fixed_28pct,BS_fixed,573.7984312530567,0.00513383143551693,-1438.0268287469435,-0.012844268090960603,0.4752016721346993,0.2800000000000013,-19.5201672134698,False
2025-10-12,shock,BTC-31OCT25-106000-P,P,0.05212723709411467,0.0556293671335694,111873.06,112063.81224614252,0.0185,2069.65161,fixed_28pct,BS_fixed,738.5850288361644,0.006601991836427504,-1331.0665811638355,-0.01187775566870967,0.4495389238843547,0.280000000000002,-16.953892388435264,False
2025-10-12,shock,BTC-31OCT25-108000-P,P,0.05205597605910705,0.034558320853792596,111607.24,111797.53900242086,0.026,2901.78824,fixed_28pct,BS_fixed,1301.4952473988778,0.011661387266622468,-1600.292992601122,-0.014314205901853254,0.4551726300251792,0.2799999999999989,-17.51726300251803,False
2025-10-12,shock,BTC-31OCT25-111000-P,P,0.05206324790715373,0.0072700860374546785,111619.6,111809.92007717972,0.036,4018.3055999999997,fixed_28pct,BS_fixed,2452.388169664319,0.021970945691118036,-1565.9174303356808,-0.01400517440004219,0.4351913599212449,0.28000000000000075,-15.519135992124417,False
2025-10-12,shock,BTC-31OCT25-112000-C,C,0.052089843924403856,-0.0008084556238861046,111719.0,111909.48956189092,0.0405,4524.6195,fixed_28pct,BS_fixed,2808.7053902983716,0.025140803178495794,-1715.9141097016281,-0.015333052777018087,0.44848841053097815,0.27999999999999875,-16.848841053097942,False
2025-10-12,shock,BTC-31OCT25-113000-C,C,0.052057037734652464,-0.010467040071485245,111633.05,111823.39301047313,0.035,3907.1567500000006,fixed_28pct,BS_fixed,2314.522619168883,0.020733309885995976,-1592.6341308311175,-0.014242405707381415,0.43713131704674374,0.27999999999999964,-15.71313170467441,False
2025-10-12,shock,BTC-31OCT25-115000-C,C,0.0520629525304414,-0.028232993239539463,111608.31,111798.61082685385,0.0275,3069.228525,fixed_28pct,BS_fixed,1566.660638073015,0.014037132522417149,-1502.567886926985,-0.013439951317946704,0.43512869546390387,0.28000000000000075,-15.512869546390313,False
2025-10-12,shock,BTC-31OCT25-116000-C,C,0.05213238051750381,-0.03598293395140361,111709.71,111900.18372172024,0.0255,2848.597605,fixed_28pct,BS_fixed,1304.1407082293565,0.011674371979207147,-1544.4568967706434,-0.013802094379143174,0.44452122497236785,0.2800000000000002,-16.452122497236765,False
2025-10-12,shock,BTC-31OCT25-118000-C,C,0.05209595364028412,-0.05305910585990082,111711.75,111902.22720007849,0.02,2234.235,fixed_28pct,BS_fixed,836.4494432135303,0.007487569062462367,-1397.78555678647,-0.012491132587444064,0.44574283688648125,0.27999999999999897,-16.57428368864823,False
2025-10-12,shock,BTC-31OCT25-120000-C,C,0.05207246603881279,-0.06986622417628213,111711.75,111902.22720007849,0.0155,1731.532125,fixed_28pct,BS_fixed,514.4919676737356,0.004605531357925515,-1217.0401573262643,-0.010875924347334266,0.4470561834800484,0.27999999999999975,-16.705618348004865,False
2025-10-12,shock,BTC-31OCT25-123000-C,C,0.05207276721841705,-0.09460592334294181,111706.49,111896.95823137043,0.011,1228.7713899999999,fixed_28pct,BS_fixed,229.46619568306753,0.002054188576537205,-999.3051943169323,-0.008930584084785033,0.4594238642134572,0.2799999999999987,-17.94238642134585,False
2025-10-12,shock,BTC-31OCT25-124000-C,C,0.052168613330796546,-0.1020268572931283,111782.06,111972.65708408297,0.011,1229.60266,fixed_28pct,BS_fixed,177.01584259847564,0.0015835800717796367,-1052.5868174015243,-0.009400391531399594,0.4806490517167141,0.2799999999999996,-20.064905171671455,False
2025-10-12,shock,BTC-31OCT25-126000-C,C,0.05207268112633181,-0.11867026343721723,111710.2,111900.67455720824,0.008,893.6816,fixed_28pct,BS_fixed,93.6040720475858,0.0008379187580685184,-800.0775279524142,-0.007149890124597789,0.47538461271102495,0.27999999999999936,-19.53846127110256,False
2025-10-12,shock,BTC-31OCT25-128000-C,C,0.05207257940131913,-0.13441423406529657,111710.69,111901.16539269626,0.0065,726.1194849999999,fixed_28pct,BS_fixed,48.940155831310804,0.0004380973372495578,-677.1793291686892,-0.0060515842421502465,0.48607414142306615,0.28000000000000086,-20.607414142306528,False
2025-10-12,shock,BTC-31OCT25-130000-C,C,0.05213990093860984,-0.15017151703875645,111682.42,111872.84719015313,0.006,670.09452,fixed_28pct,BS_fixed,24.438111181849507,0.0002188178872005953,-645.6564088181505,-0.005771341527767786,0.5135610270361453,0.27999999999999864,-23.356102703614663,False
2025-10-12,shock,BTC-31OCT25-132000-C,C,0.052088215468036526,-0.1647417187802167,111760.32,111950.88001569644,0.0047,525.273504,fixed_28pct,BS_fixed,12.190978274731034,0.00010908145462299171,-513.082525725269,-0.004583103997515076,0.5159270086206769,0.27999999999999875,-23.59270086206781,False
2025-10-12,shock,BTC-31OCT25-134000-C,C,0.052096086250634194,-0.18016361651696475,111717.41,111907.89685081757,0.0039,435.697899,fixed_28pct,BS_fixed,5.5835262449788114,4.997901620686347e-05,-430.1143727550212,-0.00384346757341351,0.5276646781603831,0.2799999999999998,-24.76646781603833,False
2025-10-12,shock,BTC-31OCT25-135000-C,C,0.05209434655631659,-0.18773779517307265,111701.86,111892.32033686124,0.0034,379.786324,fixed_28pct,BS_fixed,3.7332941384610017,3.342195142015542e-05,-376.05302986153896,-0.0033608475427929253,0.5280995741219837,0.280000000000002,-24.80995741219817,False
2025-10-12,shock,BTC-31OCT25-138000-C,C,0.052096085299340435,-0.20958009756195858,111717.12,111907.60635634507,0.0027,301.636224,fixed_28pct,BS_fixed,1.0924954314220086,9.779122764908445e-06,-300.54372856857805,-0.0026856416498764425,0.5481676435365285,0.2800000000000016,-26.81676435365269,False
2025-10-12,shock,BTC-31OCT25-140000-C,C,0.05209608476027397,-0.22396883501405812,111717.12,111907.60635634507,0.0023,256.949376,fixed_28pct,BS_fixed,0.45928231415163034,4.111118458403066e-06,-256.49009368584836,-0.00229198087634108,0.5600116814821122,0.27999999999999886,-28.001168148211335,False
2025-10-12,shock,BTC-31OCT25-150000-C,C,0.05207591168822932,-0.2926455113224503,111752.45,111942.99659673589,0.0011,122.927695,fixed_28pct,BS_fixed,0.003872320311471384,3.465087621319608e-08,-122.92382267968853,-0.0010980930153452122,0.6154764236351105,0.2799999999999988,-33.547642363511166,False
2025-10-12,shock,BTC-31OCT25-155000-C,C,0.052124018518518514,-0.3236951423764416,111947.09,112137.9684730356,0.0009,100.752381,fixed_28pct,BS_fixed,0.000319619488327836,2.85509420859297e-09,-100.75206138051168,-0.0008984651920525763,0.6501225753991589,0.27999999999999836,-37.01225753991605,False
2025-10-12,shock,BTC-31OCT25-160000-C,C,0.05206415553652968,-0.3582725650505931,111630.87,111821.20929340401,0.0006,66.978522,fixed_28pct,BS_fixed,1.4749682805471156e-05,1.3212906793139888e-10,-66.9785072503172,-0.0005989785629537817,0.6716254835480686,0.2799999999999969,-39.16254835480717,False
2025-10-12,shock,BTC-31OCT25-80000-P,P,0.05205744758371385,0.3348851860062355,111632.05,111822.39130539555,0.0005,55.816025,fixed_28pct,BS_fixed,8.581507657110603e-05,7.687315297990678e-10,-55.81593918492343,-0.0004991481449586051,0.6468596191809027,0.27999999927871627,-36.685961990218644,False
2025-10-12,shock,BTC-31OCT25-85000-P,P,0.052081540969051245,0.2746565190074033,111676.26,111866.67668687525,0.001,111.67626,fixed_28pct,BS_fixed,0.011389664352617443,1.0198823234783689e-07,-111.66487033564738,-0.0009981960101327339,0.60023165695229,0.27999999999147435,-32.02316569608156,False
2025-10-12,shock,BTC-31OCT25-90000-P,P,0.052091111364789444,0.21794483265438055,111726.16,111916.66177024638,0.0019,212.279704,fixed_28pct,BS_fixed,0.53349259316134,4.775001603575564e-06,-211.74621140683868,-0.0018919989933360618,0.5508721497437815,0.2799999999997789,-27.087214974400258,False
2025-10-12,shock,BTC-31OCT25-95000-P,P,0.05206556941273465,0.16317582850632734,111647.78,111838.14812626585,0.0041,457.75589800000006,fixed_28pct,BS_fixed,11.145872106416494,9.983066484991008e-05,-446.61002589358355,-0.003993360345964943,0.5158050614349488,0.28000000000001496,-23.58050614349338,False
2025-10-12,shock,BTC-31OCT25-98000-P,P,0.052167200152207,0.1331620675578409,111768.07,111958.64323004766,0.007,782.3764900000001,fixed_28pct,BS_fixed,45.4882346397118,0.00040698774381370094,-736.8882553602883,-0.0065817897939881515,0.5130162051000439,0.2800000000000096,-23.301620510003428,False
2025-10-15,shock,BTC-28NOV25-105000-P,P,0.12058413067605277,0.07676254098438098,112500.55,113377.49231675502,0.031,3487.51705,fixed_28pct,BS_fixed,1298.1313155022906,0.01153888861434269,-2189.3857344977096,-0.019310585282491386,0.4555413905742501,0.28000000000000014,-17.554139057424994,False
2025-10-15,shock,BTC-28NOV25-108000-P,P,0.12058052454337899,0.048644195714375685,112506.46,113383.44838523283,0.0395,4444.00517,fixed_28pct,BS_fixed,2125.856813736926,0.01889541999398902,-2318.148356263074,-0.02044520950171588,0.44393335979563137,0.280000000000001,-16.393335979563034,False
2025-10-15,shock,BTC-28NOV25-112000-P,P,0.12058052235540336,0.012276551543500845,112506.46,113383.44838523283,0.054,6075.348840000001,fixed_28pct,BS_fixed,3712.4908944005037,0.032998024241456925,-2362.857945599497,-0.020839531512319376,0.4324367991472321,0.27999999999999975,-15.243679914723234,False
2025-10-15,shock,BTC-28NOV25-118000-C,C,0.12060228662480975,-0.040310948140738614,112461.27,113337.90612897013,0.042,4723.37334,fixed_28pct,BS_fixed,2533.8858240979494,0.022531186283935342,-2189.4875159020507,-0.01931822803758679,0.4248791749387655,0.2799999999999995,-14.487917493876596,False
2025-10-15,shock,BTC-28NOV25-120000-C,C,0.12057623370116692,-0.056774007183782255,112499.97,113376.90779565228,0.0355,3993.7489349999996,fixed_28pct,BS_fixed,1962.1084719442847,0.017440968845985335,-2031.640463055715,-0.017919349738462556,0.4210441910725455,0.28,-14.104419107254545,False
2025-10-15,shock,BTC-28NOV25-122000-C,C,0.1206567994355657,-0.07290481066199231,112544.81,113422.09732366331,0.03,3376.3442999999997,fixed_28pct,BS_fixed,1500.7210347118912,0.013334431278633738,-1875.6232652881085,-0.01653666533722963,0.41895537528576243,0.28,-13.895537528576241,False
2025-10-15,shock,BTC-28NOV25-125000-C,C,0.12055253358066971,-0.09685361047989792,112583.52,113461.10906829553,0.0235,2645.71272,fixed_28pct,BS_fixed,970.7821599294042,0.008622773208098344,-1674.9305600705957,-0.014762155718594346,0.42107476913457315,0.28000000000000036,-14.107476913457278,False
2025-10-15,shock,BTC-28NOV25-126000-C,C,0.1205845284436834,-0.10559163840442144,112496.88,113373.79370908774,0.022,2474.93136,fixed_28pct,BS_fixed,819.1375046251562,0.007281424201499243,-1655.7938553748438,-0.014604731845028838,0.42686447203522104,0.2800000000000007,-14.686447203522036,False
2025-10-15,shock,BTC-28NOV25-130000-C,C,0.12060476407914764,-0.1374546962720417,112428.22,113304.59850406458,0.0155,1742.63741,fixed_28pct,BS_fixed,419.60814695422977,0.003732231524738449,-1323.0292630457702,-0.011676748168330602,0.4293388797607837,0.28000000000000064,-14.933887976078308,False
2025-10-15,shock,BTC-28NOV25-134000-C,C,0.1205624327435312,-0.1663474309186297,112587.15,113464.7673641626,0.011,1238.4586499999998,fixed_28pct,BS_fixed,213.2313211674594,0.001893922362964685,-1025.2273288325405,-0.009035644743729978,0.4313451874715906,0.2800000000000004,-15.13451874715902,False
2025-10-15,shock,BTC-28NOV25-135000-C,C,0.12056589770421106,-0.1739762336098013,112565.33,113442.77727715991,0.01,1125.6533,fixed_28pct,BS_fixed,176.2140519026321,0.001565438060747764,-949.4392480973679,-0.008369323026866021,0.43172124599741607,0.28000000000000025,-15.172124599741583,False
2025-10-15,shock,BTC-28NOV25-136000-C,C,0.12063656633688483,-0.1808610179775276,112621.1,113498.9820045724,0.009,1013.5899,fixed_28pct,BS_fixed,148.06716747190313,0.0013147373580253,-865.5227325280969,-0.007625819344293577,0.429723772029432,0.27999999999999936,-14.972377202943266,False
2025-10-15,shock,BTC-28NOV25-138000-C,C,0.12056584290969051,-0.19595949336575502,112564.84,113442.2834576076,0.008,900.51872,fixed_28pct,BS_fixed,98.96569815515001,0.0008791883696112392,-801.55302184485,-0.007065734199050952,0.43991950768916865,0.28000000000000014,-15.991950768916851,False
2025-10-15,shock,BTC-28NOV25-140000-C,C,0.12058338628868594,-0.2108871765934511,112504.19,113381.16069057214,0.007,787.5293300000001,fixed_28pct,BS_fixed,65.30755904484097,0.0005804900159259933,-722.2217709551591,-0.006369856919406305,0.44760539765994295,0.2800000000000006,-16.76053976599424,False
2025-10-15,shock,BTC-28NOV25-145000-C,C,0.12056629328386606,-0.2454551861842352,112563.08,113440.50973839931,0.0048,540.302784,fixed_28pct,BS_fixed,23.123614696666472,0.0002054280559546387,-517.1791693033335,-0.004559034250603951,0.4581070004542016,0.27999999999999914,-17.810700045420248,False
2025-10-15,shock,BTC-28NOV25-160000-C,C,0.12061685147133434,-0.34395531601613666,112556.32,113433.69704416751,0.0021,236.368272,fixed_28pct,BS_fixed,0.6600718314249692,5.864369334613722e-06,-235.70820016857502,-0.0020779380934467617,0.5102435511972039,0.28000000000000025,-23.02435511972036,False
2025-10-15,shock,BTC-28NOV25-95000-P,P,0.12059087087772703,0.17671283577088592,112485.57,113362.3955475845,0.0125,1406.069625,fixed_28pct,BS_fixed,137.73024840293047,0.0012244259277250447,-1268.3393765970695,-0.011188360747587386,0.4950974062132918,0.279999999999999,-21.509740621329275,False
2025-10-15,shock,BTC-31OCT25-100000-P,P,0.0438510455035515,0.12036290319860699,112560.11,112790.60980471678,0.0065,731.640715,fixed_28pct,BS_fixed,45.830326396622446,0.0004071631272981383,-685.8103886033775,-0.006080385501867352,0.508875202296985,0.28000000000000397,-22.887520229698104,False
2025-10-15,shock,BTC-31OCT25-102000-P,P,0.04393798890157281,0.10017071925010844,112516.27,112746.6800294719,0.0075,843.872025,fixed_28pct,BS_fixed,113.19553745046605,0.0010060370598000276,-730.6764875495339,-0.006480691824881545,0.46851030935572074,0.2799999999999997,-18.851030935572105,False
2025-10-15,shock,BTC-31OCT25-105000-P,P,0.04386838777904617,0.07109483569517651,112506.33,112736.71967440953,0.012,1350.0759600000001,fixed_28pct,BS_fixed,348.93995150695065,0.0031015139459882003,-1001.1360084930495,-0.008880301035761826,0.45231874847965386,0.27999999999999725,-17.23187484796566,False
2025-10-15,shock,BTC-31OCT25-106000-P,P,0.043845579559868085,0.06231678453640306,112585.19,112815.74116336508,0.0145,1632.485255,fixed_28pct,BS_fixed,473.0848724501697,0.004202016912261459,-1159.4003825498303,-0.01027693804600315,0.4584763327756599,0.2799999999999954,-17.847633277566448,False
2025-10-15,shock,BTC-31OCT25-107000-P,P,0.043870442732115676,0.05256982862165264,112544.98,112775.44882160876,0.0165,1856.99217,fixed_28pct,BS_fixed,651.1423133091203,0.005785618455031226,-1205.8498566908797,-0.01069248554796998,0.4485476973352957,0.2799999999999995,-16.85476973352962,False
2025-10-15,shock,BTC-31OCT25-108000-P,P,0.04387105793378995,0.04292786961189098,112506.77,112737.16057543845,0.019,2137.62863,fixed_28pct,BS_fixed,875.3697726302003,0.0077805964265990415,-1262.2588573698,-0.011196475509290081,0.4421651809660143,0.28000000000000086,-16.216518096601344,False
2025-10-15,shock,BTC-31OCT25-109000-P,P,0.043870442161339424,0.03405078085441503,112544.98,112775.44882160876,0.0215,2419.7170699999997,fixed_28pct,BS_fixed,1131.4851905233957,0.01005362647470723,-1288.231879476604,-0.011422981623547905,0.43503706926423374,0.27999999999999864,-15.503706926423511,False
2025-10-15,shock,BTC-31OCT25-115000-C,C,0.043895878234398784,-0.019637251393664377,112533.3,112763.7449033866,0.025,2813.3325000000004,fixed_28pct,BS_fixed,1694.5939435099995,0.01505859993006514,-1118.738556490001,-0.009921083744145874,0.4022854323978657,0.2800000000000004,-12.228543239786527,False
2025-10-15,shock,BTC-31OCT25-117000-C,C,0.04392634443176053,-0.03642933655981835,112583.92,112814.46856266797,0.0191,2150.352872,fixed_28pct,BS_fixed,1099.0307397636586,0.009761880202462827,-1051.3221322363413,-0.009319036340204326,0.4050658247511369,0.27999999999999814,-12.506582475113875,False
2025-10-15,shock,BTC-31OCT25-119000-C,C,0.04383585670345003,-0.052827369629507626,112646.03,112876.70575109086,0.0145,1633.3674350000001,fixed_28pct,BS_fixed,680.7769120771187,0.006043505590717389,-952.5905229228814,-0.008439212648741526,0.4097148805152116,0.27999999999999914,-12.971488051521247,False
2025-10-15,shock,BTC-31OCT25-120000-C,C,0.0438392982623034,-0.06149873850010755,112611.89,112842.49583943802,0.012,1351.34268,fixed_28pct,BS_fixed,517.1531189655574,0.004592349164600269,-834.1895610344426,-0.007392512500090383,0.4051916683027936,0.2799999999999988,-12.519166830279477,False
2025-10-15,shock,BTC-31OCT25-122000-C,C,0.04390731938102486,-0.07866938618360035,112539.69,112770.14798878382,0.0085,956.5873650000001,fixed_28pct,BS_fixed,286.98478419538736,0.002550076192633793,-669.6025808046127,-0.005937764494830774,0.4059307626687711,0.2799999999999978,-12.593076266877329,False
2025-10-15,shock,BTC-31OCT25-123000-C,C,0.043836630358954846,-0.08588832066405638,112646.02,112876.69573061293,0.008,901.1681600000001,fixed_28pct,BS_fixed,219.0503834836601,0.001944590527775949,-682.11777651634,-0.006043034588328625,0.41991390133814493,0.28000000000000136,-13.991390133814358,False
2025-10-15,shock,BTC-31OCT25-124000-C,C,0.043934850012683914,-0.09668914460443472,112341.88,112571.93291485158,0.006,674.05128,fixed_28pct,BS_fixed,143.9257072909534,0.0012811402772586091,-530.1255727090467,-0.004709216222750914,0.4122069220885134,0.28000000000000075,-13.220692208851265,False
2025-10-15,shock,BTC-31OCT25-126000-C,C,0.04385783609208524,-0.11088173336188326,112545.15,112775.61916973357,0.0045,506.45317499999993,fixed_28pct,BS_fixed,79.08008659338178,0.0007026521053406725,-427.37308840661814,-0.003789587603712447,0.41733064100285205,0.28000000000000075,-13.73306410028513,False
2025-10-15,shock,BTC-31OCT25-128000-C,C,0.04387056909563673,-0.12675973559490186,112530.56,112760.99929243379,0.0034,382.60390399999994,fixed_28pct,BS_fixed,38.39157028178863,0.00034116572673048665,-344.2123337182113,-0.0030525832147472623,0.4279960440495919,0.28000000000000325,-14.799604404958867,False
2025-10-15,shock,BTC-31OCT25-160000-C,C,0.0438652120116692,-0.3504752951362037,112466.21,112696.5175169546,0.0002,22.493242000000002,fixed_28pct,BS_fixed,1.4280515905491468e-06,1.2697605712410392e-11,-22.493240571948412,-0.00019959126570671913,0.6326173828500142,0.27999999999999325,-35.261738285002096,False
2026-02-11,shock,BTC-27FEB26-50000-P,P,0.04384667044013191,0.29547662136586306,67167.74,67188.33369938679,0.0038,255.237412,fixed_28pct,BS_fixed,0.00014674837522965647,2.184804419944105e-09,-255.23726525162476,-0.003798833088994351,0.8872928226189982,0.2800000007830748,-60.729282183592346,False
2026-02-11,shock,BTC-27FEB26-56000-P,P,0.04386304322044648,0.18067188320572947,67068.67,67089.23332442109,0.009,603.61803,fixed_28pct,BS_fixed,1.0286860174492365,1.533780254549906e-05,-602.5893439825508,-0.008981908334957866,0.7527175246370794,0.2800000000000988,-47.271752463698064,False
2026-02-11,shock,BTC-27FEB26-60000-P,P,0.043928380263825464,0.10540338495023399,66649.09,66669.52468075392,0.0175,1166.359075,fixed_28pct,BS_fixed,53.49475772652916,0.0008026329800831363,-1112.864317273471,-0.016692249158853405,0.6710692616829055,0.28000000000000325,-39.10692616829022,False
2026-02-11,shock,BTC-27FEB26-62000-P,P,0.04389980006976154,0.07446618385979628,66772.68,66793.15257357727,0.023,1535.7716399999997,fixed_28pct,BS_fixed,183.34951897060006,0.002745876292079337,-1352.4221210293997,-0.020247915675781485,0.6342267955470648,0.27999999999999975,-35.42267955470651,False
2026-02-11,shock,BTC-27FEB26-63000-P,P,0.043919013793759516,0.05755337668436795,66711.78,66732.23390157353,0.0275,1834.57395,fixed_28pct,BS_fixed,328.6547776521898,0.00492648791041387,-1505.9191723478102,-0.022566593148506914,0.6234468052495101,0.2800000000000011,-34.3446805249509,False
2026-02-11,shock,BTC-27FEB26-64000-P,P,0.04393731094622019,0.04446981033716263,66889.79,66910.29847962585,0.031,2073.58349,fixed_28pct,BS_fixed,496.99196495385075,0.007430012337515947,-1576.5915250461492,-0.02356276329459538,0.6085710835389333,0.2800000000000024,-32.85710835389309,False
2026-02-11,shock,BTC-27FEB26-65000-P,P,0.04390641273465246,0.027552901210765132,66795.36,66815.83952728902,0.0365,2438.03064,fixed_28pct,BS_fixed,801.4834916702891,0.011999089333005902,-1636.5471483297108,-0.024493400964621718,0.5932027560511509,0.2800000000000029,-31.3202756051148,False
2026-02-11,shock,BTC-27FEB26-69000-C,C,0.04391132994038559,-0.03216378840713169,66795.53,66816.0095794112,0.0305,2037.263665,fixed_28pct,BS_fixed,730.2375941262551,0.010932432067329282,-1307.0260708737449,-0.019561570334731486,0.5294292268902493,0.2799999999999999,-24.94292268902494,False
2026-02-11,shock,BTC-27FEB26-70000-C,C,0.04389980507990868,-0.04689467314447109,66772.68,66793.15257357727,0.025,1669.317,fixed_28pct,BS_fixed,482.6431062755859,0.00722815238620924,-1186.673893724414,-0.01776640041682732,0.5258724068455114,0.27999999999999925,-24.587240684551215,False
2026-02-11,shock,BTC-27FEB26-71000-C,C,0.043924015379249115,-0.06265349521598987,66667.65,66688.09037126934,0.0195,1300.019175,fixed_28pct,BS_fixed,295.17779296115526,0.004427601587293916,-1004.8413820388446,-0.01506777861601135,0.5166599269647123,0.2799999999999985,-23.665992696471385,False
2026-02-11,shock,BTC-27FEB26-72000-C,C,0.0438370613267377,-0.07157351709966507,67006.26,67026.80418944976,0.016,1072.10016,fixed_28pct,BS_fixed,218.8029850937895,0.0032654110988106114,-853.2971749062104,-0.012730685659641255,0.5010545756252825,0.27999999999999864,-22.10545756252839,False
2026-02-11,shock,BTC-27FEB26-74000-C,C,0.043848879058853374,-0.09607561904861886,67200.65,67221.25378962723,0.01,672.0065,fixed_28pct,BS_fixed,87.66960892707463,0.0013045946568533882,-584.3368910729254,-0.00869274013992124,0.4881327742823931,0.2799999999999982,-20.81327742823949,False
2026-02-11,shock,BTC-27FEB26-75000-C,C,0.04386462756849315,-0.1108414919092983,67110.47,67131.04614034484,0.0085,570.4389950000001,fixed_28pct,BS_fixed,47.17770020818131,0.0007029856922203243,-523.2612947918187,-0.007794624467759423,0.50522173581589,0.27999999999999997,-22.522173581589005,False
2026-02-11,shock,BTC-27FEB26-80000-C,C,0.04383695934804668,-0.17701507324576657,67000.83,67021.37252460608,0.0025,167.50207500000002,fixed_28pct,BS_fixed,1.5305665467807261,2.2843993824863453e-05,-165.9715084532193,-0.0024763967403425655,0.5159150447657652,0.280000000000002,-23.59150447657632,False
2026-02-11,shock,BTC-27FEB26-96000-C,C,0.04385354775494673,-0.3582490262206374,67073.74,67094.3048788884,0.0005,33.53687,fixed_28pct,BS_fixed,3.6583181023617956e-07,5.4541734251911336e-12,-33.53686963416819,-0.0004998467410118553,0.7154970496714816,0.27999999999999775,-43.54970496714839,False
2025-07-18,calm,BTC-25JUL25-100000-P,P,0.019282908644089297,0.18692222468893913,120335.2,120553.35206591312,0.0006,72.20111999999999,fixed_28pct,BS_fixed,0.0006296058201961514,5.23210016849726e-09,-72.2004903941798,-0.0005989090237383349,0.6539050906453384,0.27999999976928747,-37.390509087605096,False
2025-07-18,calm,BTC-25JUL25-106000-P,P,0.019268694634703196,0.12763339415177855,120212.53,120430.45968115849,0.001,120.21253,fixed_28pct,BS_fixed,0.5941376883595381,4.942394011335907e-06,-119.61839231164046,-0.0009932569603099749,0.5155142968109905,0.2800000000003626,-23.551429681062785,False
2025-07-18,calm,BTC-25JUL25-107000-P,P,0.019190079369609335,0.11267057929076348,119544.44,119761.15852088523,0.0014,167.362216,fixed_28pct,BS_fixed,2.3391082473859712,1.956685101696048e-05,-165.023107752614,-0.0013779351318135046,0.4978023382183655,0.27999999999995634,-21.780233821840916,False
2025-07-18,calm,BTC-25JUL25-111000-P,P,0.019195064656265855,0.07783890141761612,119768.16,119985.28409614656,0.0023,275.466768,fixed_28pct,BS_fixed,37.34745048651604,0.00031183121195579893,-238.11931751348396,-0.0019845710189149053,0.41749400562973726,0.2799999999999857,-13.749400562975156,False
2025-07-18,calm,BTC-25JUL25-113000-P,P,0.019200617357940132,0.06066946051775561,119850.61,120067.8835672725,0.0035,419.47713500000003,fixed_28pct,BS_fixed,114.346454422546,0.0009540748638871843,-305.13068057745403,-0.0025413180570180802,0.3919309043994135,0.28000000000000264,-11.19309043994109,False
2025-07-18,calm,BTC-25JUL25-114000-P,P,0.01918759113394216,0.04959913635940195,119580.09,119796.87314969832,0.005,597.90045,fixed_28pct,BS_fixed,215.80365653485583,0.0018046788268419587,-382.0967934651442,-0.0031895389538896856,0.38639159659810096,0.28000000000000436,-10.63915965980966,False
2025-07-18,calm,BTC-25JUL25-116000-P,P,0.019190665556823947,0.03229678580475582,119590.78,119807.5825292779,0.008,956.72624,fixed_28pct,BS_fixed,518.6963213285642,0.00433726012430527,-438.0299186714358,-0.003656111820505121,0.3675013259597831,0.2800000000000009,-8.750132595978217,False
2025-07-18,calm,BTC-25JUL25-117000-P,P,0.01917980590436327,0.022701248449335163,119469.84,119686.42328078825,0.0105,1254.43332,fixed_28pct,BS_fixed,792.4274964594761,0.00663286647458033,-462.00582354052403,-0.003860135601651687,0.36072202278982674,0.28000000000000075,-8.072202278982598,False
2025-07-18,calm,BTC-25JUL25-118000-P,P,0.01919117354769153,0.01536547880641431,119610.29,119827.12789837028,0.013,1554.9337699999999,fixed_28pct,BS_fixed,1068.9450539255083,0.008936898772885747,-485.98871607449155,-0.004055748682273985,0.3586393404255669,0.2800000000000001,-7.86393404255668,False
2025-07-18,calm,BTC-25JUL25-119000-P,P,0.019178217751141553,0.005572465666396692,119448.43,119664.974467243,0.017,2030.62331,fixed_28pct,BS_fixed,1532.4195427817717,0.012829130887545125,-498.2037672182282,-0.00416332155199353,0.35620204478953377,0.2799999999999997,-7.620204478953408,False
2025-07-18,calm,BTC-25JUL25-120000-C,C,0.01918281919076611,-0.0016784364709748914,119581.97,119798.7565578938,0.0195,2331.848415,fixed_28pct,BS_fixed,1755.9874175432376,0.014684382750537038,-575.8609974567623,-0.004806902959618554,0.36700707554509615,0.27999999999999986,-8.700707554509629,False
2025-07-18,calm,BTC-25JUL25-120000-P,P,0.01923264481861999,0.0003823750085032469,119828.66,120045.89377477748,0.02,2396.5732000000003,fixed_28pct,BS_fixed,1836.336790135055,0.01532468768435744,-560.2364098649452,-0.004666851920116697,0.36439226951921255,0.2800000000000001,-8.439226951921247,False
2025-07-18,calm,BTC-25JUL25-122000-C,C,0.019189183250887875,-0.01819954324038362,119582.95,119799.73833450633,0.013,1554.57835,fixed_28pct,BS_fixed,972.7276964007452,0.008134334337802716,-581.8506535992548,-0.004856860805276587,0.37457440557739485,0.27999999999999914,-9.457440557739572,False
2025-07-18,calm,BTC-25JUL25-123000-C,C,0.019189168410705226,-0.02636285387954464,119582.95,119799.73833450633,0.0105,1255.620975,fixed_28pct,BS_fixed,696.1005615582656,0.005821068651996506,-559.5204134417345,-0.004670464403515095,0.37891150283384417,0.27999999999999964,-9.891150283384453,False
2025-07-18,calm,BTC-25JUL25-124000-C,C,0.019200528190005072,-0.03222220044697387,119850.86,120068.13402048998,0.009,1078.6577399999999,fixed_28pct,BS_fixed,539.0560063251862,0.004497723306492638,-539.6017336748137,-0.004494129421406092,0.3828677205678046,0.27999999999999786,-10.286772056780674,False
2025-07-18,calm,BTC-25JUL25-125000-C,C,0.01919232692795535,-0.041884474334166366,119655.65,119872.57013015043,0.0065,777.761725,fixed_28pct,BS_fixed,339.0285516429175,0.002833368517432461,-438.7331733570825,-0.003659996385167452,0.3794510127716885,0.27999999999999975,-9.945101277168877,False
2025-07-18,calm,BTC-25JUL25-126000-C,C,0.01925509284627093,-0.04688019037768975,120011.85,120229.41587442043,0.006,720.0711,fixed_28pct,BS_fixed,264.65115123065465,0.0022052084959164834,-455.41994876934535,-0.003787924489669244,0.391898176342931,0.27999999999999925,-11.189817634293176,False
2025-07-18,calm,BTC-25JUL25-127000-C,C,0.019210969875697613,-0.05632849095157381,119826.8,120044.0304028394,0.0047,563.18596,fixed_28pct,BS_fixed,156.7127094082373,0.0013078268751918376,-406.47325059176273,-0.003386034684338193,0.40248376194094754,0.28000000000000125,-12.248376194094629,False
2025-07-18,calm,BTC-25JUL25-128000-C,C,0.019238515442668695,-0.06441004083090163,119798.24,120015.41862727412,0.0038,455.233312,fixed_28pct,BS_fixed,97.32264241427143,0.0008123879150000152,-357.91066958572856,-0.002982205733892191,0.4105752237370853,0.28000000000000136,-13.057522373708396,False
2025-07-18,calm,BTC-25JUL25-129000-C,C,0.01925860197869102,-0.069754967592972,120090.57,120308.27858354153,0.0033,396.298881,fixed_28pct,BS_fixed,69.9396905504817,0.0005823911948330472,-326.3591904495183,-0.002712691049127562,0.4159192395583066,0.2800000000000005,-13.591923955830609,False
2025-07-18,calm,BTC-25JUL25-130000-C,C,0.01927477495560629,-0.07488998468862573,120401.65,120619.92253112014,0.0028,337.12462,fixed_28pct,BS_fixed,50.20787805615466,0.00041700323920938515,-286.91674194384535,-0.0023786845151539567,0.41787492885677474,0.27999999999999914,-13.78749288567756,False
2025-07-18,calm,BTC-25JUL25-135000-C,C,0.019235712836123794,-0.11799526947595261,119757.43,119974.53464405217,0.001,119.75743,fixed_28pct,BS_fixed,1.6474785114744002,1.3756795811954216e-05,-118.1099514885256,-0.0009844585089572673,0.4731571603836658,0.2799999999999997,-19.31571603836661,False
2025-07-18,calm,BTC-25JUL25-140000-C,C,0.019189240804160325,-0.1558585526071363,119578.45,119795.23017659163,0.0004,47.83138,fixed_28pct,BS_fixed,0.03308230981006319,2.7665779084829404e-07,-47.79829769018994,-0.0003990000070931862,0.5160631864578026,0.2799999999999953,-23.60631864578073,False
2025-07-18,calm,BTC-25JUL25-85000-P,P,0.019207643899036023,0.34537431609896285,119846.81,120064.07667836675,0.0002,23.969362,fixed_28pct,BS_fixed,0.0,0.0,-23.969362,-0.0001996380821235168,0.9798079943003593,,,False
2025-07-18,calm,BTC-25JUL25-86000-P,P,0.019182725646879756,0.33146525743545946,119581.88,119798.66639473551,0.0003,35.874564,fixed_28pct,BS_fixed,0.0,0.0,-35.874564,-0.0002994571231852752,0.990066870561742,,,False
2025-07-18,calm,BTC-25JUL25-94000-P,P,0.019192740360223236,0.2431411665280576,119656.45,119873.37158044637,0.0004,47.86258,fixed_28pct,BS_fixed,1.1461381577713194e-07,9.578573973833584e-13,-47.86257988538618,-0.00039927616329090955,0.7786115257603194,0.2799998939447038,-49.861163181561565,False
2025-07-18,calm,BTC-25JUL25-95000-P,P,0.019255817858954843,0.23583907788660954,120049.57,120267.20425587428,0.0005,60.024785,fixed_28pct,BS_fixed,4.169001719934909e-07,3.472733571586228e-12,-60.02478458309983,-0.0004990952018423427,0.780129530838739,0.27999990679662684,-50.01296240421122,False
2025-09-05,calm,BTC-12SEP25-100000-P,P,0.019275685216894975,0.11675600700641818,112227.1,112384.51858838873,0.0016,179.56336000000002,fixed_28pct,BS_fixed,1.5557248934057268,1.3862292560404099e-05,-178.00763510659428,-0.0015839159818671462,0.5255088756426358,0.27999999999993586,-24.550887564269996,False
2025-09-05,calm,BTC-12SEP25-102000-P,P,0.019195142472095385,0.10350736164550486,112965.05,113123.5036953041,0.0019,214.633595,fixed_28pct,BS_fixed,4.8988464672617695,4.336603637374364e-05,-209.73474853273825,-0.0018540333501131173,0.4967586039220706,0.27999999999997255,-21.675860392209806,False
2025-09-05,calm,BTC-12SEP25-104000-P,P,0.019209982813292746,0.08235511320561285,112769.32,112927.4991489574,0.0028,315.754096,fixed_28pct,BS_fixed,25.58286253314647,0.0002268601294496275,-290.17123346685355,-0.0025695356370559683,0.4583493058356503,0.27999999999998815,-17.834930583566216,False
2025-09-05,calm,BTC-12SEP25-105000-P,P,0.01925216444698123,0.07194971326983772,112675.09,112833.13697452194,0.0038,428.165342,fixed_28pct,BS_fixed,52.902286089334794,0.00046951181569355565,-375.26305591066523,-0.0033258231222925297,0.45263810050821507,0.2799999999999984,-17.263810050821665,False
2025-09-05,calm,BTC-12SEP25-106000-P,P,0.019179347095383055,0.06500921204622485,112961.45,113119.89864565994,0.004,451.8458,fixed_28pct,BS_fixed,82.20298544266058,0.0007277083061757846,-369.6428145573394,-0.0032677081484595327,0.4291267661505638,0.28000000000000735,-14.912676615055641,False
2025-09-05,calm,BTC-12SEP25-107000-P,P,0.01918688444951801,0.05595607856341437,112999.48,113157.98198953959,0.005,564.9974,fixed_28pct,BS_fixed,142.31285547066855,0.0012594115961477748,-422.68454452933145,-0.0037353489086470694,0.4178744530524224,0.28000000000000086,-13.787445305242152,False
2025-09-05,calm,BTC-12SEP25-108000-P,P,0.019204940417300864,0.044791236090479566,112789.22,112947.42706226808,0.007,789.52454,fixed_28pct,BS_fixed,263.8090792334317,0.0023389564998625907,-525.7154607665683,-0.004654514710430195,0.41439105455733094,0.27999999999999625,-13.439105455733468,False
2025-09-05,calm,BTC-12SEP25-109000-P,P,0.019197004185692545,0.03633163622762885,112874.64,113032.96687910215,0.0085,959.4344400000001,fixed_28pct,BS_fixed,404.2470264623176,0.0035813804275461486,-555.1874135376825,-0.004911729992290657,0.40254660769347256,0.28000000000000275,-12.25466076934698,False
2025-09-05,calm,BTC-12SEP25-110000-P,P,0.019222295630390664,0.02684684142457117,112834.88,112993.15110858796,0.011,1241.1836799999999,fixed_28pct,BS_fixed,627.1916163497996,0.005558490569137837,-613.9920636502003,-0.005433887431461625,0.3977868463769885,0.27999999999999714,-11.778684637699138,False
2025-09-05,calm,BTC-12SEP25-112000-P,P,0.019250421296296297,0.008054871698252968,112747.64,112905.78873887823,0.0175,1973.0837000000001,fixed_28pct,BS_fixed,1327.1623748733803,0.011771087846037222,-645.9213251266199,-0.0057208875854936735,0.38543351593403946,0.28000000000000125,-10.543351593403822,False
2025-09-05,calm,BTC-12SEP25-113000-P,P,0.019180962233637747,0.0010180827002609586,112956.66,113115.10192682788,0.02,2259.1332,fixed_28pct,BS_fixed,1691.9946560506223,0.01497914913605468,-567.1385439493779,-0.005013818086962867,0.3708381702182614,0.2800000000000033,-9.083817021825807,False
2025-09-05,calm,BTC-12SEP25-114000-C,C,0.019181771530948754,-0.00794589188427329,112939.34,113097.75763242882,0.017,1919.9687800000002,fixed_28pct,BS_fixed,1342.2000035370493,0.011884255774268286,-577.7687764629509,-0.005108578530272166,0.37357584871101807,0.2800000000000006,-9.357584871101748,False
2025-09-05,calm,BTC-12SEP25-115000-C,C,0.01919768864155251,-0.017444877063790443,112852.94,113011.2364409694,0.0135,1523.51469,fixed_28pct,BS_fixed,945.3969906600652,0.008377247333211392,-578.1176993399348,-0.005115577154506317,0.3788773380532097,0.28000000000000097,-9.887733805320876,False
2025-09-05,calm,BTC-12SEP25-116000-C,C,0.019178238362506345,-0.02504274099406845,112972.65,113131.11435566394,0.01,1129.7265,fixed_28pct,BS_fixed,694.8848125643033,0.0061509118584392175,-434.8416874356967,-0.0038436966692348877,0.36077478358399184,0.27999999999999997,-8.077478358399187,False
2025-09-05,calm,BTC-12SEP25-119000-C,C,0.019188439022070014,-0.051199131203636346,112902.28,113060.64564914774,0.0045,508.06025999999997,fixed_28pct,BS_fixed,196.22958385794317,0.0017380480169040269,-311.8306761420568,-0.0027580832777988596,0.37303527910302875,0.28000000000000286,-9.30352791030259,False
2025-09-05,calm,BTC-12SEP25-120000-C,C,0.019187111777016742,-0.058724883100107615,112997.44,113155.93912807459,0.0034,384.19129599999997,fixed_28pct,BS_fixed,128.23069210282733,0.0011348105948491163,-255.96060389717263,-0.002262016522238977,0.3730510627690631,0.2800000000000031,-9.305106276906,False
2025-09-05,calm,BTC-12SEP25-122000-C,C,0.01923779585235921,-0.07738162734177031,112757.3,112915.46228875667,0.002,225.5146,fixed_28pct,BS_fixed,39.479220365840845,0.00035012562704003064,-186.03537963415914,-0.0016475633705365722,0.3933909208226637,0.2800000000000021,-11.339092082266161,False
2025-09-05,calm,BTC-12SEP25-124000-C,C,0.019192682775240996,-0.09210675296422283,112930.56,113088.96531690784,0.0012,135.51667199999997,fixed_28pct,BS_fixed,13.490170674462433,0.00011945544832561207,-122.02650132553754,-0.0010790310176026826,0.40242394743262055,0.28000000000000064,-12.242394743261992,False
2025-09-05,calm,BTC-12SEP25-125000-C,C,0.01919271229705733,-0.10012918420998515,112931.66,113090.06685985466,0.001,112.93166000000001,fixed_28pct,BS_fixed,7.164030176314055,6.343686240257209e-05,-105.76762982368595,-0.000935251280333551,0.41505687105427264,0.27999999999999997,-13.505687105427267,False
2025-09-05,calm,BTC-12SEP25-130000-C,C,0.019281410736935567,-0.14533875104151395,112257.35,112414.81101942631,0.0005,56.128675,fixed_28pct,BS_fixed,0.10388324237183356,9.254025894236195e-07,-56.024791757628165,-0.0004983755365469285,0.5011446594528879,0.27999999999999675,-22.114465945289112,False
2025-09-05,calm,BTC-12SEP25-135000-C,C,0.019249690639269405,-0.17892833399578545,112724.27,112882.38595827167,0.0003,33.817281,fixed_28pct,BS_fixed,0.0019725347592021653,1.7498758334848078e-08,-33.8153084652408,-0.00029956231149951977,0.5579418995799535,0.2799999999999988,-27.794189957995474,False
2025-09-05,calm,BTC-12SEP25-90000-P,P,0.01920613267376966,0.2271797296654179,112796.77,112954.98765249399,0.0003,33.839031,fixed_28pct,BS_fixed,1.5161993690712286e-06,1.344186867293477e-11,-33.83902948380063,-0.0002995797723240553,0.706005887956288,0.28000000775669553,-42.600588019959254,False
2025-09-05,calm,BTC-12SEP25-95000-P,P,0.019275726788432267,0.16805660798038408,112227.92,112385.33973858545,0.0006,67.33675199999999,fixed_28pct,BS_fixed,0.006532258380294057,5.820528777771215e-08,-67.3302197416197,-0.0005991014477353855,0.5968142022210055,0.28000000004660247,-31.681420217440298,False
2025-09-08,calm,BTC-26SEP25-100000-P,P,0.04938004575722983,0.10918130459910476,111427.43,111536.45527338712,0.0055,612.8508649999999,fixed_28pct,BS_fixed,104.99890853352625,0.0009423075497076999,-507.85195646647367,-0.004553237371778377,0.4252942854232803,0.2800000000000021,-14.529428542327821,False
2025-09-08,calm,BTC-26SEP25-104000-P,P,0.04931913457635718,0.06842532088316913,111256.49,111365.3480185179,0.01,1112.5649,fixed_28pct,BS_fixed,458.69394641804206,0.004122851138104771,-653.870953581958,-0.00587140403380441,0.3861035529890402,0.2799999999999984,-10.610355298904178,False
2025-09-08,calm,BTC-26SEP25-106000-P,P,0.04936526531582953,0.0521735881247468,111568.05,111677.21286189603,0.0135,1506.1686750000001,fixed_28pct,BS_fixed,759.4470725240174,0.0068070300818560275,-746.7216024759828,-0.006686427636758852,0.38027621078004964,0.2799999999999999,-10.027621078004973,False
2025-09-08,calm,BTC-26SEP25-108000-P,P,0.049377227676306444,0.033294376892421734,111547.18,111656.32244181224,0.0185,2063.62283,fixed_28pct,BS_fixed,1278.5521832223799,0.011461985710641722,-785.0706467776199,-0.0070311347320860034,0.36992211442854706,0.27999999999999975,-8.99221144285473,False
2025-09-08,calm,BTC-26SEP25-112000-C,C,0.049381299308726534,-0.00458991904315855,111378.13,111487.10703619834,0.031,3452.72203,fixed_28pct,BS_fixed,2524.4248793271386,0.022665355212258802,-928.2971506728613,-0.008326497792892374,0.37396101099965817,0.28000000000000047,-9.39610109996577,False
2025-09-08,calm,BTC-26SEP25-118000-C,C,0.04931762176560122,-0.05783353067919421,111260.37,111369.23181487272,0.011,1223.8640699999999,fixed_28pct,BS_fixed,677.0788137830392,0.006085534443063952,-546.7852562169606,-0.004909661737865562,0.3556424509683776,0.2799999999999999,-7.564245096837769,False
2025-09-08,calm,BTC-26SEP25-120000-C,C,0.049414030060882796,-0.07491877410692396,111229.43,111338.26154187837,0.007,778.60601,fixed_28pct,BS_fixed,400.46500883670853,0.003600351173576171,-378.14100116329143,-0.003396325718819122,0.34615162884785744,0.27999999999999625,-6.615162884786119,False
2025-09-08,calm,BTC-26SEP25-122000-C,C,0.04935536621638762,-0.09114235839387955,111263.44,111372.30481868955,0.005,556.3172000000001,fixed_28pct,BS_fixed,229.86120385576606,0.002065918543016161,-326.455996144234,-0.002931213434755558,0.35351191477453564,0.28,-7.351191477453561,False
2025-09-08,calm,BTC-26SEP25-126000-C,C,0.04937431100963978,-0.12127513721247028,111500.47,111609.56673878814,0.0023,256.451081,fixed_28pct,BS_fixed,71.67104633199165,0.0006427869436962162,-184.78003466800834,-0.0016555931544870962,0.3565441173046886,0.2799999999999988,-7.654411730468979,False
2025-09-08,calm,BTC-26SEP25-128000-C,C,0.04942443004819888,-0.1399278749614276,111177.1,111285.88034001044,0.0016,177.88336,fixed_28pct,BS_fixed,31.64004099351396,0.0002845913501387782,-146.24331900648605,-0.0013141228569129395,0.36957412389554806,0.28000000000000086,-8.957412389554719,False
2025-09-08,calm,BTC-26SEP25-132000-C,C,0.04941328982749873,-0.17054942405195644,111193.79,111302.58667020679,0.001,111.19378999999999,fixed_28pct,BS_fixed,7.006436316779303,6.30110397062579e-05,-104.18735368322069,-0.0009360730671240484,0.3985993109086635,0.27999999999999886,-11.859931090866466,False
2025-09-08,calm,BTC-26SEP25-98000-P,P,0.04937899334094368,0.13009839221180905,111507.06,111616.16318672067,0.0039,434.87753399999997,fixed_28pct,BS_fixed,43.13947026683502,0.00038687658222569065,-391.73806373316495,-0.0035096893903962044,0.43977989698811876,0.2799999999999877,-15.977989698813106,False
2023-08-18,shock,BTC-29SEP23-20000-P,P,0.11510144216133943,0.2871070664283846,26449.57,26651.33758029029,0.0043,113.73315099999999,fixed_45pct,DH_PINN,56.37789599351805,0.002131524103927514,-57.35525500648194,-0.002152059154017786,0.5484839080351033,0.4763934205967525,-7.209048743835078,False
2023-08-18,shock,BTC-29SEP23-21000-P,P,0.1151080652270421,0.23844619656927588,26452.99,26654.78366937698,0.006,158.71794000000003,fixed_45pct,DH_PINN,110.93745728211827,0.0041937587124222355,-47.78048271788175,-0.0017925668919525153,0.5113087489522226,0.46947135807880724,-4.183739087341531,False
2023-08-18,shock,BTC-29SEP23-22000-P,P,0.11508866482749873,0.19177193316603847,26448.91,26650.67254555426,0.008,211.59128,fixed_45pct,DH_PINN,203.9883587261255,0.007712543115240875,-7.6029212738745,-0.00028528065326977216,0.4678883768741148,0.4630228390035314,-0.48655378705833585,False
2023-08-18,shock,BTC-29SEP23-23000-P,P,0.1151080652270421,0.14747441836354905,26452.99,26654.78366937698,0.0122,322.72647800000004,fixed_45pct,DH_PINN,350.1150822024436,0.013235368939482592,27.38860420244356,0.001027530537939036,0.44396277363583636,0.45701906872423714,1.3056295088400782,False
2023-08-18,shock,BTC-29SEP23-24000-P,P,0.1150805249873161,0.10467548288950165,26446.66,26648.405381681438,0.018,476.03988,fixed_45pct,DH_PINN,567.742452760847,0.021467453839571687,91.70257276084698,0.0034412030081126307,0.4167239773242909,0.45132625155076195,3.4602274226471055,False
2023-08-18,shock,BTC-29SEP23-25000-P,P,0.11510698779173009,0.06427651469221499,26457.85,26659.68074334227,0.0278,735.5282299999999,fixed_45pct,DH_PINN,866.7253861712287,0.03275872325873904,131.1971561712288,0.004921182569074565,0.4046273824005224,0.4462050285502241,4.157764614970172,False
2023-08-18,shock,BTC-29SEP23-26000-P,P,0.11507396305809234,0.024152448009356446,26433.96,26635.60850115485,0.042,1110.22632,fixed_45pct,DH_PINN,1273.2799893279403,0.048168340624255325,163.05366932794027,0.006121642361610425,0.39485703531772953,0.441428790858551,4.65717555408215,False
2023-08-18,shock,BTC-29SEP23-27000-C,C,0.11507217018645358,-0.013867105272662581,26426.58,26628.172203651997,0.0465,1228.83597,fixed_45pct,DH_PINN,1405.5423534148479,0.05318669133178973,176.70638341484778,0.006636068824529115,0.38800458880470867,0.4370624532728063,4.9057864468097625,False
2023-08-18,shock,BTC-29SEP23-28000-C,C,0.1151045541920345,-0.04875362705166406,26465.75,26667.641007606842,0.034,899.8355,fixed_45pct,DH_PINN,1022.3492469599238,0.03862914321188418,122.51374695992376,0.004594097652843653,0.3979936201371984,0.43325024637051424,3.5256626233315824,False
2023-08-18,shock,BTC-29SEP23-29000-C,C,0.11508392941400304,-0.08438730412713888,26451.4,26653.181540240184,0.024,634.8336,fixed_45pct,DH_PINN,705.8297949765304,0.026684024096135944,70.99619497653032,0.0026637043262299613,0.4069620583844821,0.42954066464790935,2.257860626342728,False
2023-08-18,shock,BTC-29SEP23-30000-C,C,0.11510564437468289,-0.117722316633254,26466.39,26668.28588977511,0.018,476.39501999999993,fixed_45pct,DH_PINN,478.8995566521497,0.018094630837532044,2.5045366521497954,9.391442189053703e-05,0.42533302751131896,0.4262472462079336,0.09142186966146215,False
2023-08-18,shock,BTC-29SEP23-35000-C,C,0.11513173560375443,-0.2718442812073834,26467.15,26669.051687349933,0.005,132.33575000000002,fixed_45pct,DH_PINN,42.79823195610691,0.001617032130626339,-89.5375180438931,-0.0033573566504565247,0.5109468815715087,0.4133746604504785,-9.75722211210302,False
2023-10-23,shock,BTC-29DEC23-24000-P,P,0.18356287943937089,0.25144657504154105,30522.92,30861.220798051287,0.0155,473.10526,fixed_45pct,DH_PINN,259.1888758946857,0.008491614691342955,-213.9163841053143,-0.006931559367179083,0.5521860776927368,0.4614739236957464,-9.071215399699033,False
2023-10-23,shock,BTC-29DEC23-25000-P,P,0.18357180704591577,0.21039718454822928,30515.98,30854.20387855805,0.02,610.3196,fixed_45pct,DH_PINN,390.67397581765374,0.012802275260950288,-219.6456241823463,-0.007118823258148875,0.5330994370865297,0.4568341637292037,-7.626527335732602,False
2023-10-23,shock,BTC-29DEC23-27000-P,P,0.18361817858954846,0.13991563467163953,30714.35,31054.772512545544,0.0335,1028.930725,fixed_45pct,DH_PINN,758.6055672458187,0.024698734215303882,-270.3251577541812,-0.008704786281882275,0.5181947188177624,0.4491709695666266,-6.902374925113575,False
2023-10-23,shock,BTC-29DEC23-30000-P,P,0.18359523684043633,0.03561042024272565,30746.78,31087.561950465664,0.071,2183.0213799999997,fixed_45pct,DH_PINN,1784.7215402723618,0.058045803179141424,-398.29983972763785,-0.012812192875153134,0.5166893101865667,0.4388121219063449,-7.787718828022183,False
2023-10-23,shock,BTC-29DEC23-32000-C,C,0.18366562347792997,-0.03032499462871697,30703.86,31044.166246625653,0.08,2456.3088000000002,fixed_45pct,DH_PINN,1882.3406702369282,0.061306320125121994,-573.968129763072,-0.018488759698143273,0.5410665196592633,0.4328196659023704,-10.824685375689292,False
2023-10-23,shock,BTC-29DEC23-33000-C,C,0.18358757883054286,-0.05990858371648203,30740.36,31081.07079439267,0.0685,2105.71466,fixed_45pct,DH_PINN,1516.6395125791425,0.049337077138301,-589.0751474208575,-0.018952858841888177,0.5431116378172971,0.4302971046165117,-11.281453320078539,False
2023-10-23,shock,BTC-29DEC23-34000-C,C,0.18358160708396754,-0.09095971294653507,30703.55,31043.852810740507,0.059,1811.5094499999998,fixed_45pct,DH_PINN,1182.1469468607104,0.03850196302579703,-629.3625031392894,-0.02027333742935231,0.5531122867754044,0.42777454969757506,-12.533773707782931,False
2023-10-23,shock,BTC-29DEC23-35000-C,C,0.1836686566780822,-0.12070999318483927,30680.14,31020.183345994592,0.0525,1610.70735,fixed_45pct,DH_PINN,913.0223215554499,0.029759392282937756,-697.68502844455,-0.022491325104776885,0.572039058687328,0.42548648993396726,-14.65525687533607,False
2023-10-23,shock,BTC-29DEC23-36000-C,C,0.1835759743150685,-0.15049037118516015,30630.8,30970.29648608159,0.044,1347.7551999999998,fixed_45pct,DH_PINN,688.8170920231548,0.022487727778025872,-658.938107976845,-0.021276454627193495,0.572895930588261,0.4232889182492613,-14.960701233899975,False
2023-10-23,shock,BTC-29DEC23-37000-C,C,0.183654147260274,-0.17732601895184827,30648.06,30987.74778729964,0.039,1195.27434,fixed_45pct,DH_PINN,525.8105837789703,0.017156406760459562,-669.4637562210296,-0.021604143702738218,0.5855971385122246,0.42137662696258377,-16.422051154964084,False
2023-10-23,shock,BTC-29DEC23-38000-C,C,0.18358899429223746,-0.20103240042623854,30738.97,31079.665388327023,0.034,1045.12498,fixed_45pct,DH_PINN,408.33353418101893,0.013283904248614021,-636.7914458189812,-0.020489005845543914,0.5892757699406612,0.41974602032464653,-16.95297496160147,False
2023-10-23,shock,BTC-29DEC23-39000-C,C,0.18357936485286655,-0.228945416295037,30679.47,31019.505920049283,0.0295,905.044365,fixed_45pct,DH_PINN,295.8658470571117,0.009643773085294878,-609.1785179428882,-0.019638562893716148,0.5989930988513675,0.417907542361908,-18.108555648945952,False
2023-10-23,shock,BTC-29DEC23-40000-C,C,0.18358892830416032,-0.2523221163008076,30739.08,31079.776607512074,0.0265,814.5856200000001,fixed_45pct,DH_PINN,222.98318846645986,0.007254061880396546,-591.6024315335402,-0.019034964086278153,0.6097890723353685,0.4164361744880875,-19.3352897847281,False
2023-10-26,shock,BTC-24NOV23-29000-P,P,0.07947974651192288,0.18822759263631017,34693.83,35006.13817785115,0.0105,364.28521500000005,fixed_45pct,DH_PINN,145.19933394691526,0.00418516300872274,-219.0858810530848,-0.006258499007802676,0.6023579504072346,0.4680738621670657,-13.428408824016891,False
2023-10-26,shock,BTC-24NOV23-30000-P,P,0.07945303063165907,0.1533037230536002,34658.38,34970.36906275475,0.0144,499.08067199999994,fixed_45pct,DH_PINN,249.09289521121372,0.007187089968175481,-249.98777678878622,-0.007148559866216458,0.5817328944373886,0.462840452471816,-11.889244196557264,False
2023-10-26,shock,BTC-24NOV23-31000-P,P,0.0795225078957382,0.12252552996388377,34728.17,35040.787300909265,0.0195,677.199315,fixed_45pct,DH_PINN,390.66735467287646,0.01124929285570983,-286.5319603271235,-0.008177098244584485,0.5693477656468494,0.458202243917438,-11.114552172941139,False
2023-10-26,shock,BTC-24NOV23-32000-P,P,0.07950538974505326,0.09114361353680861,34740.91,35053.64198430357,0.0265,920.6341150000001,fixed_45pct,DH_PINN,598.2378328577487,0.0172199816544169,-322.3962821422514,-0.009197226419058397,0.5589459518131343,0.4535516405799043,-10.539431123323,False
2023-10-26,shock,BTC-24NOV23-36000-C,C,0.07948235724251648,-0.026808401457431037,34735.04,35047.71914352456,0.0535,1858.32464,fixed_45pct,DH_PINN,1312.321226104501,0.03778090441538288,-546.0034138954991,-0.015578857261996149,0.5771273628622716,0.4376321653430268,-13.949519751924482,False
2023-10-26,shock,BTC-24NOV23-37000-C,C,0.07946918921232876,-0.055543518977004484,34688.66,35000.92163835754,0.044,1526.30104,fixed_45pct,DH_PINN,934.5911936796804,0.02694226855922599,-591.7098463203197,-0.016905550443330735,0.5921937044309735,0.43412101038244316,-15.807269404853036,False
2023-10-26,shock,BTC-24NOV23-38000-C,C,0.07946233647260273,-0.08259121274050377,34675.5,34987.643174191995,0.0365,1265.65575,fixed_45pct,DH_PINN,653.9233701698874,0.01885836888206046,-611.7323798301124,-0.017484240844246,0.6070749872170453,0.4309057692132012,-17.616921800384418,False
2023-10-26,shock,BTC-24NOV23-40000-C,C,0.07949175386859463,-0.13257348962513577,34720.99,35033.542667724716,0.025,868.02475,fixed_45pct,DH_PINN,304.336964676005,0.00876521564264167,-563.6877853239951,-0.01608994530385597,0.6275952578211735,0.42533345642801795,-20.22618013931556,False
2023-10-26,shock,BTC-24NOV23-42000-C,C,0.07948895608193811,-0.18074030598792323,34742.64,35055.387557480346,0.017,590.6248800000001,fixed_45pct,DH_PINN,125.86448078540819,0.0036227667438458386,-464.76039921459187,-0.01325788791958223,0.6465317003135949,0.42048994709515947,-22.604175321843538,False
2023-10-26,shock,BTC-24NOV23-44000-C,C,0.07947396058472857,-0.22929880043984524,34671.89,34984.000677562995,0.0115,398.72673499999996,fixed_45pct,DH_PINN,43.976667490804665,0.001268366607381503,-354.7500675091953,-0.010140351607548259,0.6680855118004256,0.41603815505400377,-25.204735674642187,False
2023-10-26,shock,BTC-24NOV23-46000-C,C,0.0794822417237443,-0.27191876802713305,34735.46,35048.1429242958,0.008,277.88368,fixed_45pct,DH_PINN,15.24702161166348,0.0004389468747977853,-262.63665838833657,-0.007493596991875814,0.6846807266510474,0.4124631387006366,-27.22175879504108,False
2023-10-26,shock,BTC-24NOV23-48000-C,C,0.07952338280060882,-0.3143859739479086,34738.67,35051.38182019028,0.0055,191.062685,fixed_45pct,DH_PINN,4.625101072025134,0.00013313984306322419,-186.43758392797486,-0.005318979573597956,0.7002092643869212,0.4092075393139257,-29.100172507299554,False
2024-02-29,shock,BTC-8MAR24-49000-P,P,0.02199230590436327,0.2552934495191499,62813.96,63251.177727365415,0.0018,113.065128,fixed_45pct,DH_PINN,0.23406973515197127,3.726396730153158e-06,-112.83105826484802,-0.0017838570334799005,0.9572479255826316,0.4913980227038546,-46.5849902878777,False
2024-02-29,shock,BTC-8MAR24-50000-P,P,0.02201515379249112,0.23797828311994992,62995.6,63434.08203593629,0.002,125.9912,fixed_45pct,DH_PINN,0.551285735158019,8.751178418143791e-06,-125.43991426484199,-0.0019774845042098746,0.9197487248111971,0.4883788773730859,-43.13698474381112,False
2024-02-29,shock,BTC-8MAR24-52000-P,P,0.02194171997082699,0.19283265556829868,62623.46,63059.35174860109,0.0033,206.657418,fixed_45pct,DH_PINN,4.212042187214325,6.725981265190913e-05,-202.44537581278567,-0.0032103941794371003,0.8597917233622958,0.4807633289642101,-37.902839439808574,False
2024-02-29,shock,BTC-8MAR24-53000-P,P,0.021923783136732624,0.17555044877762052,62734.15,63170.812208388095,0.0039,244.663185,fixed_45pct,DH_PINN,8.699634709803359,0.0001386746247427176,-235.96355029019665,-0.003735325572699608,0.8301289908398336,0.4778947183397352,-35.22342725000984,False
2024-02-29,shock,BTC-8MAR24-54000-P,P,0.021936777524099442,0.1552200670788126,62631.46,63067.407432748674,0.0055,344.47303,fixed_45pct,DH_PINN,19.547657504047194,0.00031210604868619053,-324.9253724959528,-0.0051520331296705645,0.8244914591825504,0.4745054976387035,-34.99859615438469,False
2024-02-29,shock,BTC-8MAR24-55000-P,P,0.021980263064434298,0.13995518985585573,62824.93,63262.22408425279,0.007,439.77451,fixed_45pct,DH_PINN,34.99179366762862,0.000556973062566542,-404.7827163323714,-0.006398490128852896,0.8178040331829347,0.471918417320326,-34.588561586260866,False
2024-02-29,shock,BTC-8MAR24-55500-P,P,0.021966496797311007,0.1303801064013499,62791.94,63229.00445674919,0.008,502.33552000000003,fixed_45pct,DH_PINN,49.22812082384079,0.000783987894367347,-453.1073991761592,-0.007166132110874847,0.8106736849327371,0.47027891045349257,-34.03947744792445,False
2024-02-29,shock,BTC-8MAR24-56000-P,P,0.02199303697361745,0.12298714831714998,62890.96,63328.713687285905,0.009,566.01864,fixed_45pct,DH_PINN,63.980246718452634,0.0010173202431391195,-502.03839328154737,-0.007927500245158751,0.8086746569328367,0.4689830316080634,-33.96916253247733,False
2024-02-29,shock,BTC-8MAR24-56500-P,P,0.022008551401572807,0.11733047967461836,63094.57,63533.74091844708,0.009,567.8511299999999,fixed_45pct,DH_PINN,77.90629423567546,0.0012347543415491295,-489.94483576432447,-0.007711569139195273,0.7828393489877864,0.46797927027485714,-31.486007871292927,False
2024-02-29,shock,BTC-8MAR24-58500-P,P,0.02201215147767631,0.08249221828129787,63091.28,63530.42801834139,0.016,1009.46048,fixed_45pct,DH_PINN,231.91219634671216,0.0036758201188296096,-777.5482836532879,-0.012238990164347827,0.7886064360043208,0.46156388883542193,-32.704254716889885,False
2024-02-29,shock,BTC-8MAR24-59000-P,P,0.02194114817985794,0.06623308753596721,62604.31,63040.068454672815,0.02,1252.0862,fixed_45pct,DH_PINN,361.6294926501897,0.005776431249704529,-890.4567073498102,-0.01412524968925229,0.7839778365924199,0.4585377114376672,-32.54401251547527,False
2024-02-29,shock,BTC-8MAR24-59500-P,P,0.021938728786149164,0.05759549078129061,62591.87,63027.541865823325,0.023,1439.61301,fixed_45pct,DH_PINN,454.87811965279735,0.007267367465659635,-984.7348903472027,-0.015623882213962324,0.791945783256986,0.4569594354790606,-33.49863477779253,False
2024-02-29,shock,BTC-8MAR24-61000-P,P,0.021981969178082192,0.03583431811360583,62788.49,63225.530442960546,0.03,1883.6546999999998,fixed_45pct,DH_PINN,782.925646773706,0.012469254265769189,-1100.7290532262937,-0.01740956612802681,0.7789008673089645,0.45315192772670454,-32.57489395822599,False
2024-02-29,shock,BTC-8MAR24-63000-P,P,0.02197476182775241,0.0014143620096400077,62653.07,63089.16784955234,0.0465,2913.3677549999998,fixed_45pct,DH_PINN,1623.322731540156,0.02590970772126818,-1290.0450234598438,-0.02044796384913797,0.7937619643239132,0.4473347523274272,-34.642721199648605,False
2024-02-29,shock,BTC-8MAR24-64000-C,C,0.021948678779807204,-0.012177449313743727,62788.33,63225.3693292776,0.0405,2542.927365,fixed_45pct,DH_PINN,1313.9635332858363,0.020926874998679474,-1228.9638317141637,-0.019437827643421463,0.7754547093474637,0.44501419323929886,-33.04405161081649,False
2024-02-29,shock,BTC-8MAR24-64500-C,C,0.0219377195268899,-0.022623661493204078,62621.28,63057.15657467087,0.037,2316.9873599999996,fixed_45pct,DH_PINN,1046.8049835178406,0.01671644181527175,-1270.182376482159,-0.020143350025274887,0.7920393118050524,0.44323245477492973,-34.88068570301227,False
2024-02-29,shock,BTC-8MAR24-65000-C,C,0.021954731703450026,-0.028537415661734043,62734.62,63171.285479831764,0.034,2132.97708,fixed_45pct,DH_PINN,916.8949337144036,0.014615453695493868,-1216.0821462855965,-0.019250552478844937,0.7812824091559047,0.44222251677920915,-33.90598923766956,False
2024-02-29,shock,BTC-8MAR24-66000-C,C,0.021928038115169964,-0.04575243920262514,62612.56,63048.375878950006,0.0285,1784.45796,fixed_45pct,DH_PINN,596.2115520637208,0.009522235667471842,-1188.2464079362792,-0.01884658234841224,0.7967126469085606,0.4393620581213171,-35.735058878724345,False
2024-02-29,shock,BTC-8MAR24-68000-C,C,0.021936975202942667,-0.07549313086279838,62619.59,63055.454811394695,0.0205,1283.701595,fixed_45pct,DH_PINN,250.07712100291084,0.003993592436534811,-1033.6244739970891,-0.016392308597071664,0.8168768323350389,0.43470429012498807,-38.217254221005085,False
2024-02-29,shock,BTC-8MAR24-70000-C,C,0.02193446816336885,-0.10348610645611421,62681.9,63118.198521299186,0.0145,908.88755,fixed_45pct,DH_PINN,93.29788564751591,0.0014884342313732659,-815.5896643524841,-0.012921624562482784,0.8293218975745971,0.4305703284675147,-39.875156910708235,False
2024-02-29,shock,BTC-8MAR24-72000-C,C,0.022022204654997466,-0.128176077294097,62900.47,63338.289881816345,0.011,691.90517,fixed_45pct,DH_PINN,34.24653899438121,0.0005444560111296658,-657.6586310056188,-0.010383271039252113,0.8519451234502358,0.42716577104822684,-42.47793524020089,False
2024-02-29,shock,BTC-8MAR24-74000-C,C,0.021918328608574327,-0.1593134813666806,62665.76,63101.94617853144,0.007,438.66032,fixed_45pct,DH_PINN,7.510132065189045,0.00011984426687219695,-431.15018793481096,-0.006832597313480277,0.8601658819429434,0.42321872432170143,-43.6947157621242,False
2024-02-29,shock,BTC-8MAR24-76000-C,C,0.02192382290081177,-0.18491983028202047,62732.34,63168.9896098497,0.005,313.6617,fixed_45pct,DH_PINN,1.8182819241774086,2.898476167439966e-05,-311.84341807582257,-0.0049366535700801845,0.8778789151018811,0.42023730126372216,-45.764161383815896,False
2025-10-12,shock,BTC-31OCT25-100000-P,P,0.052087223205225776,0.1134745804005474,111825.67,112016.34144251612,0.0085,950.5181950000001,fixed_45pct,DH_PINN,796.5162501199054,0.007122839059402956,-154.0019448800947,-0.0013748167713469245,0.48872009961768237,0.4610235178102392,-2.7696581807443166,False
2025-10-12,shock,BTC-31OCT25-102000-P,P,0.05206753513444952,0.09287038477879103,111736.07,111926.58866756519,0.011,1229.09677,fixed_45pct,DH_PINN,1141.7967312357773,0.01021869420712378,-87.30003876422279,-0.0007799758735032471,0.47085764521211426,0.45765758147512725,-1.320006373698701,False
2025-10-12,shock,BTC-31OCT25-105000-P,P,0.052167198598427195,0.06416919607088947,111768.07,111958.64323004766,0.018,2011.82526,fixed_45pct,DH_PINN,1830.4086491841103,0.016376847602218685,-181.41661081588973,-0.0016203895079643196,0.4752016721346993,0.4531139105913186,-2.2087761543380715,False
2025-10-12,shock,BTC-31OCT25-106000-P,P,0.05212723709411467,0.0556293671335694,111873.06,112063.81224614252,0.0185,2069.65161,fixed_45pct,DH_PINN,2089.182656285128,0.018674582212063636,19.531046285128014,0.0001742850425454834,0.4495389238843547,0.45181896060510174,0.22800367207470584,False
2025-10-12,shock,BTC-31OCT25-108000-P,P,0.05205597605910705,0.034558320853792596,111607.24,111797.53900242086,0.026,2901.78824,fixed_45pct,DH_PINN,2840.349856342186,0.02544951256157025,-61.43838365781403,-0.0005495504123439036,0.4551726300251792,0.4486662729886525,-0.6506357036526689,False
2025-10-12,shock,BTC-31OCT25-111000-P,P,0.05206324790715373,0.0072700860374546785,111619.6,111809.92007717972,0.036,4018.3055999999997,fixed_45pct,DH_PINN,4113.446926935353,0.036852371151082364,95.14132693535339,0.0008509202660164644,0.4351913599212449,0.44460978134135476,0.9418421420109846,False
2025-10-12,shock,BTC-31OCT25-112000-C,C,0.052089843924403856,-0.0008084556238861046,111719.0,111909.48956189092,0.0405,4524.6195,fixed_45pct,DH_PINN,4473.066390832394,0.04003854662888492,-51.553109167605726,-0.0004606678966138485,0.44848841053097815,0.44342431500120183,-0.5064095529776325,False
2025-10-12,shock,BTC-31OCT25-113000-C,C,0.052057037734652464,-0.010467040071485245,111633.05,111823.39301047313,0.035,3907.1567500000006,fixed_45pct,DH_PINN,3956.884095605823,0.035445453614371576,49.72734560582239,0.0004446953742600624,0.43713131704674374,0.44202404632562453,0.4892729278880792,False
2025-10-12,shock,BTC-31OCT25-115000-C,C,0.0520629525304414,-0.028232993239539463,111608.31,111798.61082685385,0.0275,3069.228525,fixed_45pct,DH_PINN,3112.261970705008,0.027885575641321044,43.033445705008035,0.00038491932401249,0.43512869546390387,0.4394737034359782,0.4345007972074322,False
2025-10-12,shock,BTC-31OCT25-116000-C,C,0.05213238051750381,-0.03598293395140361,111709.71,111900.18372172024,0.0255,2848.597605,fixed_45pct,DH_PINN,2788.904752426892,0.024965643115776526,-59.69285257310776,-0.0005334473151675545,0.44452122497236785,0.43838302597522183,-0.6138198997146016,False
2025-10-12,shock,BTC-31OCT25-118000-C,C,0.05209595364028412,-0.05305910585990082,111711.75,111902.22720007849,0.02,2234.235,fixed_45pct,DH_PINN,2146.1853977088426,0.019211814314150862,-88.0496022911575,-0.0007868440556927158,0.44574283688648125,0.4360605806262438,-0.9682256260237443,False
2025-10-12,shock,BTC-31OCT25-120000-C,C,0.05207246603881279,-0.06986622417628213,111711.75,111902.22720007849,0.0155,1731.532125,fixed_45pct,DH_PINN,1621.952183984987,0.014519083122276635,-109.57994101501299,-0.0009792471853047812,0.4470561834800484,0.4338124692279676,-1.3243714252080763,False
2025-10-12,shock,BTC-31OCT25-123000-C,C,0.05207276721841705,-0.09460592334294181,111706.49,111896.95823137043,0.011,1228.7713899999999,fixed_45pct,DH_PINN,1029.4484536453513,0.00921565482583287,-199.32293635464862,-0.0017813079059978256,0.4594238642134572,0.4305728866970577,-2.8850977516399534,False
2025-10-12,shock,BTC-31OCT25-124000-C,C,0.052168613330796546,-0.1020268572931283,111782.06,111972.65708408297,0.011,1229.60266,fixed_45pct,DH_PINN,891.9825041285786,0.007979657058821234,-337.6201558714214,-0.0030152017882177635,0.4806490517167141,0.4296284595441118,-5.102059217260235,False
2025-10-12,shock,BTC-31OCT25-126000-C,C,0.05207268112633181,-0.11867026343721723,111710.2,111900.67455720824,0.008,893.6816,fixed_45pct,DH_PINN,628.1372098665662,0.005622917243605027,-265.5443901334338,-0.0023730365449913045,0.47538461271102495,0.42758220970204164,-4.780240300898331,False
2025-10-12,shock,BTC-31OCT25-128000-C,C,0.05207257940131913,-0.13441423406529657,111710.69,111901.16539269626,0.0065,726.1194849999999,fixed_45pct,DH_PINN,441.5375832278237,0.003952509676807329,-284.58190177217625,-0.0025431540482486414,0.48607414142306615,0.4257117808673757,-6.036236055569044,False
2025-10-12,shock,BTC-31OCT25-130000-C,C,0.05213990093860984,-0.15017151703875645,111682.42,111872.84719015313,0.006,670.09452,fixed_45pct,DH_PINN,303.6505400096068,0.002718875002973671,-366.4439799903932,-0.00327553994730767,0.5135610270361453,0.4238963915692159,-8.966463546692937,False
2025-10-12,shock,BTC-31OCT25-132000-C,C,0.052088215468036526,-0.1647417187802167,111760.32,111950.88001569644,0.0047,525.273504,fixed_45pct,DH_PINN,209.19982864514185,0.001871861396291115,-316.07367535485815,-0.0028233246162115205,0.5159270086206769,0.4222665983432321,-9.366041027744476,False
2025-10-12,shock,BTC-31OCT25-134000-C,C,0.052096086250634194,-0.18016361651696475,111717.41,111907.89685081757,0.0039,435.697899,fixed_45pct,DH_PINN,137.88772939864242,0.0012342546197467558,-297.8101696013576,-0.0026612078144794644,0.5276646781603831,0.4205892432553711,-10.707543490501198,False
2025-10-12,shock,BTC-31OCT25-135000-C,C,0.05209434655631659,-0.18773779517307265,111701.86,111892.32033686124,0.0034,379.786324,fixed_45pct,DH_PINN,111.29006479262831,0.0009963134435955526,-268.4962592073717,-0.002399595060671198,0.5280995741219837,0.4197842501961543,-10.831532392582943,False
2025-10-12,shock,BTC-31OCT25-138000-C,C,0.052096085299340435,-0.20958009756195858,111717.12,111907.60635634507,0.0027,301.636224,fixed_45pct,DH_PINN,57.964789172443275,0.0005188532354973282,-243.67143482755677,-0.002177434070492392,0.5481676435365285,0.41753530191775484,-13.063234161877363,False
2025-10-12,shock,BTC-31OCT25-140000-C,C,0.05209608476027397,-0.22396883501405812,111717.12,111907.60635634507,0.0023,256.949376,fixed_45pct,DH_PINN,36.62585156575086,0.0003278445735599956,-220.32352443424912,-0.0019687984723100725,0.5600116814821122,0.41611456785716017,-14.389711362495206,False
2025-10-12,shock,BTC-31OCT25-150000-C,C,0.05207591168822932,-0.2926455113224503,111752.45,111942.99659673589,0.0011,122.927695,fixed_45pct,DH_PINN,2.9241448968732953,2.616627104706246e-05,-120.0035501031267,-0.001072005875771114,0.6154764236351105,0.40997863254164874,-20.549779109346172,False
2025-10-12,shock,BTC-31OCT25-155000-C,C,0.052124018518518514,-0.3236951423764416,111947.09,112137.9684730356,0.0009,100.752381,fixed_45pct,DH_PINN,0.7780970316049133,6.950578452775444e-06,-99.97428396839508,-0.0008915292949366623,0.6501225753991589,0.4075026148374296,-24.261996056172926,False
2025-10-12,shock,BTC-31OCT25-160000-C,C,0.05206415553652968,-0.3582725650505931,111630.87,111821.20929340401,0.0006,66.978522,fixed_45pct,DH_PINN,0.15053693148783873,1.348524216355554e-06,-66.82798506851216,-0.0005976324660661145,0.6716254835480686,0.40490122336736234,-26.672426018070627,False
2025-10-12,shock,BTC-31OCT25-80000-P,P,0.05205744758371385,0.3348851860062355,111632.05,111822.39130539555,0.0005,55.816025,fixed_45pct,DH_PINN,4.763713140062099,4.267334640958487e-05,-51.0523118599379,-0.0004565482034855623,0.6468596191809027,0.4964522490843644,-15.040737009653832,False
2025-10-12,shock,BTC-31OCT25-85000-P,P,0.052081540969051245,0.2746565190074033,111676.26,111866.67668687525,0.001,111.67626,fixed_45pct,DH_PINN,23.624063517765684,0.0002115406042230075,-88.05219648223431,-0.0007871172997183086,0.60023165695229,0.48680921977493874,-11.342243717735123,False
2025-10-12,shock,BTC-31OCT25-90000-P,P,0.052091111364789444,0.21794483265438055,111726.16,111916.66177024638,0.0019,212.279704,fixed_45pct,DH_PINN,93.12937973423266,0.0008335503496605688,-119.15032426576735,-0.00106463436615337,0.5508721497437815,0.47776298933318334,-7.3109160410598175,False
2025-10-12,shock,BTC-31OCT25-95000-P,P,0.05206556941273465,0.16317582850632734,111647.78,111838.14812626585,0.0041,457.75589800000006,fixed_45pct,DH_PINN,305.36881527548155,0.002735108707718878,-152.3870827245185,-0.00136256800812253,0.5158050614349488,0.469081815073918,-4.672324636103076,False
2025-10-12,shock,BTC-31OCT25-98000-P,P,0.052167200152207,0.1331620675578409,111768.07,111958.64323004766,0.007,782.3764900000001,fixed_45pct,DH_PINN,554.4474571782946,0.004960696352529793,-227.9290328217055,-0.0020358323953012457,0.5130162051000439,0.46423178581881064,-4.878441928123323,False
2025-10-15,shock,BTC-28NOV25-105000-P,P,0.12058413067605277,0.07676254098438098,112500.55,113377.49231675502,0.031,3487.51705,fixed_45pct,DH_PINN,3376.781907973112,0.030015692438597964,-110.73514202688784,-0.0009766942253186819,0.4555413905742501,0.4472565017930775,-0.8284888781172561,False
2025-10-15,shock,BTC-28NOV25-108000-P,P,0.12058052454337899,0.048644195714375685,112506.46,113383.44838523283,0.0395,4444.00517,fixed_45pct,DH_PINN,4443.291230698515,0.03949365423726349,-0.7139393014849702,-6.296680085608989e-06,0.44393335979563137,0.44388426441641804,-0.004909537921332641,False
2025-10-15,shock,BTC-28NOV25-112000-P,P,0.12058052235540336,0.012276551543500845,112506.46,113383.44838523283,0.054,6075.348840000001,fixed_45pct,DH_PINN,6188.247519566305,0.05500348619595981,112.89867956630405,0.0009957245186503615,0.4324367991472321,0.43971340013032634,0.7276600983094239,False
2025-10-15,shock,BTC-28NOV25-118000-C,C,0.12060228662480975,-0.040310948140738614,112461.27,113337.90612897013,0.042,4723.37334,fixed_45pct,DH_PINN,4862.622957687263,0.043238200650653,139.2496176872628,0.0012286235244968005,0.4248791749387655,0.4339188858608652,0.9039710922099709,False
2025-10-15,shock,BTC-28NOV25-120000-C,C,0.12057623370116692,-0.056774007183782255,112499.97,113376.90779565228,0.0355,3993.7489349999996,fixed_45pct,DH_PINN,4160.858712648486,0.036985420641876494,167.10977764848667,0.0014739313401427492,0.4210441910725455,0.4322050595982614,1.1160868525715906,False
2025-10-15,shock,BTC-28NOV25-122000-C,C,0.1206567994355657,-0.07290481066199231,112544.81,113422.09732366331,0.03,3376.3442999999997,fixed_45pct,DH_PINN,3543.1860195197423,0.031482447031717785,166.84171951974258,0.0014709807300039611,0.41895537528576243,0.43055118454032826,1.1595809254565825,False
2025-10-15,shock,BTC-28NOV25-125000-C,C,0.12055253358066971,-0.09685361047989792,112583.52,113461.10906829553,0.0235,2645.71272,fixed_45pct,DH_PINN,2739.7945537180976,0.024335662570490756,94.08183371809764,0.000829198960689403,0.42107476913457315,0.4281710091734162,0.7096240038843071,False
2025-10-15,shock,BTC-28NOV25-126000-C,C,0.1205845284436834,-0.10559163840442144,112496.88,113373.79370908774,0.022,2474.93136,fixed_45pct,DH_PINN,2480.8340298994403,0.02205246963204171,5.902669899440298,5.206379451839015e-05,0.42686447203522104,0.4273250638617055,0.04605918264844466,False
2025-10-15,shock,BTC-28NOV25-130000-C,C,0.12060476407914764,-0.1374546962720417,112428.22,113304.59850406458,0.0155,1742.63741,fixed_45pct,DH_PINN,1688.1928865318669,0.015015739700689621,-54.444523468133184,-0.00048051468507855923,0.4293388797607837,0.4243480158001011,-0.4990863960682601,False
2025-10-15,shock,BTC-28NOV25-134000-C,C,0.1205624327435312,-0.1663474309186297,112587.15,113464.7673641626,0.011,1238.4586499999998,fixed_45pct,DH_PINN,1151.8022278958767,0.010230316940218104,-86.65642210412307,-0.0007637297825324159,0.4313451874715906,0.42178603041307927,-0.9559157058511347,False
2025-10-15,shock,BTC-28NOV25-135000-C,C,0.12056589770421106,-0.1739762336098013,112565.33,113442.77727715991,0.01,1125.6533,fixed_45pct,DH_PINN,1034.882277067598,0.009193614739703582,-90.77102293240205,-0.0008001481020746969,0.43172124599741607,0.42113168687338126,-1.0589559124034809,False
2025-10-15,shock,BTC-28NOV25-136000-C,C,0.12063656633688483,-0.1808610179775276,112621.1,113498.9820045724,0.009,1013.5899,fixed_45pct,DH_PINN,939.200401026757,0.008339471031864873,-74.3894989732429,-0.0006554199664120868,0.429723772029432,0.42054959234785755,-0.9174179681574468,False
2025-10-15,shock,BTC-28NOV25-138000-C,C,0.12056584290969051,-0.19595949336575502,112564.84,113442.2834576076,0.008,900.51872,fixed_45pct,DH_PINN,750.1591276980987,0.0066642401632525635,-150.35959230190133,-0.0013254281183267033,0.43991950768916865,0.41929847609944093,-2.0621031589727723,False
2025-10-15,shock,BTC-28NOV25-140000-C,C,0.12058338628868594,-0.2108871765934511,112504.19,113381.16069057214,0.007,787.5293300000001,fixed_45pct,DH_PINN,595.6724923183084,0.005294669401364593,-191.85683768169167,-0.001692140356591401,0.44760539765994295,0.4180971972603594,-2.9508200399583573,False
2025-10-15,shock,BTC-28NOV25-145000-C,C,0.12056629328386606,-0.2454551861842352,112563.08,113440.50973839931,0.0048,540.302784,fixed_45pct,DH_PINN,336.37988944198463,0.002988367850648584,-203.92289455801534,-0.0017976196953652084,0.4581070004542016,0.4154389875923146,-4.266801286188699,False
2025-10-15,shock,BTC-28NOV25-160000-C,C,0.12061685147133434,-0.34395531601613666,112556.32,113433.69704416751,0.0021,236.368272,fixed_45pct,DH_PINN,48.36223569597356,0.0004296714364504237,-188.00603630402642,-0.0016574090521868717,0.5102435511972039,0.40866851318724506,-10.157503800995881,False
2025-10-15,shock,BTC-28NOV25-95000-P,P,0.12059087087772703,0.17671283577088592,112485.57,113362.3955475845,0.0125,1406.069625,fixed_45pct,DH_PINN,1122.9820574517082,0.009983343263066616,-283.0875675482919,-0.0024971911203963953,0.4950974062132918,0.46023091477990974,-3.486649143338205,False
2025-10-15,shock,BTC-31OCT25-100000-P,P,0.0438510455035515,0.12036290319860699,112560.11,112790.60980471678,0.0065,731.640715,fixed_45pct,DH_PINN,532.5028765840049,0.004730831167311447,-199.13783841599513,-0.0017655533449174366,0.508875202296985,0.4636440640023187,-4.523113829466629,False
2025-10-15,shock,BTC-31OCT25-102000-P,P,0.04393798890157281,0.10017071925010844,112516.27,112746.6800294719,0.0075,843.872025,fixed_45pct,DH_PINN,800.13146491908,0.007111251243212026,-43.74056008091998,-0.00038795430667658,0.46851030935572074,0.46021748407853375,-0.8292825277186999,False
2025-10-15,shock,BTC-31OCT25-105000-P,P,0.04386838777904617,0.07109483569517651,112506.33,112736.71967440953,0.012,1350.0759600000001,fixed_45pct,DH_PINN,1371.3028935565285,0.012188673237821628,21.226933556528365,0.00018828766366302865,0.45231874847965386,0.4554106359643906,0.30918874847367106,False
2025-10-15,shock,BTC-31OCT25-106000-P,P,0.043845579559868085,0.06231678453640306,112585.19,112815.74116336508,0.0145,1632.485255,fixed_45pct,DH_PINN,1599.5709940742772,0.014207650172054399,-32.91426092572283,-0.000291752379466804,0.4584763327756599,0.4540139753149328,-0.44623574607270955,False
2025-10-15,shock,BTC-31OCT25-107000-P,P,0.043870442732115676,0.05256982862165264,112544.98,112775.44882160876,0.0165,1856.99217,fixed_45pct,DH_PINN,1887.9049516745417,0.016774670462196908,30.912781674541748,0.000274109143413301,0.4485476973352957,0.45248522279481396,0.3937525459518254,False
2025-10-15,shock,BTC-31OCT25-108000-P,P,0.04387105793378995,0.04292786961189098,112506.77,112737.16057543845,0.019,2137.62863,fixed_45pct,DH_PINN,2210.8411879280916,0.01965073913265923,73.21255792809143,0.0006494092768914558,0.4421651809660143,0.45099711398581666,0.883193301980234,False
2025-10-15,shock,BTC-31OCT25-109000-P,P,0.043870442161339424,0.03405078085441503,112544.98,112775.44882160876,0.0215,2419.7170699999997,fixed_45pct,DH_PINN,2545.9838449440526,0.022621922763183686,126.26677494405294,0.0011196299927281612,0.43503706926423374,0.449634536708506,1.459746744427226,False
2025-10-15,shock,BTC-31OCT25-115000-C,C,0.043895878234398784,-0.019637251393664377,112533.3,112763.7449033866,0.025,2813.3325000000004,fixed_45pct,DH_PINN,3176.696395339246,0.028228945524029294,363.3638953392456,0.0032223468247757066,0.4022854323978657,0.44145527968645903,3.916984728859335,False
2025-10-15,shock,BTC-31OCT25-117000-C,C,0.04392634443176053,-0.03642933655981835,112583.92,112814.46856266797,0.0191,2150.352872,fixed_45pct,DH_PINN,2449.3048448347895,0.021755370081578164,298.95197283478956,0.002649943545749391,0.4050658247511369,0.4389790965113019,3.391327176016501,False
2025-10-15,shock,BTC-31OCT25-119000-C,C,0.04383585670345003,-0.052827369629507626,112646.03,112876.70575109086,0.0145,1633.3674350000001,fixed_45pct,DH_PINN,1851.4858590933645,0.01643631701084685,218.1184240933644,0.0019323599377035902,0.4097148805152116,0.43666000619999806,2.6945125684786464,False
2025-10-15,shock,BTC-31OCT25-120000-C,C,0.0438392982623034,-0.06149873850010755,112611.89,112842.49583943802,0.012,1351.34268,fixed_45pct,DH_PINN,1581.4617711396786,0.014043470641862761,230.11909113967863,0.002039294588690344,0.4051916683027936,0.4354508713424021,3.025920303960855,False
2025-10-15,shock,BTC-31OCT25-122000-C,C,0.04390731938102486,-0.07866938618360035,112539.69,112770.14798878382,0.0085,956.5873650000001,fixed_45pct,DH_PINN,1134.7139475913996,0.010082788992855762,178.12658259139948,0.0015795543924365166,0.4059307626687711,0.43307943381889075,2.714867115011965,False
2025-10-15,shock,BTC-31OCT25-123000-C,C,0.043836630358954846,-0.08588832066405638,112646.02,112876.69573061293,0.008,901.1681600000001,fixed_45pct,DH_PINN,976.5548377687015,0.008669235164888218,75.38667776870147,0.0006678675104790128,0.41991390133814493,0.43210435371420997,1.219045237606503,False
2025-10-15,shock,BTC-31OCT25-124000-C,C,0.043934850012683914,-0.09668914460443472,112341.88,112571.93291485158,0.006,674.05128,fixed_45pct,DH_PINN,774.0970558158393,0.006890547459378811,100.0457758158393,0.0008887275293701588,0.4122069220885134,0.4306620445429307,1.8455122454417328,False
2025-10-15,shock,BTC-31OCT25-126000-C,C,0.04385783609208524,-0.11088173336188326,112545.15,112775.61916973357,0.0045,506.45317499999993,fixed_45pct,DH_PINN,558.7334944806225,0.004964527520560615,52.28031948062261,0.0004635782083531532,0.41733064100285205,0.4288293428189248,1.1498701816072765,False
2025-10-15,shock,BTC-31OCT25-128000-C,C,0.04387056909563673,-0.12675973559490186,112530.56,112760.99929243379,0.0034,382.60390399999994,fixed_45pct,DH_PINN,378.3561046999981,0.0033622520380241433,-4.247799300001816,-3.767081993469742e-05,0.4279960440495919,0.4268418847278525,-0.11541593217394008,False
2025-10-15,shock,BTC-31OCT25-160000-C,C,0.0438652120116692,-0.3504752951362037,112466.21,112696.5175169546,0.0002,22.493242000000002,fixed_45pct,DH_PINN,0.045212843308432324,4.020126872634218e-07,-22.448029156691568,-0.00019919008724749972,0.6326173828500142,0.40510856141559665,-22.750882143441757,False
2026-02-11,shock,BTC-27FEB26-50000-P,P,0.04384667044013191,0.29547662136586306,67167.74,67188.33369938679,0.0038,255.237412,fixed_45pct,DH_PINN,3.601786109864702,5.3623750179248275e-05,-251.63562589013532,-0.003745227959008484,0.8872928226189982,0.4919619052252511,-39.53309173937471,False
2026-02-11,shock,BTC-27FEB26-56000-P,P,0.04386304322044648,0.18067188320572947,67068.67,67089.23332442109,0.009,603.61803,fixed_45pct,DH_PINN,82.037502968559,0.001223186667762444,-521.580527031441,-0.0077744296839591534,0.7527175246370794,0.47350866980932316,-27.920885482775624,False
2026-02-11,shock,BTC-27FEB26-60000-P,P,0.043928380263825464,0.10540338495023399,66649.09,66669.52468075392,0.0175,1166.359075,fixed_45pct,DH_PINN,426.9193392948971,0.006405478893933843,-739.439735705103,-0.011091120556894618,0.6710692616829055,0.46110374772056056,-20.99655139623449,False
2026-02-11,shock,BTC-27FEB26-62000-P,P,0.04389980006976154,0.07446618385979628,66772.68,66793.15257357727,0.023,1535.7716399999997,fixed_45pct,DH_PINN,765.5757717884337,0.011465404290923081,-770.195868211566,-0.011531060273927661,0.6342267955470648,0.45595096046485034,-17.82758350822145,False
2026-02-11,shock,BTC-27FEB26-63000-P,P,0.043919013793759516,0.05755337668436795,66711.78,66732.23390157353,0.0275,1834.57395,fixed_45pct,DH_PINN,1028.286847864582,0.015413872150684361,-806.2871021354181,-0.01208242336566536,0.6234468052495101,0.4532545725515328,-17.019223269797735,False
2026-02-11,shock,BTC-27FEB26-64000-P,P,0.04393731094622019,0.04446981033716263,66889.79,66910.29847962585,0.031,2073.58349,fixed_45pct,DH_PINN,1281.4565354428787,0.019157729983049415,-792.1269545571213,-0.011838640277450315,0.6085710835389333,0.45122513565801464,-15.734594788091865,False
2026-02-11,shock,BTC-27FEB26-65000-P,P,0.04390641273465246,0.027552901210765132,66795.36,66815.83952728902,0.0365,2438.03064,fixed_45pct,DH_PINN,1668.197763992139,0.024974755192458564,-769.8328760078609,-0.011521712238509623,0.5932027560511509,0.44863230161626755,-14.457045443488337,False
2026-02-11,shock,BTC-27FEB26-69000-C,C,0.04391132994038559,-0.03216378840713169,66795.53,66816.0095794112,0.0305,2037.263665,fixed_45pct,DH_PINN,1553.1523304720415,0.02325233934773841,-484.11133452795843,-0.007245439193021388,0.5294292268902493,0.43959990098742324,-8.982932590282605,False
2026-02-11,shock,BTC-27FEB26-70000-C,C,0.04389980507990868,-0.04689467314447109,66772.68,66793.15257357727,0.025,1669.317,fixed_45pct,DH_PINN,1216.8142756176483,0.018223235545100906,-452.50272438235174,-0.006774687328673231,0.5258724068455114,0.43748865539630766,-8.838375144920374,False
2026-02-11,shock,BTC-27FEB26-71000-C,C,0.043924015379249115,-0.06265349521598987,66667.65,66688.09037126934,0.0195,1300.019175,fixed_45pct,DH_PINN,916.6162466402249,0.01374904090125008,-383.40292835977505,-0.005749196389119477,0.5166599269647123,0.43528505347516866,-8.137487348954364,False
2026-02-11,shock,BTC-27FEB26-72000-C,C,0.0438370613267377,-0.07157351709966507,67006.26,67026.80418944976,0.016,1072.10016,fixed_45pct,DH_PINN,775.2127414482959,0.011569258475973678,-296.88741855170406,-0.004429383470418169,0.5010545756252825,0.43405652593246064,-6.699804969282192,False
2026-02-11,shock,BTC-27FEB26-74000-C,C,0.043848879058853374,-0.09607561904861886,67200.65,67221.25378962723,0.01,672.0065,fixed_45pct,DH_PINN,467.15303961167206,0.006951614896755792,-204.8534603883279,-0.003047450751654061,0.4881327742823931,0.43074662813127745,-5.7386146151115645,False
2026-02-11,shock,BTC-27FEB26-75000-C,C,0.04386462756849315,-0.1108414919092983,67110.47,67131.04614034484,0.0085,570.4389950000001,fixed_45pct,DH_PINN,333.0011102839559,0.004961984475506666,-237.4378847160442,-0.003536931097716758,0.50522173581589,0.4288342143408896,-7.638752147500044,False
2026-02-11,shock,BTC-27FEB26-80000-C,C,0.04383695934804668,-0.17701507324576657,67000.83,67021.37252460608,0.0025,167.50207500000002,fixed_45pct,DH_PINN,53.52544533431605,0.00079887734725549,-113.97662966568396,-0.0017006012466223193,0.5159150447657652,0.4209475357917087,-9.496750897405654,False
2026-02-11,shock,BTC-27FEB26-96000-C,C,0.04385354775494673,-0.3582490262206374,67073.74,67094.3048788884,0.0005,33.53687,fixed_45pct,DH_PINN,0.01717164253779279,2.560114068157343e-07,-33.51969835746221,-0.0004995908135268478,0.7154970496714816,0.4045254121667866,-31.0971637504695,False
2025-07-18,calm,BTC-25JUL25-100000-P,P,0.019282908644089297,0.18692222468893913,120335.2,120553.35206591312,0.0006,72.20111999999999,fixed_45pct,DH_PINN,5.557777769706256,4.6185802406164244e-05,-66.64334223029374,-0.0005528120213020388,0.6539050906453384,0.480596073988914,-17.33090166564244,False
2025-07-18,calm,BTC-25JUL25-106000-P,P,0.019268694634703196,0.12763339415177855,120212.53,120430.45968115849,0.001,120.21253,fixed_45pct,DH_PINN,70.78941570879614,0.0005888688617467425,-49.42311429120386,-0.0004103871597106938,0.5155142968109905,0.47055726768130046,-4.495702912969001,False
2025-07-18,calm,BTC-25JUL25-107000-P,P,0.019190079369609335,0.11267057929076348,119544.44,119761.15852088523,0.0014,167.362216,fixed_45pct,DH_PINN,122.15442453819796,0.0010218327555693762,-45.20779146180203,-0.0003774829170003245,0.4978023382183655,0.4679290871417573,-2.987325107660821,False
2025-07-18,calm,BTC-25JUL25-111000-P,P,0.019195064656265855,0.07783890141761612,119768.16,119985.28409614656,0.0023,275.466768,fixed_45pct,DH_PINN,398.98900893169866,0.003331344565464633,123.52224093169866,0.001029478255289356,0.41749400562973726,0.4614025820422922,4.390857641255491,False
2025-07-18,calm,BTC-25JUL25-113000-P,P,0.019200617357940132,0.06066946051775561,119850.61,120067.8835672725,0.0035,419.47713500000003,fixed_45pct,DH_PINN,669.5959636379505,0.005586921615484064,250.11882863795046,0.002083145144286749,0.3919309043994135,0.4581296688901233,6.619876449070977,False
2025-07-18,calm,BTC-25JUL25-114000-P,P,0.01918759113394216,0.04959913635940195,119580.09,119796.87314969832,0.005,597.90045,fixed_45pct,DH_PINN,910.8028548160734,0.007616676445184757,312.9024048160734,0.0026119413352723333,0.38639159659810096,0.45608903589540845,6.969743929730749,False
2025-07-18,calm,BTC-25JUL25-116000-P,P,0.019190665556823947,0.03229678580475582,119590.78,119807.5825292779,0.008,956.72624,fixed_45pct,DH_PINN,1429.9609162113206,0.011957116729327467,473.2346762113207,0.003949955972909096,0.3675013259597831,0.4530342672898629,8.553294133007983,False
2025-07-18,calm,BTC-25JUL25-117000-P,P,0.01917980590436327,0.022701248449335163,119469.84,119686.42328078825,0.0105,1254.43332,fixed_45pct,DH_PINN,1800.1040338981363,0.015067434876435228,545.6707138981362,0.004559169694777953,0.36072202278982674,0.4513920726735058,9.067004988367906,False
2025-07-18,calm,BTC-25JUL25-118000-P,P,0.01919117354769153,0.01536547880641431,119610.29,119827.12789837028,0.013,1554.9337699999999,fixed_45pct,DH_PINN,2133.528653182613,0.01783733367072861,578.5948831826133,0.004828580083078855,0.3586393404255669,0.45013675557015304,9.149741514458615,False
2025-07-18,calm,BTC-25JUL25-119000-P,P,0.019178217751141553,0.005572465666396692,119448.43,119664.974467243,0.017,2030.62331,fixed_45pct,DH_PINN,2635.4754567694577,0.022063709475038374,604.8521467694577,0.005054546240136703,0.35620204478953377,0.44844819878380976,9.224615399427599,False
2025-07-18,calm,BTC-25JUL25-120000-C,C,0.01918281919076611,-0.0016784364709748914,119581.97,119798.7565578938,0.0195,2331.848415,fixed_45pct,DH_PINN,2862.5537123923054,0.023938004302758227,530.7052973923055,0.004429973337292842,0.36700707554509615,0.4471818619431127,8.017478639801656,False
2025-07-18,calm,BTC-25JUL25-120000-P,P,0.01923264481861999,0.0003823750085032469,119828.66,120045.89377477748,0.02,2396.5732000000003,fixed_45pct,DH_PINN,2948.4429001167086,0.02460549003983445,551.8697001167084,0.00459715599395754,0.36439226951921255,0.4475352321859544,8.314296266674187,False
2025-07-18,calm,BTC-25JUL25-122000-C,C,0.019189183250887875,-0.01819954324038362,119582.95,119799.73833450633,0.013,1554.57835,fixed_45pct,DH_PINN,1996.6651075858779,0.016696904597067373,442.0867575858779,0.0036902147177607157,0.37457440557739485,0.4442937005273414,6.971929494994655,False
2025-07-18,calm,BTC-25JUL25-123000-C,C,0.019189168410705226,-0.02636285387954464,119582.95,119799.73833450633,0.0105,1255.620975,fixed_45pct,DH_PINN,1640.6207352012368,0.013719520510250306,384.99976020123677,0.003213694500118486,0.37891150283384417,0.4428651589415892,6.3953656107745,False
2025-07-18,calm,BTC-25JUL25-124000-C,C,0.019200528190005072,-0.03222220044697387,119850.86,120068.13402048998,0.009,1078.6577399999999,fixed_45pct,DH_PINN,1417.5937601791645,0.011827981544555997,338.93602017916464,0.002822864059179301,0.3828677205678046,0.4418440796186581,5.897635905085352,False
2025-07-18,calm,BTC-25JUL25-125000-C,C,0.01919232692795535,-0.041884474334166366,119655.65,119872.57013015043,0.0065,777.761725,fixed_45pct,DH_PINN,1090.308345394222,0.009112050667011729,312.54662039422203,0.0026073239278583725,0.3794510127716885,0.4401964053139727,6.074539254228418,False
2025-07-18,calm,BTC-25JUL25-126000-C,C,0.01925509284627093,-0.04688019037768975,120011.85,120229.41587442043,0.006,720.0711,fixed_45pct,DH_PINN,952.1875519529532,0.007934112772638311,232.11645195295318,0.0019306128227005502,0.391898176342931,0.43936096175233463,4.746278540940363,False
2025-07-18,calm,BTC-25JUL25-127000-C,C,0.019210969875697613,-0.05632849095157381,119826.8,120044.0304028394,0.0047,563.18596,fixed_45pct,DH_PINN,714.1735548076676,0.005960048626915412,150.98759480766762,0.0012577684562988173,0.40248376194094754,0.43782475984199054,3.5340997901043005,False
2025-07-18,calm,BTC-25JUL25-128000-C,C,0.019238515442668695,-0.06441004083090163,119798.24,120015.41862727412,0.0038,455.233312,fixed_45pct,DH_PINN,552.7644290506082,0.004614128129516829,97.5311170506082,0.0008126548918977295,0.4105752237370853,0.43653356563296464,2.595834189587931,False
2025-07-18,calm,BTC-25JUL25-129000-C,C,0.01925860197869102,-0.069754967592972,120090.57,120308.27858354153,0.0033,396.298881,fixed_45pct,DH_PINN,464.1943608549594,0.0038653689532405365,67.89547985495943,0.0005643458675856052,0.4159192395583066,0.4356909970421387,1.9771757483832086,False
2025-07-18,calm,BTC-25JUL25-130000-C,C,0.01927477495560629,-0.07488998468862573,120401.65,120619.92253112014,0.0028,337.12462,fixed_45pct,DH_PINN,390.10603175813907,0.003240038917723628,52.981411758139075,0.0004392426279702657,0.41787492885677474,0.4348902248658334,1.7015296009058656,False
2025-07-18,calm,BTC-25JUL25-135000-C,C,0.019235712836123794,-0.11799526947595261,119757.43,119974.53464405217,0.001,119.75743,fixed_45pct,DH_PINN,66.81646683280653,0.0005579317027161198,-52.94096316719347,-0.0004412683351868126,0.4731571603836658,0.4285758716244249,-4.458128875924089,False
2025-07-18,calm,BTC-25JUL25-140000-C,C,0.019189240804160325,-0.1558585526071363,119578.45,119795.23017659163,0.0004,47.83138,fixed_45pct,DH_PINN,9.308905959731089,7.784768877444965e-05,-38.52247404026892,-0.0003215693478236359,0.5160631864578026,0.42369773979614317,-9.23654466616594,False
2025-07-18,calm,BTC-25JUL25-85000-P,P,0.019207643899036023,0.34537431609896285,119846.81,120064.07667836675,0.0002,23.969362,fixed_45pct,DH_PINN,0.0006957993744790081,5.8057396311091475e-09,-23.96866620062552,-0.0001996322868898905,0.9798079943003593,0.5099522372959296,-46.98557570044296,False
2025-07-18,calm,BTC-25JUL25-86000-P,P,0.019182725646879756,0.33146525743545946,119581.88,119798.66639473551,0.0003,35.874564,fixed_45pct,DH_PINN,0.0016559609812681296,1.3847925632780898e-08,-35.87290803901873,-0.0002994433003187016,0.990066870561742,0.5071431435169277,-48.29237270448144,False
2025-07-18,calm,BTC-25JUL25-94000-P,P,0.019192740360223236,0.2431411665280576,119656.45,119873.37158044637,0.0004,47.86258,fixed_45pct,DH_PINN,0.3069847787961269,2.565551449973043e-06,-47.55559522120387,-0.0003967152553917245,0.7786115257603194,0.49037529515587736,-28.82362306044421,False
2025-07-18,calm,BTC-25JUL25-95000-P,P,0.019255817858954843,0.23583907788660954,120049.57,120267.20425587428,0.0005,60.024785,fixed_45pct,DH_PINN,0.4677766363765935,3.896529045265164e-06,-59.55700836362341,-0.0004952057273811155,0.780129530838739,0.48904827565869047,-29.108125518004858,False
2025-09-05,calm,BTC-12SEP25-100000-P,P,0.019275685216894975,0.11675600700641818,112227.1,112384.51858838873,0.0016,179.56336000000002,fixed_45pct,DH_PINN,99.80370223406926,0.0008893012671098982,-79.75965776593075,-0.0007097032470998306,0.5255088756426358,0.46863718035182333,-5.687169529081249,False
2025-09-05,calm,BTC-12SEP25-102000-P,P,0.019195142472095385,0.10350736164550486,112965.05,113123.5036953041,0.0019,214.633595,fixed_45pct,DH_PINN,160.33311055503682,0.0014193160677133045,-54.30048444496319,-0.0004800106314883993,0.4967586039220706,0.4662570066209931,-3.0501597301077488,False
2025-09-05,calm,BTC-12SEP25-104000-P,P,0.019209982813292746,0.08235511320561285,112769.32,112927.4991489574,0.0028,315.754096,fixed_45pct,DH_PINN,325.9477309291733,0.0028903936897834736,10.1936349291733,9.026707406074184e-05,0.4583493058356503,0.4622649208248493,0.3915614989199012,False
2025-09-05,calm,BTC-12SEP25-105000-P,P,0.01925216444698123,0.07194971326983772,112675.09,112833.13697452194,0.0038,428.165342,fixed_45pct,DH_PINN,452.2333408003,0.0040136053212852995,24.067998800300018,0.0002133061212836318,0.45263810050821507,0.4602581691188192,0.7620068610604158,False
2025-09-05,calm,BTC-12SEP25-106000-P,P,0.019179347095383055,0.06500921204622485,112961.45,113119.89864565994,0.004,451.8458,fixed_45pct,DH_PINN,554.9560270817354,0.0049127912848297844,103.11022708173545,0.0009115127251370771,0.4291267661505638,0.45895346117183905,2.9826695021275276,False
2025-09-05,calm,BTC-12SEP25-107000-P,P,0.01918688444951801,0.05595607856341437,112999.48,113157.98198953959,0.005,564.9974,fixed_45pct,DH_PINN,721.1936670826329,0.006382274211196662,156.19626708263297,0.0013803380401134395,0.4178744530524224,0.45725417265100615,3.9379719598583773,False
2025-09-05,calm,BTC-12SEP25-108000-P,P,0.019204940417300864,0.044791236090479566,112789.22,112947.42706226808,0.007,789.52454,fixed_45pct,DH_PINN,978.4717075462852,0.00867522363880418,188.9471675462852,0.0016728771293047548,0.41439105455733094,0.45522063936278634,4.08295848054554,False
2025-09-05,calm,BTC-12SEP25-109000-P,P,0.019197004185692545,0.03633163622762885,112874.64,113032.96687910215,0.0085,959.4344400000001,fixed_45pct,DH_PINN,1219.5026288793488,0.010804044459227943,260.06818887934867,0.0023008171514909675,0.40254660769347256,0.4537321019184144,5.118549422494184,False
2025-09-05,calm,BTC-12SEP25-110000-P,P,0.019222295630390664,0.02684684142457117,112834.88,112993.15110858796,0.011,1241.1836799999999,fixed_45pct,DH_PINN,1542.785320929043,0.013672946884235114,301.60164092904324,0.002669202849641745,0.3977868463769885,0.4520930414633668,5.43061950863783,False
2025-09-05,calm,BTC-12SEP25-112000-P,P,0.019250421296296297,0.008054871698252968,112747.64,112905.78873887823,0.0175,1973.0837000000001,fixed_45pct,DH_PINN,2363.936302582224,0.020966614490398414,390.8526025822239,0.003461758754337782,0.38543351593403946,0.4488683756097503,6.343485967571083,False
2025-09-05,calm,BTC-12SEP25-113000-P,P,0.019180962233637747,0.0010180827002609586,112956.66,113115.10192682788,0.02,2259.1332,fixed_45pct,DH_PINN,2738.6983209719906,0.024245567467841123,479.5651209719904,0.004239620641302276,0.3708381702182614,0.44765358886577034,7.681541864750896,False
2025-09-05,calm,BTC-12SEP25-114000-C,C,0.019181771530948754,-0.00794589188427329,112939.34,113097.75763242882,0.017,1919.9687800000002,fixed_45pct,DH_PINN,2370.2337825362442,0.020986786203427824,450.2650025362441,0.003981201855474617,0.37357584871101807,0.4460859437495584,7.251009503854034,False
2025-09-05,calm,BTC-12SEP25-115000-C,C,0.01919768864155251,-0.017444877063790443,112852.94,113011.2364409694,0.0135,1523.51469,fixed_45pct,DH_PINN,1917.4124933567457,0.01699036368354024,393.8978033567457,0.003485474681648098,0.3788773380532097,0.4444247022180292,6.554736416481949,False
2025-09-05,calm,BTC-12SEP25-116000-C,C,0.019178238362506345,-0.02504274099406845,112972.65,113131.11435566394,0.01,1129.7265,fixed_45pct,DH_PINN,1599.9406165212483,0.014162194270217157,470.21411652124834,0.004156364225698153,0.36077478358399184,0.4430971266223733,8.232234303838148,False
2025-09-05,calm,BTC-12SEP25-119000-C,C,0.019188439022070014,-0.051199131203636346,112902.28,113060.64564914774,0.0045,508.06025999999997,fixed_45pct,DH_PINN,785.2501514399586,0.0069551310340230385,277.1898914399586,0.002451692097178892,0.37303527910302875,0.43865676908717205,6.5621489984143295,False
2025-09-05,calm,BTC-12SEP25-120000-C,C,0.019187111777016742,-0.058724883100107615,112997.44,113155.93912807459,0.0034,384.19129599999997,fixed_45pct,DH_PINN,623.4566785827062,0.00551744073655745,239.26538258270625,0.0021144748073001784,0.3730510627690631,0.4374411219375865,6.4390059168523415,False
2025-09-05,calm,BTC-12SEP25-122000-C,C,0.01923779585235921,-0.07738162734177031,112757.3,112915.46228875667,0.002,225.5146,fixed_45pct,DH_PINN,333.0477172796145,0.0029536687849000863,107.53311727961452,0.000952332967513537,0.3933909208226637,0.43450604795090414,4.1115127128240445,False
2025-09-05,calm,BTC-12SEP25-124000-C,C,0.019192682775240996,-0.09210675296422283,112930.56,113088.96531690784,0.0012,135.51667199999997,fixed_45pct,DH_PINN,190.41107484683124,0.0016860898843221112,54.89440284683127,0.0004854090113301625,0.40242394743262055,0.43227647472517433,2.985252729255378,False
2025-09-05,calm,BTC-12SEP25-125000-C,C,0.01919271229705733,-0.10012918420998515,112931.66,113090.06685985466,0.001,112.93166000000001,fixed_45pct,DH_PINN,137.42050578151745,0.0012168465936081825,24.48884578151744,0.00021654285351042292,0.41505687105427264,0.43109813607623854,1.60412650219659,False
2025-09-05,calm,BTC-12SEP25-130000-C,C,0.019281410736935567,-0.14533875104151395,112257.35,112414.81101942631,0.0005,56.128675,fixed_45pct,DH_PINN,16.028157584292565,0.00014278047347717154,-40.100517415707436,-0.00035671916406795987,0.5011446594528879,0.42499135987507575,-7.6153299577812135,False
2025-09-05,calm,BTC-12SEP25-135000-C,C,0.019249690639269405,-0.17892833399578545,112724.27,112882.38595827167,0.0003,33.817281,fixed_45pct,DH_PINN,2.1984949274954904,1.950329709383339e-05,-31.618786072504513,-0.00028010380719798724,0.5579418995799535,0.42099186205911376,-13.695003752083979,False
2025-09-05,calm,BTC-12SEP25-90000-P,P,0.01920613267376966,0.2271797296654179,112796.77,112954.98765249399,0.0003,33.839031,fixed_45pct,DH_PINN,0.6827383282513404,6.052818074944348e-06,-33.15629267174866,-0.00029353544594023584,0.706005887956288,0.4875407648285185,-21.846512312776955,False
2025-09-05,calm,BTC-12SEP25-95000-P,P,0.019275726788432267,0.16805660798038408,112227.92,112385.33973858545,0.0006,67.33675199999999,fixed_45pct,DH_PINN,12.288509327923173,0.00010949600890690279,-55.04824267207682,-0.0004898169351992181,0.5968142022210055,0.47742502498810335,-11.93891772329021,False
2025-09-08,calm,BTC-26SEP25-100000-P,P,0.04938004575722983,0.10918130459910476,111427.43,111536.45527338712,0.0055,612.8508649999999,fixed_45pct,DH_PINN,792.1457772399214,0.007109073387404892,179.29491223992147,0.0016075005414189604,0.4252942854232803,0.46077737806095026,3.5483092637669964,False
2025-09-08,calm,BTC-26SEP25-104000-P,P,0.04931913457635718,0.06842532088316913,111256.49,111365.3480185179,0.01,1112.5649,fixed_45pct,DH_PINN,1607.3103239716775,0.014446890459798592,494.7454239716774,0.0044425436886293464,0.3861035529890402,0.4541747478574372,6.807119486839702,False
2025-09-08,calm,BTC-26SEP25-106000-P,P,0.04936526531582953,0.0521735881247468,111568.05,111677.21286189603,0.0135,1506.1686750000001,fixed_45pct,DH_PINN,2091.9876604059173,0.018750777309506774,585.8189854059171,0.005245644750557677,0.38027621078004964,0.45166523624642485,7.138902546637521,False
2025-09-08,calm,BTC-26SEP25-108000-P,P,0.049377227676306444,0.033294376892421734,111547.18,111656.32244181224,0.0185,2063.62283,fixed_45pct,DH_PINN,2780.651002773749,0.024928025995580964,717.0281727737492,0.006421742693051851,0.36992211442854706,0.4488100469190957,7.888793249054865,False
2025-09-08,calm,BTC-26SEP25-112000-C,C,0.049381299308726534,-0.00458991904315855,111378.13,111487.10703619834,0.031,3452.72203,fixed_45pct,DH_PINN,4136.494442491422,0.03713919817554327,683.7724124914221,0.006133197198034841,0.37396101099965817,0.44314513871028616,6.9184127710627985,False
2025-09-08,calm,BTC-26SEP25-118000-C,C,0.04931762176560122,-0.05783353067919421,111260.37,111369.23181487272,0.011,1223.8640699999999,fixed_45pct,DH_PINN,1875.8592219753639,0.016860084340680908,651.995151975364,0.005854356192913004,0.3556424509683776,0.4355985321830918,7.99560812147142,False
2025-09-08,calm,BTC-26SEP25-120000-C,C,0.049414030060882796,-0.07491877410692396,111229.43,111338.26154187837,0.007,778.60601,fixed_45pct,DH_PINN,1390.3824709936114,0.012500131224205784,611.7764609936114,0.0054947549254081,0.34615162884785744,0.4332855506964801,8.713392184862268,False
2025-09-08,calm,BTC-26SEP25-122000-C,C,0.04935536621638762,-0.09114235839387955,111263.44,111372.30481868955,0.005,556.3172000000001,fixed_45pct,DH_PINN,1018.5197587031209,0.009154127885162646,462.20255870312087,0.004150067285179843,0.35351191477453564,0.43114161185493594,7.762969708040029,False
2025-09-08,calm,BTC-26SEP25-126000-C,C,0.04937431100963978,-0.12127513721247028,111500.47,111609.56673878814,0.0023,256.451081,fixed_45pct,DH_PINN,537.6986653725663,0.0048223892273509365,281.24758437256634,0.0025199236283283875,0.3565441173046886,0.42735041755479664,7.080630025010803,False
2025-09-08,calm,BTC-26SEP25-128000-C,C,0.04942443004819888,-0.1399278749614276,111177.1,111285.88034001044,0.0016,177.88336,fixed_45pct,DH_PINN,345.2612909952855,0.003105507258196926,167.37793099528548,0.0015040356466058198,0.36957412389554806,0.4251257282810005,5.555160438545243,False
2025-09-08,calm,BTC-26SEP25-132000-C,C,0.04941328982749873,-0.17054942405195644,111193.79,111302.58667020679,0.001,111.19378999999999,fixed_45pct,DH_PINN,154.20989202899264,0.0013868570540584385,43.01610202899265,0.00038647890687797554,0.3985993109086635,0.4216436046438515,2.304429373518796,False
2025-09-08,calm,BTC-26SEP25-98000-P,P,0.04937899334094368,0.13009839221180905,111507.06,111616.16318672067,0.0039,434.87753399999997,fixed_45pct,DH_PINN,532.7281663927414,0.004777528583326844,97.85063239274143,0.0008766708118164648,0.43977989698811876,0.46423536569429913,2.4455468706180374,False
2023-08-18,shock,BTC-29SEP23-20000-P,P,0.11510144216133943,0.2871070664283846,26449.57,26651.33758029029,0.0043,113.73315099999999,fixed_45pct,DH_numerical,56.194475843448224,0.0021245893919427886,-57.53867515655177,-0.002158941365821124,0.5484839080351033,0.47610787867657717,-7.23760293585261,False
2023-08-18,shock,BTC-29SEP23-21000-P,P,0.1151080652270421,0.23844619656927588,26452.99,26654.78366937698,0.006,158.71794000000003,fixed_45pct,DH_numerical,110.75245630041893,0.004186765136962548,-47.9654836995811,-0.0017995075215968628,0.5113087489522226,0.4692935634157823,-4.201518553644023,False
2023-08-18,shock,BTC-29SEP23-22000-P,P,0.11508866482749873,0.19177193316603847,26448.91,26650.67254555426,0.008,211.59128,fixed_45pct,DH_numerical,203.77235826690705,0.007704376409723768,-7.818921733092964,-0.0002933855316306935,0.4678883768741148,0.46288350474850554,-0.5004872125609239,False
2023-08-18,shock,BTC-29SEP23-23000-P,P,0.1151080652270421,0.14747441836354905,26452.99,26654.78366937698,0.0122,322.72647800000004,fixed_45pct,DH_numerical,349.9437555000925,0.013228892291574316,27.21727750009245,0.0010211029223756824,0.44396277363583636,0.4569384598803384,1.2975686244502016,False
2023-08-18,shock,BTC-29SEP23-24000-P,P,0.1150805249873161,0.10467548288950165,26446.66,26648.405381681438,0.018,476.03988,fixed_45pct,DH_numerical,567.8476139566683,0.021471430190302603,91.8077339566683,0.003445149255338876,0.4167239773242909,0.4513651799090772,3.4641202584786313,False
2023-08-18,shock,BTC-29SEP23-25000-P,P,0.11510698779173009,0.06427651469221499,26457.85,26659.68074334227,0.0278,735.5282299999999,fixed_45pct,DH_numerical,866.9514548313238,0.03276726774213792,131.42322483132386,0.004929662365298362,0.4046273824005224,0.4462760298267445,4.164864742622215,False
2023-08-18,shock,BTC-29SEP23-26000-P,P,0.11507396305809234,0.024152448009356446,26433.96,26635.60850115485,0.042,1110.22632,fixed_45pct,DH_numerical,1273.2593980152308,0.048167561652330215,163.03307801523079,0.006120869286998347,0.39485703531772953,0.44142291685939605,4.656588154166652,False
2023-08-18,shock,BTC-29SEP23-27000-C,C,0.11507217018645358,-0.013867105272662581,26426.58,26628.172203651997,0.0465,1228.83597,fixed_45pct,DH_numerical,1405.4037941188346,0.05318144815253561,176.56782411883455,0.006630865339477512,0.38800458880470867,0.4370239957872219,4.901940698251322,False
2023-08-18,shock,BTC-29SEP23-28000-C,C,0.1151045541920345,-0.04875362705166406,26465.75,26667.641007606842,0.034,899.8355,fixed_45pct,DH_numerical,1022.087577883945,0.03861925612854142,122.25207788394493,0.004584285421011667,0.3979936201371984,0.4331752930962769,3.518167295907848,False
2023-08-18,shock,BTC-29SEP23-29000-C,C,0.11508392941400304,-0.08438730412713888,26451.4,26653.181540240184,0.024,634.8336,fixed_45pct,DH_numerical,705.5304548235295,0.02667270748707174,70.6968548235294,0.0026524733910956704,0.4069620583844821,0.42944633063844384,2.248427225396177,False
2023-08-18,shock,BTC-29SEP23-30000-C,C,0.11510564437468289,-0.117722316633254,26466.39,26668.28588977511,0.018,476.39501999999993,fixed_45pct,DH_numerical,478.62908524380333,0.018084411407970763,2.2340652438034,8.377235991233928e-05,0.42533302751131896,0.4261485795773986,0.08155520660796389,False
2023-08-18,shock,BTC-29SEP23-35000-C,C,0.11513173560375443,-0.2718442812073834,26467.15,26669.051687349933,0.005,132.33575000000002,fixed_45pct,DH_numerical,42.83449372299105,0.0016184021975539885,-89.50125627700896,-0.0033559969558071144,0.5109468815715087,0.41343214135203027,-9.751474021947843,False
2023-10-23,shock,BTC-29DEC23-24000-P,P,0.18356287943937089,0.25144657504154105,30522.92,30861.220798051287,0.0155,473.10526,fixed_45pct,DH_numerical,259.1543784368374,0.008490484476479886,-213.95088156316257,-0.006932677192623318,0.5521860776927368,0.46145719288545384,-9.072888480728292,False
2023-10-23,shock,BTC-29DEC23-25000-P,P,0.18357180704591577,0.21039718454822928,30515.98,30854.20387855805,0.02,610.3196,fixed_45pct,DH_numerical,390.67982438508903,0.01280246691684452,-219.639775614911,-0.007118633703187149,0.5330994370865297,0.45683636966992314,-7.62630674166066,False
2023-10-23,shock,BTC-29DEC23-27000-P,P,0.18361817858954846,0.13991563467163953,30714.35,31054.772512545544,0.0335,1028.930725,fixed_45pct,DH_numerical,758.6677721572562,0.024700759487251277,-270.26295284274374,-0.008702783210972245,0.5181947188177624,0.4491874120112052,-6.900730680655714,False
2023-10-23,shock,BTC-29DEC23-30000-P,P,0.18359523684043633,0.03561042024272565,30746.78,31087.561950465664,0.071,2183.0213799999997,fixed_45pct,DH_numerical,1784.149646456009,0.05802720305853195,-398.8717335439908,-0.01283058910118283,0.5166893101865667,0.4387000928999062,-7.798921728666053,False
2023-10-23,shock,BTC-29DEC23-32000-C,C,0.18366562347792997,-0.03032499462871697,30703.86,31044.166246625653,0.08,2456.3088000000002,fixed_45pct,DH_numerical,1881.5721728665633,0.061281290784499516,-574.736627133437,-0.018513514667056263,0.5410665196592633,0.43267451278830166,-10.839200687096168,False
2023-10-23,shock,BTC-29DEC23-33000-C,C,0.18358757883054286,-0.05990858371648203,30740.36,31081.07079439267,0.0685,2105.71466,fixed_45pct,DH_numerical,1515.8463911666408,0.04931127648364043,-589.8682688333593,-0.018978376669692387,0.5431116378172971,0.430143719534811,-11.296791828248608,False
2023-10-23,shock,BTC-29DEC23-34000-C,C,0.18358160708396754,-0.09095971294653507,30703.55,31043.852810740507,0.059,1811.5094499999998,fixed_45pct,DH_numerical,1181.311659829437,0.038474758125019326,-630.1977901705627,-0.02030024410992336,0.5531122867754044,0.4276037022827906,-12.550858449261376,False
2023-10-23,shock,BTC-29DEC23-35000-C,C,0.1836686566780822,-0.12070999318483927,30680.14,31020.183345994592,0.0525,1610.70735,fixed_45pct,DH_numerical,912.1196158539642,0.029729969154442065,-698.5877341460357,-0.0225204256968468,0.572039058687328,0.4252861502312876,-14.675290845604039,False
2023-10-23,shock,BTC-29DEC23-36000-C,C,0.1835759743150685,-0.15049037118516015,30630.8,30970.29648608159,0.044,1347.7551999999998,fixed_45pct,DH_numerical,687.9867122631198,0.02246061847105266,-659.76848773688,-0.021303266761859632,0.572895930588261,0.4230827572535315,-14.981317333472955,False
2023-10-23,shock,BTC-29DEC23-37000-C,C,0.183654147260274,-0.17732601895184827,30648.06,30987.74778729964,0.039,1195.27434,fixed_45pct,DH_numerical,525.1743916450703,0.01713564877010389,-670.0999483549297,-0.021624674143939263,0.5855971385122246,0.42119788309001993,-16.439925542220468,False
2023-10-23,shock,BTC-29DEC23-38000-C,C,0.18358899429223746,-0.20103240042623854,30738.97,31079.665388327023,0.034,1045.12498,fixed_45pct,DH_numerical,407.9100861589799,0.013270128639931001,-637.2148938410202,-0.020502630445961845,0.5892757699406612,0.4196108161585996,-16.966495378206165,False
2023-10-23,shock,BTC-29DEC23-39000-C,C,0.18357936485286655,-0.228945416295037,30679.47,31019.505920049283,0.0295,905.044365,fixed_45pct,DH_numerical,295.68318426083755,0.00963781917552153,-609.3611807391624,-0.019644451536712106,0.5989930988513675,0.4178376736852188,-18.115542516614873,False
2023-10-23,shock,BTC-29DEC23-40000-C,C,0.18358892830416032,-0.2523221163008076,30739.08,31079.776607512074,0.0265,814.5856200000001,fixed_45pct,DH_numerical,222.97307829832332,0.007253732977640297,-591.6125417016767,-0.019035289383601366,0.6097890723353685,0.41643159706556954,-19.335747526979898,False
2023-10-26,shock,BTC-24NOV23-29000-P,P,0.07947974651192288,0.18822759263631017,34693.83,35006.13817785115,0.0105,364.28521500000005,fixed_45pct,DH_numerical,145.0979339294071,0.004182240298329908,-219.18728107059295,-0.006261395643158252,0.6023579504072346,0.4679954184904974,-13.43625319167372,False
2023-10-26,shock,BTC-24NOV23-30000-P,P,0.07945303063165907,0.1533037230536002,34658.38,34970.36906275475,0.0144,499.08067199999994,fixed_45pct,DH_numerical,248.90310608496281,0.007181613972867827,-250.17756591503712,-0.00715398700728867,0.5817328944373886,0.4627362868186966,-11.899660761869201,False
2023-10-26,shock,BTC-24NOV23-31000-P,P,0.0795225078957382,0.12252552996388377,34728.17,35040.787300909265,0.0195,677.199315,fixed_45pct,DH_numerical,390.5892264782394,0.011247043149070032,-286.61008852176053,-0.008179327880407624,0.5693477656468494,0.4581691414254167,-11.11786242214327,False
2023-10-26,shock,BTC-24NOV23-32000-P,P,0.07950538974505326,0.09114361353680861,34740.91,35053.64198430357,0.0265,920.6341150000001,fixed_45pct,DH_numerical,598.4373859336176,0.017225725691515207,-322.19672906638243,-0.009191533627537381,0.5589459518131343,0.45362005932501515,-10.532589248811918,False
2023-10-26,shock,BTC-24NOV23-36000-C,C,0.07948235724251648,-0.026808401457431037,34735.04,35047.71914352456,0.0535,1858.32464,fixed_45pct,DH_numerical,1312.3485826964259,0.03778169199449391,-545.9760573035742,-0.015578076709292765,0.5771273628622716,0.4376391898140199,-13.948817304825173,False
2023-10-26,shock,BTC-24NOV23-37000-C,C,0.07946918921232876,-0.055543518977004484,34688.66,35000.92163835754,0.044,1526.30104,fixed_45pct,DH_numerical,934.4315311284525,0.02693766582878821,-591.8695088715475,-0.016910112110388464,0.5921937044309735,0.4340771976166922,-15.81165068142813,False
2023-10-26,shock,BTC-24NOV23-38000-C,C,0.07946233647260273,-0.08259121274050377,34675.5,34987.643174191995,0.0365,1265.65575,fixed_45pct,DH_numerical,653.7793750360321,0.018854216234402737,-611.8763749639678,-0.01748835644394897,0.6070749872170453,0.43086143791384557,-17.621354930319978,False
2023-10-26,shock,BTC-24NOV23-40000-C,C,0.07949175386859463,-0.13257348962513577,34720.99,35033.542667724716,0.025,868.02475,fixed_45pct,DH_numerical,304.23995269590597,0.00876242159845978,-563.7847973040941,-0.016092714420899577,0.6275952578211735,0.42529092787693834,-20.23043299442352,False
2023-10-26,shock,BTC-24NOV23-42000-C,C,0.07948895608193811,-0.18074030598792323,34742.64,35055.387557480346,0.017,590.6248800000001,fixed_45pct,DH_numerical,125.74963782825972,0.003619461210439383,-464.87524217174035,-0.013261163962585896,0.6465317003135949,0.42040471186469985,-22.6126988448895,False
2023-10-26,shock,BTC-24NOV23-44000-C,C,0.07947396058472857,-0.22929880043984524,34671.89,34984.000677562995,0.0115,398.72673499999996,fixed_45pct,DH_numerical,43.931639857964285,0.001267067929033124,-354.7950951420357,-0.010141638699703767,0.6680855118004256,0.415969026361149,-25.211648543927662,False
2023-10-26,shock,BTC-24NOV23-46000-C,C,0.0794822417237443,-0.27191876802713305,34735.46,35048.1429242958,0.008,277.88368,fixed_45pct,DH_numerical,15.252278829123062,0.00043909822495867513,-262.631401170877,-0.007493446991989345,0.6846807266510474,0.4124810888815138,-27.21996377695336,False
2023-10-26,shock,BTC-24NOV23-48000-C,C,0.07952338280060882,-0.3143859739479086,34738.67,35051.38182019028,0.0055,191.062685,fixed_45pct,DH_numerical,4.643985425029212,0.00013368345492297811,-186.4186995749708,-0.005318440811585635,0.7002092643869212,0.4093749520650049,-29.083431232191632,False
2024-02-29,shock,BTC-8MAR24-49000-P,P,0.02199230590436327,0.2552934495191499,62813.96,63251.177727365415,0.0018,113.065128,fixed_45pct,DH_numerical,0.2395901065588108,3.8142811973454754e-06,-112.8255378934412,-0.0017837697565056974,0.9572479255826316,0.49216610304823444,-46.50818225343972,False
2024-02-29,shock,BTC-8MAR24-50000-P,P,0.02201515379249112,0.23797828311994992,62995.6,63434.08203593629,0.002,125.9912,fixed_45pct,DH_numerical,0.560407462003481,8.895977846127047e-06,-125.43079253799652,-0.001977340705694113,0.9197487248111971,0.4889767574336755,-43.07719673775215,False
2024-02-29,shock,BTC-8MAR24-52000-P,P,0.02194171997082699,0.19283265556829868,62623.46,63059.35174860109,0.0033,206.657418,fixed_45pct,DH_numerical,4.208543703432851,6.720394726565494e-05,-202.44887429656717,-0.003210449658659206,0.8597917233622958,0.4807228703885087,-37.906885297378714,False
2024-02-29,shock,BTC-8MAR24-53000-P,P,0.021923783136732624,0.17555044877762052,62734.15,63170.812208388095,0.0039,244.663185,fixed_45pct,DH_numerical,8.649720335929551,0.00013787897558075707,-236.01346466407045,-0.0037361157220126982,0.8301289908398336,0.4775769205155819,-35.25520703242517,False
2024-02-29,shock,BTC-8MAR24-54000-P,P,0.021936777524099442,0.1552200670788126,62631.46,63067.407432748674,0.0055,344.47303,fixed_45pct,DH_numerical,19.361916749594837,0.000309140434369482,-325.11111325040514,-0.00515497824446144,0.8244914591825504,0.47388576482391426,-35.06056943586361,False
2024-02-29,shock,BTC-8MAR24-55000-P,P,0.021980263064434298,0.13995518985585573,62824.93,63262.22408425279,0.007,439.77451,fixed_45pct,DH_numerical,34.61785353052496,0.0005510209646158771,-405.1566564694751,-0.006404401083494732,0.8178040331829347,0.4711227242941723,-34.66813088887624,False
2024-02-29,shock,BTC-8MAR24-55500-P,P,0.021966496797311007,0.1303801064013499,62791.94,63229.00445674919,0.008,502.33552000000003,fixed_45pct,DH_numerical,48.69888143479585,0.0007755594338189878,-453.6366385652042,-0.007174502310494343,0.8106736849327371,0.46940645752961,-34.1267227403127,False
2024-02-29,shock,BTC-8MAR24-56000-P,P,0.02199303697361745,0.12298714831714998,62890.96,63328.713687285905,0.009,566.01864,fixed_45pct,DH_numerical,63.31509630345572,0.0010067439947403524,-502.7035436965443,-0.00793800338625019,0.8086746569328367,0.46807822885334205,-34.059642807949466,False
2024-02-29,shock,BTC-8MAR24-56500-P,P,0.022008551401572807,0.11733047967461836,63094.57,63533.74091844708,0.009,567.8511299999999,fixed_45pct,DH_numerical,77.13241988466116,0.0012224890332822804,-490.71871011533875,-0.007723749664689713,0.7828393489877864,0.4670659756507215,-31.577337333706488,False
2024-02-29,shock,BTC-8MAR24-58500-P,P,0.02201215147767631,0.08249221828129787,63091.28,63530.42801834139,0.016,1009.46048,fixed_45pct,DH_numerical,230.77926301274147,0.003657863067808126,-778.6812169872585,-0.012256823088968508,0.7886064360043208,0.460914213055485,-32.769222294883576,False
2024-02-29,shock,BTC-8MAR24-59000-P,P,0.02194114817985794,0.06623308753596721,62604.31,63040.068454672815,0.02,1252.0862,fixed_45pct,DH_numerical,360.6473822533665,0.005760743665306215,-891.4388177466335,-0.014140828834721167,0.7839778365924199,0.4580988552378934,-32.587898135452654,False
2024-02-29,shock,BTC-8MAR24-59500-P,P,0.021938728786149164,0.05759549078129061,62591.87,63027.541865823325,0.023,1439.61301,fixed_45pct,DH_numerical,453.9977873080864,0.0072533028220452015,-985.6152226919137,-0.01563784963707054,0.791945783256986,0.4566097185460273,-33.533606471095865,False
2024-02-29,shock,BTC-8MAR24-61000-P,P,0.021981969178082192,0.03583431811360583,62788.49,63225.530442960546,0.03,1883.6546999999998,fixed_45pct,DH_numerical,782.1053588238069,0.012456189961309897,-1101.549341176193,-0.01742254012672879,0.7789008673089645,0.45289431648853873,-32.60065508204257,False
2024-02-29,shock,BTC-8MAR24-63000-P,P,0.02197476182775241,0.0014143620096400077,62653.07,63089.16784955234,0.0465,2913.3677549999998,fixed_45pct,DH_numerical,1622.7273473900614,0.02590020484854232,-1290.6404076099384,-0.02045740103416337,0.7937619643239132,0.44717493830165206,-34.658702602226114,False
2024-02-29,shock,BTC-8MAR24-64000-C,C,0.021948678779807204,-0.012177449313743727,62788.33,63225.3693292776,0.0405,2542.927365,fixed_45pct,DH_numerical,1313.8167415182681,0.020924537115707142,-1229.1106234817319,-0.01944014936600095,0.7754547093474637,0.44497445610499026,-33.04802532424735,False
2024-02-29,shock,BTC-8MAR24-64500-C,C,0.0219377195268899,-0.022623661493204078,62621.28,63057.15657467087,0.037,2316.9873599999996,fixed_45pct,DH_numerical,1047.0632131943873,0.01672056548819167,-1269.9241468056123,-0.020139254856850333,0.7920393118050524,0.44330521123038064,-34.873410057467176,False
2024-02-29,shock,BTC-8MAR24-65000-C,C,0.021954731703450026,-0.028537415661734043,62734.62,63171.285479831764,0.034,2132.97708,fixed_45pct,DH_numerical,917.3924381572047,0.014623383996861774,-1215.5846418427955,-0.01924267699492812,0.7812824091559047,0.44236699895986464,-33.89154101960401,False
2024-02-29,shock,BTC-8MAR24-66000-C,C,0.021928038115169964,-0.04575243920262514,62612.56,63048.375878950006,0.0285,1784.45796,fixed_45pct,DH_numerical,597.1704841148852,0.00953755099799282,-1187.2874758851149,-0.018831372883651318,0.7967126469085606,0.4396843903969508,-35.70282565116098,False
2024-02-29,shock,BTC-8MAR24-68000-C,C,0.021936975202942667,-0.07549313086279838,62619.59,63055.454811394695,0.0205,1283.701595,fixed_45pct,DH_numerical,251.03200449530985,0.004008841394447167,-1032.6695905046902,-0.01637716504612504,0.8168768323350389,0.4351949338512908,-38.16818984837481,False
2024-02-29,shock,BTC-8MAR24-70000-C,C,0.02193446816336885,-0.10348610645611421,62681.9,63118.198521299186,0.0145,908.88755,fixed_45pct,DH_numerical,93.91818254904273,0.0014983301806269869,-814.9693674509573,-0.0129117970180335,0.8293218975745971,0.4311589246273324,-39.81629729472647,False
2024-02-29,shock,BTC-8MAR24-72000-C,C,0.022022204654997466,-0.128176077294097,62900.47,63338.289881816345,0.011,691.90517,fixed_45pct,DH_numerical,34.553475861908794,0.0005493357340876593,-657.3516941380913,-0.010378425046913194,0.8519451234502358,0.4277573301567349,-42.41877932935009,False
2024-02-29,shock,BTC-8MAR24-74000-C,C,0.021918328608574327,-0.1593134813666806,62665.76,63101.94617853144,0.007,438.66032,fixed_45pct,DH_numerical,7.588204392674976,0.0001210901199103781,-431.07211560732503,-0.006831360072282279,0.8601658819429434,0.4237073702186069,-43.64585117243365,False
2024-02-29,shock,BTC-8MAR24-76000-C,C,0.02192382290081177,-0.18491983028202047,62732.34,63168.9896098497,0.005,313.6617,fixed_45pct,DH_numerical,1.8348462955958662,2.9248810033164177e-05,-311.82685370440413,-0.0049363913469304905,0.8778789151018811,0.420571257632872,-45.73076574690091,False
2025-10-12,shock,BTC-31OCT25-100000-P,P,0.052087223205225776,0.1134745804005474,111825.67,112016.34144251612,0.0085,950.5181950000001,fixed_45pct,DH_numerical,796.1376921060358,0.007119453807931898,-154.38050289396426,-0.0013781962605267583,0.48872009961768237,0.4609531423735967,-2.776695724408568,False
2025-10-12,shock,BTC-31OCT25-102000-P,P,0.05206753513444952,0.09287038477879103,111736.07,111926.58866756519,0.011,1229.09677,fixed_45pct,DH_numerical,1141.9165101838494,0.010219766188159734,-87.18025981615074,-0.0007789057171668666,0.47085764521211426,0.4576758936966434,-1.3181751515470852,False
2025-10-12,shock,BTC-31OCT25-105000-P,P,0.052167198598427195,0.06416919607088947,111768.07,111958.64323004766,0.018,2011.82526,fixed_45pct,DH_numerical,1830.8756280099544,0.016381025708057356,-180.94963199004565,-0.0016162185139939429,0.4752016721346993,0.4531712718014741,-2.203040033322523,False
2025-10-12,shock,BTC-31OCT25-106000-P,P,0.05212723709411467,0.0556293671335694,111873.06,112063.81224614252,0.0185,2069.65161,fixed_45pct,DH_numerical,2089.537002342484,0.018677749606048892,19.88539234248401,0.00017744704507113097,0.4495389238843547,0.4518602958840077,0.23213719996530435,False
2025-10-12,shock,BTC-31OCT25-108000-P,P,0.05205597605910705,0.034558320853792596,111607.24,111797.53900242086,0.026,2901.78824,fixed_45pct,DH_numerical,2840.3200197901774,0.025449245226296942,-61.46822020982245,-0.0005498172925657282,0.4551726300251792,0.4486631107661439,-0.6509519259035312,False
2025-10-12,shock,BTC-31OCT25-111000-P,P,0.05206324790715373,0.0072700860374546785,111619.6,111809.92007717972,0.036,4018.3055999999997,fixed_45pct,DH_numerical,4113.423904122899,0.036852164889704844,95.11830412289964,0.0008507143557319578,0.4351913599212449,0.44460750228580714,0.941614236456223,False
2025-10-12,shock,BTC-31OCT25-112000-C,C,0.052089843924403856,-0.0008084556238861046,111719.0,111909.48956189092,0.0405,4524.6195,fixed_45pct,DH_numerical,4473.097456998931,0.04003882470304005,-51.522043001068596,-0.00046039029578965793,0.44848841053097815,0.4434273666073346,-0.5061043923643538,False
2025-10-12,shock,BTC-31OCT25-113000-C,C,0.052057037734652464,-0.010467040071485245,111633.05,111823.39301047313,0.035,3907.1567500000006,fixed_45pct,DH_numerical,3957.019123816458,0.03544666318636334,49.86237381645742,0.0004459028873483335,0.43713131704674374,0.4420373312864129,0.49060142396691875,False
2025-10-12,shock,BTC-31OCT25-115000-C,C,0.0520629525304414,-0.028232993239539463,111608.31,111798.61082685385,0.0275,3069.228525,fixed_45pct,DH_numerical,3112.691970135381,0.02788942839592662,43.46344513538088,0.0003887655205545812,0.43512869546390387,0.4395171028826044,0.43884074187005573,False
2025-10-12,shock,BTC-31OCT25-116000-C,C,0.05213238051750381,-0.03598293395140361,111709.71,111900.18372172024,0.0255,2848.597605,fixed_45pct,DH_numerical,2789.3667705236,0.024969778997041524,-59.230834476400105,-0.0005293184738972255,0.44452122497236785,0.43843057641572525,-0.6090648556642597,False
2025-10-12,shock,BTC-31OCT25-118000-C,C,0.05209595364028412,-0.05305910585990082,111711.75,111902.22720007849,0.02,2234.235,fixed_45pct,DH_numerical,2146.4762226947446,0.019214417665954966,-87.75877730525553,-0.0007842451352495867,0.44574283688648125,0.436092658496722,-0.9650178389759234,False
2025-10-12,shock,BTC-31OCT25-120000-C,C,0.05207246603881279,-0.06986622417628213,111711.75,111902.22720007849,0.0155,1731.532125,fixed_45pct,DH_numerical,1622.2349531737802,0.01452161436172811,-109.29717182621971,-0.0009767202544664192,0.4470561834800484,0.4338468958091949,-1.3209287670853498,False
2025-10-12,shock,BTC-31OCT25-123000-C,C,0.05207276721841705,-0.09460592334294181,111706.49,111896.95823137043,0.011,1228.7713899999999,fixed_45pct,DH_numerical,1029.9393487752832,0.00922004933442348,-198.8320412247167,-0.001776920877630916,0.4594238642134572,0.43064603792528056,-2.8777826288176653,False
2025-10-12,shock,BTC-31OCT25-124000-C,C,0.052168613330796546,-0.1020268572931283,111782.06,111972.65708408297,0.011,1229.60266,fixed_45pct,DH_numerical,892.4749931400296,0.007984062855345747,-337.1276668599704,-0.003010803491130992,0.4806490517167141,0.4297072974778354,-5.0941754238878705,False
2025-10-12,shock,BTC-31OCT25-126000-C,C,0.05207268112633181,-0.11867026343721723,111710.2,111900.67455720824,0.008,893.6816,fixed_45pct,DH_numerical,628.5418457516071,0.005626539436431114,-265.13975424839293,-0.0023694205177721473,0.47538461271102495,0.42766071800621686,-4.7723894704808085,False
2025-10-12,shock,BTC-31OCT25-128000-C,C,0.05207257940131913,-0.13441423406529657,111710.69,111901.16539269626,0.0065,726.1194849999999,fixed_45pct,DH_numerical,441.81604549866825,0.003955002386062321,-284.3034395013317,-0.0025406655820216155,0.48607414142306615,0.42577841551909,-6.029572590397613,False
2025-10-12,shock,BTC-31OCT25-130000-C,C,0.05213990093860984,-0.15017151703875645,111682.42,111872.84719015313,0.006,670.09452,fixed_45pct,DH_numerical,303.82838638387943,0.0027204674324202453,-366.26613361612056,-0.0032739502284550664,0.5135610270361453,0.4239503852157141,-8.961064182043115,False
2025-10-12,shock,BTC-31OCT25-132000-C,C,0.052088215468036526,-0.1647417187802167,111760.32,111950.88001569644,0.0047,525.273504,fixed_45pct,DH_numerical,209.3233417819144,0.0018729665571994996,-315.9501622180856,-0.002822221336480667,0.5159270086206769,0.4223147475665227,-9.361226105415415,False
2025-10-12,shock,BTC-31OCT25-134000-C,C,0.052096086250634194,-0.18016361651696475,111717.41,111907.89685081757,0.0039,435.697899,fixed_45pct,DH_numerical,137.97932450748561,0.0012350745018836868,-297.7185744925144,-0.002660389327925604,0.5276646781603831,0.4206370868779123,-10.70275912824708,False
2025-10-12,shock,BTC-31OCT25-135000-C,C,0.05209434655631659,-0.18773779517307265,111701.86,111892.32033686124,0.0034,379.786324,fixed_45pct,DH_numerical,111.37170950980283,0.000997044359957863,-268.41461449019715,-0.0023988653884566193,0.5280995741219837,0.41983404281335723,-10.82655313086265,False
2025-10-12,shock,BTC-31OCT25-138000-C,C,0.052096085299340435,-0.20958009756195858,111717.12,111907.60635634507,0.0027,301.636224,fixed_45pct,DH_numerical,58.02529581519126,0.0005193948413205716,-243.61092818480876,-0.002176893386577169,0.5481676435365285,0.41759536963265625,-13.057227390387222,False
2025-10-12,shock,BTC-31OCT25-140000-C,C,0.05209608476027397,-0.22396883501405812,111717.12,111907.60635634507,0.0023,256.949376,fixed_45pct,DH_numerical,36.67443072899019,0.00032827941437257055,-220.27494527100978,-0.0019683643716727605,0.5600116814821122,0.4161833483975022,-14.382833308461002,False
2025-10-12,shock,BTC-31OCT25-150000-C,C,0.05207591168822932,-0.2926455113224503,111752.45,111942.99659673589,0.0011,122.927695,fixed_45pct,DH_numerical,2.9369280950632652,2.6280659574472553e-05,-119.99076690493673,-0.0010718916819530229,0.6154764236351105,0.4101229112311381,-20.535351240397237,False
2025-10-12,shock,BTC-31OCT25-155000-C,C,0.052124018518518514,-0.3236951423764416,111947.09,112137.9684730356,0.0009,100.752381,fixed_45pct,DH_numerical,0.784937922347442,7.011686702597111e-06,-99.96744307765256,-0.0008914682907037902,0.6501225753991589,0.4077442577037725,-24.237831769538637,False
2025-10-12,shock,BTC-31OCT25-160000-C,C,0.05206415553652968,-0.3582725650505931,111630.87,111821.20929340401,0.0006,66.978522,fixed_45pct,DH_numerical,0.1534747901761818,1.3748418352036655e-06,-66.82504720982382,-0.0005976061932444656,0.6716254835480686,0.4053426843161039,-26.628279923196473,False
2025-10-12,shock,BTC-31OCT25-80000-P,P,0.05205744758371385,0.3348851860062355,111632.05,111822.39130539555,0.0005,55.816025,fixed_45pct,DH_numerical,4.917449745370124,4.405051905228045e-05,-50.898575254629876,-0.0004551733750320359,0.6468596191809027,0.49784935915912626,-14.901026002177648,False
2025-10-12,shock,BTC-31OCT25-85000-P,P,0.052081540969051245,0.2746565190074033,111676.26,111866.67668687525,0.001,111.67626,fixed_45pct,DH_numerical,23.976555276642273,0.0002146969756745281,-87.69970472335773,-0.0007839663009641109,0.60023165695229,0.4876494694754673,-11.25821874768227,False
2025-10-12,shock,BTC-31OCT25-90000-P,P,0.052091111364789444,0.21794483265438055,111726.16,111916.66177024638,0.0019,212.279704,fixed_45pct,DH_numerical,93.55907403666127,0.00083739630930358,-118.72062996333874,-0.0010607949530076247,0.5508721497437815,0.4781095623958629,-7.276258734791863,False
2025-10-12,shock,BTC-31OCT25-95000-P,P,0.05206556941273465,0.16317582850632734,111647.78,111838.14812626585,0.0041,457.75589800000006,fixed_45pct,DH_numerical,305.2119947365096,0.0027337041071171285,-152.54390326349045,-0.0013639702178479172,0.5158050614349488,0.4690283065950645,-4.677675483988425,False
2025-10-12,shock,BTC-31OCT25-98000-P,P,0.052167200152207,0.1331620675578409,111768.07,111958.64323004766,0.007,782.3764900000001,fixed_45pct,DH_numerical,553.928004476293,0.004956048757720277,-228.44848552370706,-0.0020404720790899657,0.5130162051000439,0.4641118402610821,-4.890436483896177,False
2025-10-15,shock,BTC-28NOV25-105000-P,P,0.12058413067605277,0.07676254098438098,112500.55,113377.49231675502,0.031,3487.51705,fixed_45pct,DH_numerical,3377.736533779322,0.030024177959835058,-109.78051622067778,-0.0009682743371494937,0.4555413905742501,0.4473280776852898,-0.8213312888960267,False
2025-10-15,shock,BTC-28NOV25-108000-P,P,0.12058052454337899,0.048644195714375685,112506.46,113383.44838523283,0.0395,4444.00517,fixed_45pct,DH_numerical,4443.888609309277,0.03949896396446281,-0.11656069072341779,-1.0280221000810448e-06,0.44393335979563137,0.4439253443151758,-0.0008015480455592083,False
2025-10-15,shock,BTC-28NOV25-112000-P,P,0.12058052235540336,0.012276551543500845,112506.46,113383.44838523283,0.054,6075.348840000001,fixed_45pct,DH_numerical,6187.620105542024,0.05499790950263677,112.27126554202368,0.0009901909594473579,0.4324367991472321,0.4396729619931619,0.7236162845929817,False
2025-10-15,shock,BTC-28NOV25-118000-C,C,0.12060228662480975,-0.040310948140738614,112461.27,113337.90612897013,0.042,4723.37334,fixed_45pct,DH_numerical,4861.576180819257,0.04322889276298638,138.2028408192573,0.0012193876306660608,0.4248791749387655,0.4338509792875226,0.8971804348757106,False
2025-10-15,shock,BTC-28NOV25-120000-C,C,0.12057623370116692,-0.056774007183782255,112499.97,113376.90779565228,0.0355,3993.7489349999996,fixed_45pct,DH_numerical,4159.512593940865,0.036973455139062396,165.76365894086575,0.0014620583870538614,0.4210441910725455,0.4321153180585914,1.1071126986045898,False
2025-10-15,shock,BTC-28NOV25-122000-C,C,0.1206567994355657,-0.07290481066199231,112544.81,113422.09732366331,0.03,3376.3442999999997,fixed_45pct,DH_numerical,3541.7641714863867,0.03146981341464246,165.4198714863869,0.0014584448303256272,0.41895537528576243,0.4304526777737163,1.1497302487953887,False
2025-10-15,shock,BTC-28NOV25-125000-C,C,0.12055253358066971,-0.09685361047989792,112583.52,113461.10906829553,0.0235,2645.71272,fixed_45pct,DH_numerical,2738.429994809569,0.024323542156166097,92.71727480956906,0.0008171722942859641,0.42107476913457315,0.42806844302629843,0.6993673891725283,False
2025-10-15,shock,BTC-28NOV25-126000-C,C,0.1205845284436834,-0.10559163840442144,112496.88,113373.79370908774,0.022,2474.93136,fixed_45pct,DH_numerical,2479.491471324895,0.02204053544707102,4.560111324894933,4.0221917038394094e-05,0.42686447203522104,0.4272203244115898,0.03558523763687593,False
2025-10-15,shock,BTC-28NOV25-130000-C,C,0.12060476407914764,-0.1374546962720417,112428.22,113304.59850406458,0.0155,1742.63741,fixed_45pct,DH_numerical,1687.0069041445408,0.015005190904423647,-55.630505855459205,-0.0004909818894372903,0.4293388797607837,0.4242387379724896,-0.5100141788294099,False
2025-10-15,shock,BTC-28NOV25-134000-C,C,0.1205624327435312,-0.1663474309186297,112587.15,113464.7673641626,0.011,1238.4586499999998,fixed_45pct,DH_numerical,1150.9001577785139,0.010222304745954702,-87.55849222148595,-0.0007716800047760108,0.4313451874715906,0.42168507673389627,-0.966011073769435,False
2025-10-15,shock,BTC-28NOV25-135000-C,C,0.12056589770421106,-0.1739762336098013,112565.33,113442.77727715991,0.01,1125.6533,fixed_45pct,DH_numerical,1034.0655259321375,0.00918635894313229,-91.58777406786248,-0.0008073477771449305,0.43172124599741607,0.42103472026741395,-1.0686525730002117,False
2025-10-15,shock,BTC-28NOV25-136000-C,C,0.12063656633688483,-0.1808610179775276,112621.1,113498.9820045724,0.009,1013.5899,fixed_45pct,DH_numerical,938.4600479742758,0.008332897192215985,-75.12985202572418,-0.0006619429593007055,0.429723772029432,0.4204567665974801,-0.9267005431951914,False
2025-10-15,shock,BTC-28NOV25-138000-C,C,0.12056584290969051,-0.19595949336575502,112564.84,113442.2834576076,0.008,900.51872,fixed_45pct,DH_numerical,749.5892580817259,0.006659177573403258,-150.92946191827411,-0.001330451550498586,0.43991950768916865,0.4192169049204589,-2.070260276870978,False
2025-10-15,shock,BTC-28NOV25-140000-C,C,0.12058338628868594,-0.2108871765934511,112504.19,113381.16069057214,0.007,787.5293300000001,fixed_45pct,DH_numerical,595.2676017146836,0.005291070507815607,-192.2617282853165,-0.0016957114137331585,0.44760539765994295,0.41803039025460426,-2.9575007405338694,False
2025-10-15,shock,BTC-28NOV25-145000-C,C,0.12056629328386606,-0.2454551861842352,112563.08,113440.50973839931,0.0048,540.302784,fixed_45pct,DH_numerical,336.3399382138192,0.0029880129276297273,-203.96284578618076,-0.0017979718731565245,0.4581070004542016,0.41542939790012606,-4.267760255407555,False
2025-10-15,shock,BTC-28NOV25-160000-C,C,0.12061685147133434,-0.34395531601613666,112556.32,113433.69704416751,0.0021,236.368272,fixed_45pct,DH_numerical,48.811528497767846,0.0004336631519026905,-187.55674350223214,-0.001653448211506352,0.5102435511972039,0.4091218828308747,-10.11216683663292,False
2025-10-15,shock,BTC-28NOV25-95000-P,P,0.12059087087772703,0.17671283577088592,112485.57,113362.3955475845,0.0125,1406.069625,fixed_45pct,DH_numerical,1122.0195280923563,0.009974786348972194,-284.0500969076438,-0.0025056818492196755,0.4950974062132918,0.4601071253378622,-3.4990280875429605,False
2025-10-15,shock,BTC-31OCT25-100000-P,P,0.0438510455035515,0.12036290319860699,112560.11,112790.60980471678,0.0065,731.640715,fixed_45pct,DH_numerical,531.8017414695105,0.004724602183397924,-199.8389735304895,-0.0017717695992289287,0.508875202296985,0.4634734063385536,-4.540179595843141,False
2025-10-15,shock,BTC-31OCT25-102000-P,P,0.04393798890157281,0.10017071925010844,112516.27,112746.6800294719,0.0075,843.872025,fixed_45pct,DH_numerical,799.7065810133506,0.007107475043505713,-44.16544398664939,-0.0003917227893105551,0.46851030935572074,0.4601361502237816,-0.8374159131939118,False
2025-10-15,shock,BTC-31OCT25-105000-P,P,0.04386838777904617,0.07109483569517651,112506.33,112736.71967440953,0.012,1350.0759600000001,fixed_45pct,DH_numerical,1371.4914810631876,0.012190349476897767,21.415521063187498,0.00018996047716340176,0.45231874847965386,0.45543805303799195,0.31193045583380874,False
2025-10-15,shock,BTC-31OCT25-106000-P,P,0.043845579559868085,0.06231678453640306,112585.19,112815.74116336508,0.0145,1632.485255,fixed_45pct,DH_numerical,1599.7555298288623,0.014209289248691257,-32.729725171137716,-0.0002901166524602519,0.4584763327756599,0.4540390455987429,-0.4437287176916993,False
2025-10-15,shock,BTC-31OCT25-107000-P,P,0.043870442732115676,0.05256982862165264,112544.98,112775.44882160876,0.0165,1856.99217,fixed_45pct,DH_numerical,1887.9430669936787,0.016775009129626917,30.950896993678725,0.0002744471187398038,0.4485476973352957,0.45249007123463214,0.39423738993364377,False
2025-10-15,shock,BTC-31OCT25-108000-P,P,0.04387105793378995,0.04292786961189098,112506.77,112737.16057543845,0.019,2137.62863,fixed_45pct,DH_numerical,2210.647859846184,0.019649020764227646,73.01922984618386,0.0006476944201315306,0.4421651809660143,0.4509738394291836,0.8808658463169305,False
2025-10-15,shock,BTC-31OCT25-109000-P,P,0.043870442161339424,0.03405078085441503,112544.98,112775.44882160876,0.0215,2419.7170699999997,fixed_45pct,DH_numerical,2545.595019649852,0.02261846791966956,125.87794964985233,0.0011161822095602514,0.43503706926423374,0.44958968189821696,1.455261263398322,False
2025-10-15,shock,BTC-31OCT25-115000-C,C,0.043895878234398784,-0.019637251393664377,112533.3,112763.7449033866,0.025,2813.3325000000004,fixed_45pct,DH_numerical,3176.937603474082,0.028231088961881347,363.6051034740817,0.003224485882280783,0.4022854323978657,0.4414812267821377,3.919579438427201,False
2025-10-15,shock,BTC-31OCT25-117000-C,C,0.04392634443176053,-0.03642933655981835,112583.92,112814.46856266797,0.0191,2150.352872,fixed_45pct,DH_numerical,2449.913570784079,0.02176077694562491,299.56069878407925,0.0026553393602849313,0.4050658247511369,0.4390477041444126,3.3981879393275682,False
2025-10-15,shock,BTC-31OCT25-119000-C,C,0.04383585670345003,-0.052827369629507626,112646.03,112876.70575109086,0.0145,1633.3674350000001,fixed_45pct,DH_numerical,1852.0916181250311,0.0164416945552811,218.724183125031,0.0019377264925444302,0.4097148805152116,0.4367340253286739,2.701914481346229,False
2025-10-15,shock,BTC-31OCT25-120000-C,C,0.0438392982623034,-0.06149873850010755,112611.89,112842.49583943802,0.012,1351.34268,fixed_45pct,DH_numerical,1582.0602554029037,0.014048785216222761,230.71757540290378,0.002044598302143091,0.4051916683027936,0.4355282488870256,3.0336580584232054,False
2025-10-15,shock,BTC-31OCT25-122000-C,C,0.04390731938102486,-0.07866938618360035,112539.69,112770.14798878382,0.0085,956.5873650000001,fixed_45pct,DH_numerical,1135.4151750973003,0.010089019927967638,178.82781009730024,0.0015857725939588778,0.4059307626687711,0.43318366590283414,2.725290323406304,False
2025-10-15,shock,BTC-31OCT25-123000-C,C,0.043836630358954846,-0.08588832066405638,112646.02,112876.69573061293,0.008,901.1681600000001,fixed_45pct,DH_numerical,977.2997163115004,0.008675847724682153,76.13155631150039,0.0006744665567921385,0.41991390133814493,0.43222323144988967,1.2309330111744732,False
2025-10-15,shock,BTC-31OCT25-124000-C,C,0.043934850012683914,-0.09668914460443472,112341.88,112571.93291485158,0.006,674.05128,fixed_45pct,DH_numerical,774.8423251464493,0.0068971813997277705,100.79104514644928,0.0008953479125448325,0.4122069220885134,0.43079603334584127,1.8589111257327873,False
2025-10-15,shock,BTC-31OCT25-126000-C,C,0.04385783609208524,-0.11088173336188326,112545.15,112775.61916973357,0.0045,506.45317499999993,fixed_45pct,DH_numerical,559.3962385320343,0.004970416215465832,52.94306353203439,0.0004694548690737147,0.41733064100285205,0.42897205798065335,1.16414169778013,False
2025-10-15,shock,BTC-31OCT25-128000-C,C,0.04387056909563673,-0.12675973559490186,112530.56,112760.99929243379,0.0034,382.60390399999994,fixed_45pct,DH_numerical,378.8703734631705,0.0033668220744939906,-3.7335305368294485,-3.3110122828434055e-05,0.4279960440495919,0.42698194835737363,-0.10140956922182753,False
2025-10-15,shock,BTC-31OCT25-160000-C,C,0.0438652120116692,-0.3504752951362037,112466.21,112696.5175169546,0.0002,22.493242000000002,fixed_45pct,DH_numerical,0.04615216776079307,4.1036474653847646e-07,-22.447089832239207,-0.00019918175225656074,0.6326173828500142,0.4055297915217981,-22.708759132821616,False
2026-02-11,shock,BTC-27FEB26-50000-P,P,0.04384667044013191,0.29547662136586306,67167.74,67188.33369938679,0.0038,255.237412,fixed_45pct,DH_numerical,3.711873707779056,5.526274529676085e-05,-251.52553829222094,-0.0037435894662545643,0.8872928226189982,0.49333849019907405,-39.395433241992414,False
2026-02-11,shock,BTC-27FEB26-56000-P,P,0.04386304322044648,0.18067188320572947,67068.67,67089.23332442109,0.009,603.61803,fixed_45pct,DH_numerical,82.12055551037096,0.0012244249887521396,-521.497474489629,-0.007773191742523598,0.7527175246370794,0.4735940035572776,-27.912352107980183,False
2026-02-11,shock,BTC-27FEB26-60000-P,P,0.043928380263825464,0.10540338495023399,66649.09,66669.52468075392,0.0175,1166.359075,fixed_45pct,DH_numerical,426.60191996605465,0.006400716348356064,-739.7571550339454,-0.0110958816427185,0.6710692616829055,0.46099481024893657,-21.00744514339689,False
2026-02-11,shock,BTC-27FEB26-62000-P,P,0.04389980006976154,0.07446618385979628,66772.68,66793.15257357727,0.023,1535.7716399999997,fixed_45pct,DH_numerical,765.6688690449056,0.01146679853264697,-770.1027709550941,-0.01152966645954872,0.6342267955470648,0.45597443848979535,-17.82523570572695,False
2026-02-11,shock,BTC-27FEB26-63000-P,P,0.043919013793759516,0.05755337668436795,66711.78,66732.23390157353,0.0275,1834.57395,fixed_45pct,DH_numerical,1028.3648194064717,0.015415040932897785,-806.2091305935282,-0.012081254941691948,0.6234468052495101,0.45327187338089386,-17.017493186861625,False
2026-02-11,shock,BTC-27FEB26-64000-P,P,0.04393731094622019,0.04446981033716263,66889.79,66910.29847962585,0.031,2073.58349,fixed_45pct,DH_numerical,1281.3661314232882,0.019156378446146836,-792.2173585767118,-0.011839991400097274,0.6085710835389333,0.45120666362653383,-15.736441991239946,False
2026-02-11,shock,BTC-27FEB26-65000-P,P,0.04390641273465246,0.027552901210765132,66795.36,66815.83952728902,0.0365,2438.03064,fixed_45pct,DH_numerical,1667.918887845428,0.02497058010983739,-770.1117521545721,-0.011525886041438452,0.5932027560511509,0.4485793989993602,-14.462335705179068,False
2026-02-11,shock,BTC-27FEB26-69000-C,C,0.04391132994038559,-0.03216378840713169,66795.53,66816.0095794112,0.0305,2037.263665,fixed_45pct,DH_numerical,1553.480270044877,0.023257248951312714,-483.78339495512296,-0.007240531094275298,0.5294292268902493,0.43966137057552673,-8.976785631472255,False
2026-02-11,shock,BTC-27FEB26-70000-C,C,0.04389980507990868,-0.04689467314447109,66772.68,66793.15257357727,0.025,1669.317,fixed_45pct,DH_numerical,1217.1845808369521,0.01822878130452383,-452.13241916304787,-0.006769143269064786,0.5258724068455114,0.437562579094737,-8.83098277507744,False
2026-02-11,shock,BTC-27FEB26-71000-C,C,0.043924015379249115,-0.06265349521598987,66667.65,66688.09037126934,0.0195,1300.019175,fixed_45pct,DH_numerical,916.9694510633982,0.013754338889452355,-383.0497239366017,-0.005743900024788051,0.5166599269647123,0.43536285136407493,-8.129707560063737,False
2026-02-11,shock,BTC-27FEB26-72000-C,C,0.0438370613267377,-0.07157351709966507,67006.26,67026.80418944976,0.016,1072.10016,fixed_45pct,DH_numerical,775.5997999922989,0.011575034929457322,-296.50036000770103,-0.004423608787458364,0.5010545756252825,0.4341475722482831,-6.690700337699945,False
2026-02-11,shock,BTC-27FEB26-74000-C,C,0.043848879058853374,-0.09607561904861886,67200.65,67221.25378962723,0.01,672.0065,fixed_45pct,DH_numerical,467.60052300647624,0.006958273811435995,-204.40597699352372,-0.003040793877978295,0.4881327742823931,0.4308806724090073,-5.725210187338581,False
2026-02-11,shock,BTC-27FEB26-75000-C,C,0.04386462756849315,-0.1108414919092983,67110.47,67131.04614034484,0.0085,570.4389950000001,fixed_45pct,DH_numerical,333.395727698774,0.0049678645924961335,-237.04326730122608,-0.003531052783024728,0.50522173581589,0.4289768633359021,-7.62448724799879,False
2026-02-11,shock,BTC-27FEB26-80000-C,C,0.04383695934804668,-0.17701507324576657,67000.83,67021.37252460608,0.0025,167.50207500000002,fixed_45pct,DH_numerical,53.63815797580999,0.0008005596046468378,-113.86391702419003,-0.0016989195048547577,0.5159150447657652,0.42108607495163086,-9.482896981413436,False
2026-02-11,shock,BTC-27FEB26-96000-C,C,0.04385354775494673,-0.3582490262206374,67073.74,67094.3048788884,0.0005,33.53687,fixed_45pct,DH_numerical,0.017591240568241236,2.622671789025218e-07,-33.51927875943176,-0.0004995845596721993,0.7154970496714816,0.4049994587207869,-31.049759095069472,False
2025-07-18,calm,BTC-25JUL25-100000-P,P,0.019282908644089297,0.18692222468893913,120335.2,120553.35206591312,0.0006,72.20111999999999,fixed_45pct,DH_numerical,5.52145978238884,4.588399555897892e-05,-66.67966021761114,-0.0005531132820027578,0.6539050906453384,0.4802934840825173,-17.36116065628211,False
2025-07-18,calm,BTC-25JUL25-106000-P,P,0.019268694634703196,0.12763339415177855,120212.53,120430.45968115849,0.001,120.21253,fixed_45pct,DH_numerical,69.79384776417993,0.0005805871298456153,-50.41868223582007,-0.0004186539050777047,0.5155142968109905,0.46947845481804706,-4.603584199294342,False
2025-07-18,calm,BTC-25JUL25-107000-P,P,0.019190079369609335,0.11267057929076348,119544.44,119761.15852088523,0.0014,167.362216,fixed_45pct,DH_numerical,120.60156778975349,0.0010088429691063297,-46.7606482102465,-0.0003904491972837076,0.4978023382183655,0.4668000746028424,-3.100226361552311,False
2025-07-18,calm,BTC-25JUL25-111000-P,P,0.019195064656265855,0.07783890141761612,119768.16,119985.28409614656,0.0023,275.466768,fixed_45pct,DH_numerical,396.5655739556554,0.0033111101811671433,121.0988059556554,0.0010092804869188505,0.41749400562973726,0.46060378235164656,4.31097767219093,False
2025-07-18,calm,BTC-25JUL25-113000-P,P,0.019200617357940132,0.06066946051775561,119850.61,120067.8835672725,0.0035,419.47713500000003,fixed_45pct,DH_numerical,667.4252840094874,0.005568810071216888,247.9481490094874,0.002065066374477778,0.3919309043994135,0.4575968724657739,6.5665968066360385,False
2025-07-18,calm,BTC-25JUL25-114000-P,P,0.01918759113394216,0.04959913635940195,119580.09,119796.87314969832,0.005,597.90045,fixed_45pct,DH_numerical,908.864554722056,0.007600467224285047,310.96410472205605,0.0025957614464066597,0.38639159659810096,0.4556802450656715,6.928864846757055,False
2025-07-18,calm,BTC-25JUL25-116000-P,P,0.019190665556823947,0.03229678580475582,119590.78,119807.5825292779,0.008,956.72624,fixed_45pct,DH_numerical,1428.1357490405803,0.01194185495771982,471.40950904058036,0.003934721818841307,0.3675013259597831,0.45271427630654104,8.521295034675797,False
2025-07-18,calm,BTC-25JUL25-117000-P,P,0.01917980590436327,0.022701248449335163,119469.84,119686.42328078825,0.0105,1254.43332,fixed_45pct,DH_numerical,1798.2576541705403,0.015051980099500763,543.8243341705402,0.0045437428846437375,0.36072202278982674,0.4510902582802955,9.036823549046874,False
2025-07-18,calm,BTC-25JUL25-118000-P,P,0.01919117354769153,0.01536547880641431,119610.29,119827.12789837028,0.013,1554.9337699999999,fixed_45pct,DH_numerical,2131.7371592831596,0.017822355913384706,576.8033892831597,0.004813629429325616,0.3586393404255669,0.4498556047224832,9.12162642969163,False
2025-07-18,calm,BTC-25JUL25-119000-P,P,0.019178217751141553,0.005572465666396692,119448.43,119664.974467243,0.017,2030.62331,fixed_45pct,DH_numerical,2634.0112790456446,0.02205145165194423,603.3879690456447,0.005042310598669084,0.35620204478953377,0.4482251083010603,9.202306351152655,False
2025-07-18,calm,BTC-25JUL25-120000-C,C,0.01918281919076611,-0.0016784364709748914,119581.97,119798.7565578938,0.0195,2331.848415,fixed_45pct,DH_numerical,2861.525473144399,0.02392940568836923,529.6770581443989,0.004421390282865147,0.36700707554509615,0.44702652354720523,8.001944800210909,False
2025-07-18,calm,BTC-25JUL25-120000-P,P,0.01923264481861999,0.0003823750085032469,119828.66,120045.89377477748,0.02,2396.5732000000003,fixed_45pct,DH_numerical,2947.2770549296324,0.024595760771501846,550.7038549296321,0.004587444331605611,0.36439226951921255,0.4473595756497723,8.296730613055974,False
2025-07-18,calm,BTC-25JUL25-122000-C,C,0.019189183250887875,-0.01819954324038362,119582.95,119799.73833450633,0.013,1554.57835,fixed_45pct,DH_numerical,1996.9082794058031,0.01669893809615671,442.3299294058031,0.0036922445370516917,0.37457440557739485,0.4443317421537501,6.975733657635525,False
2025-07-18,calm,BTC-25JUL25-123000-C,C,0.019189168410705226,-0.02636285387954464,119582.95,119799.73833450633,0.0105,1255.620975,fixed_45pct,DH_numerical,1641.5659204765523,0.013727424523952222,385.9449454765522,0.0032215842108011283,0.37891150283384417,0.4430197513980695,6.410824856422531,False
2025-07-18,calm,BTC-25JUL25-124000-C,C,0.019200528190005072,-0.03222220044697387,119850.86,120068.13402048998,0.009,1078.6577399999999,fixed_45pct,DH_numerical,1419.0077925438518,0.011839779810873712,340.3500525438519,0.002834640975479557,0.3828677205678046,0.44208495129273767,5.9217230724933065,False
2025-07-18,calm,BTC-25JUL25-125000-C,C,0.01919232692795535,-0.041884474334166366,119655.65,119872.57013015043,0.0065,777.761725,fixed_45pct,DH_numerical,1092.260172831578,0.009128362704407006,314.4984478315781,0.0026236064471639726,0.3794510127716885,0.4405617499360877,6.111073716439918,False
2025-07-18,calm,BTC-25JUL25-126000-C,C,0.01925509284627093,-0.04688019037768975,120011.85,120229.41587442043,0.006,720.0711,fixed_45pct,DH_numerical,954.2869342804588,0.007951605897921403,234.2158342804588,0.0019480742926098647,0.391898176342931,0.4397751454472391,4.787696910430811,False
2025-07-18,calm,BTC-25JUL25-127000-C,C,0.019210969875697613,-0.05632849095157381,119826.8,120044.0304028394,0.0047,563.18596,fixed_45pct,DH_numerical,716.3653661151694,0.005978340121868976,153.1794061151694,0.0012760268511573254,0.40248376194094754,0.43831864951317445,3.5834887572226917,False
2025-07-18,calm,BTC-25JUL25-128000-C,C,0.019238515442668695,-0.06441004083090163,119798.24,120015.41862727412,0.0038,455.233312,fixed_45pct,DH_numerical,554.9023444364868,0.004631974096084273,99.66903243648682,0.000830468564593554,0.4105752237370853,0.43708233500700944,2.650711126992411,False
2025-07-18,calm,BTC-25JUL25-129000-C,C,0.01925860197869102,-0.069754967592972,120090.57,120308.27858354153,0.0033,396.298881,fixed_45pct,DH_numerical,466.2579998719873,0.003882552975408371,69.9591188719873,0.0005814987937293775,0.4159192395583066,0.4362728301357008,2.0353590577394165,False
2025-07-18,calm,BTC-25JUL25-130000-C,C,0.01927477495560629,-0.07488998468862573,120401.65,120619.92253112014,0.0028,337.12462,fixed_45pct,DH_numerical,392.07249724941113,0.003256371463758272,54.947877249411135,0.0004555456188030173,0.41787492885677474,0.43550174600936836,1.7626817152593621,False
2025-07-18,calm,BTC-25JUL25-135000-C,C,0.019235712836123794,-0.11799526947595261,119757.43,119974.53464405217,0.001,119.75743,fixed_45pct,DH_numerical,67.5259622747505,0.0005638561404895754,-52.2314677252495,-0.00043535461821304856,0.4731571603836658,0.4292965233686906,-4.386063701497517,False
2025-07-18,calm,BTC-25JUL25-140000-C,C,0.019189240804160325,-0.1558585526071363,119578.45,119795.23017659163,0.0004,47.83138,fixed_45pct,DH_numerical,9.424334523235798,7.881298447367229e-05,-38.4070454767642,-0.0003206057989132614,0.5160631864578026,0.4242435656820454,-9.181962077575717,False
2025-07-18,calm,BTC-25JUL25-85000-P,P,0.019207643899036023,0.34537431609896285,119846.81,120064.07667836675,0.0002,23.969362,fixed_45pct,DH_numerical,0.0006843661068085284,5.710340615728766e-09,-23.968677633893194,-0.00019963238211627283,0.9798079943003593,0.509635848605437,-47.017214569492225,False
2025-07-18,calm,BTC-25JUL25-86000-P,P,0.019182725646879756,0.33146525743545946,119581.88,119798.66639473551,0.0003,35.874564,fixed_45pct,DH_numerical,0.0016503261727477403,1.3800804710109427e-08,-35.87291367382725,-0.00029944334735435474,0.990066870561742,0.5070741736854674,-48.299269687627465,False
2025-07-18,calm,BTC-25JUL25-94000-P,P,0.019192740360223236,0.2431411665280576,119656.45,119873.37158044637,0.0004,47.86258,fixed_45pct,DH_numerical,0.3101791073514142,2.592247282544436e-06,-47.552400892648585,-0.0003966886078676483,0.7786115257603194,0.4907032799841271,-28.790824577619233,False
2025-07-18,calm,BTC-25JUL25-95000-P,P,0.019255817858954843,0.23583907788660954,120049.57,120267.20425587428,0.0005,60.024785,fixed_45pct,DH_numerical,0.4718090825139565,3.930118887672455e-06,-59.552975917486044,-0.0004951721983225304,0.780129530838739,0.48933317680710553,-29.07963540316335,False
2025-09-05,calm,BTC-12SEP25-100000-P,P,0.019275685216894975,0.11675600700641818,112227.1,112384.51858838873,0.0016,179.56336000000002,fixed_45pct,DH_numerical,98.49437160398017,0.0008776344715668512,-81.06898839601985,-0.000721353700796968,0.5255088756426358,0.4675166324740859,-5.799224316854989,False
2025-09-05,calm,BTC-12SEP25-102000-P,P,0.019195142472095385,0.10350736164550486,112965.05,113123.5036953041,0.0019,214.633595,fixed_45pct,DH_numerical,158.53197270061233,0.0014033718632498488,-56.101622299387685,-0.0004959325026786325,0.4967586039220706,0.46515795031566237,-3.1600653606408233,False
2025-09-05,calm,BTC-12SEP25-104000-P,P,0.019209982813292746,0.08235511320561285,112769.32,112927.4991489574,0.0028,315.754096,fixed_45pct,DH_numerical,323.67679209042524,0.0028702557760428567,7.922696090425234,7.015736778138312e-05,0.4583493058356503,0.4613973781192546,0.3048072283604264,False
2025-09-05,calm,BTC-12SEP25-105000-P,P,0.01925216444698123,0.07194971326983772,112675.09,112833.13697452194,0.0038,428.165342,fixed_45pct,DH_numerical,450.00270939347206,0.003993808297765479,21.83736739347205,0.00019353682773530433,0.45263810050821507,0.4595587497933885,0.6920649285173441,False
2025-09-05,calm,BTC-12SEP25-106000-P,P,0.019179347095383055,0.06500921204622485,112961.45,113119.89864565994,0.004,451.8458,fixed_45pct,DH_numerical,552.819630514219,0.0048938786684680395,100.97383051421906,0.0008926265999451823,0.4291267661505638,0.4583569649810086,2.923019883044481,False
2025-09-05,calm,BTC-12SEP25-107000-P,P,0.01918688444951801,0.05595607856341437,112999.48,113157.98198953959,0.005,564.9974,fixed_45pct,DH_numerical,719.2449018662808,0.006365028421956285,154.2475018662808,0.001363116407294534,0.4178744530524224,0.45678026878901734,3.890581573659496,False
2025-09-05,calm,BTC-12SEP25-108000-P,P,0.019204940417300864,0.044791236090479566,112789.22,112947.42706226808,0.007,789.52454,fixed_45pct,DH_numerical,976.7102719314416,0.008659606582361697,187.18573193144164,0.0016572819478946242,0.41439105455733094,0.4548492131742202,4.045815861688928,False
2025-09-05,calm,BTC-12SEP25-109000-P,P,0.019197004185692545,0.03633163622762885,112874.64,113032.96687910215,0.0085,959.4344400000001,fixed_45pct,DH_numerical,1217.784696356702,0.010788824631969608,258.35025635670183,0.002285618642860434,0.40254660769347256,0.45340100394826843,5.085439625479587,False
2025-09-05,calm,BTC-12SEP25-110000-P,P,0.019222295630390664,0.02684684142457117,112834.88,112993.15110858796,0.011,1241.1836799999999,fixed_45pct,DH_numerical,1541.0510107229568,0.013657576546569258,299.8673307229569,0.0026538540414257528,0.3977868463769885,0.4517846030972852,5.399775672029667,False
2025-09-05,calm,BTC-12SEP25-112000-P,P,0.019250421296296297,0.008054871698252968,112747.64,112905.78873887823,0.0175,1973.0837000000001,fixed_45pct,DH_numerical,2362.4507617530107,0.020953438686193437,389.3670617530106,0.0034486014056685395,0.38543351593403946,0.44862758913757295,6.319407320353348,False
2025-09-05,calm,BTC-12SEP25-113000-P,P,0.019180962233637747,0.0010180827002609586,112956.66,113115.10192682788,0.02,2259.1332,fixed_45pct,DH_numerical,2737.5596975163057,0.024235487287923577,478.4264975163055,0.004229554580835643,0.3708381702182614,0.4474711982428684,7.663302802460703,False
2025-09-05,calm,BTC-12SEP25-114000-C,C,0.019181771530948754,-0.00794589188427329,112939.34,113097.75763242882,0.017,1919.9687800000002,fixed_45pct,DH_numerical,2369.691258108134,0.020981982523610766,449.72247810813406,0.003976404904239975,0.37357584871101807,0.4459987098789779,7.242286116795982,False
2025-09-05,calm,BTC-12SEP25-115000-C,C,0.01919768864155251,-0.017444877063790443,112852.94,113011.2364409694,0.0135,1523.51469,fixed_45pct,DH_numerical,1917.5817426434276,0.016991863416614822,394.0670526434276,0.003486972314025302,0.3788773380532097,0.4444526736839273,6.55753356307176,False
2025-09-05,calm,BTC-12SEP25-116000-C,C,0.019178238362506345,-0.02504274099406845,112972.65,113131.11435566394,0.01,1129.7265,fixed_45pct,DH_numerical,1600.7272831093667,0.014169157606813391,471.0007831093667,0.0041633178086501,0.36077478358399184,0.4432322767979261,8.245749321393426,False
2025-09-05,calm,BTC-12SEP25-119000-C,C,0.019188439022070014,-0.051199131203636346,112902.28,113060.64564914774,0.0045,508.06025999999997,fixed_45pct,DH_numerical,787.2939621315675,0.006973233508938592,279.2337021315675,0.0024697692157012053,0.37303527910302875,0.43911153625279764,6.607625714976889,False
2025-09-05,calm,BTC-12SEP25-120000-C,C,0.019187111777016742,-0.058724883100107615,112997.44,113155.93912807459,0.0034,384.19129599999997,fixed_45pct,DH_numerical,625.5195836099277,0.0055356969468505456,241.32828760992777,0.0021327054458607107,0.3730510627690631,0.4379534619212998,6.490239915223672,False
2025-09-05,calm,BTC-12SEP25-122000-C,C,0.01923779585235921,-0.07738162734177031,112757.3,112915.46228875667,0.002,225.5146,fixed_45pct,DH_numerical,334.83607709904544,0.0029695290424570776,109.32147709904544,0.0009681710093829276,0.3933909208226637,0.4351335161295613,4.174259530689762,False
2025-09-05,calm,BTC-12SEP25-124000-C,C,0.019192682775240996,-0.09210675296422283,112930.56,113088.96531690784,0.0012,135.51667199999997,fixed_45pct,DH_numerical,191.80993834364634,0.0016984768192387105,56.293266343646366,0.0004977785956914224,0.40242394743262055,0.4329729537576378,3.0549006325017225,False
2025-09-05,calm,BTC-12SEP25-125000-C,C,0.01919271229705733,-0.10012918420998515,112931.66,113090.06685985466,0.001,112.93166000000001,fixed_45pct,DH_numerical,138.58010636397734,0.0012271147556316567,25.648446363977328,0.00022679663277378568,0.41505687105427264,0.43181626563753556,1.675939458326292,False
2025-09-05,calm,BTC-12SEP25-130000-C,C,0.019281410736935567,-0.14533875104151395,112257.35,112414.81101942631,0.0005,56.128675,fixed_45pct,DH_numerical,16.2270247856108,0.00014455200292551714,-39.9016502143892,-0.0003549501160260264,0.5011446594528879,0.4256052443333642,-7.553941511952367,False
2025-09-05,calm,BTC-12SEP25-135000-C,C,0.019249690639269405,-0.17892833399578545,112724.27,112882.38595827167,0.0003,33.817281,fixed_45pct,DH_numerical,2.2213341895728123,1.9705908847959824e-05,-31.59594681042719,-0.00027990147924501714,0.5579418995799535,0.42135511823100236,-13.65867813489512,False
2025-09-05,calm,BTC-12SEP25-90000-P,P,0.01920613267376966,0.2271797296654179,112796.77,112954.98765249399,0.0003,33.839031,fixed_45pct,DH_numerical,0.6867108157974863,6.088036171580855e-06,-33.15232018420251,-0.00029350027717408656,0.706005887956288,0.4877435207600357,-21.826236719625236,False
2025-09-05,calm,BTC-12SEP25-95000-P,P,0.019275726788432267,0.16805660798038408,112227.92,112385.33973858545,0.0006,67.33675199999999,fixed_45pct,DH_numerical,12.1528690354733,0.000108287394397698,-55.18388296452669,-0.0004910238567849461,0.5968142022210055,0.47683265110990214,-11.998155111110332,False
2025-09-08,calm,BTC-26SEP25-100000-P,P,0.04938004575722983,0.10918130459910476,111427.43,111536.45527338712,0.0055,612.8508649999999,fixed_45pct,DH_numerical,791.766904743135,0.007105673214783246,178.91603974313512,0.0016041036924169217,0.4252942854232803,0.46070582899264934,3.541154356936904,False
2025-09-08,calm,BTC-26SEP25-104000-P,P,0.04931913457635718,0.06842532088316913,111256.49,111365.3480185179,0.01,1112.5649,fixed_45pct,DH_numerical,1607.7129849486141,0.014450509673176046,495.14808494861404,0.00444615936427802,0.3861035529890402,0.45422797188538966,6.812441889634946,False
2025-09-08,calm,BTC-26SEP25-106000-P,P,0.04936526531582953,0.0521735881247468,111568.05,111677.21286189603,0.0135,1506.1686750000001,fixed_45pct,DH_numerical,2092.196998663418,0.018752653637519146,586.028323663418,0.005247519244486529,0.38027621078004964,0.45169011513971924,7.14139043596696,False
2025-09-08,calm,BTC-26SEP25-108000-P,P,0.049377227676306444,0.033294376892421734,111547.18,111656.32244181224,0.0185,2063.62283,fixed_45pct,DH_numerical,2780.4957681934125,0.024926634346053505,716.8729381934127,0.006420352403841695,0.36992211442854706,0.4487931656941111,7.8871051265564045,False
2025-09-08,calm,BTC-26SEP25-112000-C,C,0.049381299308726534,-0.00458991904315855,111378.13,111487.10703619834,0.031,3452.72203,fixed_45pct,DH_numerical,4136.505726938393,0.037139299492085144,683.7836969383934,0.006133298415541253,0.37396101099965817,0.443146280446592,6.918526944693381,False
2025-09-08,calm,BTC-26SEP25-118000-C,C,0.04931762176560122,-0.05783353067919421,111260.37,111369.23181487272,0.011,1223.8640699999999,fixed_45pct,DH_numerical,1876.2196527751178,0.016863323866126975,652.3555827751179,0.005857592551769757,0.3556424509683776,0.43564101383638265,7.999856286800505,False
2025-09-08,calm,BTC-26SEP25-120000-C,C,0.049414030060882796,-0.07491877410692396,111229.43,111338.26154187837,0.007,778.60601,fixed_45pct,DH_numerical,1390.8173570970343,0.01250404103569563,612.2113470970344,0.005498660915113709,0.34615162884785744,0.43334302795729196,8.719139910943452,False
2025-09-08,calm,BTC-26SEP25-122000-C,C,0.04935536621638762,-0.09114235839387955,111263.44,111372.30481868955,0.005,556.3172000000001,fixed_45pct,DH_numerical,1019.0848003195869,0.009159206297410783,462.7676003195868,0.004155140733353388,0.35351191477453564,0.4312277132776429,7.771579850310728,False
2025-09-08,calm,BTC-26SEP25-126000-C,C,0.04937431100963978,-0.12127513721247028,111500.47,111609.56673878814,0.0023,256.451081,fixed_45pct,DH_numerical,538.1425050035824,0.004826369835065111,281.6914240035824,0.0025239003450560392,0.3565441173046886,0.42744594400835373,7.090182670366513,False
2025-09-08,calm,BTC-26SEP25-128000-C,C,0.04942443004819888,-0.1399278749614276,111177.1,111285.88034001044,0.0016,177.88336,fixed_45pct,DH_numerical,345.5534105435631,0.0031081347736499967,167.67005054356306,0.0015066605937005012,0.36957412389554806,0.42520837480902507,5.5634250913477015,False
2025-09-08,calm,BTC-26SEP25-132000-C,C,0.04941328982749873,-0.17054942405195644,111193.79,111302.58667020679,0.001,111.19378999999999,fixed_45pct,DH_numerical,154.35999375774261,0.0013882069651348571,43.16620375774262,0.0003878274984358225,0.3985993109086635,0.4217167777851227,2.3117466876459156,False
2025-09-08,calm,BTC-26SEP25-98000-P,P,0.04937899334094368,0.13009839221180905,111507.06,111616.16318672067,0.0039,434.87753399999997,fixed_45pct,DH_numerical,532.1675737846177,0.004772501165259112,97.29003978461776,0.0008716483079772506,0.43977989698811876,0.46410123354109967,2.432133655298091,False
2023-08-18,shock,BTC-29SEP23-20000-P,P,0.11510144216133943,0.2871070664283846,26449.57,26651.33758029029,0.0043,113.73315099999999,fixed_45pct,SH_numerical,75.59651472224658,0.002858137758846234,-38.13663627775341,-0.00143094642671732,0.5484839080351033,0.5037991963060338,-4.468471172906952,False
2023-08-18,shock,BTC-29SEP23-21000-P,P,0.1151080652270421,0.23844619656927588,26452.99,26654.78366937698,0.006,158.71794000000003,fixed_45pct,SH_numerical,137.5704946275448,0.005200565026015766,-21.147445372455223,-0.0007933827426538449,0.5113087489522226,0.49368070751403115,-1.762804143819141,False
2023-08-18,shock,BTC-29SEP23-22000-P,P,0.11508866482749873,0.19177193316603847,26448.91,26650.67254555426,0.008,211.59128,fixed_45pct,SH_numerical,237.04199537006988,0.008962259517313564,25.450715370069872,0.0009549746006059214,0.4678883768741148,0.4836718334550337,1.5783456580918898,False
2023-08-18,shock,BTC-29SEP23-23000-P,P,0.1151080652270421,0.14747441836354905,26452.99,26654.78366937698,0.0122,322.72647800000004,fixed_45pct,SH_numerical,386.4918727392979,0.014610517477959878,63.76539473929785,0.0023922683271504594,0.44396277363583636,0.47386119177975955,2.989841814392319,False
2023-08-18,shock,BTC-29SEP23-24000-P,P,0.1150805249873161,0.10467548288950165,26446.66,26648.405381681438,0.018,476.03988,fixed_45pct,SH_numerical,602.4136316666467,0.022778439003891104,126.37375166664668,0.004742263180727434,0.4167239773242909,0.46407982723357466,4.735584990928377,False
2023-08-18,shock,BTC-29SEP23-25000-P,P,0.11510698779173009,0.06427651469221499,26457.85,26659.68074334227,0.0278,735.5282299999999,fixed_45pct,SH_numerical,893.2898133723503,0.033762751447012906,157.7615833723504,0.005917609625229599,0.4046273824005224,0.45453489569966826,4.990751329914589,False
2023-08-18,shock,BTC-29SEP23-26000-P,P,0.11507396305809234,0.024152448009356446,26433.96,26635.60850115485,0.042,1110.22632,fixed_45pct,SH_numerical,1284.8837745980343,0.04860731326664769,174.6574545980343,0.006557291701838222,0.39485703531772953,0.44473870384932834,4.988166853159881,False
2023-08-18,shock,BTC-29SEP23-27000-C,C,0.11507217018645358,-0.013867105272662581,26426.58,26628.172203651997,0.0465,1228.83597,fixed_45pct,SH_numerical,1398.570941594455,0.05292288830391428,169.73497159445492,0.0063742629533985115,0.38800458880470867,0.4351275063062801,4.712291750157144,False
2023-08-18,shock,BTC-29SEP23-28000-C,C,0.1151045541920345,-0.04875362705166406,26465.75,26667.641007606842,0.034,899.8355,fixed_45pct,SH_numerical,997.0626819114842,0.037673698342630915,97.2271819114842,0.0036458861090769338,0.3979936201371984,0.42600069591808803,2.8007075780889625,False
2023-08-18,shock,BTC-29SEP23-29000-C,C,0.11508392941400304,-0.08438730412713888,26451.4,26653.181540240184,0.024,634.8336,fixed_45pct,SH_numerical,664.1833154930874,0.02510957134567877,29.349715493087388,0.0011011711847148924,0.4069620583844821,0.4163478820325759,0.9385823648093816,False
2023-08-18,shock,BTC-29SEP23-30000-C,C,0.11510564437468289,-0.117722316633254,26466.39,26668.28588977511,0.018,476.39501999999993,fixed_45pct,SH_numerical,426.8997460758392,0.016129881939918485,-49.495273924160756,-0.0018559600766518609,0.42533302751131896,0.40698264039343157,-1.835038711788739,False
2023-08-18,shock,BTC-29SEP23-35000-C,C,0.11513173560375443,-0.2718442812073834,26467.15,26669.051687349933,0.005,132.33575000000002,fixed_45pct,SH_numerical,16.390026000446653,0.0006192591949056341,-115.94572399955337,-0.00434757581029964,0.5109468815715087,0.3584162052753115,-15.253067629619721,False
2023-10-23,shock,BTC-29DEC23-24000-P,P,0.18356287943937089,0.25144657504154105,30522.92,30861.220798051287,0.0155,473.10526,fixed_45pct,SH_numerical,309.7107474350915,0.010146825645616196,-163.3945125649085,-0.005294492840517377,0.5521860776927368,0.4850322045275321,-6.715387316520466,False
2023-10-23,shock,BTC-29DEC23-25000-P,P,0.18357180704591577,0.21039718454822928,30515.98,30854.20387855805,0.02,610.3196,fixed_45pct,SH_numerical,446.41827623253073,0.014629000157705265,-163.9013237674693,-0.005312122925374574,0.5330994370865297,0.4773465884477504,-5.575284863877933,False
2023-10-23,shock,BTC-29DEC23-27000-P,P,0.18361817858954846,0.13991563467163953,30714.35,31054.772512545544,0.0335,1028.930725,fixed_45pct,SH_numerical,814.1007596776805,0.026505550652306836,-214.82996532231948,-0.0069177761722624825,0.5181947188177624,0.4637209359055073,-5.447378291225507,False
2023-10-23,shock,BTC-29DEC23-30000-P,P,0.18359523684043633,0.03561042024272565,30746.78,31087.561950465664,0.071,2183.0213799999997,fixed_45pct,SH_numerical,1803.3106017030834,0.05865038881154656,-379.71077829691626,-0.012214234712324506,0.5166893101865667,0.4424531406634747,-7.423616952309203,False
2023-10-23,shock,BTC-29DEC23-32000-C,C,0.18366562347792997,-0.03032499462871697,30703.86,31044.166246625653,0.08,2456.3088000000002,fixed_45pct,SH_numerical,1857.9801200749976,0.060512916619441255,-598.3286799250027,-0.01927346591213536,0.5410665196592633,0.4282180292608659,-11.284849039839745,False
2023-10-23,shock,BTC-29DEC23-33000-C,C,0.18358757883054286,-0.05990858371648203,30740.36,31081.07079439267,0.0685,2105.71466,fixed_45pct,SH_numerical,1471.769472726862,0.0478774312573718,-633.9451872731381,-0.020396504080146042,0.5431116378172971,0.4216109478244877,-12.150068999280938,False
2023-10-23,shock,BTC-29DEC23-34000-C,C,0.18358160708396754,-0.09095971294653507,30703.55,31043.852810740507,0.059,1811.5094499999998,fixed_45pct,SH_numerical,1117.5518384574941,0.03639813111049029,-693.9576115425057,-0.022354107132682037,0.5531122867754044,0.414512652138973,-13.859963463643139,False
2023-10-23,shock,BTC-29DEC23-35000-C,C,0.1836686566780822,-0.12070999318483927,30680.14,31020.183345994592,0.0525,1610.70735,fixed_45pct,SH_numerical,832.9534143606513,0.02714959626522732,-777.7539356393486,-0.02507251253045138,0.572039058687328,0.40754961017779134,-16.448944850953662,False
2023-10-23,shock,BTC-29DEC23-36000-C,C,0.1835759743150685,-0.15049037118516015,30630.8,30970.29648608159,0.044,1347.7551999999998,fixed_45pct,SH_numerical,598.4003265109897,0.01953590263757361,-749.3548734890102,-0.024195921851306104,0.572895930588261,0.40040513008907974,-17.24908004991813,False
2023-10-23,shock,BTC-29DEC23-37000-C,C,0.183654147260274,-0.17732601895184827,30648.06,30987.74778729964,0.039,1195.27434,fixed_45pct,SH_numerical,430.9173311435753,0.01406018296569425,-764.3570088564246,-0.024666426682667695,0.5855971385122246,0.3938189727351072,-19.17781657771174,False
2023-10-23,shock,BTC-29DEC23-38000-C,C,0.18358899429223746,-0.20103240042623854,30738.97,31079.665388327023,0.034,1045.12498,fixed_45pct,SH_numerical,313.38939548546637,0.01019518205995407,-731.7355845145337,-0.023543869451997407,0.5892757699406612,0.38786455909619694,-20.14112108444643,False
2023-10-23,shock,BTC-29DEC23-39000-C,C,0.18357936485286655,-0.228945416295037,30679.47,31019.505920049283,0.0295,905.044365,fixed_45pct,SH_numerical,205.90078290961839,0.006711353974159865,-699.1435820903816,-0.022538836817465043,0.5989930988513675,0.3806943848593795,-21.8298713991988,False
2023-10-23,shock,BTC-29DEC23-40000-C,C,0.18358892830416032,-0.2523221163008076,30739.08,31079.776607512074,0.0265,814.5856200000001,fixed_45pct,SH_numerical,140.03119899018097,0.004555477879955449,-674.5544210098191,-0.02170396620054139,0.6097890723353685,0.37454894439454983,-23.524012794081866,False
2023-10-26,shock,BTC-24NOV23-29000-P,P,0.07947974651192288,0.18822759263631017,34693.83,35006.13817785115,0.0105,364.28521500000005,fixed_45pct,SH_numerical,173.73040723241533,0.00500753036584359,-190.55480776758472,-0.005443468422579423,0.6023579504072346,0.4891894914527871,-11.31684589544475,False
2023-10-26,shock,BTC-24NOV23-30000-P,P,0.07945303063165907,0.1533037230536002,34658.38,34970.36906275475,0.0144,499.08067199999994,fixed_45pct,SH_numerical,282.8731251331189,0.00816175265933142,-216.20754686688105,-0.0061825926537662215,0.5817328944373886,0.48090290763502247,-10.082998680236615,False
2023-10-26,shock,BTC-24NOV23-31000-P,P,0.0795225078957382,0.12252552996388377,34728.17,35040.787300909265,0.0195,677.199315,fixed_45pct,SH_numerical,427.0283240305452,0.0122963094234607,-250.17099096945475,-0.007139422662542834,0.5693477656468494,0.4733876641611294,-9.596010148572004,False
2023-10-26,shock,BTC-24NOV23-32000-P,P,0.07950538974505326,0.09114361353680861,34740.91,35053.64198430357,0.0265,920.6341150000001,fixed_45pct,SH_numerical,633.4140443598034,0.018232511593962372,-287.2200706401967,-0.008193729791866106,0.5589459518131343,0.46553459544868436,-9.341135636444998,False
2023-10-26,shock,BTC-24NOV23-36000-C,C,0.07948235724251648,-0.026808401457431037,34735.04,35047.71914352456,0.0535,1858.32464,fixed_45pct,SH_numerical,1297.545448665214,0.03735551905698724,-560.779191334786,-0.016000447533784688,0.5771273628622716,0.43383740241288676,-14.328996044938485,False
2023-10-26,shock,BTC-24NOV23-37000-C,C,0.07946918921232876,-0.055543518977004484,34688.66,35000.92163835754,0.044,1526.30104,fixed_45pct,SH_numerical,903.2403607332217,0.026038490986196112,-623.0606792667784,-0.017801264941091313,0.5921937044309735,0.42550051693872537,-16.669318749224814,False
2023-10-26,shock,BTC-24NOV23-38000-C,C,0.07946233647260273,-0.08259121274050377,34675.5,34987.643174191995,0.0365,1265.65575,fixed_45pct,SH_numerical,610.3476651378875,0.017601697600262072,-655.3080848621124,-0.01872970070031721,0.6070749872170453,0.41739069300117315,-18.968429421587217,False
2023-10-26,shock,BTC-24NOV23-40000-C,C,0.07949175386859463,-0.13257348962513577,34720.99,35033.542667724716,0.025,868.02475,fixed_45pct,SH_numerical,252.207855560497,0.007263844019438876,-615.816894439503,-0.01757792240083203,0.6275952578211735,0.40165162839082036,-22.594362943035318,False
2023-10-26,shock,BTC-24NOV23-42000-C,C,0.07948895608193811,-0.18074030598792323,34742.64,35055.387557480346,0.017,590.6248800000001,fixed_45pct,SH_numerical,83.24059455263489,0.002395920245342176,-507.3842854473652,-0.014473789074943382,0.6465317003135949,0.38540958283506865,-26.11221174785262,False
2023-10-26,shock,BTC-24NOV23-44000-C,C,0.07947396058472857,-0.22929880043984524,34671.89,34984.000677562995,0.0115,398.72673499999996,fixed_45pct,SH_numerical,19.200071233879697,0.0005537647712276342,-379.52666376612024,-0.01084857810472002,0.6680855118004256,0.3677443918308256,-30.034111996960007,False
2023-10-26,shock,BTC-24NOV23-46000-C,C,0.0794822417237443,-0.27191876802713305,34735.46,35048.1429242958,0.008,277.88368,fixed_45pct,SH_numerical,3.5897908943825816,0.00010334657708239884,-274.29388910561744,-0.007826203222752598,0.6846807266510474,0.35095579584867553,-33.372493080237184,False
2023-10-26,shock,BTC-24NOV23-48000-C,C,0.07952338280060882,-0.3143859739479086,34738.67,35051.38182019028,0.0055,191.062685,fixed_45pct,SH_numerical,0.4046145420510711,1.1647381493047119e-05,-190.65807045794892,-0.005439388136992823,0.7002092643869212,0.3328079827985915,-36.740128158832974,False
2024-02-29,shock,BTC-8MAR24-49000-P,P,0.02199230590436327,0.2552934495191499,62813.96,63251.177727365415,0.0018,113.065128,fixed_45pct,SH_numerical,0.5061196550740943,8.057439064088529e-06,-112.55900834492591,-0.0017795559290626083,0.9572479255826316,0.5186387290777118,-43.86091965049198,False
2024-02-29,shock,BTC-8MAR24-50000-P,P,0.02201515379249112,0.23797828311994992,62995.6,63434.08203593629,0.002,125.9912,fixed_45pct,SH_numerical,1.0731862393831502,1.7035892020762565e-05,-124.91801376061686,-0.0019692570578990812,0.9197487248111971,0.5143122056604557,-40.54365191507414,False
2024-02-29,shock,BTC-8MAR24-52000-P,P,0.02194171997082699,0.19283265556829868,62623.46,63059.35174860109,0.0033,206.657418,fixed_45pct,SH_numerical,6.455768182777718,0.00010308865372142833,-200.2016498172223,-0.003174813001810847,0.8597917233622958,0.5027681654130679,-35.70235579492279,False
2024-02-29,shock,BTC-8MAR24-53000-P,P,0.021923783136732624,0.17555044877762052,62734.15,63170.812208388095,0.0039,244.663185,fixed_45pct,SH_numerical,12.336253146553423,0.00019664334571447008,-232.32693185344658,-0.003677757554977221,0.8301289908398336,0.49822384074899273,-33.19051500908409,False
2024-02-29,shock,BTC-8MAR24-54000-P,P,0.021936777524099442,0.1552200670788126,62631.46,63067.407432748674,0.0055,344.47303,fixed_45pct,SH_numerical,25.569059446232174,0.0004082462622814824,-318.9039705537678,-0.005056557476123115,0.8244914591825504,0.49277709870208075,-33.171436048046964,False
2024-02-29,shock,BTC-8MAR24-55000-P,P,0.021980263064434298,0.13995518985585573,62824.93,63262.22408425279,0.007,439.77451,fixed_45pct,SH_numerical,43.42614749644212,0.0006912247653350687,-396.3483625035579,-0.006265166428162566,0.8178040331829347,0.4886111661412978,-32.91928670416369,False
2024-02-29,shock,BTC-8MAR24-55500-P,P,0.021966496797311007,0.1303801064013499,62791.94,63229.00445674919,0.008,502.33552000000003,fixed_45pct,SH_numerical,59.34114063464489,0.0009450439122384957,-442.99437936535514,-0.007006189377350999,0.8106736849327371,0.48597545676232845,-32.469822817040864,False
2024-02-29,shock,BTC-8MAR24-56000-P,P,0.02199303697361745,0.12298714831714998,62890.96,63328.713687285905,0.009,566.01864,fixed_45pct,SH_numerical,75.539112662288,0.0012011124120587125,-490.479527337712,-0.00774497852205993,0.8086746569328367,0.48391547208064134,-32.47591848521954,False
2024-02-29,shock,BTC-8MAR24-56500-P,P,0.022008551401572807,0.11733047967461836,63094.57,63533.74091844708,0.009,567.8511299999999,fixed_45pct,SH_numerical,90.63308889485698,0.001436464166327736,-477.2180411051429,-0.00751125361432294,0.7828393489877864,0.4823300816026537,-30.05092673851327,False
2024-02-29,shock,BTC-8MAR24-58500-P,P,0.02201215147767631,0.08249221828129787,63091.28,63530.42801834139,0.016,1009.46048,fixed_45pct,SH_numerical,251.105845508267,0.00398004043519591,-758.3546344917329,-0.011936872741874084,0.7886064360043208,0.47237771103396475,-31.622872497035605,False
2024-02-29,shock,BTC-8MAR24-59000-P,P,0.02194114817985794,0.06623308753596721,62604.31,63040.068454672815,0.02,1252.0862,fixed_45pct,SH_numerical,382.1430607087265,0.006104101470150003,-869.9431392912734,-0.013799844457922527,0.7839778365924199,0.46761583008530183,-31.63620065071181,False
2024-02-29,shock,BTC-8MAR24-59500-P,P,0.021938728786149164,0.05759549078129061,62591.87,63027.541865823325,0.023,1439.61301,fixed_45pct,SH_numerical,475.36318284648263,0.0075946474014354035,-964.2498271535173,-0.015298864569496747,0.791945783256986,0.46504397245527684,-32.69018108017091,False
2024-02-29,shock,BTC-8MAR24-61000-P,P,0.021981969178082192,0.03583431811360583,62788.49,63225.530442960546,0.03,1883.6546999999998,fixed_45pct,SH_numerical,799.7973749074059,0.012737961605819888,-1083.8573250925938,-0.01714271620181036,0.7789008673089645,0.4584414078661703,-32.04594594427942,False
2024-02-29,shock,BTC-8MAR24-63000-P,P,0.02197476182775241,0.0014143620096400077,62653.07,63089.16784955234,0.0465,2913.3677549999998,fixed_45pct,SH_numerical,1624.4797032619992,0.025928174042580823,-1288.8880517380005,-0.0204296251745084,0.7937619643239132,0.44764530874922115,-34.61166555746921,False
2024-02-29,shock,BTC-8MAR24-64000-C,C,0.021948678779807204,-0.012177449313743727,62788.33,63225.3693292776,0.0405,2542.927365,fixed_45pct,SH_numerical,1307.4491786213987,0.020823123956655618,-1235.4781863786013,-0.01954086151627258,0.7754547093474637,0.44325061738527943,-33.220409196218434,False
2024-02-29,shock,BTC-8MAR24-64500-C,C,0.0219377195268899,-0.022623661493204078,62621.28,63057.15657467087,0.037,2316.9873599999996,fixed_45pct,SH_numerical,1034.6855574623862,0.016522906549696625,-1282.3018025376134,-0.0203355474968038,0.7920393118050524,0.4398162009893727,-35.222311081567966,False
2024-02-29,shock,BTC-8MAR24-65000-C,C,0.021954731703450026,-0.028537415661734043,62734.62,63171.285479831764,0.034,2132.97708,fixed_45pct,SH_numerical,901.8445025140215,0.014375547385383406,-1231.1325774859786,-0.01948880045949094,0.7812824091559047,0.43784740808831646,-34.34350010675883,False
2024-02-29,shock,BTC-8MAR24-66000-C,C,0.021928038115169964,-0.04575243920262514,62612.56,63048.375878950006,0.0285,1784.45796,fixed_45pct,SH_numerical,574.486518220877,0.009175260015256955,-1209.9714417791229,-0.01919115956455742,0.7967126469085606,0.43202751738388856,-36.4685129524672,False
2024-02-29,shock,BTC-8MAR24-68000-C,C,0.021936975202942667,-0.07549313086279838,62619.59,63055.454811394695,0.0205,1283.701595,fixed_45pct,SH_numerical,225.14153879117552,0.0035953850670561007,-1058.5600562088246,-0.016787763396126247,0.8168768323350389,0.42160626487284947,-39.527056746218946,False
2024-02-29,shock,BTC-8MAR24-70000-C,C,0.02193446816336885,-0.10348610645611421,62681.9,63118.198521299186,0.0145,908.88755,fixed_45pct,SH_numerical,74.25359502532741,0.0011846098319503303,-834.6339549746726,-0.013223348804751234,0.8293218975745971,0.4113298069991838,-41.799209057541326,False
2024-02-29,shock,BTC-8MAR24-72000-C,C,0.022022204654997466,-0.128176077294097,62900.47,63338.289881816345,0.011,691.90517,fixed_45pct,SH_numerical,22.6921588662602,0.00036076294606797373,-669.2130111337398,-0.01056569434353899,0.8519451234502358,0.4018381421342554,-45.01069813159803,False
2024-02-29,shock,BTC-8MAR24-74000-C,C,0.021918328608574327,-0.1593134813666806,62665.76,63101.94617853144,0.007,438.66032,fixed_45pct,SH_numerical,3.3688811131150076,5.3759518964024496e-05,-435.29143888688503,-0.006898225256877734,0.8601658819429434,0.38920138531238485,-47.09644966305586,False
2024-02-29,shock,BTC-8MAR24-76000-C,C,0.02192382290081177,-0.18491983028202047,62732.34,63168.9896098497,0.005,313.6617,fixed_45pct,SH_numerical,0.488984029171365,7.79476788481611e-06,-313.1727159708286,-0.0049576970900607345,0.8778789151018811,0.37816905856463207,-49.9709856537249,False
2025-10-12,shock,BTC-31OCT25-100000-P,P,0.052087223205225776,0.1134745804005474,111825.67,112016.34144251612,0.0085,950.5181950000001,fixed_45pct,SH_numerical,876.4982984575009,0.007838077772818182,-74.01989654249917,-0.0006607955195580482,0.48872009961768237,0.47562794495744043,-1.309215466024194,False
2025-10-12,shock,BTC-31OCT25-102000-P,P,0.05206753513444952,0.09287038477879103,111736.07,111926.58866756519,0.011,1229.09677,fixed_45pct,SH_numerical,1224.3003182026357,0.010957073380177373,-4.796451797364398,-4.285355119336666e-05,0.47085764521211426,0.4701397270360123,-0.07179181761019504,False
2025-10-12,shock,BTC-31OCT25-105000-P,P,0.052167198598427195,0.06416919607088947,111768.07,111958.64323004766,0.018,2011.82526,fixed_45pct,SH_numerical,1905.3817191138921,0.017047639089714014,-106.44354088610794,-0.0009507398251280383,0.4752016721346993,0.4622885906412397,-1.29130814934596,False
2025-10-12,shock,BTC-31OCT25-106000-P,P,0.05212723709411467,0.0556293671335694,111873.06,112063.81224614252,0.0185,2069.65161,fixed_45pct,SH_numerical,2158.7913564557466,0.019296793673613172,89.13974645574672,0.0007954373911531383,0.4495389238843547,0.4599185007797156,1.0379576895360898,False
2025-10-12,shock,BTC-31OCT25-108000-P,P,0.05205597605910705,0.034558320853792596,111607.24,111797.53900242086,0.026,2901.78824,fixed_45pct,SH_numerical,2890.452409702039,0.025898431048935883,-11.33583029796091,-0.00010139606291078952,0.4551726300251792,0.45397292874551254,-0.11997012796666762,False
2025-10-12,shock,BTC-31OCT25-111000-P,P,0.05206324790715373,0.0072700860374546785,111619.6,111809.92007717972,0.036,4018.3055999999997,fixed_45pct,SH_numerical,4128.0189869993455,0.03698292223766565,109.71338699934586,0.0009812491317730424,0.4351913599212449,0.44605228091205373,1.086092099080882,False
2025-10-12,shock,BTC-31OCT25-112000-C,C,0.052089843924403856,-0.0008084556238861046,111719.0,111909.48956189092,0.0405,4524.6195,fixed_45pct,SH_numerical,4475.439410826552,0.040059787599482206,-49.18008917344741,-0.00043946308187071693,0.44848841053097815,0.44365741511838147,-0.48309954125966836,False
2025-10-12,shock,BTC-31OCT25-113000-C,C,0.052057037734652464,-0.010467040071485245,111633.05,111823.39301047313,0.035,3907.1567500000006,fixed_45pct,SH_numerical,3944.1432718611045,0.03533132232668645,36.98652186110394,0.0003307583580265702,0.43713131704674374,0.44077050569980747,0.36391886530637296,False
2025-10-12,shock,BTC-31OCT25-115000-C,C,0.0520629525304414,-0.028232993239539463,111608.31,111798.61082685385,0.0275,3069.228525,fixed_45pct,SH_numerical,3071.568565378214,0.02752096654252908,2.340040378213871,2.0930853799587614e-05,0.43512869546390387,0.43536505156620015,0.02363561022962757,False
2025-10-12,shock,BTC-31OCT25-116000-C,C,0.05213238051750381,-0.03598293395140361,111709.71,111900.18372172024,0.0255,2848.597605,fixed_45pct,SH_numerical,2736.3015259319723,0.024494750957029358,-112.29607906802767,-0.001003537932942916,0.44452122497236785,0.4329648217667381,-1.1556403205629728,False
2025-10-12,shock,BTC-31OCT25-118000-C,C,0.05209595364028412,-0.05305910585990082,111711.75,111902.22720007849,0.02,2234.235,fixed_45pct,SH_numerical,2069.7426465074336,0.01852752863067165,-164.4923534925665,-0.00146996496502664,0.44574283688648125,0.42760537909001933,-1.813745779646192,False
2025-10-12,shock,BTC-31OCT25-120000-C,C,0.05207246603881279,-0.06986622417628213,111711.75,111902.22720007849,0.0155,1731.532125,fixed_45pct,SH_numerical,1527.2935316456699,0.0136717357990155,-204.23859335433008,-0.0018251521749353245,0.4470561834800484,0.42220905749742726,-2.484712598262112,False
2025-10-12,shock,BTC-31OCT25-123000-C,C,0.05207276721841705,-0.09460592334294181,111706.49,111896.95823137043,0.011,1228.7713899999999,fixed_45pct,SH_numerical,920.4749049433898,0.008240120201998914,-308.2964850566101,-0.002755181998952487,0.4594238642134572,0.4140309657788935,-4.539289843456373,False
2025-10-12,shock,BTC-31OCT25-124000-C,C,0.052168613330796546,-0.1020268572931283,111782.06,111972.65708408297,0.011,1229.60266,fixed_45pct,SH_numerical,781.5117703379774,0.0069913881560062265,-448.0908896620226,-0.004001788484179136,0.4806490517167141,0.4115194620011337,-6.912958971558042,False
2025-10-12,shock,BTC-31OCT25-126000-C,C,0.05207268112633181,-0.11867026343721723,111710.2,111900.67455720824,0.008,893.6816,fixed_45pct,SH_numerical,520.1510825769602,0.004656254152055589,-373.5305174230398,-0.0033380542065640146,0.47538461271102495,0.40578576317521203,-6.959884953581291,False
2025-10-12,shock,BTC-31OCT25-128000-C,C,0.05207257940131913,-0.13441423406529657,111710.69,111901.16539269626,0.0065,726.1194849999999,fixed_45pct,SH_numerical,341.2594645448268,0.0030548505657321317,-384.8600204551731,-0.003439285186213912,0.48607414142306615,0.4002219667615442,-8.585217466152194,False
2025-10-12,shock,BTC-31OCT25-130000-C,C,0.05213990093860984,-0.15017151703875645,111682.42,111872.84719015313,0.006,670.09452,fixed_45pct,SH_numerical,215.03982786281483,0.0019254581684638892,-455.05469213718516,-0.004067606247329319,0.5135610270361453,0.39451144836199037,-11.904957867415488,False
2025-10-12,shock,BTC-31OCT25-132000-C,C,0.052088215468036526,-0.1647417187802167,111760.32,111950.88001569644,0.0047,525.273504,fixed_45pct,SH_numerical,133.85302317610686,0.001197679312085961,-391.4204808238932,-0.0034963591243678724,0.5159270086206769,0.38908713263672506,-12.68398759839518,False
2025-10-12,shock,BTC-31OCT25-134000-C,C,0.052096086250634194,-0.18016361651696475,111717.41,111907.89685081757,0.0039,435.697899,fixed_45pct,SH_numerical,77.28095972843253,0.0006917539506906984,-358.41693927156746,-0.003202785052330728,0.5276646781603831,0.38319342943683443,-14.447124872354866,False
2025-10-12,shock,BTC-31OCT25-135000-C,C,0.05209434655631659,-0.18773779517307265,111701.86,111892.32033686124,0.0034,379.786324,fixed_45pct,SH_numerical,57.79833655733331,0.0005174339671455185,-321.9879874426667,-0.0028776594003350254,0.5280995741219837,0.38023615727907334,-14.786341684291038,False
2025-10-12,shock,BTC-31OCT25-138000-C,C,0.052096085299340435,-0.20958009756195858,111717.12,111907.60635634507,0.0027,301.636224,fixed_45pct,SH_numerical,23.011015458305103,0.00020597573100976022,-278.6252085416949,-0.0024897790026396816,0.5481676435365285,0.37146168447245,-17.670595906407847,False
2025-10-12,shock,BTC-31OCT25-140000-C,C,0.05209608476027397,-0.22396883501405812,111717.12,111907.60635634507,0.0023,256.949376,fixed_45pct,SH_numerical,11.616792371838962,0.00010398399432279459,-245.33258362816102,-0.0021922780016128086,0.5600116814821122,0.3654656795624593,-19.454600191965294,False
2025-10-12,shock,BTC-31OCT25-150000-C,C,0.05207591168822932,-0.2926455113224503,111752.45,111942.99659673589,0.0011,122.927695,fixed_45pct,SH_numerical,0.1420405540893751,1.2710285464826508e-06,-122.78565444591062,-0.0010968587422063962,0.6154764236351105,0.33401171662622825,-28.14647070088822,False
2025-10-12,shock,BTC-31OCT25-155000-C,C,0.052124018518518514,-0.3236951423764416,111947.09,112137.9684730356,0.0009,100.752381,fixed_45pct,SH_numerical,0.008112709134340713,7.246913818251741e-08,-100.74426829086566,-0.0008983956965039042,0.6501225753991589,0.31797141457406913,-33.21511608250897,False
2025-10-12,shock,BTC-31OCT25-160000-C,C,0.05206415553652968,-0.3582725650505931,111630.87,111821.20929340401,0.0006,66.978522,fixed_45pct,SH_numerical,0.00011703428411856627,1.0484042999805186e-09,-66.97840496571588,-0.0005989776482382107,0.6716254835480686,0.2985145505350987,-37.31109330129699,False
2025-10-12,shock,BTC-31OCT25-80000-P,P,0.05205744758371385,0.3348851860062355,111632.05,111822.39130539555,0.0005,55.816025,fixed_45pct,SH_numerical,9.442587597556336,8.458670782769229e-05,-46.37343740244367,-0.0004147061859533503,0.6468596191809027,0.5289878634579229,-11.787175572297981,False
2025-10-12,shock,BTC-31OCT25-85000-P,P,0.052081540969051245,0.2746565190074033,111676.26,111866.67668687525,0.001,111.67626,fixed_45pct,SH_numerical,37.79491070660411,0.000338432812010396,-73.88134929339589,-0.0006604410847047538,0.60023165695229,0.515353643535226,-8.487801341706403,False
2025-10-12,shock,BTC-31OCT25-90000-P,P,0.052091111364789444,0.21794483265438055,111726.16,111916.66177024638,0.0019,212.279704,fixed_45pct,SH_numerical,126.16475387708026,0.0011292319889726833,-86.11495012291975,-0.0007694560288056577,0.5508721497437815,0.5019630914115716,-4.890905833220993,False
2025-10-12,shock,BTC-31OCT25-95000-P,P,0.05206556941273465,0.16317582850632734,111647.78,111838.14812626585,0.0041,457.75589800000006,fixed_45pct,SH_numerical,364.8553953907835,0.0032679144662865977,-92.90050260921657,-0.0008306691783230479,0.5158050614349488,0.48845680054045476,-2.734826089449399,False
2025-10-12,shock,BTC-31OCT25-98000-P,P,0.052167200152207,0.1331620675578409,111768.07,111958.64323004766,0.007,782.3764900000001,fixed_45pct,SH_numerical,628.0227962050969,0.005618982203102343,-154.35369379490317,-0.0013786670626022507,0.5130162051000439,0.4807619422465938,-3.225426285345007,False
2025-10-15,shock,BTC-28NOV25-105000-P,P,0.12058413067605277,0.07676254098438098,112500.55,113377.49231675502,0.031,3487.51705,fixed_45pct,SH_numerical,3505.9074049883475,0.031163469022936752,18.390354988347553,0.0001622046370276776,0.4555413905742501,0.4569139132083655,0.1372522634115414,False
2025-10-15,shock,BTC-28NOV25-108000-P,P,0.12058052454337899,0.048644195714375685,112506.46,113383.44838523283,0.0395,4444.00517,fixed_45pct,SH_numerical,4535.718749316658,0.040315185006413484,91.71357931665807,0.0008088797846847189,0.44393335979563137,0.45023605652385373,0.6302696728222368,False
2025-10-15,shock,BTC-28NOV25-112000-P,P,0.12058052235540336,0.012276551543500845,112506.46,113383.44838523283,0.054,6075.348840000001,fixed_45pct,SH_numerical,6213.826806872744,0.05523084458325987,138.4779668727433,0.001221324354170717,0.4324367991472321,0.44136203641506094,0.8925237267828845,False
2025-10-15,shock,BTC-28NOV25-118000-C,C,0.12060228662480975,-0.040310948140738614,112461.27,113337.90612897013,0.042,4723.37334,fixed_45pct,SH_numerical,4771.597962209335,0.04242881093383824,48.224622209334484,0.00042549420451140537,0.4248791749387655,0.42801124775171495,0.3132072812949471,False
2025-10-15,shock,BTC-28NOV25-120000-C,C,0.12057623370116692,-0.056774007183782255,112499.97,113376.90779565228,0.0355,3993.7489349999996,fixed_45pct,SH_numerical,4033.3910868060993,0.03585237477668749,39.64215180609972,0.0003496492590673733,0.4210441910725455,0.42369556224492966,0.2651371172384176,False
2025-10-15,shock,BTC-28NOV25-122000-C,C,0.1206567994355657,-0.07290481066199231,112544.81,113422.09732366331,0.03,3376.3442999999997,fixed_45pct,SH_numerical,3382.6669750737587,0.030056179179419815,6.322675073759001,5.57446496137036e-05,0.41895537528576243,0.41939621185182996,0.04408365660675262,False
2025-10-15,shock,BTC-28NOV25-125000-C,C,0.12055253358066971,-0.09685361047989792,112583.52,113461.10906829553,0.0235,2645.71272,fixed_45pct,SH_numerical,2537.992336199419,0.02254319580875974,-107.7203838005812,-0.0009494035858202408,0.42107476913457315,0.41288545510351443,-0.8189314031058714,False
2025-10-15,shock,BTC-28NOV25-126000-C,C,0.1205845284436834,-0.10559163840442144,112496.88,113373.79370908774,0.022,2474.93136,fixed_45pct,SH_numerical,2266.9625084212885,0.020151336716371943,-207.96885157871156,-0.001834364404461499,0.42686447203522104,0.4104686900367183,-1.6395781998502723,False
2025-10-15,shock,BTC-28NOV25-130000-C,C,0.12060476407914764,-0.1374546962720417,112428.22,113304.59850406458,0.0155,1742.63741,fixed_45pct,SH_numerical,1445.792981227258,0.012859698225474512,-296.84442877274205,-0.0026198797991600787,0.4293388797607837,0.4014604781354501,-2.7878401625333615,False
2025-10-15,shock,BTC-28NOV25-134000-C,C,0.1205624327435312,-0.1663474309186297,112587.15,113464.7673641626,0.011,1238.4586499999998,fixed_45pct,SH_numerical,906.317309035635,0.008049917855062812,-332.14134096436476,-0.0029272641074419574,0.4313451874715906,0.3930049869173659,-3.8340200554224713,False
2025-10-15,shock,BTC-28NOV25-135000-C,C,0.12056589770421106,-0.1739762336098013,112565.33,113442.77727715991,0.01,1125.6533,fixed_45pct,SH_numerical,792.2739002430529,0.007038347422275161,-333.379399756947,-0.002938745046257504,0.43172124599741607,0.3907248148897185,-4.099643110769757,False
2025-10-15,shock,BTC-28NOV25-136000-C,C,0.12063656633688483,-0.1808610179775276,112621.1,113498.9820045724,0.009,1013.5899,fixed_45pct,SH_numerical,700.0640706229108,0.006216100452072576,-313.52582937708917,-0.002762366885056806,0.429723772029432,0.38865408122068135,-4.106969080875067,False
2025-10-15,shock,BTC-28NOV25-138000-C,C,0.12056584290969051,-0.19595949336575502,112564.84,113442.2834576076,0.008,900.51872,fixed_45pct,SH_numerical,523.0875031350754,0.004646988376966337,-377.43121686492464,-0.003327077041833061,0.43991950768916865,0.38403433946467175,-5.588516822449691,False
2025-10-15,shock,BTC-28NOV25-140000-C,C,0.12058338628868594,-0.2108871765934511,112504.19,113381.16069057214,0.007,787.5293300000001,fixed_45pct,SH_numerical,384.4780383745127,0.003417455282105606,-403.05129162548735,-0.0035548347641761427,0.44760539765994295,0.3793875109374486,-6.8217886722494345,False
2025-10-15,shock,BTC-28NOV25-145000-C,C,0.12056629328386606,-0.2454551861842352,112563.08,113440.50973839931,0.0048,540.302784,fixed_45pct,SH_numerical,172.02422002717714,0.001528247272792972,-368.27856397282284,-0.0032464466602106735,0.4581070004542016,0.36826859753353797,-8.983840292066365,False
2025-10-15,shock,BTC-28NOV25-160000-C,C,0.12061685147133434,-0.34395531601613666,112556.32,113433.69704416751,0.0021,236.368272,fixed_45pct,SH_numerical,6.6215411350069875,5.882869247152881e-05,-229.746730864993,-0.0020253834341266057,0.5102435511972039,0.33348003848504004,-17.676351271216383,False
2025-10-15,shock,BTC-28NOV25-95000-P,P,0.12059087087772703,0.17671283577088592,112485.57,113362.3955475845,0.0125,1406.069625,fixed_45pct,SH_numerical,1276.6177263972188,0.011349168843587836,-129.45189860278128,-0.0011419298081826713,0.4950974062132918,0.47950774343386404,-1.5589662779427749,False
2025-10-15,shock,BTC-31OCT25-100000-P,P,0.0438510455035515,0.12036290319860699,112560.11,112790.60980471678,0.0065,731.640715,fixed_45pct,SH_numerical,596.9008437221119,0.005302951851433975,-134.73987127788814,-0.001194601851263805,0.508875202296985,0.4789336124761197,-2.994158982086531,False
2025-10-15,shock,BTC-31OCT25-102000-P,P,0.04393798890157281,0.10017071925010844,112516.27,112746.6800294719,0.0075,843.872025,fixed_45pct,SH_numerical,870.4594767188092,0.007736298730119735,26.587451718809234,0.0002358158281189237,0.46851030935572074,0.47347706880646284,0.49667594507420976,False
2025-10-15,shock,BTC-31OCT25-105000-P,P,0.04386838777904617,0.07109483569517651,112506.33,112736.71967440953,0.012,1350.0759600000001,fixed_45pct,SH_numerical,1440.8408202712012,0.012806753364643582,90.76486027120109,0.0008051046769263422,0.45231874847965386,0.4654600574955022,1.3141309015848313,False
2025-10-15,shock,BTC-31OCT25-106000-P,P,0.043845579559868085,0.06231678453640306,112585.19,112815.74116336508,0.0145,1632.485255,fixed_45pct,SH_numerical,1665.9290245690263,0.014797053009983163,33.443769569026244,0.0002964459500434193,0.4584763327756599,0.46299191359984637,0.45155808241864603,False
2025-10-15,shock,BTC-31OCT25-107000-P,P,0.043870442732115676,0.05256982862165264,112544.98,112775.44882160876,0.0165,1856.99217,fixed_45pct,SH_numerical,1948.8413159345168,0.017316110553616135,91.84914593451686,0.0008144427434716425,0.4485476973352957,0.46021674850792615,1.1669051172630451,False
2025-10-15,shock,BTC-31OCT25-108000-P,P,0.04387105793378995,0.04292786961189098,112506.77,112737.16057543845,0.019,2137.62863,fixed_45pct,SH_numerical,2264.4871892724022,0.020127563783694104,126.85855927240209,0.0011252594852033217,0.4421651809660143,0.45744616986912806,1.5280988903113746,False
2025-10-15,shock,BTC-31OCT25-109000-P,P,0.043870442161339424,0.03405078085441503,112544.98,112775.44882160876,0.0215,2419.7170699999997,fixed_45pct,SH_numerical,2591.3958974416446,0.023025424123240722,171.6788274416449,0.0015223067541341475,0.43503706926423374,0.4548693568306256,1.9832287566391882,False
2025-10-15,shock,BTC-31OCT25-115000-C,C,0.043895878234398784,-0.019637251393664377,112533.3,112763.7449033866,0.025,2813.3325000000004,fixed_45pct,SH_numerical,3151.1118414488706,0.02800159456311039,337.7793414488701,0.0029954604801239243,0.4022854323978657,0.43870273914251956,3.6417306744653875,False
2025-10-15,shock,BTC-31OCT25-117000-C,C,0.04392634443176053,-0.03642933655981835,112583.92,112814.46856266797,0.0191,2150.352872,fixed_45pct,SH_numerical,2400.043595493381,0.021317818703535826,249.69072349338103,0.0022132863512509377,0.4050658247511369,0.4334214365982622,2.8355611847125317,False
2025-10-15,shock,BTC-31OCT25-119000-C,C,0.04383585670345003,-0.052827369629507626,112646.03,112876.70575109086,0.0145,1633.3674350000001,fixed_45pct,SH_numerical,1782.1387408076725,0.015820697283407792,148.77130580767243,0.0013179982957310453,0.4097148805152116,0.42815812947288945,1.844324895767785,False
2025-10-15,shock,BTC-31OCT25-120000-C,C,0.0438392982623034,-0.06149873850010755,112611.89,112842.49583943802,0.012,1351.34268,fixed_45pct,SH_numerical,1503.5513812772135,0.013351621940429324,152.20870127721355,0.0013488597548727487,0.4051916683027936,0.42532307288388993,2.0131404581096355,False
2025-10-15,shock,BTC-31OCT25-122000-C,C,0.04390731938102486,-0.07866938618360035,112539.69,112770.14798878382,0.0085,956.5873650000001,fixed_45pct,SH_numerical,1045.145260711314,0.00928690367559493,88.5578957113139,0.0007852955528631736,0.4059307626687711,0.4196036452071338,1.3672882538362685,False
2025-10-15,shock,BTC-31OCT25-123000-C,C,0.043836630358954846,-0.08588832066405638,112646.02,112876.69573061293,0.008,901.1681600000001,fixed_45pct,SH_numerical,884.4153702074522,0.007851279345754534,-16.7527897925479,-0.00014841672751060545,0.41991390133814493,0.4171595197877536,-0.2754381550391316,False
2025-10-15,shock,BTC-31OCT25-124000-C,C,0.043934850012683914,-0.09668914460443472,112341.88,112571.93291485158,0.006,674.05128,fixed_45pct,SH_numerical,680.6106481855866,0.0060583875593464035,6.55936818558655,5.826823805670991e-05,0.4122069220885134,0.4134475734739363,0.12406513854228973,False
2025-10-15,shock,BTC-31OCT25-126000-C,C,0.04385783609208524,-0.11088173336188326,112545.15,112775.61916973357,0.0045,506.45317499999993,fixed_45pct,SH_numerical,467.7447759314061,0.004156063374844728,-38.70839906859385,-0.000343233753479425,0.41733064100285205,0.4084784210580451,-0.8852219944806949,False
2025-10-15,shock,BTC-31OCT25-128000-C,C,0.04387056909563673,-0.12675973559490186,112530.56,112760.99929243379,0.0034,382.60390399999994,fixed_45pct,SH_numerical,295.1343704949695,0.002622704183601055,-87.46953350503043,-0.0007757073283661437,0.4279960440495919,0.40278216299609043,-2.5213881053501472,False
2025-10-15,shock,BTC-31OCT25-160000-C,C,0.0438652120116692,-0.3504752951362037,112466.21,112696.5175169546,0.0002,22.493242000000002,fixed_45pct,SH_numerical,1.4662877960396449e-05,1.303758520927881e-10,-22.493227337122043,-0.00019959114826896099,0.6326173828500142,0.29851457088369626,-33.4102811966318,False
2026-02-11,shock,BTC-27FEB26-50000-P,P,0.04384667044013191,0.29547662136586306,67167.74,67188.33369938679,0.0038,255.237412,fixed_45pct,SH_numerical,6.6759278712002095,9.9391878767995e-05,-248.5614841287998,-0.0036994738586747893,0.8872928226189982,0.522310583454569,-36.49822391644292,False
2026-02-11,shock,BTC-27FEB26-56000-P,P,0.04386304322044648,0.18067188320572947,67068.67,67089.23332442109,0.009,603.61803,fixed_45pct,SH_numerical,104.06845319547769,0.0015516701493480888,-499.5495768045223,-0.007446046884883416,0.7527175246370794,0.494589555776857,-25.812796886022245,False
2026-02-11,shock,BTC-27FEB26-60000-P,P,0.043928380263825464,0.10540338495023399,66649.09,66669.52468075392,0.0175,1166.359075,fixed_45pct,SH_numerical,467.82195961531215,0.007019180001036956,-698.5371153846879,-0.010477607553520488,0.6710692616829055,0.4748988648295385,-19.617039685336696,False
2026-02-11,shock,BTC-27FEB26-62000-P,P,0.04389980006976154,0.07446618385979628,66772.68,66793.15257357727,0.023,1535.7716399999997,fixed_45pct,SH_numerical,807.2841565334279,0.012090036771527337,-728.4874834665718,-0.010906619247595666,0.6342267955470648,0.46639834426865256,-16.782845127841227,False
2026-02-11,shock,BTC-27FEB26-63000-P,P,0.043919013793759516,0.05755337668436795,66711.78,66732.23390157353,0.0275,1834.57395,fixed_45pct,SH_numerical,1066.159529856339,0.015981578213867764,-768.4144201436609,-0.011514891308404735,0.6234468052495101,0.4616302861899799,-16.18165190595302,False
2026-02-11,shock,BTC-27FEB26-64000-P,P,0.04393731094622019,0.04446981033716263,66889.79,66910.29847962585,0.031,2073.58349,fixed_45pct,SH_numerical,1314.0883920065355,0.019645575087117714,-759.4950979934645,-0.011350944701356103,0.6085710835389333,0.45788209472902935,-15.068898880990394,False
2026-02-11,shock,BTC-27FEB26-65000-P,P,0.04390641273465246,0.027552901210765132,66795.36,66815.83952728902,0.0365,2438.03064,fixed_45pct,SH_numerical,1691.032381285886,0.025316614526606128,-746.998258714114,-0.011179957686665359,0.5932027560511509,0.4529622597116007,-14.024049633955022,False
2026-02-11,shock,BTC-27FEB26-69000-C,C,0.04391132994038559,-0.03216378840713169,66795.53,66816.0095794112,0.0305,2037.263665,fixed_45pct,SH_numerical,1527.425632813228,0.02286718337010318,-509.8380321867719,-0.007630477117625927,0.5294292268902493,0.43477439452569916,-9.465483236455013,False
2026-02-11,shock,BTC-27FEB26-70000-C,C,0.04389980507990868,-0.04689467314447109,66772.68,66793.15257357727,0.025,1669.317,fixed_45pct,SH_numerical,1179.7563833186452,0.017668249699108157,-489.56061668135476,-0.007329503067579718,0.5258724068455114,0.43007408726439333,-9.579831958111807,False
2026-02-11,shock,BTC-27FEB26-71000-C,C,0.043924015379249115,-0.06265349521598987,66667.65,66688.09037126934,0.0195,1300.019175,fixed_45pct,SH_numerical,869.912926243504,0.013048501428256495,-430.1062487564959,-0.006449521141810876,0.5166599269647123,0.42493867509708844,-9.172125186762386,False
2026-02-11,shock,BTC-27FEB26-72000-C,C,0.0438370613267377,-0.07157351709966507,67006.26,67026.80418944976,0.016,1072.10016,fixed_45pct,SH_numerical,724.3518445196931,0.01081021153127623,-347.7483154803068,-0.005188197761859629,0.5010545756252825,0.4219858286259932,-7.9068746999289345,False
2026-02-11,shock,BTC-27FEB26-74000-C,C,0.043848879058853374,-0.09607561904861886,67200.65,67221.25378962723,0.01,672.0065,fixed_45pct,SH_numerical,411.4398736428229,0.006122557946133303,-260.5666263571771,-0.003876253590458686,0.4881327742823931,0.4136613248226415,-7.447144945975159,False
2026-02-11,shock,BTC-27FEB26-75000-C,C,0.04386462756849315,-0.1108414919092983,67110.47,67131.04614034484,0.0085,570.4389950000001,fixed_45pct,SH_numerical,278.8207336134215,0.004154653269652582,-291.6182613865786,-0.004344014850847378,0.50522173581589,0.4084926734679024,-9.672906234798761,False
2026-02-11,shock,BTC-27FEB26-80000-C,C,0.04383695934804668,-0.17701507324576657,67000.83,67021.37252460608,0.0025,167.50207500000002,fixed_45pct,SH_numerical,28.438814441387873,0.00042445465886598526,-139.06326055861214,-0.002074909171810183,0.5159150447657652,0.38367826779545455,-13.223677697031066,False
2026-02-11,shock,BTC-27FEB26-96000-C,C,0.04385354775494673,-0.3582490262206374,67073.74,67094.3048788884,0.0005,33.53687,fixed_45pct,SH_numerical,2.306852612636361e-06,3.439278341473669e-11,-33.536867693147386,-0.0004998467120821151,0.7154970496714816,0.2937346750901786,-42.1762374581303,False
2025-07-18,calm,BTC-25JUL25-100000-P,P,0.019282908644089297,0.18692222468893913,120335.2,120553.35206591312,0.0006,72.20111999999999,fixed_45pct,SH_numerical,8.59309199566722,7.140962906670051e-05,-63.608028004332766,-0.0005276338394104112,0.6539050906453384,0.5018660244366987,-15.203906620863972,False
2025-07-18,calm,BTC-25JUL25-106000-P,P,0.019268694634703196,0.12763339415177855,120212.53,120430.45968115849,0.001,120.21253,fixed_45pct,SH_numerical,85.77777602292699,0.0007135510418333845,-34.434753977073015,-0.0002859306031733131,0.5155142968109905,0.4857803051010811,-2.9733991709909366,False
2025-07-18,calm,BTC-25JUL25-107000-P,P,0.019190079369609335,0.11267057929076348,119544.44,119761.15852088523,0.0014,167.362216,fixed_45pct,SH_numerical,141.83807350194192,0.0011864882507454293,-25.52414249805807,-0.00021312538066009854,0.4978023382183655,0.4815862578886238,-1.62160803297417,False
2025-07-18,calm,BTC-25JUL25-111000-P,P,0.019195064656265855,0.07783890141761612,119768.16,119985.28409614656,0.0023,275.466768,fixed_45pct,SH_numerical,430.22818570541733,0.003592174962906814,154.76141770541733,0.0012898366568137138,0.41749400562973726,0.4715236091400541,5.402960351031682,False
2025-07-18,calm,BTC-25JUL25-113000-P,P,0.019200617357940132,0.06066946051775561,119850.61,120067.8835672725,0.0035,419.47713500000003,fixed_45pct,SH_numerical,703.6633987908555,0.0058711707749410326,284.18626379085543,0.0023668799294828038,0.3919309043994135,0.4664195545271851,7.448865012777156,False
2025-07-18,calm,BTC-25JUL25-114000-P,P,0.01918759113394216,0.04959913635940195,119580.09,119796.87314969832,0.005,597.90045,fixed_45pct,SH_numerical,944.1028052565495,0.007895150482463673,346.2023552565495,0.0028899114488901106,0.38639159659810096,0.46307756563497765,7.668596903687669,False
2025-07-18,calm,BTC-25JUL25-116000-P,P,0.019190665556823947,0.03229678580475582,119590.78,119807.5825292779,0.008,956.72624,fixed_45pct,SH_numerical,1456.9627754963906,0.01218290218941954,500.2365354963906,0.004175332854029883,0.3675013259597831,0.45776138612561607,9.026006016583299,False
2025-07-18,calm,BTC-25JUL25-117000-P,P,0.01917980590436327,0.022701248449335163,119469.84,119686.42328078825,0.0105,1254.43332,fixed_45pct,SH_numerical,1820.755609356628,0.015240295034768842,566.3222893566278,0.004731717047204404,0.36072202278982674,0.45476605045440005,9.40440276645733,False
2025-07-18,calm,BTC-25JUL25-118000-P,P,0.01919117354769153,0.01536547880641431,119610.29,119827.12789837028,0.013,1554.9337699999999,fixed_45pct,SH_numerical,2148.2639470672257,0.01796052786986158,593.3301770672258,0.0049515513512971,0.3586393404255669,0.4524488654399267,9.38095250143598,False
2025-07-18,calm,BTC-25JUL25-119000-P,P,0.019178217751141553,0.005572465666396692,119448.43,119664.974467243,0.017,2030.62331,fixed_45pct,SH_numerical,2641.2304873660732,0.02211188951890011,610.6071773660733,0.0051026390979026235,0.35620204478953377,0.4493250605154303,9.312301572589654,False
2025-07-18,calm,BTC-25JUL25-120000-C,C,0.01918281919076611,-0.0016784364709748914,119581.97,119798.7565578938,0.0195,2331.848415,fixed_45pct,SH_numerical,2861.246158235675,0.023927069927311577,529.3977432356751,0.0044190587485759,0.36700707554509615,0.4469843268232252,7.997725127812904,False
2025-07-18,calm,BTC-25JUL25-120000-P,P,0.01923264481861999,0.0003823750085032469,119828.66,120045.89377477748,0.02,2396.5732000000003,fixed_45pct,SH_numerical,2949.1757519151042,0.024611605870541356,552.602551915104,0.004603260757522135,0.36439226951921255,0.4476456501453258,8.325338062611326,False
2025-07-18,calm,BTC-25JUL25-122000-C,C,0.019189183250887875,-0.01819954324038362,119582.95,119799.73833450633,0.013,1554.57835,fixed_45pct,SH_numerical,1979.2301389944503,0.016551106482943015,424.65178899445027,0.003544680438355652,0.37457440557739485,0.44156544739736536,6.6991041819970505,False
2025-07-18,calm,BTC-25JUL25-123000-C,C,0.019189168410705226,-0.02636285387954464,119582.95,119799.73833450633,0.0105,1255.620975,fixed_45pct,SH_numerical,1616.0454682206696,0.013514012392407694,360.42449322066955,0.003008558267583922,0.37891150283384417,0.4388421664739665,5.993066364012234,False
2025-07-18,calm,BTC-25JUL25-124000-C,C,0.019200528190005072,-0.03222220044697387,119850.86,120068.13402048998,0.009,1078.6577399999999,fixed_45pct,SH_numerical,1388.4230895426763,0.011584590127619246,309.7653495426764,0.0025799130807664093,0.3828677205678046,0.43686684347078303,5.399912290297842,False
2025-07-18,calm,BTC-25JUL25-125000-C,C,0.01919232692795535,-0.041884474334166366,119655.65,119872.57013015043,0.0065,777.761725,fixed_45pct,SH_numerical,1055.068007222232,0.008817536048003016,277.30628222223197,0.0023133422593771824,0.3794510127716885,0.43357505625802756,5.4124043486339035,False
2025-07-18,calm,BTC-25JUL25-126000-C,C,0.01925509284627093,-0.04688019037768975,120011.85,120229.41587442043,0.006,720.0711,fixed_45pct,SH_numerical,914.3178573822312,0.007618563145074683,194.24675738223118,0.0016156342103925867,0.391898176342931,0.4318491972001174,3.995102085718638,False
2025-07-18,calm,BTC-25JUL25-127000-C,C,0.019210969875697613,-0.05632849095157381,119826.8,120044.0304028394,0.0047,563.18596,fixed_45pct,SH_numerical,673.4678103147612,0.0056203437821485775,110.28185031476119,0.0009186783378122291,0.40248376194094754,0.42856230433068115,2.6078542389733617,False
2025-07-18,calm,BTC-25JUL25-128000-C,C,0.019238515442668695,-0.06441004083090163,119798.24,120015.41862727412,0.0038,455.233312,fixed_45pct,SH_numerical,511.21921864174504,0.00426733496787386,55.98590664174503,0.0004664892834779643,0.4105752237370853,0.4257078345147309,1.513261077764555,False
2025-07-18,calm,BTC-25JUL25-129000-C,C,0.01925860197869102,-0.069754967592972,120090.57,120308.27858354153,0.0033,396.298881,fixed_45pct,SH_numerical,422.8334218792044,0.003520954408653439,26.534540879204428,0.00022055457190154178,0.4159192395583066,0.4237999998111543,0.7880760252847674,False
2025-07-18,calm,BTC-25JUL25-130000-C,C,0.01927477495560629,-0.07488998468862573,120401.65,120619.92253112014,0.0028,337.12462,fixed_45pct,SH_numerical,349.50981168493297,0.00290286563086912,12.385191684932977,0.00010267948631568368,0.41787492885677474,0.4219519519700955,0.40770231133207546,False
2025-07-18,calm,BTC-25JUL25-135000-C,C,0.019235712836123794,-0.11799526947595261,119757.43,119974.53464405217,0.001,119.75743,fixed_45pct,SH_numerical,46.75816334491175,0.0003904406043525796,-72.99926665508825,-0.0006084563434371049,0.4731571603836658,0.4057931650418164,-6.736399534184939,False
2025-07-18,calm,BTC-25JUL25-140000-C,C,0.019189240804160325,-0.1558585526071363,119578.45,119795.23017659163,0.0004,47.83138,fixed_45pct,SH_numerical,4.043724983139223,3.3816502748941995e-05,-43.78765501686078,-0.0003655208554824166,0.5160631864578026,0.39048032419870776,-12.558286225909482,False
2025-07-18,calm,BTC-25JUL25-85000-P,P,0.019207643899036023,0.34537431609896285,119846.81,120064.07667836675,0.0002,23.969362,fixed_45pct,SH_numerical,0.003117833324062175,2.6015154880319093e-08,-23.96624416667594,-0.00019961211404538454,0.9798079943003593,0.5410833069447328,-43.87246873556264,False
2025-07-18,calm,BTC-25JUL25-86000-P,P,0.019182725646879756,0.33146525743545946,119581.88,119798.66639473551,0.0003,35.874564,fixed_45pct,SH_numerical,0.006701676342478075,5.604257386217774e-08,-35.86786232365752,-0.0002994011820254596,0.990066870561742,0.5378377966760471,-45.22290738856949,False
2025-07-18,calm,BTC-25JUL25-94000-P,P,0.019192740360223236,0.2431411665280576,119656.45,119873.37158044637,0.0004,47.86258,fixed_45pct,SH_numerical,0.6607058672837374,5.521690366743601e-06,-47.20187413271626,-0.00039376446587255067,0.7786115257603194,0.5163701200385853,-26.224140572173415,False
2025-07-18,calm,BTC-25JUL25-95000-P,P,0.019255817858954843,0.23583907788660954,120049.57,120267.20425587428,0.0005,60.024785,fixed_45pct,SH_numerical,0.9588343097593741,7.986986623603684e-06,-59.065950690240626,-0.00049112267185138,0.780129530838739,0.5145109746411731,-26.561855619756592,False
2025-09-05,calm,BTC-12SEP25-100000-P,P,0.019275685216894975,0.11675600700641818,112227.1,112384.51858838873,0.0016,179.56336000000002,fixed_45pct,SH_numerical,117.12918190293153,0.0010436800193797356,-62.43417809706848,-0.0005555407353368244,0.5255088756426358,0.48272479860840206,-4.278407703423376,False
2025-09-05,calm,BTC-12SEP25-102000-P,P,0.019195142472095385,0.10350736164550486,112965.05,113123.5036953041,0.0019,214.633595,fixed_45pct,SH_numerical,181.96626580673365,0.0016108191498762992,-32.66732919326637,-0.00028877579040740436,0.4967586039220706,0.47897441310229977,-1.778419081977084,False
2025-09-05,calm,BTC-12SEP25-104000-P,P,0.019209982813292746,0.08235511320561285,112769.32,112927.4991489574,0.0028,315.754096,fixed_45pct,SH_numerical,354.2099031678459,0.003141013027016975,38.455807167845876,0.000340535365235713,0.4583493058356503,0.4728469438947897,1.4497638059139395,False
2025-09-05,calm,BTC-12SEP25-105000-P,P,0.01925216444698123,0.07194971326983772,112675.09,112833.13697452194,0.0038,428.165342,fixed_45pct,SH_numerical,483.00572155538424,0.00428671254272248,54.84037955538423,0.0004860307975640822,0.45263810050821507,0.4697743193437872,1.7136218835572148,False
2025-09-05,calm,BTC-12SEP25-106000-P,P,0.019179347095383055,0.06500921204622485,112961.45,113119.89864565994,0.004,451.8458,fixed_45pct,SH_numerical,586.6941318390805,0.005193755319527861,134.84833183908046,0.001192083209528708,0.4291267661505638,0.46772246007000357,3.859569391943979,False
2025-09-05,calm,BTC-12SEP25-107000-P,P,0.01918688444951801,0.05595607856341437,112999.48,113157.98198953959,0.005,564.9974,fixed_45pct,SH_numerical,753.2801012562242,0.006666226262777707,188.2827012562242,0.0016638923560304316,0.4178744530524224,0.46500330173653565,4.712884868411327,False
2025-09-05,calm,BTC-12SEP25-108000-P,P,0.019204940417300864,0.044791236090479566,112789.22,112947.42706226808,0.007,789.52454,fixed_45pct,SH_numerical,1008.8786906773081,0.0089448148562186,219.3541506773081,0.001942090726479124,0.41439105455733094,0.46160881933585673,4.721776477852579,False
2025-09-05,calm,BTC-12SEP25-109000-P,P,0.019197004185692545,0.03633163622762885,112874.64,113032.96687910215,0.0085,959.4344400000001,fixed_45pct,SH_numerical,1246.9433638022624,0.011047152520727972,287.5089238022623,0.0025435846880828687,0.40254660769347256,0.45901000803396536,5.646340034049279,False
2025-09-05,calm,BTC-12SEP25-110000-P,P,0.019222295630390664,0.02684684142457117,112834.88,112993.15110858796,0.011,1241.1836799999999,fixed_45pct,SH_numerical,1565.1052707240312,0.013870757612575394,323.9215907240314,0.0028667365016906052,0.3977868463769885,0.45605913701198436,5.827229063499583,False
2025-09-05,calm,BTC-12SEP25-112000-P,P,0.019250421296296297,0.008054871698252968,112747.64,112905.78873887823,0.0175,1973.0837000000001,fixed_45pct,SH_numerical,2371.608186509923,0.02103465923109276,398.524486509923,0.003529708183799209,0.38543351593403946,0.4501118539562431,6.467833802220363,False
2025-09-05,calm,BTC-12SEP25-113000-P,P,0.019180962233637747,0.0010180827002609586,112956.66,113115.10192682788,0.02,2259.1332,fixed_45pct,SH_numerical,2739.971018479189,0.02425683459903284,480.8378184791886,0.004250871990463608,0.3708381702182614,0.4478574562278655,7.701928600960412,False
2025-09-05,calm,BTC-12SEP25-114000-C,C,0.019181771530948754,-0.00794589188427329,112939.34,113097.75763242882,0.017,1919.9687800000002,fixed_45pct,SH_numerical,2363.1278738765936,0.02092386828076553,443.1590938765935,0.0039183720628385415,0.37357584871101807,0.4449433456515376,7.136749694051953,False
2025-09-05,calm,BTC-12SEP25-115000-C,C,0.01919768864155251,-0.017444877063790443,112852.94,113011.2364409694,0.0135,1523.51469,fixed_45pct,SH_numerical,1901.6238320725417,0.0168504589430505,378.1091420725418,0.0033457659077117024,0.3788773380532097,0.4418147262123678,6.293738815915805,False
2025-09-05,calm,BTC-12SEP25-116000-C,C,0.019178238362506345,-0.02504274099406845,112972.65,113131.11435566394,0.01,1129.7265,fixed_45pct,SH_numerical,1577.7724460145098,0.013965968276520998,448.0459460145098,0.003960413088533131,0.36077478358399184,0.4392857775193874,7.851099393539557,False
2025-09-05,calm,BTC-12SEP25-119000-C,C,0.019188439022070014,-0.051199131203636346,112902.28,113060.64564914774,0.0045,508.06025999999997,fixed_45pct,SH_numerical,748.2131862803151,0.00662708659453392,240.1529262803151,0.002124107154186638,0.37303527910302875,0.4303561669208336,5.732088781780487,False
2025-09-05,calm,BTC-12SEP25-120000-C,C,0.019187111777016742,-0.058724883100107615,112997.44,113155.93912807459,0.0034,384.19129599999997,fixed_45pct,SH_numerical,584.7576527352072,0.005174963722498556,200.56635673520725,0.0017724775056499502,0.3730510627690631,0.42772172321318985,5.467066044412677,False
2025-09-05,calm,BTC-12SEP25-122000-C,C,0.01923779585235921,-0.07738162734177031,112757.3,112915.46228875667,0.002,225.5146,fixed_45pct,SH_numerical,295.7377361181293,0.0026227812843880554,70.2231361181293,0.0006219089458142495,0.3933909208226637,0.42105179499532586,2.7660874172662164,False
2025-09-05,calm,BTC-12SEP25-124000-C,C,0.019192682775240996,-0.09210675296422283,112930.56,113088.96531690784,0.0012,135.51667199999997,fixed_45pct,SH_numerical,158.59955906343603,0.001404398942708121,23.08288706343606,0.0002041126382114397,0.40242394743262055,0.41564539168195275,1.3221444249332193,False
2025-09-05,calm,BTC-12SEP25-125000-C,C,0.01919271229705733,-0.10012918420998515,112931.66,113090.06685985466,0.001,112.93166000000001,fixed_45pct,SH_numerical,109.47816483487813,0.0009694196015083646,-3.453495165121879,-3.053756409394979e-05,0.41505687105427264,0.4126408915581476,-0.24159794961250425,False
2025-09-05,calm,BTC-12SEP25-130000-C,C,0.019281410736935567,-0.14533875104151395,112257.35,112414.81101942631,0.0005,56.128675,fixed_45pct,SH_numerical,8.24268373871853,7.342667307502386e-05,-47.885991261281475,-0.00042597581961870075,0.5011446594528879,0.39485683898710205,-10.628782046578584,False
2025-09-05,calm,BTC-12SEP25-135000-C,C,0.019249690639269405,-0.17892833399578545,112724.27,112882.38595827167,0.0003,33.817281,fixed_45pct,SH_numerical,0.5893766948479335,5.2284809193968035e-06,-33.227904305152066,-0.0002943586284350435,0.5579418995799535,0.3805404146257186,-17.740148495423497,False
2025-09-05,calm,BTC-12SEP25-90000-P,P,0.01920613267376966,0.2271797296654179,112796.77,112954.98765249399,0.0003,33.839031,fixed_45pct,SH_numerical,1.3270817550386542,1.1765246070775379e-05,-32.51194924496134,-0.00028783101942327994,0.706005887956288,0.5123252274818902,-19.36806604743978,False
2025-09-05,calm,BTC-12SEP25-95000-P,P,0.019275726788432267,0.16805660798038408,112227.92,112385.33973858545,0.0006,67.33675199999999,fixed_45pct,SH_numerical,17.363503341136507,0.00015471643189267438,-49.97324865886348,-0.0004446598531009831,0.5968142022210055,0.4968456288137386,-9.996857340726685,False
2025-09-08,calm,BTC-26SEP25-100000-P,P,0.04938004575722983,0.10918130459910476,111427.43,111536.45527338712,0.0055,612.8508649999999,fixed_45pct,SH_numerical,868.5401612482681,0.007794671036101866,255.6892962482682,0.002292428028320856,0.4252942854232803,0.47496008312429666,4.966579770101637,False
2025-09-08,calm,BTC-26SEP25-104000-P,P,0.04931913457635718,0.06842532088316913,111256.49,111365.3480185179,0.01,1112.5649,fixed_45pct,SH_numerical,1681.1352531120413,0.015110446618548197,568.5703531120412,0.005105451230821807,0.3861035529890402,0.4638865737413227,7.7783020752282495,False
2025-09-08,calm,BTC-26SEP25-106000-P,P,0.04936526531582953,0.0521735881247468,111568.05,111677.21286189603,0.0135,1506.1686750000001,fixed_45pct,SH_numerical,2156.633837587548,0.019330210016107192,650.4651625875479,0.005824511070059888,0.38027621078004964,0.45933104385075635,7.905483307070671,False
2025-09-08,calm,BTC-26SEP25-108000-P,P,0.049377227676306444,0.033294376892421734,111547.18,111656.32244181224,0.0185,2063.62283,fixed_45pct,SH_numerical,2827.9064403347884,0.02535166232203081,764.2836103347886,0.006844964921113909,0.36992211442854706,0.4539457363898698,8.402362196132273,False
2025-09-08,calm,BTC-26SEP25-112000-C,C,0.049381299308726534,-0.00458991904315855,111378.13,111487.10703619834,0.031,3452.72203,fixed_45pct,SH_numerical,4133.011765961283,0.03710792923136062,680.2897359612834,0.006101958818793303,0.37396101099965817,0.4427927689530807,6.88317579534225,False
2025-09-08,calm,BTC-26SEP25-118000-C,C,0.04931762176560122,-0.05783353067919421,111260.37,111369.23181487272,0.011,1223.8640699999999,fixed_45pct,SH_numerical,1796.680114297808,0.01614842836041088,572.816044297808,0.005143395846080639,0.3556424509683776,0.4262295655443071,7.058711457592947,False
2025-09-08,calm,BTC-26SEP25-120000-C,C,0.049414030060882796,-0.07491877410692396,111229.43,111338.26154187837,0.007,778.60601,fixed_45pct,SH_numerical,1295.700136051117,0.011648896663869599,517.094126051117,0.004644352434554756,0.34615162884785744,0.42065767710503277,7.450604825717533,False
2025-09-08,calm,BTC-26SEP25-122000-C,C,0.04935536621638762,-0.09114235839387955,111263.44,111372.30481868955,0.005,556.3172000000001,fixed_45pct,SH_numerical,916.0016813084377,0.008232728390461751,359.6844813084376,0.003229568445171285,0.35351191477453564,0.41524681449902917,6.173489972449353,False
2025-09-08,calm,BTC-26SEP25-126000-C,C,0.04937431100963978,-0.12127513721247028,111500.47,111609.56673878814,0.0023,256.451081,fixed_45pct,SH_numerical,437.71475857083794,0.00392567635428656,181.26367757083796,0.0016240872791404056,0.3565441173046886,0.404838098021395,4.829398071670638,False
2025-09-08,calm,BTC-26SEP25-128000-C,C,0.04942443004819888,-0.1399278749614276,111177.1,111285.88034001044,0.0016,177.88336,fixed_45pct,SH_numerical,256.6432264010822,0.0023084180681190837,78.75986640108218,0.0007077255996937625,0.36957412389554806,0.3981433196844789,2.856919578893086,False
2025-09-08,calm,BTC-26SEP25-132000-C,C,0.04941328982749873,-0.17054942405195644,111193.79,111302.58667020679,0.001,111.19378999999999,fixed_45pct,SH_numerical,92.21730248007415,0.0008293386031726606,-18.97648751992584,-0.00017049457777790732,0.3985993109086635,0.38667752245114295,-1.1921788457520566,False
2025-09-08,calm,BTC-26SEP25-98000-P,P,0.04937899334094368,0.13009839221180905,111507.06,111616.16318672067,0.0039,434.87753399999997,fixed_45pct,SH_numerical,602.4969636038401,0.0054032180886469435,167.6194296038401,0.0015017487146859955,0.43977989698811876,0.48048112022855677,4.070122324043801,False
2023-08-18,shock,BTC-29SEP23-20000-P,P,0.11510144216133943,0.2871070664283846,26449.57,26651.33758029029,0.0043,113.73315099999999,fixed_45pct,BS_fixed,40.88176232671764,0.0015456494123238162,-72.85138867328234,-0.0027334984014895677,0.5484839080351033,0.4499999999999978,-9.848390803510549,False
2023-08-18,shock,BTC-29SEP23-21000-P,P,0.1151080652270421,0.23844619656927588,26452.99,26654.78366937698,0.006,158.71794000000003,fixed_45pct,BS_fixed,91.61727092638384,0.003463399446579908,-67.10066907361619,-0.002517396873519048,0.5113087489522226,0.45000000000000223,-6.130874895222033,False
2023-08-18,shock,BTC-29SEP23-22000-P,P,0.11508866482749873,0.19177193316603847,26448.91,26650.67254555426,0.008,211.59128,fixed_45pct,BS_fixed,184.22300497031105,0.006965239965288212,-27.36827502968896,-0.0010269262429647168,0.4678883768741148,0.44999999999999923,-1.7888376874115541,False
2023-08-18,shock,BTC-29SEP23-23000-P,P,0.1151080652270421,0.14747441836354905,26452.99,26654.78366937698,0.0122,322.72647800000004,fixed_45pct,BS_fixed,335.29959647604556,0.0126753004660738,12.573118476045522,0.0004717021391732572,0.44396277363583636,0.4500000000000012,0.6037226364164816,False
2023-08-18,shock,BTC-29SEP23-24000-P,P,0.1150805249873161,0.10467548288950165,26446.66,26648.405381681438,0.018,476.03988,fixed_45pct,BS_fixed,564.1622195500557,0.021332078211390614,88.12233955005576,0.0033068522595589354,0.4167239773242909,0.4500000000000003,3.3276022675709394,False
2023-08-18,shock,BTC-29SEP23-25000-P,P,0.11510698779173009,0.06427651469221499,26457.85,26659.68074334227,0.0278,735.5282299999999,fixed_45pct,BS_fixed,878.8173334037734,0.033215750085656,143.28910340377354,0.005374749412164554,0.4046273824005224,0.44999999999999996,4.537261759947758,False
2023-08-18,shock,BTC-29SEP23-26000-P,P,0.11507396305809234,0.024152448009356446,26433.96,26635.60850115485,0.042,1110.22632,fixed_45pct,BS_fixed,1303.3321787822517,0.04930521869527879,193.10585878225174,0.0072499135423874095,0.39485703531772953,0.44999999999999907,5.514296468226954,False
2023-08-18,shock,BTC-29SEP23-27000-C,C,0.11507217018645358,-0.013867105272662581,26426.58,26628.172203651997,0.0465,1228.83597,fixed_45pct,BS_fixed,1452.157356644645,0.05495063518036178,223.32138664464492,0.008386658495997592,0.38800458880470867,0.4499999999999995,6.1995411195290835,False
2023-08-18,shock,BTC-29SEP23-28000-C,C,0.1151045541920345,-0.04875362705166406,26465.75,26667.641007606842,0.034,899.8355,fixed_45pct,BS_fixed,1080.9384602527637,0.040842918120694245,181.10296025276364,0.006791112877254674,0.3979936201371984,0.45,5.20063798628016,False
2023-08-18,shock,BTC-29SEP23-29000-C,C,0.11508392941400304,-0.08438730412713888,26451.4,26653.181540240184,0.024,634.8336,fixed_45pct,BS_fixed,771.2426474937928,0.0291569689125639,136.40904749379274,0.005117927377181835,0.4069620583844821,0.45000000000000034,4.303794161551827,False
2023-08-18,shock,BTC-29SEP23-30000-C,C,0.11510564437468289,-0.117722316633254,26466.39,26668.28588977511,0.018,476.39501999999993,fixed_45pct,BS_fixed,545.1592918785875,0.020598173452389523,68.76427187858758,0.0025785036264723894,0.42533302751131896,0.4499999999999995,2.466697248868055,False
2023-08-18,shock,BTC-29SEP23-35000-C,C,0.11513173560375443,-0.2718442812073834,26467.15,26669.051687349933,0.005,132.33575000000002,fixed_45pct,BS_fixed,69.80216225108263,0.0026373131316021043,-62.533587748917384,-0.0023447998257313087,0.5109468815715087,0.45000000000000123,-6.094688157150746,False
2023-10-23,shock,BTC-29DEC23-24000-P,P,0.18356287943937089,0.25144657504154105,30522.92,30861.220798051287,0.0155,473.10526,fixed_45pct,BS_fixed,236.0083521595325,0.0077321682250431,-237.09690784046748,-0.00768268077896124,0.5521860776927368,0.4500000000000006,-10.218607769273614,False
2023-10-23,shock,BTC-29DEC23-25000-P,P,0.18357180704591577,0.21039718454822928,30515.98,30854.20387855805,0.02,610.3196,fixed_45pct,BS_fixed,372.7115143631953,0.012213650499285795,-237.60808563680473,-0.007700995513351394,0.5330994370865297,0.44999999999999923,-8.30994370865305,False
2023-10-23,shock,BTC-29DEC23-27000-P,P,0.18361817858954846,0.13991563467163953,30714.35,31054.772512545544,0.0335,1028.930725,fixed_45pct,BS_fixed,761.7434184024048,0.024800896597271464,-267.1873065975951,-0.0086037438042625,0.5181947188177624,0.44999999999999946,-6.81947188177629,False
2023-10-23,shock,BTC-29DEC23-30000-P,P,0.18359523684043633,0.03561042024272565,30746.78,31087.561950465664,0.071,2183.0213799999997,fixed_45pct,BS_fixed,1841.8534124093364,0.059903944816638896,-341.16796759066324,-0.01097442019204574,0.5166893101865667,0.4499999999999999,-6.668931018656682,False
2023-10-23,shock,BTC-29DEC23-32000-C,C,0.18366562347792997,-0.03032499462871697,30703.86,31044.166246625653,0.08,2456.3088000000002,fixed_45pct,BS_fixed,1973.3310380679993,0.06426980314748697,-482.97776193200093,-0.01555776238585561,0.5410665196592633,0.4500000000000003,-9.106651965926304,False
2023-10-23,shock,BTC-29DEC23-33000-C,C,0.18358757883054286,-0.05990858371648203,30740.36,31081.07079439267,0.0685,2105.71466,fixed_45pct,BS_fixed,1618.7363986669352,0.052658342279236,-486.9782613330649,-0.015668001419723302,0.5431116378172971,0.4499999999999999,-9.31116378172972,False
2023-10-23,shock,BTC-29DEC23-34000-C,C,0.18358160708396754,-0.09095971294653507,30703.55,31043.852810740507,0.059,1811.5094499999998,fixed_45pct,BS_fixed,1291.4534201766762,0.04206202280116391,-520.0560298233236,-0.016752303040278405,0.5531122867754044,0.45000000000000007,-10.311228677540429,False
2023-10-23,shock,BTC-29DEC23-35000-C,C,0.1836686566780822,-0.12070999318483927,30680.14,31020.183345994592,0.0525,1610.70735,fixed_45pct,BS_fixed,1024.7898198591665,0.03340238407840272,-585.9175301408334,-0.018888267796666282,0.572039058687328,0.4500000000000002,-12.203905868732779,False
2023-10-23,shock,BTC-29DEC23-36000-C,C,0.1835759743150685,-0.15049037118516015,30630.8,30970.29648608159,0.044,1347.7551999999998,fixed_45pct,BS_fixed,798.6218548554223,0.026072510507574802,-549.1333451445776,-0.017730968297037922,0.572895930588261,0.45000000000000034,-12.289593058826071,False
2023-10-23,shock,BTC-29DEC23-37000-C,C,0.183654147260274,-0.17732601895184827,30648.06,30987.74778729964,0.039,1195.27434,fixed_45pct,BS_fixed,630.8674390693709,0.02058425358960309,-564.406900930629,-0.01821387294116134,0.5855971385122246,0.45,-13.55971385122246,False
2023-10-23,shock,BTC-29DEC23-38000-C,C,0.18358899429223746,-0.20103240042623854,30738.97,31079.665388327023,0.034,1045.12498,fixed_45pct,BS_fixed,507.16780192318816,0.016499180093646214,-537.9571780768119,-0.017308975864291615,0.5892757699406612,0.4500000000000004,-13.927576994066083,False
2023-10-23,shock,BTC-29DEC23-39000-C,C,0.18357936485286655,-0.228945416295037,30679.47,31019.505920049283,0.0295,905.044365,fixed_45pct,BS_fixed,384.8342717998939,0.012543706648123121,-520.210093200106,-0.01677041841159279,0.5989930988513675,0.45000000000000073,-14.899309885136681,False
2023-10-23,shock,BTC-29DEC23-40000-C,C,0.18358892830416032,-0.2523221163008076,30739.08,31079.776607512074,0.0265,814.5856200000001,fixed_45pct,BS_fixed,302.89792491886413,0.009853838336048578,-511.6876950811359,-0.01646368638819172,0.6097890723353685,0.44999999999999984,-15.978907233536866,False
2023-10-26,shock,BTC-24NOV23-29000-P,P,0.07947974651192288,0.18822759263631017,34693.83,35006.13817785115,0.0105,364.28521500000005,fixed_45pct,BS_fixed,122.75941886958566,0.0035383645699994973,-241.5257961304144,-0.006899527017328377,0.6023579504072346,0.4499999999999991,-15.235795040723549,False
2023-10-26,shock,BTC-24NOV23-30000-P,P,0.07945303063165907,0.1533037230536002,34658.38,34970.36906275475,0.0144,499.08067199999994,fixed_45pct,BS_fixed,226.147642828752,0.006525049434761579,-272.93302917124794,-0.0078046939876861565,0.5817328944373886,0.4500000000000019,-13.173289443738673,False
2023-10-26,shock,BTC-24NOV23-31000-P,P,0.0795225078957382,0.12252552996388377,34728.17,35040.787300909265,0.0195,677.199315,fixed_45pct,BS_fixed,371.4649378175257,0.01069635796581063,-305.73437718247425,-0.008725100111393354,0.5693477656468494,0.45000000000000107,-11.934776564684835,False
2023-10-26,shock,BTC-24NOV23-32000-P,P,0.07950538974505326,0.09114361353680861,34740.91,35053.64198430357,0.0265,920.6341150000001,fixed_45pct,BS_fixed,587.8999277005178,0.016922410141257605,-332.7341872994823,-0.009492143140175708,0.5589459518131343,0.45000000000000046,-10.894595181313388,False
2023-10-26,shock,BTC-24NOV23-36000-C,C,0.07948235724251648,-0.026808401457431037,34735.04,35047.71914352456,0.0535,1858.32464,fixed_45pct,BS_fixed,1360.5160174264802,0.03916840220787079,-497.80862257351987,-0.014203738067374216,0.5771273628622716,0.4500000000000006,-12.7127362862271,False
2023-10-26,shock,BTC-24NOV23-37000-C,C,0.07946918921232876,-0.055543518977004484,34688.66,35000.92163835754,0.044,1526.30104,fixed_45pct,BS_fixed,992.6648079388136,0.028616406858576075,-533.6362320611864,-0.015246348012629874,0.5921937044309735,0.44999999999999896,-14.219370443097457,False
2023-10-26,shock,BTC-24NOV23-38000-C,C,0.07946233647260273,-0.08259121274050377,34675.5,34987.643174191995,0.0365,1265.65575,fixed_45pct,BS_fixed,716.5530324878282,0.02066453353197007,-549.1027175121717,-0.015694189939527203,0.6070749872170453,0.45000000000000095,-15.707498721704438,False
2023-10-26,shock,BTC-24NOV23-40000-C,C,0.07949175386859463,-0.13257348962513577,34720.99,35033.542667724716,0.025,868.02475,fixed_45pct,BS_fixed,362.5281112165365,0.010441180139637048,-505.49663878346354,-0.014428932967979896,0.6275952578211735,0.44999999999999873,-17.75952578211748,False
2023-10-26,shock,BTC-24NOV23-42000-C,C,0.07948895608193811,-0.18074030598792323,34742.64,35055.387557480346,0.017,590.6248800000001,fixed_45pct,BS_fixed,168.8173085763865,0.004859081191768573,-421.8075714236136,-0.012032603283360522,0.6465317003135949,0.45000000000000057,-19.65317003135943,False
2023-10-26,shock,BTC-24NOV23-44000-C,C,0.07947396058472857,-0.22929880043984524,34671.89,34984.000677562995,0.0115,398.72673499999996,fixed_45pct,BS_fixed,69.61628888964879,0.0020078596491177373,-329.1104461103512,-0.009407455972336129,0.6680855118004256,0.45000000000000007,-21.808551180042556,False
2023-10-26,shock,BTC-24NOV23-46000-C,C,0.0794822417237443,-0.27191876802713305,34735.46,35048.1429242958,0.008,277.88368,fixed_45pct,BS_fixed,29.162494856427678,0.0008395597713813975,-248.72118514357234,-0.00709655817373296,0.6846807266510474,0.4500000000000009,-23.46807266510465,False
2023-10-26,shock,BTC-24NOV23-48000-C,C,0.07952338280060882,-0.3143859739479086,34738.67,35051.38182019028,0.0055,191.062685,fixed_45pct,BS_fixed,11.165988771314094,0.0003214282173529987,-179.8966962286859,-0.005132371018966844,0.7002092643869212,0.44999999999999984,-25.020926438692136,False
2024-02-29,shock,BTC-8MAR24-49000-P,P,0.02199230590436327,0.2552934495191499,62813.96,63251.177727365415,0.0018,113.065128,fixed_45pct,BS_fixed,0.05669991474109532,9.026642284787541e-07,-113.00842808525891,-0.0017866612472002428,0.9572479255826316,0.44999999999629997,-50.724792558633155,False
2024-02-29,shock,BTC-8MAR24-50000-P,P,0.02201515379249112,0.23797828311994992,62995.6,63434.08203593629,0.002,125.9912,fixed_45pct,BS_fixed,0.16993151591020164,2.6975140471747495e-06,-125.8212684840898,-0.001983496323203831,0.9197487248111971,0.4500000000009206,-46.974872481027646,False
2024-02-29,shock,BTC-8MAR24-52000-P,P,0.02194171997082699,0.19283265556829868,62623.46,63059.35174860109,0.0033,206.657418,fixed_45pct,BS_fixed,2.1177432814015225,3.3817091572415874e-05,-204.5396747185985,-0.0032436057308999535,0.8597917233622958,0.4500000000000575,-40.979172336223826,False
2024-02-29,shock,BTC-8MAR24-53000-P,P,0.021923783136732624,0.17555044877762052,62734.15,63170.812208388095,0.0039,244.663185,fixed_45pct,BS_fixed,5.048412122392572,8.047310950084718e-05,-239.61477287760744,-0.003793124775523946,0.8301289908398336,0.45000000000002,-38.01289908398136,False
2024-02-29,shock,BTC-8MAR24-54000-P,P,0.021936777524099442,0.1552200670788126,62631.46,63067.407432748674,0.0055,344.47303,fixed_45pct,BS_fixed,13.075868827125081,0.00020877477272803605,-331.3971611728749,-0.005254650138048835,0.8244914591825504,0.45000000000002177,-37.44914591825286,False
2024-02-29,shock,BTC-8MAR24-55000-P,P,0.021980263064434298,0.13995518985585573,62824.93,63262.22408425279,0.007,439.77451,fixed_45pct,BS_fixed,25.600141448674243,0.000407483803780987,-414.17436855132576,-0.0065469460574090355,0.8178040331829347,0.4500000000000265,-36.78040331829082,False
2024-02-29,shock,BTC-8MAR24-55500-P,P,0.021966496797311007,0.1303801064013499,62791.94,63229.00445674919,0.008,502.33552000000003,fixed_45pct,BS_fixed,37.80969795878961,0.0006021425354717438,-464.5258220412104,-0.007346720481088105,0.8106736849327371,0.4499999999999926,-36.06736849327445,False
2024-02-29,shock,BTC-8MAR24-56000-P,P,0.02199303697361745,0.12298714831714998,62890.96,63328.713687285905,0.009,566.01864,fixed_45pct,BS_fixed,50.866177686428784,0.0008087995108745165,-515.1524623135713,-0.00813457959776933,0.8086746569328367,0.44999999999999124,-35.867465693284544,False
2024-02-29,shock,BTC-8MAR24-56500-P,P,0.022008551401572807,0.11733047967461836,63094.57,63533.74091844708,0.009,567.8511299999999,fixed_45pct,BS_fixed,63.467912858371164,0.0010059171947502164,-504.38321714162873,-0.007938824471064329,0.7828393489877864,0.45,-33.28393489877864,False
2024-02-29,shock,BTC-8MAR24-58500-P,P,0.02201215147767631,0.08249221828129787,63091.28,63530.42801834139,0.016,1009.46048,fixed_45pct,BS_fixed,212.0973824956129,0.00336175431051031,-797.363097504387,-0.012550885022751404,0.7886064360043208,0.45000000000000023,-33.860643600432056,False
2024-02-29,shock,BTC-8MAR24-59000-P,P,0.02194114817985794,0.06623308753596721,62604.31,63040.068454672815,0.02,1252.0862,fixed_45pct,BS_fixed,342.68556220158524,0.005473833386257037,-909.4006377984147,-0.014425755873858125,0.7839778365924199,0.4500000000000043,-33.39778365924156,False
2024-02-29,shock,BTC-8MAR24-59500-P,P,0.021938728786149164,0.05759549078129061,62591.87,63027.541865823325,0.023,1439.61301,fixed_45pct,BS_fixed,437.4520870948886,0.006988960181168714,-1002.1609229051114,-0.015900365034679117,0.791945783256986,0.45000000000000284,-34.19457832569831,False
2024-02-29,shock,BTC-8MAR24-61000-P,P,0.021981969178082192,0.03583431811360583,62788.49,63225.530442960546,0.03,1883.6546999999998,fixed_45pct,BS_fixed,772.8983961078851,0.012309555399530792,-1110.7563038921148,-0.017568161091099002,0.7789008673089645,0.4500000000000042,-32.89008673089603,False
2024-02-29,shock,BTC-8MAR24-63000-P,P,0.02197476182775241,0.0014143620096400077,62653.07,63089.16784955234,0.0465,2913.3677549999998,fixed_45pct,BS_fixed,1633.2520413154984,0.026068188539133015,-1280.1157136845013,-0.020290578514796254,0.7937619643239132,0.45000000000000007,-34.37619643239132,False
2024-02-29,shock,BTC-8MAR24-64000-C,C,0.021948678779807204,-0.012177449313743727,62788.33,63225.3693292776,0.0405,2542.927365,fixed_45pct,BS_fixed,1332.3848498816171,0.02122026258512716,-1210.5425151183829,-0.01914646807065499,0.7754547093474637,0.4499999999999993,-32.54547093474645,False
2024-02-29,shock,BTC-8MAR24-64500-C,C,0.0219377195268899,-0.022623661493204078,62621.28,63057.15657467087,0.037,2316.9873599999996,fixed_45pct,BS_fixed,1070.845615967939,0.017100346974190547,-1246.1417440320606,-0.019762098574115174,0.7920393118050524,0.44999999999999934,-34.2039311805053,False
2024-02-29,shock,BTC-8MAR24-65000-C,C,0.021954731703450026,-0.028537415661734043,62734.62,63171.285479831764,0.034,2132.97708,fixed_45pct,BS_fixed,943.7184875676402,0.015043025486846658,-1189.2585924323598,-0.018825936236679018,0.7812824091559047,0.4499999999999995,-33.128240915590524,False
2024-02-29,shock,BTC-8MAR24-66000-C,C,0.021928038115169964,-0.04575243920262514,62612.56,63048.375878950006,0.0285,1784.45796,fixed_45pct,BS_fixed,628.0387515544337,0.010030555395825274,-1156.4192084455663,-0.018341776331651082,0.7967126469085606,0.44999999999999957,-34.6712646908561,False
2024-02-29,shock,BTC-8MAR24-68000-C,C,0.021936975202942667,-0.07549313086279838,62619.59,63055.454811394695,0.0205,1283.701595,fixed_45pct,BS_fixed,280.5276653905436,0.004479870682489994,-1003.1739296094564,-0.01590939170306601,0.8168768323350389,0.4500000000000006,-36.68768323350383,False
2024-02-29,shock,BTC-8MAR24-70000-C,C,0.02193446816336885,-0.10348610645611421,62681.9,63118.198521299186,0.0145,908.88755,fixed_45pct,BS_fixed,114.94362613958707,0.0018337610401022793,-793.943923860413,-0.012578684792350294,0.8293218975745971,0.44999999999999946,-37.93218975745976,False
2024-02-29,shock,BTC-8MAR24-72000-C,C,0.022022204654997466,-0.128176077294097,62900.47,63338.289881816345,0.011,691.90517,fixed_45pct,BS_fixed,47.37411582156713,0.0007531599656022781,-644.5310541784329,-0.010176009730939546,0.8519451234502358,0.449999999999999,-40.194512345023675,False
2024-02-29,shock,BTC-8MAR24-74000-C,C,0.021918328608574327,-0.1593134813666806,62665.76,63101.94617853144,0.007,438.66032,fixed_45pct,BS_fixed,12.707212269761207,0.00020277759768270914,-425.9531077302388,-0.006750237251401236,0.8601658819429434,0.4499999999999974,-41.0165881942946,False
2024-02-29,shock,BTC-8MAR24-76000-C,C,0.02192382290081177,-0.18491983028202047,62732.34,63168.9896098497,0.005,313.6617,fixed_45pct,BS_fixed,3.8144263158487277,6.080478292135648e-05,-309.8472736841513,-0.004905053501692197,0.8778789151018811,0.45000000000000173,-42.78789151018793,False
2025-10-12,shock,BTC-31OCT25-100000-P,P,0.052087223205225776,0.1134745804005474,111825.67,112016.34144251612,0.0085,950.5181950000001,fixed_45pct,BS_fixed,738.0490589533042,0.006599996753458345,-212.4691360466959,-0.0018967691080656259,0.48872009961768237,0.4500000000000029,-3.8720099617679473,False
2025-10-12,shock,BTC-31OCT25-102000-P,P,0.05206753513444952,0.09287038477879103,111736.07,111926.58866756519,0.011,1229.09677,fixed_45pct,BS_fixed,1092.0442204736873,0.009773426078737935,-137.05254952631276,-0.0012244860775072362,0.47085764521211426,0.449999999999999,-2.085764521211525,False
2025-10-12,shock,BTC-31OCT25-105000-P,P,0.052167198598427195,0.06416919607088947,111768.07,111958.64323004766,0.018,2011.82526,fixed_45pct,BS_fixed,1805.0923067828899,0.016150339777566972,-206.7329532171102,-0.0018465117766059784,0.4752016721346993,0.4499999999999999,-2.520167213469943,False
2025-10-12,shock,BTC-31OCT25-106000-P,P,0.05212723709411467,0.0556293671335694,111873.06,112063.81224614252,0.0185,2069.65161,fixed_45pct,BS_fixed,2073.5989271545373,0.01853528389367858,3.947317154537359,3.5223834308503405e-05,0.4495389238843547,0.45000000000000046,0.046107611564577544,False
2025-10-12,shock,BTC-31OCT25-108000-P,P,0.05205597605910705,0.034558320853792596,111607.24,111797.53900242086,0.026,2901.78824,fixed_45pct,BS_fixed,2852.9360666340217,0.02556228490762805,-48.85217336597816,-0.0004369700245809554,0.4551726300251792,0.4499999999999986,-0.5172630025180591,False
2025-10-12,shock,BTC-31OCT25-111000-P,P,0.05206324790715373,0.0072700860374546785,111619.6,111809.92007717972,0.036,4018.3055999999997,fixed_45pct,BS_fixed,4167.899249491424,0.037340209510618415,149.593649491424,0.0013379282391773743,0.4351913599212449,0.44999999999999934,1.4808640078754431,False
2025-10-12,shock,BTC-31OCT25-112000-C,C,0.052089843924403856,-0.0008084556238861046,111719.0,111909.48956189092,0.0405,4524.6195,fixed_45pct,BS_fixed,4540.007377253308,0.04063773733432369,15.387877253308034,0.00013750288124402403,0.44848841053097815,0.4499999999999996,0.15115894690214682,False
2025-10-12,shock,BTC-31OCT25-113000-C,C,0.052057037734652464,-0.010467040071485245,111633.05,111823.39301047313,0.035,3907.1567500000006,fixed_45pct,BS_fixed,4037.9574681069303,0.036171702449291944,130.8007181069297,0.0011697080063979028,0.43713131704674374,0.44999999999999946,1.2868682953255717,False
2025-10-12,shock,BTC-31OCT25-115000-C,C,0.0520629525304414,-0.028232993239539463,111608.31,111798.61082685385,0.0275,3069.228525,fixed_45pct,BS_fixed,3216.649154217721,0.028820875024608124,147.42062921772094,0.001318626663850377,0.43512869546390387,0.4499999999999992,1.487130453609531,False
2025-10-12,shock,BTC-31OCT25-116000-C,C,0.05213238051750381,-0.03598293395140361,111709.71,111900.18372172024,0.0255,2848.597605,fixed_45pct,BS_fixed,2901.9636070887436,0.025977720352946432,53.3660020887437,0.00047690718919155055,0.44452122497236785,0.4500000000000013,0.5478775027633442,False
2025-10-12,shock,BTC-31OCT25-118000-C,C,0.05209595364028412,-0.05305910585990082,111711.75,111902.22720007849,0.02,2234.235,fixed_45pct,BS_fixed,2273.1147260761973,0.020348036138330992,38.87972607619713,0.00034744371983482615,0.44574283688648125,0.45000000000000046,0.42571631135192023,False
2025-10-12,shock,BTC-31OCT25-120000-C,C,0.05207246603881279,-0.06986622417628213,111711.75,111902.22720007849,0.0155,1731.532125,fixed_45pct,BS_fixed,1756.1009095103132,0.0157199301730598,24.568784510313208,0.0002195558133654017,0.4470561834800484,0.45000000000000057,0.29438165199521804,False
2025-10-12,shock,BTC-31OCT25-123000-C,C,0.05207276721841705,-0.09460592334294181,111706.49,111896.95823137043,0.011,1228.7713899999999,fixed_45pct,BS_fixed,1162.4436938702959,0.01040623238515771,-66.32769612970401,-0.0005927569183119132,0.4594238642134572,0.4500000000000013,-0.9423864213455924,False
2025-10-12,shock,BTC-31OCT25-124000-C,C,0.052168613330796546,-0.1020268572931283,111782.06,111972.65708408297,0.011,1229.60266,fixed_45pct,BS_fixed,1022.3847036991287,0.00914623244283679,-207.21795630087126,-0.001850612119932693,0.4806490517167141,0.4500000000000009,-3.064905171671323,False
2025-10-12,shock,BTC-31OCT25-126000-C,C,0.05207268112633181,-0.11867026343721723,111710.2,111900.67455720824,0.008,893.6816,fixed_45pct,BS_fixed,748.0181036686747,0.0066960591214470545,-145.6634963313253,-0.0013017213426792713,0.47538461271102495,0.45000000000000234,-2.5384612711022605,False
2025-10-12,shock,BTC-31OCT25-128000-C,C,0.05207257940131913,-0.13441423406529657,111710.69,111901.16539269626,0.0065,726.1194849999999,fixed_45pct,BS_fixed,548.4399884093258,0.004909467378720209,-177.67949659067415,-0.0015878252560385863,0.48607414142306615,0.4500000000000026,-3.6074141423063533,False
2025-10-12,shock,BTC-31OCT25-130000-C,C,0.05213990093860984,-0.15017151703875645,111682.42,111872.84719015313,0.006,670.09452,fixed_45pct,BS_fixed,395.8982557873632,0.003544857425075166,-274.1962642126368,-0.002450963492031077,0.5135610270361453,0.4500000000000001,-6.356102703614513,False
2025-10-12,shock,BTC-31OCT25-132000-C,C,0.052088215468036526,-0.1647417187802167,111760.32,111950.88001569644,0.0047,525.273504,fixed_45pct,BS_fixed,287.12458638404587,0.0025691102744162314,-238.14891761595413,-0.0021272625778606087,0.5159270086206769,0.45000000000000007,-6.59270086206768,False
2025-10-12,shock,BTC-31OCT25-134000-C,C,0.052096086250634194,-0.18016361651696475,111717.41,111907.89685081757,0.0039,435.697899,fixed_45pct,BS_fixed,201.1744096626816,0.0018007435874379974,-234.5234893373184,-0.002095683110280926,0.5276646781603831,0.4500000000000012,-7.766467816038192,False
2025-10-12,shock,BTC-31OCT25-135000-C,C,0.05209434655631659,-0.18773779517307265,111701.86,111892.32033686124,0.0034,379.786324,fixed_45pct,BS_fixed,167.77844956206343,0.0015020201952059117,-212.00787443793655,-0.0018947491105704931,0.5280995741219837,0.45000000000000184,-7.809957412198187,False
2025-10-12,shock,BTC-31OCT25-138000-C,C,0.052096085299340435,-0.20958009756195858,111717.12,111907.60635634507,0.0027,301.636224,fixed_45pct,BS_fixed,97.06521354098673,0.0008688481545262421,-204.57101045901328,-0.0018280349041476416,0.5481676435365285,0.4499999999999998,-9.816764353652868,False
2025-10-12,shock,BTC-31OCT25-140000-C,C,0.05209608476027397,-0.22396883501405812,111717.12,111907.60635634507,0.0023,256.949376,fixed_45pct,BS_fixed,66.31538886099692,0.0005936009526650609,-190.63398713900307,-0.0017034944571325313,0.5600116814821122,0.4500000000000013,-11.001168148211093,False
2025-10-12,shock,BTC-31OCT25-150000-C,C,0.05207591168822932,-0.2926455113224503,111752.45,111942.99659673589,0.0011,122.927695,fixed_45pct,BS_fixed,8.550149444220937,7.650972702809591e-05,-114.37754555577907,-0.0010217481131741847,0.6154764236351105,0.45000000000000084,-16.54764236351096,False
2025-10-12,shock,BTC-31OCT25-155000-C,C,0.052124018518518514,-0.3236951423764416,111947.09,112137.9684730356,0.0009,100.752381,fixed_45pct,BS_fixed,3.0060800300094193,2.6852685764403698e-05,-97.74630096999059,-0.0008716610644992593,0.6501225753991589,0.44999999999999807,-20.012257539916078,False
2025-10-12,shock,BTC-31OCT25-160000-C,C,0.05206415553652968,-0.3582725650505931,111630.87,111821.20929340401,0.0006,66.978522,fixed_45pct,BS_fixed,0.8372664891619213,7.500313212303383e-06,-66.14125551083808,-0.0005914911484930573,0.6716254835480686,0.4499999999999965,-22.16254835480721,False
2025-10-12,shock,BTC-31OCT25-80000-P,P,0.05205744758371385,0.3348851860062355,111632.05,111822.39130539555,0.0005,55.816025,fixed_45pct,BS_fixed,1.4269381396707645,1.2782513083570216e-05,-54.389086860329236,-0.00048638815737528325,0.6468596191809027,0.4500000000000708,-19.685961918083194,False
2025-10-12,shock,BTC-31OCT25-85000-P,P,0.052081540969051245,0.2746565190074033,111676.26,111866.67668687525,0.001,111.67626,fixed_45pct,BS_fixed,11.524907279217784,0.00010319925899396867,-100.15135272078221,-0.0008952742289923811,0.60023165695229,0.4499999999999914,-15.023165695229856,False
2025-10-12,shock,BTC-31OCT25-90000-P,P,0.052091111364789444,0.21794483265438055,111726.16,111916.66177024638,0.0019,212.279704,fixed_45pct,BS_fixed,62.65865020905173,0.0005608234473381321,-149.62105379094828,-0.0013368970394962746,0.5508721497437815,0.44999999999999646,-10.087214974378506,False
2025-10-12,shock,BTC-31OCT25-95000-P,P,0.05206556941273465,0.16317582850632734,111647.78,111838.14812626585,0.0041,457.75589800000006,fixed_45pct,BS_fixed,252.1010331292397,0.0022580030980395645,-205.65486487076035,-0.0018388615004477269,0.5158050614349488,0.4500000000000043,-6.580506143494446,False
2025-10-12,shock,BTC-31OCT25-98000-P,P,0.052167200152207,0.1331620675578409,111768.07,111958.64323004766,0.007,782.3764900000001,fixed_45pct,BS_fixed,494.3103214813274,0.004422643439054887,-288.0661685186727,-0.002572969448430767,0.5130162051000439,0.45000000000000123,-6.3016205100042635,False
2025-10-15,shock,BTC-28NOV25-105000-P,P,0.12058413067605277,0.07676254098438098,112500.55,113377.49231675502,0.031,3487.51705,fixed_45pct,BS_fixed,3413.398522904647,0.030341171868978837,-74.11852709535287,-0.0006537322847843547,0.4555413905742501,0.44999999999999907,-0.5541390574251015,False
2025-10-15,shock,BTC-28NOV25-108000-P,P,0.12058052454337899,0.048644195714375685,112506.46,113383.44838523283,0.0395,4444.00517,fixed_45pct,BS_fixed,4532.281644024986,0.040284634713642097,88.27647402498587,0.0007785657896473282,0.44393335979563137,0.4499999999999996,0.6066640204368257,False
2025-10-15,shock,BTC-28NOV25-112000-P,P,0.12058052235540336,0.012276551543500845,112506.46,113383.44838523283,0.054,6075.348840000001,fixed_45pct,BS_fixed,6347.8491008888195,0.05642208545970444,272.50026088881896,0.0024033513248156745,0.4324367991472321,0.4500000000000002,1.756320085276808,False
2025-10-15,shock,BTC-28NOV25-118000-C,C,0.12060228662480975,-0.040310948140738614,112461.27,113337.90612897013,0.042,4723.37334,fixed_45pct,BS_fixed,5110.804697856284,0.04544502029771035,387.4313578562842,0.003418374055855735,0.4248791749387655,0.44999999999999984,2.5120825061234364,False
2025-10-15,shock,BTC-28NOV25-120000-C,C,0.12057623370116692,-0.056774007183782255,112499.97,113376.90779565228,0.0355,3993.7489349999996,fixed_45pct,BS_fixed,4428.51096282977,0.03936455238903414,434.76202782977,0.0038346611870326737,0.4210441910725455,0.4499999999999996,2.8955808927454143,False
2025-10-15,shock,BTC-28NOV25-122000-C,C,0.1206567994355657,-0.07290481066199231,112544.81,113422.09732366331,0.03,3376.3442999999997,fixed_45pct,BS_fixed,3825.3282363667627,0.03398937930915484,448.9839363667629,0.003958522606803279,0.41895537528576243,0.44999999999999957,3.1044624714237132,False
2025-10-15,shock,BTC-28NOV25-125000-C,C,0.12055253358066971,-0.09685361047989792,112583.52,113461.10906829553,0.0235,2645.71272,fixed_45pct,BS_fixed,3033.1941402712487,0.026941724155287103,387.4814202712487,0.003415103408146772,0.42107476913457315,0.44999999999999934,2.89252308654262,False
2025-10-15,shock,BTC-28NOV25-126000-C,C,0.1205845284436834,-0.10559163840442144,112496.88,113373.79370908774,0.022,2474.93136,fixed_45pct,BS_fixed,2775.196489044119,0.024669097392248734,300.265129044119,0.0026484526910565097,0.42686447203522104,0.4500000000000003,2.3135527964779246,False
2025-10-15,shock,BTC-28NOV25-130000-C,C,0.12060476407914764,-0.1374546962720417,112428.22,113304.59850406458,0.0155,1742.63741,fixed_45pct,BS_fixed,1973.592325343134,0.017554243279339778,230.95491534313396,0.002038354297993024,0.4293388797607837,0.44999999999999885,2.0661120239215123,False
2025-10-15,shock,BTC-28NOV25-134000-C,C,0.1205624327435312,-0.1663474309186297,112587.15,113464.7673641626,0.011,1238.4586499999998,fixed_45pct,BS_fixed,1414.3716297054088,0.012562460544612852,175.91297970540904,0.0015503753613738114,0.4313451874715906,0.45000000000000046,1.8654812528409837,False
2025-10-15,shock,BTC-28NOV25-135000-C,C,0.12056589770421106,-0.1739762336098013,112565.33,113442.77727715991,0.01,1125.6533,fixed_45pct,BS_fixed,1289.4101515643767,0.01145477165628508,163.7568515643768,0.001443519415645926,0.43172124599741607,0.45000000000000184,1.8278754002585773,False
2025-10-15,shock,BTC-28NOV25-136000-C,C,0.12063656633688483,-0.1808610179775276,112621.1,113498.9820045724,0.009,1013.5899,fixed_45pct,BS_fixed,1186.2637563208555,0.010533228287779603,172.67385632085552,0.0015213692076453973,0.429723772029432,0.4499999999999998,2.027622797056777,False
2025-10-15,shock,BTC-28NOV25-138000-C,C,0.12056584290969051,-0.19595949336575502,112564.84,113442.2834576076,0.008,900.51872,fixed_45pct,BS_fixed,978.4471479085342,0.008692298127093098,77.92842790853422,0.0006869434000564296,0.43991950768916865,0.4500000000000002,1.0080492310831524,False
2025-10-15,shock,BTC-28NOV25-140000-C,C,0.12058338628868594,-0.2108871765934511,112504.19,113381.16069057214,0.007,787.5293300000001,fixed_45pct,BS_fixed,804.2092116269033,0.007148260092596581,16.67988162690324,0.00014711334339241955,0.44760539765994295,0.45000000000000084,0.23946023400578942,False
2025-10-15,shock,BTC-28NOV25-145000-C,C,0.12056629328386606,-0.2454551861842352,112563.08,113440.50973839931,0.0048,540.302784,fixed_45pct,BS_fixed,497.5698344270148,0.004420364425236186,-42.73294957298515,-0.00037669920270571705,0.4581070004542016,0.4500000000000009,-0.8107000454200708,False
2025-10-15,shock,BTC-28NOV25-160000-C,C,0.12061685147133434,-0.34395531601613666,112556.32,113433.69704416751,0.0021,236.368272,fixed_45pct,BS_fixed,102.40046095195585,0.00090977086805926,-133.96781104804415,-0.0011810230516940774,0.5102435511972039,0.4500000000000007,-6.024355119720321,False
2025-10-15,shock,BTC-28NOV25-95000-P,P,0.12059087087772703,0.17671283577088592,112485.57,113362.3955475845,0.0125,1406.069625,fixed_45pct,BS_fixed,1044.5082066241919,0.009285708439084158,-361.5614183758082,-0.003189429939525588,0.4950974062132918,0.45000000000000223,-4.509740621328956,False
2025-10-15,shock,BTC-31OCT25-100000-P,P,0.0438510455035515,0.12036290319860699,112560.11,112790.60980471678,0.0065,731.640715,fixed_45pct,BS_fixed,477.71568918634466,0.0042440940150675465,-253.92502581365534,-0.0022512957971704884,0.508875202296985,0.4500000000000013,-5.887520229698373,False
2025-10-15,shock,BTC-31OCT25-102000-P,P,0.04393798890157281,0.10017071925010844,112516.27,112746.6800294719,0.0075,843.872025,fixed_45pct,BS_fixed,747.397530602172,0.006642572941692538,-96.47449439782804,-0.0008556748134189821,0.46851030935572074,0.45000000000000445,-1.8510309355716292,False
2025-10-15,shock,BTC-31OCT25-105000-P,P,0.04386838777904617,0.07109483569517651,112506.33,112736.71967440953,0.012,1350.0759600000001,fixed_45pct,BS_fixed,1334.2101385991846,0.011858978411251922,-15.865821400815548,-0.00014073339588589238,0.45231874847965386,0.4499999999999982,-0.23187484796556856,False
2025-10-15,shock,BTC-31OCT25-106000-P,P,0.043845579559868085,0.06231678453640306,112585.19,112815.74116336508,0.0145,1632.485255,fixed_45pct,BS_fixed,1570.0817818311561,0.013945722184517841,-62.4034731688439,-0.0005531450888442891,0.4584763327756599,0.45000000000000134,-0.8476332775658568,False
2025-10-15,shock,BTC-31OCT25-107000-P,P,0.043870442732115676,0.05256982862165264,112544.98,112775.44882160876,0.0165,1856.99217,fixed_45pct,BS_fixed,1868.3842278632642,0.01660122226565116,11.3920578632642,0.0001010154070083504,0.4485476973352957,0.4499999999999989,0.14523026647031978,False
2025-10-15,shock,BTC-31OCT25-108000-P,P,0.04387105793378995,0.04292786961189098,112506.77,112737.16057543845,0.019,2137.62863,fixed_45pct,BS_fixed,2202.56057793807,0.019577138139669905,64.9319479380697,0.0005759586954881684,0.4421651809660143,0.4500000000000009,0.7834819033986584,False
2025-10-15,shock,BTC-31OCT25-109000-P,P,0.043870442161339424,0.03405078085441503,112544.98,112775.44882160876,0.0215,2419.7170699999997,fixed_45pct,BS_fixed,2549.152060290737,0.022650073422117428,129.43499029073746,0.0011477231227470547,0.43503706926423374,0.45000000000000095,1.496293073576721,False
2025-10-15,shock,BTC-31OCT25-115000-C,C,0.043895878234398784,-0.019637251393664377,112533.3,112763.7449033866,0.025,2813.3325000000004,fixed_45pct,BS_fixed,3256.1616599216536,0.028935094411357824,442.8291599216532,0.003927052620512551,0.4022854323978657,0.4500000000000006,4.771456760213494,False
2025-10-15,shock,BTC-31OCT25-117000-C,C,0.04392634443176053,-0.03642933655981835,112583.92,112814.46856266797,0.0191,2150.352872,fixed_45pct,BS_fixed,2547.272728055527,0.0226255465972008,396.9198560555269,0.003518341761589202,0.4050658247511369,0.450000000000001,4.493417524886412,False
2025-10-15,shock,BTC-31OCT25-119000-C,C,0.04383585670345003,-0.052827369629507626,112646.03,112876.70575109086,0.0145,1633.3674350000001,fixed_45pct,BS_fixed,1961.1933671868403,0.017410230677342473,327.8259321868402,0.002904283306333752,0.4097148805152116,0.44999999999999873,4.028511948478713,False
2025-10-15,shock,BTC-31OCT25-120000-C,C,0.0438392982623034,-0.06149873850010755,112611.89,112842.49583943802,0.012,1351.34268,fixed_45pct,BS_fixed,1694.816609479407,0.015050068065453896,343.47392947940693,0.003043834921625015,0.4051916683027936,0.4499999999999996,4.480833169720605,False
2025-10-15,shock,BTC-31OCT25-122000-C,C,0.04390731938102486,-0.07866938618360035,112539.69,112770.14798878382,0.0085,956.5873650000001,fixed_45pct,BS_fixed,1250.1563975256163,0.011108582203537403,293.5690325256162,0.0026032512837955548,0.4059307626687711,0.4499999999999999,4.4069237331228805,False
2025-10-15,shock,BTC-31OCT25-123000-C,C,0.043836630358954846,-0.08588832066405638,112646.02,112876.69573061293,0.008,901.1681600000001,fixed_45pct,BS_fixed,1090.7019950995432,0.009682561311083544,189.53383509954313,0.0016791228151458038,0.41991390133814493,0.4499999999999999,3.0086098661854965,False
2025-10-15,shock,BTC-31OCT25-124000-C,C,0.043934850012683914,-0.09668914460443472,112341.88,112571.93291485158,0.006,674.05128,fixed_45pct,BS_fixed,884.3285427086498,0.0078717620063742,210.2772627086498,0.0018679368583615036,0.4122069220885134,0.4500000000000011,3.7793077911487725,False
2025-10-15,shock,BTC-31OCT25-126000-C,C,0.04385783609208524,-0.11088173336188326,112545.15,112775.61916973357,0.0045,506.45317499999993,fixed_45pct,BS_fixed,660.6254234025098,0.005869870211221984,154.17224840250987,0.001367070733351258,0.41733064100285205,0.4499999999999999,3.2669358997147846,False
2025-10-15,shock,BTC-31OCT25-128000-C,C,0.04387056909563673,-0.12675973559490186,112530.56,112760.99929243379,0.0034,382.60390399999994,fixed_45pct,BS_fixed,467.90264781753723,0.004158005148268499,85.29874381753729,0.000756456082801501,0.4279960440495919,0.4499999999999987,2.2003955950406775,False
2025-10-15,shock,BTC-31OCT25-160000-C,C,0.0438652120116692,-0.3504752951362037,112466.21,112696.5175169546,0.0002,22.493242000000002,fixed_45pct,BS_fixed,0.3032253371177414,2.6961461324049363e-06,-22.19001666288226,-0.00019690064211206782,0.6326173828500142,0.45000000000000073,-18.26173828500135,False
2026-02-11,shock,BTC-27FEB26-50000-P,P,0.04384667044013191,0.29547662136586306,67167.74,67188.33369938679,0.0038,255.237412,fixed_45pct,BS_fixed,1.2803798008684013,1.9062421943456803e-05,-253.95703219913162,-0.003779778693952778,0.8872928226189982,0.450000000000196,-43.72928226188022,False
2026-02-11,shock,BTC-27FEB26-56000-P,P,0.04386304322044648,0.18067188320572947,67068.67,67089.23332442109,0.009,603.61803,fixed_45pct,BS_fixed,61.03481904109981,0.0009100347306887077,-542.5832109589002,-0.00808748563774979,0.7527175246370794,0.45000000000000623,-30.27175246370732,False
2026-02-11,shock,BTC-27FEB26-60000-P,P,0.043928380263825464,0.10540338495023399,66649.09,66669.52468075392,0.0175,1166.359075,fixed_45pct,BS_fixed,395.03032428032196,0.005927017522374604,-771.328750719678,-0.011569435276660137,0.6710692616829055,0.4499999999999996,-22.106926168290585,False
2026-02-11,shock,BTC-27FEB26-62000-P,P,0.04389980006976154,0.07446618385979628,66772.68,66793.15257357727,0.023,1535.7716399999997,fixed_45pct,BS_fixed,742.0730357527021,0.01111342297108192,-793.6986042472976,-0.01188293370900533,0.6342267955470648,0.4499999999999981,-18.422679554706672,False
2026-02-11,shock,BTC-27FEB26-63000-P,P,0.043919013793759516,0.05755337668436795,66711.78,66732.23390157353,0.0275,1834.57395,fixed_45pct,BS_fixed,1013.638548256735,0.015194296243582994,-820.935401743265,-0.012301931971198516,0.6234468052495101,0.4499999999999992,-17.344680524951094,False
2026-02-11,shock,BTC-27FEB26-64000-P,P,0.04393731094622019,0.04446981033716263,66889.79,66910.29847962585,0.031,2073.58349,fixed_45pct,BS_fixed,1275.4623545926395,0.019068117190869333,-798.1211354073605,-0.011928225602675915,0.6085710835389333,0.45000000000000095,-15.857108353893235,False
2026-02-11,shock,BTC-27FEB26-65000-P,P,0.04390641273465246,0.027552901210765132,66795.36,66815.83952728902,0.0365,2438.03064,fixed_45pct,BS_fixed,1675.40853866148,0.025082708419589025,-762.62210133852,-0.011413792099806646,0.5932027560511509,0.4499999999999991,-14.32027560511518,False
2026-02-11,shock,BTC-27FEB26-69000-C,C,0.04391132994038559,-0.03216378840713169,66795.53,66816.0095794112,0.0305,2037.263665,fixed_45pct,BS_fixed,1608.7131098510333,0.02408414320316095,-428.5505551489666,-0.00641389029136246,0.5294292268902493,0.4499999999999987,-7.942922689025061,False
2026-02-11,shock,BTC-27FEB26-70000-C,C,0.04389980507990868,-0.04689467314447109,66772.68,66793.15257357727,0.025,1669.317,fixed_45pct,BS_fixed,1279.712516429936,0.019165211227554983,-389.6044835700641,-0.005833000368426805,0.5258724068455114,0.4500000000000009,-7.58724068455105,False
2026-02-11,shock,BTC-27FEB26-71000-C,C,0.043924015379249115,-0.06265349521598987,66667.65,66688.09037126934,0.0195,1300.019175,fixed_45pct,BS_fixed,983.9350938732849,0.014758808715670719,-316.084081126715,-0.004739738075674315,0.5166599269647123,0.4500000000000022,-6.665992696471013,False
2026-02-11,shock,BTC-27FEB26-72000-C,C,0.0438370613267377,-0.07157351709966507,67006.26,67026.80418944976,0.016,1072.10016,fixed_45pct,BS_fixed,843.7351678224833,0.012591885710715437,-228.36499217751668,-0.0034070696781551475,0.5010545756252825,0.45000000000000046,-5.105457562528209,False
2026-02-11,shock,BTC-27FEB26-74000-C,C,0.043848879058853374,-0.09607561904861886,67200.65,67221.25378962723,0.01,672.0065,fixed_45pct,BS_fixed,532.9976643179158,0.007931436144113424,-139.00883568208417,-0.002067929826437339,0.4881327742823931,0.4499999999999992,-3.813277428239392,False
2026-02-11,shock,BTC-27FEB26-75000-C,C,0.04386462756849315,-0.1108414919092983,67110.47,67131.04614034484,0.0085,570.4389950000001,fixed_45pct,BS_fixed,393.68228133851426,0.005866182748213718,-176.75671366148583,-0.002633009968174136,0.50522173581589,0.45000000000000057,-5.522173581588946,False
2026-02-11,shock,BTC-27FEB26-80000-C,C,0.04383695934804668,-0.17701507324576657,67000.83,67021.37252460608,0.0025,167.50207500000002,fixed_45pct,BS_fixed,80.50045583085424,0.0012014844566978385,-87.00161916914578,-0.001298117539105965,0.5159150447657652,0.4499999999999993,-6.591504476576593,False
2026-02-11,shock,BTC-27FEB26-96000-C,C,0.04385354775494673,-0.3582490262206374,67073.74,67094.3048788884,0.0005,33.53687,fixed_45pct,BS_fixed,0.1277365514543902,1.9044196947179356e-06,-33.40913344854561,-0.0004979429104877422,0.7154970496714816,0.44999999999999796,-26.54970496714837,False
2025-07-18,calm,BTC-25JUL25-100000-P,P,0.019282908644089297,0.18692222468893913,120335.2,120553.35206591312,0.0006,72.20111999999999,fixed_45pct,BS_fixed,2.7024194217501645,2.245743075800069e-05,-69.49870057824982,-0.0005764974543408057,0.6539050906453384,0.4499999999998299,-20.390509064550848,False
2025-07-18,calm,BTC-25JUL25-106000-P,P,0.019268694634703196,0.12763339415177855,120212.53,120430.45968115849,0.001,120.21253,fixed_45pct,BS_fixed,53.30292485584839,0.000443405731963618,-66.90960514415161,-0.0005555870609586298,0.5155142968109905,0.45000000000000917,-6.551429681098131,False
2025-07-18,calm,BTC-25JUL25-107000-P,P,0.019190079369609335,0.11267057929076348,119544.44,119761.15852088523,0.0014,167.362216,fixed_45pct,BS_fixed,98.83497716703701,0.0008267634794812457,-68.52723883296298,-0.0005721991977976103,0.4978023382183655,0.45000000000000023,-4.780233821836527,False
2025-07-18,calm,BTC-25JUL25-111000-P,P,0.019195064656265855,0.07783890141761612,119768.16,119985.28409614656,0.0023,275.466768,fixed_45pct,BS_fixed,364.9929924399775,0.003047496032668261,89.52622443997751,0.0007461433717841464,0.41749400562973726,0.449999999999993,3.250599437025575,False
2025-07-18,calm,BTC-25JUL25-113000-P,P,0.019200617357940132,0.06066946051775561,119850.61,120067.8835672725,0.0035,419.47713500000003,fixed_45pct,BS_fixed,636.7286905101188,0.005312686272603191,217.25155551011875,0.0018094060547706372,0.3919309043994135,0.45000000000000123,5.80690956005877,False
2025-07-18,calm,BTC-25JUL25-114000-P,P,0.01918759113394216,0.04959913635940195,119580.09,119796.87314969832,0.005,597.90045,fixed_45pct,BS_fixed,882.0433487134105,0.007376172310235011,284.14289871341055,0.002371872414051619,0.38639159659810096,0.4499999999999978,6.360840340189683,False
2025-07-18,calm,BTC-25JUL25-116000-P,P,0.019190665556823947,0.03229678580475582,119590.78,119807.5825292779,0.008,956.72624,fixed_45pct,BS_fixed,1412.667811700319,0.011812514407049765,455.94157170031895,0.00380561532145846,0.3675013259597831,0.4500000000000013,8.24986740402182,False
2025-07-18,calm,BTC-25JUL25-117000-P,P,0.01917980590436327,0.022701248449335163,119469.84,119686.42328078825,0.0105,1254.43332,fixed_45pct,BS_fixed,1791.589241275927,0.014996163393840044,537.1559212759269,0.004488027184300942,0.36072202278982674,0.44999999999999796,8.927797721017122,False
2025-07-18,calm,BTC-25JUL25-118000-P,P,0.01919117354769153,0.01536547880641431,119610.29,119827.12789837028,0.013,1554.9337699999999,fixed_45pct,BS_fixed,2132.6572379920253,0.017830048217356762,577.7234679920255,0.004821307813386078,0.3586393404255669,0.4500000000000007,9.136065957443378,False
2025-07-18,calm,BTC-25JUL25-119000-P,P,0.019178217751141553,0.005572465666396692,119448.43,119664.974467243,0.017,2030.62331,fixed_45pct,BS_fixed,2645.660313152793,0.022148975195009205,615.0370031527932,0.005139657664165992,0.35620204478953377,0.4499999999999991,9.379795521046535,False
2025-07-18,calm,BTC-25JUL25-120000-C,C,0.01918281919076611,-0.0016784364709748914,119581.97,119798.7565578938,0.0195,2331.848415,fixed_45pct,BS_fixed,2881.207940891967,0.024093999629642888,549.3595258919672,0.004585686376690266,0.36700707554509615,0.44999999999999835,8.29929244549022,False
2025-07-18,calm,BTC-25JUL25-120000-P,P,0.01923264481861999,0.0003823750085032469,119828.66,120045.89377477748,0.02,2396.5732000000003,fixed_45pct,BS_fixed,2964.8016983635634,0.024742008283857662,568.2284983635632,0.004733427196015863,0.36439226951921255,0.44999999999999957,8.560773048078701,False
2025-07-18,calm,BTC-25JUL25-122000-C,C,0.019189183250887875,-0.01819954324038362,119582.95,119799.73833450633,0.013,1554.57835,fixed_45pct,BS_fixed,2033.1611077742377,0.01700209860832366,478.58275777423773,0.0039948564531746555,0.37457440557739485,0.4499999999999989,7.542559442260405,False
2025-07-18,calm,BTC-25JUL25-123000-C,C,0.019189168410705226,-0.02636285387954464,119582.95,119799.73833450633,0.0105,1255.620975,fixed_45pct,BS_fixed,1684.3056667334563,0.01408483121325788,428.68469173345625,0.003578344140756614,0.37891150283384417,0.4499999999999993,7.108849716615512,False
2025-07-18,calm,BTC-25JUL25-124000-C,C,0.019200528190005072,-0.03222220044697387,119850.86,120068.13402048998,0.009,1078.6577399999999,fixed_45pct,BS_fixed,1465.5892822293365,0.012228441933827897,386.9315422293366,0.003222599779582696,0.3828677205678046,0.44999999999999923,6.713227943219463,False
2025-07-18,calm,BTC-25JUL25-125000-C,C,0.01919232692795535,-0.041884474334166366,119655.65,119872.57013015043,0.0065,777.761725,fixed_45pct,BS_fixed,1142.9425641306498,0.00955193143099093,365.1808391306498,0.003046408688277547,0.3794510127716885,0.44999999999999796,7.054898722830943,False
2025-07-18,calm,BTC-25JUL25-126000-C,C,0.01925509284627093,-0.04688019037768975,120011.85,120229.41587442043,0.006,720.0711,fixed_45pct,BS_fixed,1006.4768486702064,0.008386478907459608,286.40574867020644,0.00238216036056731,0.391898176342931,0.44999999999999896,5.810182365706796,False
2025-07-18,calm,BTC-25JUL25-127000-C,C,0.019210969875697613,-0.05632849095157381,119826.8,120044.0304028394,0.0047,563.18596,fixed_45pct,BS_fixed,768.8129804171373,0.006416035314446662,205.62702041713726,0.0017129299951617882,0.40248376194094754,0.44999999999999757,4.7516238059050036,False
2025-07-18,calm,BTC-25JUL25-128000-C,C,0.019238515442668695,-0.06441004083090163,119798.24,120015.41862727412,0.0038,455.233312,fixed_45pct,BS_fixed,606.0871573893236,0.005059232567935251,150.85384538932357,0.0012569538740503235,0.4105752237370853,0.4499999999999997,3.942477626291435,False
2025-07-18,calm,BTC-25JUL25-129000-C,C,0.01925860197869102,-0.069754967592972,120090.57,120308.27858354153,0.0033,396.298881,fixed_45pct,BS_fixed,515.9877432296406,0.004296654959916008,119.68886222964062,0.0009948514236826124,0.4159192395583066,0.4500000000000049,3.4080760441698277,False
2025-07-18,calm,BTC-25JUL25-130000-C,C,0.01927477495560629,-0.07488998468862573,120401.65,120619.92253112014,0.0028,337.12462,fixed_45pct,BS_fixed,439.9165602725857,0.003653741956796985,102.79194027258569,0.000852197034416642,0.41787492885677474,0.45000000000000534,3.21250711432306,False
2025-07-18,calm,BTC-25JUL25-135000-C,C,0.019235712836123794,-0.11799526947595261,119757.43,119974.53464405217,0.001,119.75743,fixed_45pct,BS_fixed,89.93845995081566,0.0007510052608077483,-29.818970049184344,-0.000248544160955932,0.4731571603836658,0.45,-2.3157160383665776,False
2025-07-18,calm,BTC-25JUL25-140000-C,C,0.019189240804160325,-0.1558585526071363,119578.45,119795.23017659163,0.0004,47.83138,fixed_45pct,BS_fixed,16.158305743795356,0.00013512723859353718,-31.673074256204647,-0.0002643934504697305,0.5160631864578026,0.45000000000000295,-6.606318645779963,False
2025-07-18,calm,BTC-25JUL25-85000-P,P,0.019207643899036023,0.34537431609896285,119846.81,120064.07667836675,0.0002,23.969362,fixed_45pct,BS_fixed,1.6426580433255467e-05,1.3706314280084272e-10,-23.969345573419567,-0.00019963794530840202,0.9798079943003593,0.4500000052474646,-52.98079890528946,False
2025-07-18,calm,BTC-25JUL25-86000-P,P,0.019182725646879756,0.33146525743545946,119581.88,119798.66639473551,0.0003,35.874564,fixed_45pct,BS_fixed,5.8498441650878935e-05,4.891915200771132e-10,-35.874505501558346,-0.0002994566348789909,0.990066870561742,0.44999999927642864,-54.00668712853134,False
2025-07-18,calm,BTC-25JUL25-94000-P,P,0.019192740360223236,0.2431411665280576,119656.45,119873.37158044637,0.0004,47.86258,fixed_45pct,BS_fixed,0.07325311773684237,6.121953119689108e-07,-47.78932688226316,-0.00039866507675720127,0.7786115257603194,0.44999999999900286,-32.86115257613166,False
2025-07-18,calm,BTC-25JUL25-95000-P,P,0.019255817858954843,0.23583907788660954,120049.57,120267.20425587428,0.0005,60.024785,fixed_45pct,BS_fixed,0.12532794128032684,1.0439682647786814e-06,-59.899457058719676,-0.0004980531261979009,0.780129530838739,0.4499999999976986,-33.01295308410405,False
2025-09-05,calm,BTC-12SEP25-100000-P,P,0.019275685216894975,0.11675600700641818,112227.1,112384.51858838873,0.0016,179.56336000000002,fixed_45pct,BS_fixed,79.33655559097087,0.0007069286793561526,-100.22680440902914,-0.0008918203829845324,0.5255088756426358,0.45000000000000123,-7.5508875642634585,False
2025-09-05,calm,BTC-12SEP25-102000-P,P,0.019195142472095385,0.10350736164550486,112965.05,113123.5036953041,0.0019,214.633595,fixed_45pct,BS_fixed,134.811298699383,0.0011933894483239108,-79.82229630061701,-0.0007056207922592,0.4967586039220706,0.4499999999999977,-4.6758603922072925,False
2025-09-05,calm,BTC-12SEP25-104000-P,P,0.019209982813292746,0.08235511320561285,112769.32,112927.4991489574,0.0028,315.754096,fixed_45pct,BS_fixed,294.50515024323386,0.0026115715714454413,-21.248945756766147,-0.0001881644941834553,0.4583493058356503,0.4499999999999975,-0.8349305835652798,False
2025-09-05,calm,BTC-12SEP25-105000-P,P,0.01925216444698123,0.07194971326983772,112675.09,112833.13697452194,0.0038,428.165342,fixed_45pct,BS_fixed,419.9546279914855,0.003727129288216992,-8.210714008514515,-7.276864074397328e-05,0.45263810050821507,0.4500000000000027,-0.2638100508212393,False
2025-09-05,calm,BTC-12SEP25-106000-P,P,0.019179347095383055,0.06500921204622485,112961.45,113119.89864565994,0.004,451.8458,fixed_45pct,BS_fixed,523.1980400605659,0.0046316512408486775,71.35224006056586,0.0006307664780011136,0.4291267661505638,0.45000000000000334,2.0873233849439563,False
2025-09-05,calm,BTC-12SEP25-107000-P,P,0.01918688444951801,0.05595607856341437,112999.48,113157.98198953959,0.005,564.9974,fixed_45pct,BS_fixed,691.5380510341598,0.006119833923431859,126.54065103415985,0.001118265356180153,0.4178744530524224,0.45000000000000123,3.2125546947578854,False
2025-09-05,calm,BTC-12SEP25-108000-P,P,0.019204940417300864,0.044791236090479566,112789.22,112947.42706226808,0.007,789.52454,fixed_45pct,BS_fixed,953.780616900242,0.008456310070237581,164.25607690024196,0.0014542701960770417,0.41439105455733094,0.4499999999999998,3.560894544266885,False
2025-09-05,calm,BTC-12SEP25-109000-P,P,0.019197004185692545,0.03633163622762885,112874.64,113032.96687910215,0.0085,959.4344400000001,fixed_45pct,BS_fixed,1200.1626370554807,0.010632704007343728,240.72819705548056,0.002129716698606688,0.40254660769347256,0.45000000000000046,4.74533923065279,False
2025-09-05,calm,BTC-12SEP25-110000-P,P,0.019222295630390664,0.02684684142457117,112834.88,112993.15110858796,0.011,1241.1836799999999,fixed_45pct,BS_fixed,1531.0206717587746,0.013568682589628088,289.83699175877473,0.002565084599510261,0.3977868463769885,0.44999999999999846,5.221315362300993,False
2025-09-05,calm,BTC-12SEP25-112000-P,P,0.019250421296296297,0.008054871698252968,112747.64,112905.78873887823,0.0175,1973.0837000000001,fixed_45pct,BS_fixed,2370.9180679244073,0.021028538317293448,397.83436792440716,0.0035235958436506277,0.38543351593403946,0.4499999999999996,6.456648406596016,False
2025-09-05,calm,BTC-12SEP25-113000-P,P,0.019180962233637747,0.0010180827002609586,112956.66,113115.10192682788,0.02,2259.1332,fixed_45pct,BS_fixed,2753.3464068969624,0.0243752462838133,494.2132068969622,0.00436911781431855,0.3708381702182614,0.44999999999999923,7.916182978173786,False
2025-09-05,calm,BTC-12SEP25-114000-C,C,0.019181771530948754,-0.00794589188427329,112939.34,113097.75763242882,0.017,1919.9687800000002,fixed_45pct,BS_fixed,2394.5777465928636,0.021202335223429354,474.60896659286345,0.00419644895290813,0.37357584871101807,0.45,7.642415128898195,False
2025-09-05,calm,BTC-12SEP25-115000-C,C,0.01919768864155251,-0.017444877063790443,112852.94,113011.2364409694,0.0135,1523.51469,fixed_45pct,BS_fixed,1951.1639058256792,0.01728943796967699,427.6492158256792,0.0037841300501924753,0.3788773380532097,0.4500000000000015,7.1122661946791785,False
2025-09-05,calm,BTC-12SEP25-116000-C,C,0.019178238362506345,-0.02504274099406845,112972.65,113131.11435566394,0.01,1129.7265,fixed_45pct,BS_fixed,1640.170125917609,0.014518293816402546,510.4436259176091,0.004511964978201009,0.36077478358399184,0.45000000000000095,8.92252164160091,False
2025-09-05,calm,BTC-12SEP25-119000-C,C,0.019188439022070014,-0.051199131203636346,112902.28,113060.64564914774,0.0045,508.06025999999997,fixed_45pct,BS_fixed,836.6681755995568,0.007410551634560053,328.6079155995568,0.0029064747836245342,0.37303527910302875,0.45000000000000184,7.696472089697309,False
2025-09-05,calm,BTC-12SEP25-120000-C,C,0.019187111777016742,-0.058724883100107615,112997.44,113155.93912807459,0.0034,384.19129599999997,fixed_45pct,BS_fixed,674.6639958492428,0.005970613102821116,290.4726998492429,0.00256701240860609,0.3730510627690631,0.4500000000000003,7.69489372309372,False
2025-09-05,calm,BTC-12SEP25-122000-C,C,0.01923779585235921,-0.07738162734177031,112757.3,112915.46228875667,0.002,225.5146,fixed_45pct,BS_fixed,378.42983474038516,0.0033561448770091616,152.91523474038516,0.0013542453056547543,0.3933909208226637,0.4500000000000011,5.660907917733743,False
2025-09-05,calm,BTC-12SEP25-124000-C,C,0.019192682775240996,-0.09210675296422283,112930.56,113088.96531690784,0.0012,135.51667199999997,fixed_45pct,BS_fixed,227.64721998830225,0.002015815913675645,92.13054798830228,0.0008146731887600701,0.40242394743262055,0.44999999999999907,4.757605256737851,False
2025-09-05,calm,BTC-12SEP25-125000-C,C,0.01919271229705733,-0.10012918420998515,112931.66,113090.06685985466,0.001,112.93166000000001,fixed_45pct,BS_fixed,169.74007399222012,0.0015030335513727515,56.80841399222011,0.0005023289451461655,0.41505687105427264,0.450000000000001,3.4943128945728374,False
2025-09-05,calm,BTC-12SEP25-130000-C,C,0.019281410736935567,-0.14533875104151395,112257.35,112414.81101942631,0.0005,56.128675,fixed_45pct,BS_fixed,25.617475305831572,0.00022820310033892275,-30.51119969416843,-0.0002714161898906347,0.5011446594528879,0.4500000000000026,-5.114465945288527,False
2025-09-05,calm,BTC-12SEP25-135000-C,C,0.019249690639269405,-0.17892833399578545,112724.27,112882.38595827167,0.0003,33.817281,fixed_45pct,BS_fixed,4.691514902185244,4.161938597770687e-05,-29.125766097814758,-0.0002580186966333388,0.5579418995799535,0.4500000000000039,-10.794189957994965,False
2025-09-05,calm,BTC-12SEP25-90000-P,P,0.01920613267376966,0.2271797296654179,112796.77,112954.98765249399,0.0003,33.839031,fixed_45pct,BS_fixed,0.20635357600077278,1.8294280589840718e-06,-33.632677423999226,-0.0002977529201939285,0.706005887956288,0.45000000000073925,-25.60058879555488,False
2025-09-05,calm,BTC-12SEP25-95000-P,P,0.019275726788432267,0.16805660798038408,112227.92,112385.33973858545,0.0006,67.33675199999999,fixed_45pct,BS_fixed,7.0699558140001155,6.299640779228658e-05,-60.26679618599987,-0.0005362514036633586,0.5968142022210055,0.44999999999994417,-14.681420222106128,False
2025-09-08,calm,BTC-26SEP25-100000-P,P,0.04938004575722983,0.10918130459910476,111427.43,111536.45527338712,0.0055,612.8508649999999,fixed_45pct,BS_fixed,735.8398359361903,0.006603758481517436,122.98897093619041,0.0011026795735504774,0.4252942854232803,0.4500000000000048,2.470571457672449,False
2025-09-08,calm,BTC-26SEP25-104000-P,P,0.04931913457635718,0.06842532088316913,111256.49,111365.3480185179,0.01,1112.5649,fixed_45pct,BS_fixed,1575.7945003108716,0.014163618682477504,463.22960031087155,0.0041595488053774625,0.3861035529890402,0.44999999999999873,6.389644701095854,False
2025-09-08,calm,BTC-26SEP25-106000-P,P,0.04936526531582953,0.0521735881247468,111568.05,111677.21286189603,0.0135,1506.1686750000001,fixed_45pct,BS_fixed,2077.9829211056826,0.018625250876982097,571.8142461056825,0.005120241018307004,0.38027621078004964,0.45000000000000107,6.972378921995142,False
2025-09-08,calm,BTC-26SEP25-108000-P,P,0.049377227676306444,0.033294376892421734,111547.18,111656.32244181224,0.0185,2063.62283,fixed_45pct,BS_fixed,2791.5950462001438,0.025026137336686988,727.972216200144,0.006519758131739598,0.36992211442854706,0.45000000000000046,8.00778855714534,False
2025-09-08,calm,BTC-26SEP25-112000-C,C,0.049381299308726534,-0.00458991904315855,111378.13,111487.10703619834,0.031,3452.72203,fixed_45pct,BS_fixed,4204.2448857423215,0.03774749033533173,751.5228557423216,0.006740894761026603,0.37396101099965817,0.44999999999999984,7.603898900034167,False
2025-09-08,calm,BTC-26SEP25-118000-C,C,0.04931762176560122,-0.05783353067919421,111260.37,111369.23181487272,0.011,1223.8640699999999,fixed_45pct,BS_fixed,1998.7413992837785,0.0179645402876494,774.8773292837786,0.006957732550152135,0.3556424509683776,0.44999999999999973,9.435754903162213,False
2025-09-08,calm,BTC-26SEP25-120000-C,C,0.049414030060882796,-0.07491877410692396,111229.43,111338.26154187837,0.007,778.60601,fixed_45pct,BS_fixed,1518.268526470297,0.01364988138903793,739.6625164702971,0.006643381226067403,0.34615162884785744,0.44999999999999984,10.384837115214241,False
2025-09-08,calm,BTC-26SEP25-122000-C,C,0.04935536621638762,-0.09114235839387955,111263.44,111372.30481868955,0.005,556.3172000000001,fixed_45pct,BS_fixed,1144.638016194113,0.010287638205273116,588.320816194113,0.005282469615331029,0.35351191477453564,0.44999999999999907,9.648808522546343,False
2025-09-08,calm,BTC-26SEP25-126000-C,C,0.04937431100963978,-0.12127513721247028,111500.47,111609.56673878814,0.0023,256.451081,fixed_45pct,BS_fixed,647.3463597669506,0.0058057724758196145,390.89527876695064,0.003502345633881053,0.3565441173046886,0.45000000000000007,9.345588269531147,False
2025-09-08,calm,BTC-26SEP25-128000-C,C,0.04942443004819888,-0.1399278749614276,111177.1,111285.88034001044,0.0016,177.88336,fixed_45pct,BS_fixed,438.69969961381236,0.003945953794565718,260.8163396138124,0.002343660658629318,0.36957412389554806,0.4499999999999993,8.042587610445123,False
2025-09-08,calm,BTC-26SEP25-132000-C,C,0.04941328982749873,-0.17054942405195644,111193.79,111302.58667020679,0.001,111.19378999999999,fixed_45pct,BS_fixed,218.86005295163258,0.001968275862812416,107.66626295163259,0.0009673293871475894,0.3985993109086635,0.4500000000000009,5.140068909133738,False
2025-09-08,calm,BTC-26SEP25-98000-P,P,0.04937899334094368,0.13009839221180905,111507.06,111616.16318672067,0.0039,434.87753399999997,fixed_45pct,BS_fixed,474.6888857208033,0.004257029875245597,39.811351720803316,0.00035668088370143685,0.43977989698811876,0.4500000000000006,1.0220103011881865,False
2023-08-18,shock,BTC-29SEP23-20000-P,P,0.11510144216133943,0.2871070664283846,26449.57,26651.33758029029,0.0043,113.73315099999999,fixed_60pct,DH_PINN,146.73586140644912,0.005547759808815384,33.002710406449125,0.0012383134732740742,0.5484839080351033,0.5810930827702459,3.2609174735142576,False
2023-08-18,shock,BTC-29SEP23-21000-P,P,0.1151080652270421,0.23844619656927588,26452.99,26654.78366937698,0.006,158.71794000000003,fixed_60pct,DH_PINN,247.8994509852295,0.009371320632761342,89.18151098522947,0.0033457975908349953,0.5113087489522226,0.5759036731513223,6.4594924199099735,False
2023-08-18,shock,BTC-29SEP23-22000-P,P,0.11508866482749873,0.19177193316603847,26448.91,26650.67254555426,0.008,211.59128,fixed_60pct,DH_PINN,397.1454288033198,0.015015568838312045,185.5541488033198,0.006962456519104734,0.4678883768741148,0.5710161917906961,10.312781491658129,False
2023-08-18,shock,BTC-29SEP23-23000-P,P,0.1151080652270421,0.14747441836354905,26452.99,26654.78366937698,0.0122,322.72647800000004,fixed_60pct,DH_PINN,604.2277549696119,0.022841567436029418,281.5012769696118,0.01056100400068231,0.44396277363583636,0.5665355194480916,12.25727458122552,False
2023-08-18,shock,BTC-29SEP23-24000-P,P,0.1150805249873161,0.10467548288950165,26446.66,26648.405381681438,0.018,476.03988,fixed_60pct,DH_PINN,881.8071244089585,0.03334285404693668,405.76724440895856,0.015226698881122913,0.4167239773242909,0.5624002485822213,14.567627125793036,False
2023-08-18,shock,BTC-29SEP23-25000-P,P,0.11510698779173009,0.06427651469221499,26457.85,26659.68074334227,0.0278,735.5282299999999,fixed_60pct,DH_PINN,1231.0180179294005,0.046527515196034465,495.48978792940056,0.018585735992098833,0.4046273824005224,0.5586463092097118,15.401892680918944,False
2023-08-18,shock,BTC-29SEP23-26000-P,P,0.11507396305809234,0.024152448009356446,26433.96,26635.60850115485,0.042,1110.22632,fixed_60pct,DH_PINN,1672.3953796695018,0.06326692556353652,562.1690596695018,0.021105921407619715,0.39485703531772953,0.5550689421185611,16.02119068008315,False
2023-08-18,shock,BTC-29SEP23-27000-C,C,0.11507217018645358,-0.013867105272662581,26426.58,26628.172203651997,0.0465,1228.83597,fixed_60pct,DH_PINN,1818.7695082176774,0.0688234916594458,589.9335382176773,0.02215448862602628,0.38800458880470867,0.5517403350833996,16.373574627869093,False
2023-08-18,shock,BTC-29SEP23-28000-C,C,0.1151045541920345,-0.04875362705166406,26465.75,26667.641007606842,0.034,899.8355,fixed_60pct,DH_PINN,1429.8842409561066,0.054027724170148464,530.0487409561066,0.019876101557123566,0.3979936201371984,0.5487299539974977,15.073633386029927,False
2023-08-18,shock,BTC-29SEP23-29000-C,C,0.11508392941400304,-0.08438730412713888,26451.4,26653.181540240184,0.024,634.8336,fixed_60pct,DH_PINN,1087.9657200805361,0.041130742421215366,453.1321200805361,0.017001051803005606,0.4069620583844821,0.5458094892502643,13.884743086578222,False
2023-08-18,shock,BTC-29SEP23-30000-C,C,0.11510564437468289,-0.117722316633254,26466.39,26668.28588977511,0.018,476.39501999999993,fixed_60pct,DH_PINN,823.004398643116,0.03109620914084301,346.6093786431161,0.012997062506218656,0.42533302751131896,0.5431423531474713,11.780932563615231,False
2023-08-18,shock,BTC-29SEP23-35000-C,C,0.11513173560375443,-0.2718442812073834,26467.15,26669.051687349933,0.005,132.33575000000002,fixed_60pct,DH_PINN,158.70772771446948,0.005996404135483778,26.371977714469466,0.0009888607222947722,0.5109468815715087,0.5317961328847487,2.0849251313240003,False
2023-10-23,shock,BTC-29DEC23-24000-P,P,0.18356287943937089,0.25144657504154105,30522.92,30861.220798051287,0.0155,473.10526,fixed_60pct,DH_PINN,482.0677251481652,0.015793630660112638,8.962465148165222,0.00029041187990629173,0.5521860776927368,0.5555875202322021,0.34014425394653935,False
2023-10-23,shock,BTC-29DEC23-25000-P,P,0.18357180704591577,0.21039718454822928,30515.98,30854.20387855805,0.02,610.3196,fixed_60pct,DH_PINN,670.0665810254549,0.021957891603856566,59.74698102545483,0.0019364291900260517,0.5330994370865297,0.5521838885045003,1.908445141797055,False
2023-10-23,shock,BTC-29DEC23-27000-P,P,0.18361817858954846,0.13991563467163953,30714.35,31054.772512545544,0.0335,1028.930725,fixed_60pct,DH_PINN,1145.0057248392518,0.03727917813137025,116.07499983925186,0.003737750768979542,0.5181947188177624,0.5466830547815869,2.8488335963824496,False
2023-10-23,shock,BTC-29DEC23-30000-P,P,0.18359523684043633,0.03561042024272565,30746.78,31087.561950465664,0.071,2183.0213799999997,fixed_60pct,DH_PINN,2298.2240004444766,0.07474681903095143,115.2026204444769,0.003705746389119822,0.5166893101865667,0.5391762156887262,2.248690550215948,False
2023-10-23,shock,BTC-29DEC23-32000-C,C,0.18366562347792997,-0.03032499462871697,30703.86,31044.166246625653,0.08,2456.3088000000002,fixed_60pct,DH_PINN,2422.1730841936733,0.07888822721943342,-34.13571580632697,-0.0010995855238997553,0.5410665196592633,0.5346342693402482,-0.6432250319015176,False
2023-10-23,shock,BTC-29DEC23-33000-C,C,0.18358757883054286,-0.05990858371648203,30740.36,31081.07079439267,0.0685,2105.71466,fixed_60pct,DH_PINN,2051.152545456949,0.06672506585664413,-54.56211454305094,-0.0017554773097744906,0.5431116378172971,0.532733713678264,-1.0377924139033046,False
2023-10-23,shock,BTC-29DEC23-34000-C,C,0.18358160708396754,-0.09095971294653507,30703.55,31043.852810740507,0.059,1811.5094499999998,fixed_60pct,DH_PINN,1697.6080855271216,0.05529028680810921,-113.90136447287819,-0.0036690473043819727,0.5531122867754044,0.5308157982239573,-2.229648855144706,False
2023-10-23,shock,BTC-29DEC23-35000-C,C,0.1836686566780822,-0.12070999318483927,30680.14,31020.183345994592,0.0525,1610.70735,fixed_60pct,DH_PINN,1399.5435103502434,0.04561724654288551,-211.16383964975648,-0.006807304692382565,0.572039058687328,0.5290082719911476,-4.303078669618032,False
2023-10-23,shock,BTC-29DEC23-36000-C,C,0.1835759743150685,-0.15049037118516015,30630.8,30970.29648608159,0.044,1347.7551999999998,fixed_60pct,DH_PINN,1136.8595649134904,0.03711491586617034,-210.8956350865094,-0.006809609820212356,0.572895930588261,0.5272597193323321,-4.563621125592898,False
2023-10-23,shock,BTC-29DEC23-37000-C,C,0.183654147260274,-0.17732601895184827,30648.06,30987.74778729964,0.039,1195.27434,fixed_60pct,DH_PINN,934.4928689914414,0.030491093693742484,-260.7814710085586,-0.008415631648952563,0.5855971385122246,0.525692273418046,-5.990486509417858,False
2023-10-23,shock,BTC-29DEC23-38000-C,C,0.18358899429223746,-0.20103240042623854,30738.97,31079.665388327023,0.034,1045.12498,fixed_60pct,DH_PINN,779.8899762670834,0.02537137634302917,-265.23500373291665,-0.008534036657696266,0.5892757699406612,0.5243613868417015,-6.491438309895969,False
2023-10-23,shock,BTC-29DEC23-39000-C,C,0.18357936485286655,-0.228945416295037,30679.47,31019.505920049283,0.0295,905.044365,fixed_60pct,DH_PINN,619.8855507834124,0.020205223583830242,-285.15881421658753,-0.009192887048283922,0.5989930988513675,0.522826788686685,-7.616631016468256,False
2023-10-23,shock,BTC-29DEC23-40000-C,C,0.18358892830416032,-0.2523221163008076,30739.08,31079.776607512074,0.0265,814.5856200000001,fixed_60pct,DH_PINN,508.2514384639691,0.01653437378294891,-306.33418153603094,-0.009856382991568513,0.6097890723353685,0.5215732986107622,-8.82157737246063,False
2023-10-26,shock,BTC-24NOV23-29000-P,P,0.07947974651192288,0.18822759263631017,34693.83,35006.13817785115,0.0105,364.28521500000005,fixed_60pct,DH_PINN,330.3760930426155,0.009522618086346059,-33.90912195738457,-0.0009686621753335626,0.6023579504072346,0.5844747835511054,-1.788316685612923,False
2023-10-26,shock,BTC-24NOV23-30000-P,P,0.07945303063165907,0.1533037230536002,34658.38,34970.36906275475,0.0144,499.08067199999994,fixed_60pct,DH_PINN,496.0663464216861,0.01431302751085556,-3.0143255783138443,-8.619656180649969e-05,0.5817328944373886,0.5804461455951204,-0.12867488422682039,False
2023-10-26,shock,BTC-24NOV23-31000-P,P,0.0795225078957382,0.12252552996388377,34728.17,35040.787300909265,0.0195,677.199315,fixed_60pct,DH_PINN,698.3084759443044,0.020107839714684203,21.10916094430445,0.0006024168567627101,0.5693477656468494,0.576960824546259,0.7613058899409553,False
2023-10-26,shock,BTC-24NOV23-32000-P,P,0.07950538974505326,0.09114361353680861,34740.91,35053.64198430357,0.0265,920.6341150000001,fixed_60pct,DH_PINN,967.3214550555139,0.027843872110877747,46.6873400555138,0.0013318827206719236,0.5589459518131343,0.5735778892260953,1.4631937412960982,False
2023-10-26,shock,BTC-24NOV23-36000-C,C,0.07948235724251648,-0.026808401457431037,34735.04,35047.71914352456,0.0535,1858.32464,fixed_60pct,DH_PINN,1797.5817300990536,0.051751249749505214,-60.742909900946415,-0.0017331487293708616,0.5771273628622716,0.561659677179137,-1.5467685683134613,False
2023-10-26,shock,BTC-24NOV23-37000-C,C,0.07946918921232876,-0.055543518977004484,34688.66,35000.92163835754,0.044,1526.30104,fixed_60pct,DH_PINN,1399.434483080033,0.04034270805156592,-126.86655691996702,-0.003624663322606164,0.5921937044309735,0.5588435392264348,-3.3350165204538706,False
2023-10-26,shock,BTC-24NOV23-38000-C,C,0.07946233647260273,-0.08259121274050377,34675.5,34987.643174191995,0.0365,1265.65575,fixed_60pct,DH_PINN,1082.8865342639394,0.031229154136607675,-182.76921573606046,-0.005223821874086017,0.6070749872170453,0.556292711309983,-5.078227590706231,False
2023-10-26,shock,BTC-24NOV23-40000-C,C,0.07949175386859463,-0.13257348962513577,34720.99,35033.542667724716,0.025,868.02475,fixed_60pct,DH_PINN,636.651690416235,0.01833621939974163,-231.37305958376498,-0.0066043295072445414,0.6275952578211735,0.5517362782993744,-7.585897952179909,False
2023-10-26,shock,BTC-24NOV23-42000-C,C,0.07948895608193811,-0.18074030598792323,34742.64,35055.387557480346,0.017,590.6248800000001,fixed_60pct,DH_PINN,351.984302664991,0.010131190452567537,-238.64057733500908,-0.006807529283300889,0.6465317003135949,0.5475286119733281,-9.900308834026672,False
2023-10-26,shock,BTC-24NOV23-44000-C,C,0.07947396058472857,-0.22929880043984524,34671.89,34984.000677562995,0.0115,398.72673499999996,fixed_60pct,DH_PINN,177.18549183912145,0.005110349964744392,-221.5412431608785,-0.00633264460525134,0.6680855118004256,0.5434969517248023,-12.458856007562336,False
2023-10-26,shock,BTC-24NOV23-46000-C,C,0.0794822417237443,-0.27191876802713305,34735.46,35048.1429242958,0.008,277.88368,fixed_60pct,DH_PINN,90.23351458929709,0.0025977348389598725,-187.65016541070293,-0.005354068711030665,0.6846807266510474,0.540080161789197,-14.460056486185035,False
2023-10-26,shock,BTC-24NOV23-48000-C,C,0.07952338280060882,-0.3143859739479086,34738.67,35051.38182019028,0.0055,191.062685,fixed_60pct,DH_PINN,42.710859423713586,0.0012294903467436602,-148.3518255762864,-0.004232410189627184,0.7002092643869212,0.5368037674721615,-16.34054969147597,False
2024-02-29,shock,BTC-8MAR24-49000-P,P,0.02199230590436327,0.2552934495191499,62813.96,63251.177727365415,0.0018,113.065128,fixed_60pct,DH_PINN,4.391977293287125,6.992040134529212e-05,-108.67315070671287,-0.001718120588602033,0.9572479255826316,0.6225780838912189,-33.46698416914127,False
2024-02-29,shock,BTC-8MAR24-50000-P,P,0.02201515379249112,0.23797828311994992,62995.6,63434.08203593629,0.002,125.9912,fixed_60pct,DH_PINN,7.93601714454789,0.00012597732452025045,-118.05518285545212,-0.001861068672650961,0.9197487248111971,0.6203168813131437,-29.943184349805342,False
2024-02-29,shock,BTC-8MAR24-52000-P,P,0.02194171997082699,0.19283265556829868,62623.46,63059.35174860109,0.0033,206.657418,fixed_60pct,DH_PINN,32.003977940237284,0.0005110541311552777,-174.65344005976272,-0.002769667546790746,0.8597917233622958,0.6144917301938504,-24.529999316844542,False
2024-02-29,shock,BTC-8MAR24-53000-P,P,0.021923783136732624,0.17555044877762052,62734.15,63170.812208388095,0.0039,244.663185,fixed_60pct,DH_PINN,52.64209150188804,0.0008391297483410238,-192.02109349811195,-0.003039712278269782,0.8301289908398336,0.6121964098723186,-21.7932580967515,False
2024-02-29,shock,BTC-8MAR24-54000-P,P,0.021936777524099442,0.1552200670788126,62631.46,63067.407432748674,0.0055,344.47303,fixed_60pct,DH_PINN,91.72207514324052,0.001464472888596889,-252.75095485675948,-0.004007631915522737,0.8244914591825504,0.6094001207787535,-21.50913384037969,False
2024-02-29,shock,BTC-8MAR24-55000-P,P,0.021980263064434298,0.13995518985585573,62824.93,63262.22408425279,0.007,439.77451,fixed_60pct,DH_PINN,137.14677301405035,0.002182999217254207,-302.6277369859497,-0.004783703724720606,0.8178040331829347,0.6072229876058335,-21.058104557710124,False
2024-02-29,shock,BTC-8MAR24-55500-P,P,0.021966496797311007,0.1303801064013499,62791.94,63229.00445674919,0.008,502.33552000000003,fixed_60pct,DH_PINN,173.65308960582453,0.002765531525317175,-328.6824303941755,-0.005198285711093325,0.8106736849327371,0.6058638807850155,-20.480980414772155,False
2024-02-29,shock,BTC-8MAR24-56000-P,P,0.02199303697361745,0.12298714831714998,62890.96,63328.713687285905,0.009,566.01864,fixed_60pct,DH_PINN,208.43993078887902,0.0033143067109943788,-357.578709211121,-0.005646391476966155,0.8086746569328367,0.6047844377574226,-20.389021917541406,False
2024-02-29,shock,BTC-8MAR24-56500-P,P,0.022008551401572807,0.11733047967461836,63094.57,63533.74091844708,0.009,567.8511299999999,fixed_60pct,DH_PINN,239.34067216550494,0.0037933640274512522,-328.51045783449496,-0.005170645598473041,0.7828393489877864,0.6039603546647697,-17.88789943230167,False
2024-02-29,shock,BTC-8MAR24-58500-P,P,0.02201215147767631,0.08249221828129787,63091.28,63530.42801834139,0.016,1009.46048,fixed_60pct,DH_PINN,516.3079414821143,0.008183507157916502,-493.15253851788566,-0.007762462081563677,0.7886064360043208,0.5990355230102976,-18.957091299402318,False
2024-02-29,shock,BTC-8MAR24-59000-P,P,0.02194114817985794,0.06623308753596721,62604.31,63040.068454672815,0.02,1252.0862,fixed_60pct,DH_PINN,707.9704520373748,0.011308653542182237,-544.1157479626252,-0.008631268355202632,0.7839778365924199,0.5969001291628713,-18.707770742954864,False
2024-02-29,shock,BTC-8MAR24-59500-P,P,0.021938728786149164,0.05759549078129061,62591.87,63027.541865823325,0.023,1439.61301,fixed_60pct,DH_PINN,835.4716664441095,0.013347926279309268,-604.1413435558906,-0.009585354682592914,0.791945783256986,0.5957833439076482,-19.616243934933774,False
2024-02-29,shock,BTC-8MAR24-61000-P,P,0.021981969178082192,0.03583431811360583,62788.49,63225.530442960546,0.03,1883.6546999999998,fixed_60pct,DH_PINN,1243.556048351295,0.0198054778567106,-640.0986516487048,-0.010124053482258647,0.7789008673089645,0.5930357001894564,-18.586516711950807,False
2024-02-29,shock,BTC-8MAR24-63000-P,P,0.02197476182775241,0.0014143620096400077,62653.07,63089.16784955234,0.0465,2913.3677549999998,fixed_60pct,DH_PINN,2150.0369887298248,0.034316546479363656,-763.330766270175,-0.01209923656134563,0.7937619643239132,0.5887357350314132,-20.502622929250002,False
2024-02-29,shock,BTC-8MAR24-64000-C,C,0.021948678779807204,-0.012177449313743727,62788.33,63225.3693292776,0.0405,2542.927365,fixed_60pct,DH_PINN,1840.5106599493063,0.029312941751266617,-702.4167050506937,-0.011109728776632508,0.7754547093474637,0.5869925228601527,-18.846218648731107,False
2024-02-29,shock,BTC-8MAR24-64500-C,C,0.0219377195268899,-0.022623661493204078,62621.28,63057.15657467087,0.037,2316.9873599999996,fixed_60pct,DH_PINN,1559.5231417397029,0.024904044467626705,-757.4642182602968,-0.0120123433945729,0.7920393118050524,0.5856453760716249,-20.639393573342744,False
2024-02-29,shock,BTC-8MAR24-65000-C,C,0.021954731703450026,-0.028537415661734043,62734.62,63171.285479831764,0.034,2132.97708,fixed_60pct,DH_PINN,1419.4996118266001,0.02262705364002524,-713.4774681734,-0.01129433195405192,0.7812824091559047,0.5848706613345914,-19.641174782131333,False
2024-02-29,shock,BTC-8MAR24-66000-C,C,0.021928038115169964,-0.04575243920262514,62612.56,63048.375878950006,0.0285,1784.45796,fixed_60pct,DH_PINN,1049.2075922934393,0.016757142533278296,-735.2503677065606,-0.011661686085589384,0.7967126469085606,0.5826356262005976,-21.407702070796297,False
2024-02-29,shock,BTC-8MAR24-68000-C,C,0.021936975202942667,-0.07549313086279838,62619.59,63055.454811394695,0.0205,1283.701595,fixed_60pct,DH_PINN,583.73891230393,0.009321985536857235,-699.96268269607,-0.011100747505346363,0.8168768323350389,0.5787980961842855,-23.807873615075348,False
2024-02-29,shock,BTC-8MAR24-70000-C,C,0.02193446816336885,-0.10348610645611421,62681.9,63118.198521299186,0.0145,908.88755,fixed_60pct,DH_PINN,308.29572958021504,0.004918417112120326,-600.591820419785,-0.00951535111093381,0.8293218975745971,0.5753698730148205,-25.39520245597766,False
2024-02-29,shock,BTC-8MAR24-72000-C,C,0.022022204654997466,-0.128176077294097,62900.47,63338.289881816345,0.011,691.90517,fixed_60pct,DH_PINN,164.66432160464547,0.002617855186211573,-527.2408483953545,-0.008324204038017752,0.8519451234502358,0.5724494437375505,-27.94956797126853,False
2024-02-29,shock,BTC-8MAR24-74000-C,C,0.021918328608574327,-0.1593134813666806,62665.76,63101.94617853144,0.007,438.66032,fixed_60pct,DH_PINN,65.10817900711446,0.0010389753352885924,-373.55214099288554,-0.005919819650823631,0.8601658819429434,0.5690729624520069,-29.109291949093652,False
2024-02-29,shock,BTC-8MAR24-76000-C,C,0.02192382290081177,-0.18491983028202047,62732.34,63168.9896098497,0.005,313.6617,fixed_60pct,DH_PINN,28.00935690700222,0.00044648991105707554,-285.6523430929978,-0.004522034385182838,0.8778789151018811,0.5664841094482388,-31.13948056536423,False
2025-10-12,shock,BTC-31OCT25-100000-P,P,0.052087223205225776,0.1134745804005474,111825.67,112016.34144251612,0.0085,950.5181950000001,fixed_60pct,DH_PINN,1570.0687221418168,0.014040324749601919,619.5505271418167,0.005530894146009526,0.48872009961768237,0.5876746957155708,9.895459609788848,False
2025-10-12,shock,BTC-31OCT25-102000-P,P,0.05206753513444952,0.09287038477879103,111736.07,111926.58866756519,0.011,1229.09677,fixed_60pct,DH_PINN,2051.791165283707,0.018362836327460837,822.6943952837069,0.0073503034897919,0.47085764521211426,0.5852243260714073,11.436668085929302,False
2025-10-12,shock,BTC-31OCT25-105000-P,P,0.052167198598427195,0.06416919607088947,111768.07,111958.64323004766,0.018,2011.82526,fixed_60pct,DH_PINN,2924.2443941243196,0.0261635044259449,912.4191341243195,0.00814960871086586,0.4752016721346993,0.5819057007791728,10.670402864447349,False
2025-10-12,shock,BTC-31OCT25-106000-P,P,0.05212723709411467,0.0556293671335694,111873.06,112063.81224614252,0.0185,2069.65161,fixed_60pct,DH_PINN,3232.4047588785897,0.028893504467282737,1162.7531488785899,0.010375812901355355,0.4495389238843547,0.5809750307655409,13.143610688118624,False
2025-10-12,shock,BTC-31OCT25-108000-P,P,0.05205597605910705,0.034558320853792596,111607.24,111797.53900242086,0.026,2901.78824,fixed_60pct,DH_PINN,4082.4401141956682,0.03657863158515225,1180.6518741956684,0.010560624900429182,0.4551726300251792,0.5786858131591209,12.351318313394172,False
2025-10-12,shock,BTC-31OCT25-111000-P,P,0.05206324790715373,0.0072700860374546785,111619.6,111809.92007717972,0.036,4018.3055999999997,fixed_60pct,DH_PINN,5437.587269555863,0.04871534452332621,1419.2816695558631,0.012693700778751715,0.4351913599212449,0.5756659708012045,14.047461087995961,False
2025-10-12,shock,BTC-31OCT25-112000-C,C,0.052089843924403856,-0.0008084556238861046,111719.0,111909.48956189092,0.0405,4524.6195,fixed_60pct,DH_PINN,5809.544289584709,0.052001398952592745,1284.9247895847093,0.011481821556107526,0.44848841053097815,0.5747592767701273,12.627086623914913,False
2025-10-12,shock,BTC-31OCT25-113000-C,C,0.052057037734652464,-0.010467040071485245,111633.05,111823.39301047313,0.035,3907.1567500000006,fixed_60pct,DH_PINN,5296.375965962531,0.04744451545454085,1389.2192159625306,0.012423332708500621,0.43713131704674374,0.5737040502833585,13.657273323661473,False
2025-10-12,shock,BTC-31OCT25-115000-C,C,0.0520629525304414,-0.028232993239539463,111608.31,111798.61082685385,0.0275,3069.228525,fixed_60pct,DH_PINN,4434.295618705274,0.03973087325401912,1365.0670937052741,0.01221005416444215,0.43512869546390387,0.5717417077039413,13.661301224003742,False
2025-10-12,shock,BTC-31OCT25-116000-C,C,0.05213238051750381,-0.03598293395140361,111709.71,111900.18372172024,0.0255,2848.597605,fixed_60pct,DH_PINN,4095.0396247843996,0.036657866400193855,1246.4420197843997,0.011138873756312347,0.44452122497236785,0.5708608955795147,12.633967060714685,False
2025-10-12,shock,BTC-31OCT25-118000-C,C,0.05209595364028412,-0.05305910585990082,111711.75,111902.22720007849,0.02,2234.235,fixed_60pct,DH_PINN,3391.8641839111096,0.03036264478813652,1157.6291839111095,0.01034500575079079,0.44574283688648125,0.5690100125785922,12.326717569211093,False
2025-10-12,shock,BTC-31OCT25-120000-C,C,0.05207246603881279,-0.06986622417628213,111711.75,111902.22720007849,0.0155,1731.532125,fixed_60pct,DH_PINN,2783.87234739528,0.0249201390847004,1052.34022239528,0.00940410435722357,0.4470561834800484,0.5672262073200811,12.017002384003273,False
2025-10-12,shock,BTC-31OCT25-123000-C,C,0.05207276721841705,-0.09460592334294181,111706.49,111896.95823137043,0.011,1228.7713899999999,fixed_60pct,DH_PINN,2035.1389078968818,0.018218627296380737,806.367517896882,0.007206339927753424,0.4594238642134572,0.5646767167855381,10.52528525720809,False
2025-10-12,shock,BTC-31OCT25-124000-C,C,0.052168613330796546,-0.1020268572931283,111782.06,111972.65708408297,0.011,1229.60266,fixed_60pct,DH_PINN,1847.3820583554145,0.01652664173799816,617.7793983554145,0.005517234425289284,0.4806490517167141,0.5638909931543932,8.324194143767905,False
2025-10-12,shock,BTC-31OCT25-126000-C,C,0.05207268112633181,-0.11867026343721723,111710.2,111900.67455720824,0.008,893.6816,fixed_60pct,DH_PINN,1459.5981497492442,0.013065934442416577,565.9165497492442,0.005057311334257635,0.47538461271102495,0.5622584818577451,8.687386914672013,False
2025-10-12,shock,BTC-31OCT25-128000-C,C,0.05207257940131913,-0.13441423406529657,111710.69,111901.16539269626,0.0065,726.1194849999999,fixed_60pct,DH_PINN,1156.1333684527037,0.010349353033740134,430.0138834527038,0.003842800760328548,0.48607414142306615,0.5606966546905856,7.462251326751945,False
2025-10-12,shock,BTC-31OCT25-130000-C,C,0.05213990093860984,-0.15017151703875645,111682.42,111872.84719015313,0.006,670.09452,fixed_60pct,DH_PINN,905.5231939114828,0.008108019094782176,235.42867391148286,0.0021044308768804173,0.5135610270361453,0.5591261389757409,4.556511193959567,False
2025-10-12,shock,BTC-31OCT25-132000-C,C,0.052088215468036526,-0.1647417187802167,111760.32,111950.88001569644,0.0047,525.273504,fixed_60pct,DH_PINN,712.1820212348745,0.006372404993425881,186.90851723487447,0.0016695582670602353,0.5159270086206769,0.5577295266443587,4.1802518023681845,False
2025-10-12,shock,BTC-31OCT25-134000-C,C,0.052096086250634194,-0.18016361651696475,111717.41,111907.89685081757,0.0039,435.697899,fixed_60pct,DH_PINN,545.8073217820444,0.0048856066550598005,110.10942278204436,0.0009839289798183703,0.5276646781603831,0.5562464130328779,2.8581734872494824,False
2025-10-12,shock,BTC-31OCT25-135000-C,C,0.05209434655631659,-0.18773779517307265,111701.86,111892.32033686124,0.0034,379.786324,fixed_60pct,DH_PINN,476.5437020758735,0.004266210984095283,96.75737807587353,0.0008647365412083448,0.5280995741219837,0.5555264211540323,2.7426847032048562,False
2025-10-12,shock,BTC-31OCT25-138000-C,C,0.052096085299340435,-0.20958009756195858,111717.12,111907.60635634507,0.0027,301.636224,fixed_60pct,DH_PINN,316.5686686336933,0.0028336629930461265,14.932444633693251,0.00013343547520929165,0.5481676435365285,0.5534733253943149,0.530568185778646,False
2025-10-12,shock,BTC-31OCT25-140000-C,C,0.05209608476027397,-0.22396883501405812,111717.12,111907.60635634507,0.0023,256.949376,fixed_60pct,DH_PINN,238.08691140952018,0.002131158692683093,-18.86246459047979,-0.00016855390982464975,0.5600116814821122,0.5521442883652691,-0.7867393116843147,False
2025-10-12,shock,BTC-31OCT25-150000-C,C,0.05207591168822932,-0.2926455113224503,111752.45,111942.99659673589,0.0011,122.927695,fixed_60pct,DH_PINN,51.24958326539609,0.00045859919192282666,-71.6781117346039,-0.0006403090315048253,0.6154764236351105,0.5461669516877452,-6.930947194736525,False
2025-10-12,shock,BTC-31OCT25-155000-C,C,0.052124018518518514,-0.3236951423764416,111947.09,112137.9684730356,0.0009,100.752381,fixed_60pct,DH_PINN,23.339544905410044,0.00020848728542573143,-77.41283609458995,-0.0006903356387556142,0.6501225753991589,0.5437040844567741,-10.641849094238475,False
2025-10-12,shock,BTC-31OCT25-160000-C,C,0.05206415553652968,-0.3582725650505931,111630.87,111821.20929340401,0.0006,66.978522,fixed_60pct,DH_PINN,8.896285115747771,7.969377212367664e-05,-58.082236884252225,-0.0005194205754996993,0.6716254835480686,0.5412130920602807,-13.041239148778793,False
2025-10-12,shock,BTC-31OCT25-80000-P,P,0.05205744758371385,0.3348851860062355,111632.05,111822.39130539555,0.0005,55.816025,fixed_60pct,DH_PINN,37.5407027247003,0.00033628964732530044,-18.2753222752997,-0.00016343168896637518,0.6468596191809027,0.6150540324850615,-3.1805586695841215,False
2025-10-12,shock,BTC-31OCT25-85000-P,P,0.052081540969051245,0.2746565190074033,111676.26,111866.67668687525,0.001,111.67626,fixed_60pct,DH_PINN,120.87307444696226,0.0010823524574243646,9.196814446962264,8.22122791106503e-05,0.60023165695229,0.6077904433622073,0.7558786409917362,False
2025-10-12,shock,BTC-31OCT25-90000-P,P,0.052091111364789444,0.21794483265438055,111726.16,111916.66177024638,0.0019,212.279704,fixed_60pct,DH_PINN,327.4045341272884,0.0029304196450257343,115.12483012728839,0.0010286656902224983,0.5508721497437815,0.6008157547604845,4.994360501670303,False
2025-10-12,shock,BTC-31OCT25-95000-P,P,0.05206556941273465,0.16317582850632734,111647.78,111838.14812626585,0.0041,457.75589800000006,fixed_60pct,DH_PINN,775.9247336975387,0.006949755146923107,318.16883569753867,0.002844904364281179,0.5158050614349488,0.5939122365519939,7.810717511704512,False
2025-10-12,shock,BTC-31OCT25-98000-P,P,0.052167200152207,0.1331620675578409,111768.07,111958.64323004766,0.007,782.3764900000001,fixed_60pct,DH_PINN,1201.441083054825,0.010749412448965299,419.06459305482485,0.003743030291942262,0.5130162051000439,0.5900673039447485,7.705109884470462,False
2025-10-15,shock,BTC-28NOV25-105000-P,P,0.12058413067605277,0.07676254098438098,112500.55,113377.49231675502,0.031,3487.51705,fixed_60pct,DH_PINN,4890.413573669048,0.0434701303564209,1402.8965236690478,0.01237367748220805,0.4555413905742501,0.5581091065908546,10.256771601660446,False
2025-10-15,shock,BTC-28NOV25-108000-P,P,0.12058052454337899,0.048644195714375685,112506.46,113383.44838523283,0.0395,4444.00517,fixed_60pct,DH_PINN,6083.01087562171,0.05406810307267431,1639.0057056217092,0.014455422982488642,0.44393335979563137,0.5556090108155192,11.16756510198878,False
2025-10-15,shock,BTC-28NOV25-112000-P,P,0.12058052235540336,0.012276551543500845,112506.46,113383.44838523283,0.054,6075.348840000001,fixed_60pct,DH_PINN,7937.151053694562,0.07054840276455736,1861.802213694561,0.01642040562542146,0.4324367991472321,0.5524509323862473,12.001413323901522,False
2025-10-15,shock,BTC-28NOV25-118000-C,C,0.12060228662480975,-0.040310948140738614,112461.27,113337.90612897013,0.042,4723.37334,fixed_60pct,DH_PINN,6632.37933893936,0.05897478606581057,1909.0059989393603,0.016843490974388153,0.4248791749387655,0.5479661223517529,12.308694741298742,False
2025-10-15,shock,BTC-28NOV25-120000-C,C,0.12057623370116692,-0.056774007183782255,112499.97,113376.90779565228,0.0355,3993.7489349999996,fixed_60pct,DH_PINN,5901.577113806957,0.05245847722276687,1907.828178806957,0.01682730827555801,0.4210441910725455,0.5466164286811759,12.55722376086304,False
2025-10-15,shock,BTC-28NOV25-122000-C,C,0.1206567994355657,-0.07290481066199231,112544.81,113422.09732366331,0.03,3376.3442999999997,fixed_60pct,DH_PINN,5240.197019664934,0.046560983306692984,1863.8527196649338,0.016432888860679506,0.41895537528576243,0.5452995858784585,12.634421059269608,False
2025-10-15,shock,BTC-28NOV25-125000-C,C,0.12055253358066971,-0.09685361047989792,112583.52,113461.10906829553,0.0235,2645.71272,fixed_60pct,DH_PINN,4343.15741134382,0.03857720394018432,1697.44469134382,0.014960586101111341,0.42107476913457315,0.5434403098699678,12.236554073539468,False
2025-10-15,shock,BTC-28NOV25-126000-C,C,0.1205845284436834,-0.10559163840442144,112496.88,113373.79370908774,0.022,2474.93136,fixed_60pct,DH_PINN,4041.6093518898074,0.03592641282042495,1566.6779918898073,0.013818696019909463,0.42686447203522104,0.5427501905603819,11.588571852516083,False
2025-10-15,shock,BTC-28NOV25-130000-C,C,0.12060476407914764,-0.1374546962720417,112428.22,113304.59850406458,0.0155,1742.63741,fixed_60pct,DH_PINN,3070.011514906623,0.027306413949332496,1327.3741049066227,0.011715094730766871,0.4293388797607837,0.5402761772183221,11.093729745753839,False
2025-10-15,shock,BTC-28NOV25-134000-C,C,0.1205624327435312,-0.1663474309186297,112587.15,113464.7673641626,0.011,1238.4586499999998,fixed_60pct,DH_PINN,2348.787317634192,0.020861948434028145,1110.328667634192,0.009785669097356162,0.4313451874715906,0.5380964196170323,10.675123214544163,False
2025-10-15,shock,BTC-28NOV25-135000-C,C,0.12056589770421106,-0.1739762336098013,112565.33,113442.77727715991,0.01,1125.6533,fixed_60pct,DH_PINN,2180.392585986647,0.019370019045710143,1054.7392859866472,0.009297544641469245,0.43172124599741607,0.5375294588598042,10.580821286238812,False
2025-10-15,shock,BTC-28NOV25-136000-C,C,0.12063656633688483,-0.1808610179775276,112621.1,113498.9820045724,0.009,1013.5899,fixed_60pct,DH_PINN,2039.209998528238,0.018106820112112544,1025.620098528238,0.009036381475975882,0.429723772029432,0.5370076247411147,10.728385271168273,False
2025-10-15,shock,BTC-28NOV25-138000-C,C,0.12056584290969051,-0.19595949336575502,112564.84,113442.2834576076,0.008,900.51872,fixed_60pct,DH_PINN,1746.8168532308532,0.015518316849478516,846.2981332308532,0.007460164829519739,0.43991950768916865,0.5359290824352,9.600957474603133,False
2025-10-15,shock,BTC-28NOV25-140000-C,C,0.12058338628868594,-0.2108871765934511,112504.19,113381.16069057214,0.007,787.5293300000001,fixed_60pct,DH_PINN,1492.1158311127451,0.013262757868064693,704.586501112745,0.006214317235961518,0.44760539765994295,0.534864161045155,8.725876338521205,False
2025-10-15,shock,BTC-28NOV25-145000-C,C,0.12056629328386606,-0.2454551861842352,112563.08,113440.50973839931,0.0048,540.302784,fixed_60pct,DH_PINN,1014.8130742432519,0.009015505565796991,474.5102902432519,0.004182899841842226,0.4581070004542016,0.532477944898195,7.437094444399339,False
2025-10-15,shock,BTC-28NOV25-160000-C,C,0.12061685147133434,-0.34395531601613666,112556.32,113433.69704416751,0.0021,236.368272,fixed_60pct,DH_PINN,283.5778306448602,0.0025194305450361226,47.20955864486024,0.000416186370320614,0.5102435511972039,0.5260218519921704,1.577830079496656,False
2025-10-15,shock,BTC-28NOV25-95000-P,P,0.12059087087772703,0.17671283577088592,112485.57,113362.3955475845,0.0125,1406.069625,fixed_60pct,DH_PINN,2061.1201804931757,0.01832341855487042,655.0505554931756,0.005778376086082395,0.4950974062132918,0.5675882324593337,7.249082624604187,False
2025-10-15,shock,BTC-31OCT25-100000-P,P,0.0438510455035515,0.12036290319860699,112560.11,112790.60980471678,0.0065,731.640715,fixed_60pct,DH_PINN,1160.1474147114625,0.010306914365235273,428.5066997114625,0.0037991345241715577,0.508875202296985,0.5924546362034055,8.357943390642053,False
2025-10-15,shock,BTC-31OCT25-102000-P,P,0.04393798890157281,0.10017071925010844,112516.27,112746.6800294719,0.0075,843.872025,fixed_60pct,DH_PINN,1563.844640366625,0.013898831167853547,719.9726153666251,0.006385754464596428,0.46851030935572074,0.5898751613554685,12.136485199974773,False
2025-10-15,shock,BTC-31OCT25-105000-P,P,0.04386838777904617,0.07109483569517651,112506.33,112736.71967440953,0.012,1350.0759600000001,fixed_60pct,DH_PINN,2330.345489350857,0.02071301667515825,980.2695293508568,0.008695210683634708,0.45231874847965386,0.5864324613694278,13.411371288977397,False
2025-10-15,shock,BTC-31OCT25-106000-P,P,0.043845579559868085,0.06231678453640306,112585.19,112815.74116336508,0.0145,1632.485255,fixed_60pct,DH_PINN,2614.620662417736,0.023223486698541223,982.1354074177361,0.008705659310393,0.4584763327756599,0.5854317117254899,12.695537894983,False
2025-10-15,shock,BTC-31OCT25-107000-P,P,0.043870442732115676,0.05256982862165264,112544.98,112775.44882160876,0.0165,1856.99217,fixed_60pct,DH_PINN,2960.616894018861,0.026306076859393117,1103.624724018861,0.009786037081214406,0.4485476973352957,0.5843118568189386,13.57641594836429,False
2025-10-15,shock,BTC-31OCT25-108000-P,P,0.04387105793378995,0.04292786961189098,112506.77,112737.16057543845,0.019,2137.62863,fixed_60pct,DH_PINN,3334.8649092848636,0.029641459880901954,1197.2362792848635,0.010619712907207103,0.4421651809660143,0.5832237838091073,14.105860284309301,False
2025-10-15,shock,BTC-31OCT25-109000-P,P,0.043870442161339424,0.03405078085441503,112544.98,112775.44882160876,0.0215,2419.7170699999997,fixed_60pct,DH_PINN,3712.196146161547,0.03298411129631501,1292.4790761615473,0.011460642273355305,0.43503706926423374,0.5822240228112391,14.718695354700534,False
2025-10-15,shock,BTC-31OCT25-115000-C,C,0.043895878234398784,-0.019637251393664377,112533.3,112763.7449033866,0.025,2813.3325000000004,fixed_60pct,DH_PINN,4434.370486901604,0.03940496268128282,1621.0379869016033,0.01437552458275017,0.4022854323978657,0.5760824312805711,17.379699888270544,False
2025-10-15,shock,BTC-31OCT25-117000-C,C,0.04392634443176053,-0.03642933655981835,112583.92,112814.46856266797,0.0191,2150.352872,fixed_60pct,DH_PINN,3670.61709905048,0.03260338686955011,1520.2642270504803,0.013475791238656411,0.4050658247511369,0.5741568907506873,16.90910659995504,False
2025-10-15,shock,BTC-31OCT25-119000-C,C,0.04383585670345003,-0.052827369629507626,112646.03,112876.70575109086,0.0145,1633.3674350000001,fixed_60pct,DH_PINN,3006.459176974044,0.026689437497034244,1373.091741974044,0.012164527063731874,0.4097148805152116,0.5723387352343299,16.262385471911827,False
2025-10-15,shock,BTC-31OCT25-120000-C,C,0.0438392982623034,-0.06149873850010755,112611.89,112842.49583943802,0.012,1351.34268,fixed_60pct,DH_PINN,2691.1651981180357,0.02389770030605148,1339.8225181180358,0.011873386069238047,0.4051916683027936,0.5713702323873506,16.617856408455705,False
2025-10-15,shock,BTC-31OCT25-122000-C,C,0.04390731938102486,-0.07866938618360035,112539.69,112770.14798878382,0.0085,956.5873650000001,fixed_60pct,DH_PINN,2139.2745950117824,0.01900906777877016,1182.6872300117823,0.010487591362648678,0.4059307626687711,0.569471368761505,16.354060609273386,False
2025-10-15,shock,BTC-31OCT25-123000-C,C,0.043836630358954846,-0.08588832066405638,112646.02,112876.69573061293,0.008,901.1681600000001,fixed_60pct,DH_PINN,1931.4434070792126,0.017146130924813967,1030.2752470792125,0.009127439817498084,0.41991390133814493,0.5687282136599194,14.88143123217745,False
2025-10-15,shock,BTC-31OCT25-124000-C,C,0.043934850012683914,-0.09668914460443472,112341.88,112571.93291485158,0.006,674.05128,fixed_60pct,DH_PINN,1650.0931801264376,0.014688139277413173,976.0419001264376,0.008670384125541374,0.4122069220885134,0.5675498425279241,15.534292043941067,False
2025-10-15,shock,BTC-31OCT25-126000-C,C,0.04385783609208524,-0.11088173336188326,112545.15,112775.61916973357,0.0045,506.45317499999993,fixed_60pct,DH_PINN,1328.3860745637323,0.011803139225135267,821.9328995637325,0.007288214470600049,0.41733064100285205,0.5660978189660264,14.876717796317434,False
2025-10-15,shock,BTC-31OCT25-128000-C,C,0.04387056909563673,-0.12675973559490186,112530.56,112760.99929243379,0.0034,382.60390399999994,fixed_60pct,DH_PINN,1028.2892453318696,0.009137866596699329,645.6853413318696,0.005726140645999,0.4279960440495919,0.5644512825640717,13.645523851447983,False
2025-10-15,shock,BTC-31OCT25-160000-C,C,0.0438652120116692,-0.3504752951362037,112466.21,112696.5175169546,0.0002,22.493242000000002,fixed_60pct,DH_PINN,4.501406957594787,4.0024527879038395e-05,-17.991835042405214,-0.0001596485449490348,0.6326173828500142,0.5445067824311511,-8.811060041886309,False
2026-02-11,shock,BTC-27FEB26-50000-P,P,0.04384667044013191,0.29547662136586306,67167.74,67188.33369938679,0.0038,255.237412,fixed_60pct,DH_PINN,27.616075885673197,0.00041115088710254647,-227.62133611432682,-0.0033878104066808294,0.8872928226189982,0.6146703315967303,-27.26224910222679,False
2026-02-11,shock,BTC-27FEB26-56000-P,P,0.04386304322044648,0.18067188320572947,67068.67,67089.23332442109,0.009,603.61803,fixed_60pct,DH_PINN,259.92836393170086,0.0038755556645405503,-343.6896660682991,-0.00512287365703422,0.7527175246370794,0.600302774605463,-15.241475003161643,False
2026-02-11,shock,BTC-27FEB26-60000-P,P,0.043928380263825464,0.10540338495023399,66649.09,66669.52468075392,0.0175,1166.359075,fixed_60pct,DH_PINN,857.3822733260615,0.012864125726638751,-308.97680167393855,-0.004634453345114873,0.6710692616829055,0.5905280125718019,-8.05412491111036,False
2026-02-11,shock,BTC-27FEB26-62000-P,P,0.04389980006976154,0.07446618385979628,66772.68,66793.15257357727,0.023,1535.7716399999997,fixed_60pct,DH_PINN,1320.9611150856838,0.019782957866685654,-214.81052491431592,-0.003216056087151857,0.6342267955470648,0.5868103635055097,-4.74164320415551,False
2026-02-11,shock,BTC-27FEB26-63000-P,P,0.043919013793759516,0.05755337668436795,66711.78,66732.23390157353,0.0275,1834.57395,fixed_60pct,DH_PINN,1646.300805245995,0.02467781260290154,-188.273144754005,-0.002821322376704754,0.6234468052495101,0.5848548424048174,-3.8591962844692684,False
2026-02-11,shock,BTC-27FEB26-64000-P,P,0.04393731094622019,0.04446981033716263,66889.79,66910.29847962585,0.031,2073.58349,fixed_60pct,DH_PINN,1944.3873265254763,0.029068521915309894,-129.1961634745237,-0.0019308860729991193,0.6085710835389333,0.5833674804141096,-2.5203603124823726,False
2026-02-11,shock,BTC-27FEB26-65000-P,P,0.04390641273465246,0.027552901210765132,66795.36,66815.83952728902,0.0365,2438.03064,fixed_60pct,DH_PINN,2375.1343917093177,0.03555837399048853,-62.89624829068225,-0.0009413373944810508,0.5932027560511509,0.5814737411060189,-1.172901494513201,False
2026-02-11,shock,BTC-27FEB26-69000-C,C,0.04391132994038559,-0.03216378840713169,66795.53,66816.0095794112,0.0305,2037.263665,fixed_60pct,DH_PINN,2283.779683245299,0.034190606515814743,246.51601824529916,0.0036894753188203124,0.5294292268902493,0.5746484776995855,4.52192508093362,False
2026-02-11,shock,BTC-27FEB26-70000-C,C,0.04389980507990868,-0.04689467314447109,66772.68,66793.15257357727,0.025,1669.317,fixed_60pct,DH_PINN,1916.6819874624714,0.028704583782805656,247.3649874624714,0.0037034483016800527,0.5258724068455114,0.5729808883005326,4.710848145502123,False
2026-02-11,shock,BTC-27FEB26-71000-C,C,0.043924015379249115,-0.06265349521598987,66667.65,66688.09037126934,0.0195,1300.019175,fixed_60pct,DH_PINN,1569.3273500282983,0.023539563041869608,269.30817502829836,0.00403832488723237,0.5166599269647123,0.5712083357940324,5.454840882932011,False
2026-02-11,shock,BTC-27FEB26-72000-C,C,0.0438370613267377,-0.07157351709966507,67006.26,67026.80418944976,0.016,1072.10016,fixed_60pct,DH_PINN,1398.9550080320273,0.020877974804623143,326.85484803202735,0.004876479670851969,0.5010545756252825,0.5702657388792386,6.921116325395604,False
2026-02-11,shock,BTC-27FEB26-74000-C,C,0.043848879058853374,-0.09607561904861886,67200.65,67221.25378962723,0.01,672.0065,fixed_60pct,DH_PINN,992.1220538194214,0.014763578236511424,320.1155538194214,0.004762118166097309,0.4881327742823931,0.5676474227920544,7.951464850966127,False
2026-02-11,shock,BTC-27FEB26-75000-C,C,0.04386462756849315,-0.1108414919092983,67110.47,67131.04614034484,0.0085,570.4389950000001,fixed_60pct,DH_PINN,791.3944706687168,0.011792414367962507,220.95547566871676,0.0032914052196771223,0.50522173581589,0.5660994296252789,6.08776938093889,False
2026-02-11,shock,BTC-27FEB26-80000-C,C,0.04383695934804668,-0.17701507324576657,67000.83,67021.37252460608,0.0025,167.50207500000002,fixed_60pct,DH_PINN,244.55526224286098,0.003650033324107492,77.05318724286096,0.0011496808307614383,0.5159150447657652,0.5593772265514206,4.346218178565541,False
2026-02-11,shock,BTC-27FEB26-96000-C,C,0.04385354775494673,-0.3582490262206374,67073.74,67094.3048788884,0.0005,33.53687,fixed_60pct,DH_PINN,2.072226236999736,3.089474713948761e-05,-31.464643763000264,-0.00046896146878333317,0.7154970496714816,0.543977948402972,-17.151910126850968,False
2025-07-18,calm,BTC-25JUL25-100000-P,P,0.019282908644089297,0.18692222468893913,120335.2,120553.35206591312,0.0006,72.20111999999999,fixed_60pct,DH_PINN,47.54390423142736,0.000395095568307755,-24.657215768572627,-0.00020453363880824465,0.6539050906453384,0.6154846329174642,-3.842045772787417,False
2025-07-18,calm,BTC-25JUL25-106000-P,P,0.019268694634703196,0.12763339415177855,120212.53,120430.45968115849,0.001,120.21253,fixed_60pct,DH_PINN,270.03568020102585,0.0022463189170132754,149.82315020102584,0.0012440635915339437,0.5155142968109905,0.607239451168182,9.172515435719152,False
2025-07-18,calm,BTC-25JUL25-107000-P,P,0.019190079369609335,0.11267057929076348,119544.44,119761.15852088523,0.0014,167.362216,fixed_60pct,DH_PINN,392.8017606268979,0.0032858220811181004,225.43954462689788,0.0018824095175029834,0.4978023382183655,0.6051095589023037,10.730722068393817,False
2025-07-18,calm,BTC-25JUL25-111000-P,P,0.019195064656265855,0.07783890141761612,119768.16,119985.28409614656,0.0023,275.466768,fixed_60pct,DH_PINN,900.8412453850541,0.00752154199734766,625.3744773850541,0.00521209315038942,0.41749400562973726,0.6001004335797108,18.260642794997352,False
2025-07-18,calm,BTC-25JUL25-113000-P,P,0.019200617357940132,0.06066946051775561,119850.61,120067.8835672725,0.0035,419.47713500000003,fixed_60pct,DH_PINN,1303.6643039310793,0.010877410669257999,884.1871689310792,0.007364060585241186,0.3919309043994135,0.5977628979783749,20.583199357896138,False
2025-07-18,calm,BTC-25JUL25-114000-P,P,0.01918759113394216,0.04959913635940195,119580.09,119796.87314969832,0.005,597.90045,fixed_60pct,DH_PINN,1626.2503099743597,0.013599674577719082,1028.3498599743598,0.008584112697911008,0.38639159659810096,0.5963217537117025,20.99301571136015,False
2025-07-18,calm,BTC-25JUL25-116000-P,P,0.019190665556823947,0.03229678580475582,119590.78,119807.5825292779,0.008,956.72624,fixed_60pct,DH_PINN,2260.4331577628022,0.018901399905266965,1303.7069177628023,0.010881672847744921,0.3675013259597831,0.5941200410763607,22.661871511657765,False
2025-07-18,calm,BTC-25JUL25-117000-P,P,0.01917980590436327,0.022701248449335163,119469.84,119686.42328078825,0.0105,1254.43332,fixed_60pct,DH_PINN,2679.549900791077,0.02242867238117233,1425.116580791077,0.011907086382285041,0.36072202278982674,0.5929173922098843,23.219536942005753,False
2025-07-18,calm,BTC-25JUL25-118000-P,P,0.01919117354769153,0.01536547880641431,119610.29,119827.12789837028,0.013,1554.9337699999999,fixed_60pct,DH_PINN,3043.817506878895,0.025447789708384582,1488.8837368788952,0.012425264320293743,0.3586393404255669,0.5919794217351538,23.334008130958694,False
2025-07-18,calm,BTC-25JUL25-119000-P,P,0.019178217751141553,0.005572465666396692,119448.43,119664.974467243,0.017,2030.62331,fixed_60pct,DH_PINN,3569.9807358595062,0.029887213551986463,1539.3574258595063,0.012863892987173862,0.35620204478953377,0.5907205760918252,23.45185313022914,False
2025-07-18,calm,BTC-25JUL25-120000-C,C,0.01918281919076611,-0.0016784364709748914,119581.97,119798.7565578938,0.0195,2331.848415,fixed_60pct,DH_PINN,3806.2794905740857,0.03182987778654329,1474.4310755740858,0.012307565770614273,0.36700707554509615,0.5897640826658588,22.27570071207626,False
2025-07-18,calm,BTC-25JUL25-120000-P,P,0.01923264481861999,0.0003823750085032469,119828.66,120045.89377477748,0.02,2396.5732000000003,fixed_60pct,DH_PINN,3893.905435541682,0.03249561027838984,1497.3322355416817,0.012472998354703259,0.36439226951921255,0.5900104990090036,22.561822948979106,False
2025-07-18,calm,BTC-25JUL25-122000-C,C,0.019189183250887875,-0.01819954324038362,119582.95,119799.73833450633,0.013,1554.57835,fixed_60pct,DH_PINN,2922.140093560706,0.024436093051398267,1367.5617435607062,0.011415398418836134,0.37457440557739485,0.5875618478677748,21.298744229037993,False
2025-07-18,calm,BTC-25JUL25-123000-C,C,0.019189168410705226,-0.02636285387954464,119582.95,119799.73833450633,0.0105,1255.620975,fixed_60pct,DH_PINN,2538.5891822198314,0.021228688389271475,1282.9682072198314,0.010709273868675,0.37891150283384417,0.5864714173409492,20.755991450710503,False
2025-07-18,calm,BTC-25JUL25-124000-C,C,0.019200528190005072,-0.03222220044697387,119850.86,120068.13402048998,0.009,1078.6577399999999,fixed_60pct,DH_PINN,2291.1054692965245,0.019116303957239227,1212.4477292965246,0.010097997601008914,0.3828677205678046,0.5856800564629464,20.28123358951418,False
2025-07-18,calm,BTC-25JUL25-125000-C,C,0.01919232692795535,-0.041884474334166366,119655.65,119872.57013015043,0.0065,777.761725,fixed_60pct,DH_PINN,1906.7972913084238,0.015935706264672198,1129.0355663084238,0.00941863151080005,0.3794510127716885,0.5843793193080012,20.492830653631273,False
2025-07-18,calm,BTC-25JUL25-126000-C,C,0.01925509284627093,-0.04688019037768975,120011.85,120229.41587442043,0.006,720.0711,fixed_60pct,DH_PINN,1739.3166584213889,0.01449287431550625,1019.2455584213889,0.008477505700318718,0.391898176342931,0.5836747513362383,19.177657499330724,False
2025-07-18,calm,BTC-25JUL25-127000-C,C,0.019210969875697613,-0.05632849095157381,119826.8,120044.0304028394,0.0047,563.18596,fixed_60pct,DH_PINN,1428.844236639814,0.011924245967010836,865.658276639814,0.0072111730482129705,0.40248376194094754,0.5824190214407919,17.99352594998444,False
2025-07-18,calm,BTC-25JUL25-128000-C,C,0.019238515442668695,-0.06441004083090163,119798.24,120015.41862727412,0.0038,455.233312,fixed_60pct,DH_PINN,1203.2712294975756,0.010044147806324831,748.0379174975756,0.006232848462752269,0.4105752237370853,0.5813303422935425,17.07551185564572,False
2025-07-18,calm,BTC-25JUL25-129000-C,C,0.01925860197869102,-0.069754967592972,120090.57,120308.27858354153,0.0033,396.298881,fixed_60pct,DH_PINN,1072.544818164223,0.008931132712287258,676.245937164223,0.0056209426743201295,0.4159192395583066,0.5806195276600503,16.47002881017437,False
2025-07-18,calm,BTC-25JUL25-130000-C,C,0.01927477495560629,-0.07488998468862573,120401.65,120619.92253112014,0.0028,337.12462,fixed_60pct,DH_PINN,957.4048094853097,0.007951758214985507,620.2801894853096,0.005142435648018894,0.41787492885677474,0.5799458886296115,16.207095977283675,False
2025-07-18,calm,BTC-25JUL25-135000-C,C,0.019235712836123794,-0.11799526947595261,119757.43,119974.53464405217,0.001,119.75743,fixed_60pct,DH_PINN,310.5240297468975,0.002592941663384873,190.7665997468975,0.0015900590930640038,0.4731571603836658,0.5746380263595272,10.148086597586142,False
2025-07-18,calm,BTC-25JUL25-140000-C,C,0.019189240804160325,-0.1558585526071363,119578.45,119795.23017659163,0.0004,47.83138,fixed_60pct,DH_PINN,93.47068487600937,0.0007816683095993415,45.63930487600937,0.0003809776466786858,0.5160631864578026,0.5704350463091614,5.4371859851358835,False
2025-07-18,calm,BTC-25JUL25-85000-P,P,0.019207643899036023,0.34537431609896285,119846.81,120064.07667836675,0.0002,23.969362,fixed_60pct,DH_PINN,0.09446175154183804,7.881874498106211e-07,-23.87490024845816,-0.00019885132096934672,0.9798079943003593,0.6373029228673998,-34.25050714329595,False
2025-07-18,calm,BTC-25JUL25-86000-P,P,0.019182725646879756,0.33146525743545946,119581.88,119798.66639473551,0.0003,35.874564,fixed_60pct,DH_PINN,0.1743081826750592,1.4576471173982145e-06,-35.70025581732494,-0.0002980021138106239,0.990066870561742,0.635227290139652,-35.48395804220901,False
2025-07-18,calm,BTC-25JUL25-94000-P,P,0.019192740360223236,0.2431411665280576,119656.45,119873.37158044637,0.0004,47.86258,fixed_60pct,DH_PINN,6.571188225117899,5.4917125028512035e-05,-41.2913917748821,-0.000344458416664886,0.7786115257603194,0.6229396149008503,-15.567191085946918,False
2025-07-18,calm,BTC-25JUL25-95000-P,P,0.019255817858954843,0.23583907788660954,120049.57,120267.20425587428,0.0005,60.024785,fixed_60pct,DH_PINN,8.776810090273965,7.310988361119465e-05,-51.24797490972604,-0.0004261176205667299,0.780129530838739,0.6219343405406885,-15.81951902980505,False
2025-09-05,calm,BTC-12SEP25-100000-P,P,0.019275685216894975,0.11675600700641818,112227.1,112384.51858838873,0.0016,179.56336000000002,fixed_60pct,DH_PINN,335.00661999971857,0.002985077757508824,155.44325999971855,0.0013831376594585381,0.5255088756426358,0.6056495049626544,8.014062932001853,False
2025-09-05,calm,BTC-12SEP25-102000-P,P,0.019195142472095385,0.10350736164550486,112965.05,113123.5036953041,0.0019,214.633595,fixed_60pct,DH_PINN,466.3763867412303,0.00412850157408181,251.7427917412303,0.0022253800803349803,0.4967586039220706,0.6037682020255645,10.700959810349387,False
2025-09-05,calm,BTC-12SEP25-104000-P,P,0.019209982813292746,0.08235511320561285,112769.32,112927.4991489574,0.0028,315.754096,fixed_60pct,DH_PINN,767.0325844368722,0.006801784248028383,451.2784884368722,0.003996178892101487,0.4583493058356503,0.6007228690814513,14.237356324580103,False
2025-09-05,calm,BTC-12SEP25-105000-P,P,0.01925216444698123,0.07194971326983772,112675.09,112833.13697452194,0.0038,428.165342,fixed_60pct,DH_PINN,967.6482572970276,0.00858795193593391,539.4829152970276,0.0047812453837815785,0.45263810050821507,0.599252426176012,14.661432566779698,False
2025-09-05,calm,BTC-12SEP25-106000-P,P,0.019179347095383055,0.06500921204622485,112961.45,113119.89864565994,0.004,451.8458,fixed_60pct,DH_PINN,1120.2888609437591,0.00991744405674466,668.4430609437591,0.005909155408966636,0.4291267661505638,0.5983553101610494,16.92285440104856,False
2025-09-05,calm,BTC-12SEP25-107000-P,P,0.01918688444951801,0.05595607856341437,112999.48,113157.98198953959,0.005,564.9974,fixed_60pct,DH_PINN,1352.3516581037586,0.011967768861447492,787.3542581037586,0.006958009008825752,0.4178744530524224,0.5971491648790999,17.927471182667748,False
2025-09-05,calm,BTC-12SEP25-108000-P,P,0.019204940417300864,0.044791236090479566,112789.22,112947.42706226808,0.007,789.52454,fixed_60pct,DH_PINN,1685.7857608211996,0.014946337609402739,896.2612208211996,0.007935207061663205,0.41439105455733094,0.5956942772490896,18.13032226917587,False
2025-09-05,calm,BTC-12SEP25-109000-P,P,0.019197004185692545,0.03633163622762885,112874.64,113032.96687910215,0.0085,959.4344400000001,fixed_60pct,DH_PINN,1980.1581436916642,0.017542985241783843,1020.7237036916641,0.009030318604159177,0.40254660769347256,0.5946250246968999,19.207841700342737,False
2025-09-05,calm,BTC-12SEP25-110000-P,P,0.019222295630390664,0.02684684142457117,112834.88,112993.15110858796,0.011,1241.1836799999999,fixed_60pct,DH_PINN,2354.9419964537437,0.020870691726297255,1113.7583164537439,0.009856865708465877,0.3977868463769885,0.5934167616404253,19.56299152634368,False
2025-09-05,calm,BTC-12SEP25-112000-P,P,0.019250421296296297,0.008054871698252968,112747.64,112905.78873887823,0.0175,1973.0837000000001,fixed_60pct,DH_PINN,3242.478969761752,0.028758730291487716,1269.395269761752,0.011242960028360756,0.38543351593403946,0.5910058029535081,20.557228701946865,False
2025-09-05,calm,BTC-12SEP25-113000-P,P,0.019180962233637747,0.0010180827002609586,112956.66,113115.10192682788,0.02,2259.1332,fixed_60pct,DH_PINN,3627.970241282969,0.03211824996669491,1368.8370412829686,0.012101275762174043,0.3708381702182614,0.590121263608312,21.928309339005057,False
2025-09-05,calm,BTC-12SEP25-114000-C,C,0.019181771530948754,-0.00794589188427329,112939.34,113097.75763242882,0.017,1919.9687800000002,fixed_60pct,DH_PINN,3260.2585811283466,0.028867342248753595,1340.2898011283464,0.011850719494230198,0.37357584871101807,0.5889323600155253,21.535651130450724,False
2025-09-05,calm,BTC-12SEP25-115000-C,C,0.01919768864155251,-0.017444877063790443,112852.94,113011.2364409694,0.0135,1523.51469,fixed_60pct,DH_PINN,2792.4664761797585,0.024744295329654314,1268.9517861797585,0.011228545285783032,0.3788773380532097,0.5876583162462539,20.878097819304415,False
2025-09-05,calm,BTC-12SEP25-116000-C,C,0.019178238362506345,-0.02504274099406845,112972.65,113131.11435566394,0.01,1129.7265,fixed_60pct,DH_PINN,2452.61655431952,0.021709825823502595,1322.8900543195202,0.011693423704469056,0.36077478358399184,0.5866532932488762,22.587850966488432,False
2025-09-05,calm,BTC-12SEP25-119000-C,C,0.019188439022070014,-0.051199131203636346,112902.28,113060.64564914774,0.0045,508.06025999999997,fixed_60pct,DH_PINN,1494.478521351662,0.013236920648118551,986.4182613516621,0.00872468271950911,0.37303527910302875,0.5831197294648627,21.008445036183392,False
2025-09-05,calm,BTC-12SEP25-120000-C,C,0.019187111777016742,-0.058724883100107615,112997.44,113155.93912807459,0.0034,384.19129599999997,fixed_60pct,DH_PINN,1278.698345657894,0.011316170929694459,894.507049657894,0.007905082636850849,0.3730510627690631,0.5821079644116548,20.905690164259173,False
2025-09-05,calm,BTC-12SEP25-122000-C,C,0.01923779585235921,-0.07738162734177031,112757.3,112915.46228875667,0.002,225.5146,fixed_60pct,DH_PINN,843.5061066920488,0.007480722815215057,617.9915066920488,0.005473045889071156,0.3933909208226637,0.5796394561949345,18.624853537227082,False
2025-09-05,calm,BTC-12SEP25-124000-C,C,0.019192682775240996,-0.09210675296422283,112930.56,113088.96531690784,0.0012,135.51667199999997,fixed_60pct,DH_PINN,587.5690599629957,0.0052029234598942545,452.0523879629957,0.003997316508257147,0.40242394743262055,0.5777930111681255,17.536906373550497,False
2025-09-05,calm,BTC-12SEP25-125000-C,C,0.01919271229705733,-0.10012918420998515,112931.66,113090.06685985466,0.001,112.93166000000001,fixed_60pct,DH_PINN,477.3087111534504,0.004226527008931334,364.3770511534504,0.0032220075668095566,0.41505687105427264,0.5768009668416672,16.17440957873945,False
2025-09-05,calm,BTC-12SEP25-130000-C,C,0.019281410736935567,-0.14533875104151395,112257.35,112414.81101942631,0.0005,56.128675,fixed_60pct,DH_PINN,126.43173805995704,0.0011262669042156886,70.30306305995704,0.0006253896832847766,0.5011446594528879,0.5715253859873182,7.038072653443028,False
2025-09-05,calm,BTC-12SEP25-135000-C,C,0.019249690639269405,-0.17892833399578545,112724.27,112882.38595827167,0.0003,33.817281,fixed_60pct,DH_PINN,38.83996167401293,0.0003445572251123288,5.022680674012932,4.449481317545526e-05,0.5579418995799535,0.5680796410158397,1.0137741435886194,False
2025-09-05,calm,BTC-12SEP25-90000-P,P,0.01920613267376966,0.2271797296654179,112796.77,112954.98765249399,0.0003,33.839031,fixed_60pct,DH_PINN,11.148900702794217,9.884060246400865e-05,-22.690130297205783,-0.0002008776307161572,0.706005887956288,0.6208347878001027,-8.517110015618535,False
2025-09-05,calm,BTC-12SEP25-95000-P,P,0.019275726788432267,0.16805660798038408,112227.92,112385.33973858545,0.0006,67.33675199999999,fixed_60pct,DH_PINN,79.7907289648493,0.0007109703981402248,12.453976964849303,0.00011081496033039493,0.5968142022210055,0.6129430991548799,1.6128896933874426,False
2025-09-08,calm,BTC-26SEP25-100000-P,P,0.04938004575722983,0.10918130459910476,111427.43,111536.45527338712,0.0055,612.8508649999999,fixed_60pct,DH_PINN,1557.9462654769507,0.01398171227207655,945.0954004769508,0.008473421520886839,0.4252942854232803,0.5884082321673153,16.311394674403502,False
2025-09-08,calm,BTC-26SEP25-104000-P,P,0.04931913457635718,0.06842532088316913,111256.49,111365.3480185179,0.01,1112.5649,fixed_60pct,DH_PINN,2638.0142571369975,0.023711104468035954,1525.4493571369974,0.013697702061536634,0.3861035529890402,0.5836459526354879,19.75423996464477,False
2025-09-08,calm,BTC-26SEP25-106000-P,P,0.04936526531582953,0.0521735881247468,111568.05,111677.21286189603,0.0135,1506.1686750000001,fixed_60pct,DH_PINN,3220.2911777725258,0.028863919175539286,1714.1225027725256,0.015348901166545676,0.38027621078004964,0.5818036731578958,20.15274623778462,False
2025-09-08,calm,BTC-26SEP25-108000-P,P,0.049377227676306444,0.033294376892421734,111547.18,111656.32244181224,0.0185,2063.62283,fixed_60pct,DH_PINN,3999.0976246637597,0.03585117637813667,1935.47479466376,0.017334215853942344,0.36992211442854706,0.5797044455247047,20.97823310961576,False
2025-09-08,calm,BTC-26SEP25-112000-C,C,0.049381299308726534,-0.00458991904315855,111378.13,111487.10703619834,0.031,3452.72203,fixed_60pct,DH_PINN,5444.122243368054,0.04887963411998436,1991.4002133680542,0.017862157035983307,0.37396101099965817,0.5754677432163926,20.150673221673443,False
2025-09-08,calm,BTC-26SEP25-118000-C,C,0.04931762176560122,-0.05783353067919421,111260.37,111369.23181487272,0.011,1223.8640699999999,fixed_60pct,DH_PINN,3061.2225436612352,0.02751404245430098,1837.3584736612354,0.016497900216421054,0.3556424509683776,0.5695840749899674,21.394162402158983,False
2025-09-08,calm,BTC-26SEP25-120000-C,C,0.049414030060882796,-0.07491877410692396,111229.43,111338.26154187837,0.007,778.60601,fixed_60pct,DH_PINN,2483.292780290415,0.022325860883135113,1704.686770290415,0.015310880075572407,0.34615162884785744,0.5677183917670869,22.15667629192295,False
2025-09-08,calm,BTC-26SEP25-122000-C,C,0.04935536621638762,-0.09114235839387955,111263.44,111372.30481868955,0.005,556.3172000000001,fixed_60pct,DH_PINN,2005.7087420034209,0.01802666484159955,1449.391542003421,0.013013931464945281,0.35351191477453564,0.566052697901772,21.25407831272364,False
2025-09-08,calm,BTC-26SEP25-126000-C,C,0.04937431100963978,-0.12127513721247028,111500.47,111609.56673878814,0.0023,256.451081,fixed_60pct,DH_PINN,1307.9425726685683,0.011730377214271549,1051.4914916685684,0.009421159156808545,0.3565441173046886,0.5629815092246699,20.643739191998133,False
2025-09-08,calm,BTC-26SEP25-128000-C,C,0.04942443004819888,-0.1399278749614276,111177.1,111285.88034001044,0.0016,177.88336,fixed_60pct,DH_PINN,977.1787204296479,0.00878938846605684,799.2953604296479,0.007182360942714118,0.36957412389554806,0.5610964883938516,19.152236449830358,False
2025-09-08,calm,BTC-26SEP25-132000-C,C,0.04941328982749873,-0.17054942405195644,111193.79,111302.58667020679,0.001,111.19378999999999,fixed_60pct,DH_PINN,581.9685534227392,0.005233822441187941,470.7747634227392,0.004229683940928168,0.3985993109086635,0.5580865006271168,15.948718971845333,False
2025-09-08,calm,BTC-26SEP25-98000-P,P,0.04937899334094368,0.13009839221180905,111507.06,111616.16318672067,0.0039,434.87753399999997,fixed_60pct,DH_PINN,1163.3721238513795,0.010433170095699586,728.4945898513795,0.006526784016331882,0.43977989698811876,0.5910086893880492,15.122879239993042,False
2023-08-18,shock,BTC-29SEP23-20000-P,P,0.11510144216133943,0.2871070664283846,26449.57,26651.33758029029,0.0043,113.73315099999999,fixed_60pct,DH_numerical,146.44357423287877,0.005536709074396249,32.71042323287878,0.0012273463999446475,0.5484839080351033,0.5808215315602392,3.2337623525135917,False
2023-08-18,shock,BTC-29SEP23-21000-P,P,0.1151080652270421,0.23844619656927588,26452.99,26654.78366937698,0.006,158.71794000000003,fixed_60pct,DH_numerical,247.62764425891598,0.009361045547551183,88.90970425891595,0.003335600294556587,0.5113087489522226,0.575724048849959,6.441529989773642,False
2023-08-18,shock,BTC-29SEP23-22000-P,P,0.11508866482749873,0.19177193316603847,26448.91,26650.67254555426,0.008,211.59128,fixed_60pct,DH_numerical,397.0255149778376,0.01501103504748731,185.43423497783758,0.006957957051960809,0.4678883768741148,0.5709561783873311,10.306780151321638,False
2023-08-18,shock,BTC-29SEP23-23000-P,P,0.1151080652270421,0.14747441836354905,26452.99,26654.78366937698,0.0122,322.72647800000004,fixed_60pct,DH_numerical,604.2194064336325,0.02284125183707522,281.4929284336324,0.010560690791012971,0.44396277363583636,0.5665321602875258,12.25693866516895,False
2023-08-18,shock,BTC-29SEP23-24000-P,P,0.1150805249873161,0.10467548288950165,26446.66,26648.405381681438,0.018,476.03988,fixed_60pct,DH_numerical,881.7764609901436,0.03334169460302903,405.73658099014364,0.01522554821494324,0.4167239773242909,0.562389786660548,14.566580933625705,False
2023-08-18,shock,BTC-29SEP23-25000-P,P,0.11510698779173009,0.06427651469221499,26457.85,26659.68074334227,0.0278,735.5282299999999,fixed_60pct,DH_numerical,1230.791064869945,0.046518937285907405,495.2628348699452,0.018577223022208447,0.4046273824005224,0.5585772050181289,15.394982261760653,False
2023-08-18,shock,BTC-29SEP23-26000-P,P,0.11507396305809234,0.024152448009356446,26433.96,26635.60850115485,0.042,1110.22632,fixed_60pct,DH_numerical,1671.8945357284615,0.06324797857485075,561.6682157284615,0.021087117859691813,0.39485703531772953,0.554926517932505,16.00694826147755,False
2023-08-18,shock,BTC-29SEP23-27000-C,C,0.11507217018645358,-0.013867105272662581,26426.58,26628.172203651997,0.0465,1228.83597,fixed_60pct,DH_numerical,1818.1671739934916,0.06880069891728295,589.3312039934915,0.02213186843942169,0.38800458880470867,0.5515731554995982,16.356856669488952,False
2023-08-18,shock,BTC-29SEP23-28000-C,C,0.1151045541920345,-0.04875362705166406,26465.75,26667.641007606842,0.034,899.8355,fixed_60pct,DH_numerical,1429.3866595120617,0.05400892321253173,529.5511595120616,0.01985744293471662,0.3979936201371984,0.5485901197533364,15.059649961613797,False
2023-08-18,shock,BTC-29SEP23-29000-C,C,0.11508392941400304,-0.08438730412713888,26451.4,26653.181540240184,0.024,634.8336,fixed_60pct,DH_numerical,1087.4734709231036,0.04111213285206468,452.63987092310356,0.016982583120132254,0.4069620583844821,0.54566371848229,13.870166009780792,False
2023-08-18,shock,BTC-29SEP23-30000-C,C,0.11510564437468289,-0.117722316633254,26466.39,26668.28588977511,0.018,476.39501999999993,fixed_60pct,DH_numerical,822.6098110549584,0.031081300134055245,346.2147910549585,0.012982266370096952,0.42533302751131896,0.5430154086574404,11.768238114612139,False
2023-08-18,shock,BTC-29SEP23-35000-C,C,0.11513173560375443,-0.2718442812073834,26467.15,26669.051687349933,0.005,132.33575000000002,fixed_60pct,DH_numerical,159.10826691527865,0.006011537582069798,26.77251691527863,0.0010038795990626758,0.5109468815715087,0.532098428613902,2.1151547042393304,False
2023-10-23,shock,BTC-29DEC23-24000-P,P,0.18356287943937089,0.25144657504154105,30522.92,30861.220798051287,0.0155,473.10526,fixed_60pct,DH_numerical,482.6326638615516,0.01581213933206756,9.52740386155159,0.0003087176597418723,0.5521860776927368,0.5558011550856453,0.3615077392908561,False
2023-10-23,shock,BTC-29DEC23-25000-P,P,0.18357180704591577,0.21039718454822928,30515.98,30854.20387855805,0.02,610.3196,fixed_60pct,DH_numerical,670.7448133160328,0.021980117083443915,60.425213316032796,0.0019584110338372704,0.5330994370865297,0.5523975111563032,1.9298074069773463,False
2023-10-23,shock,BTC-29DEC23-27000-P,P,0.18361817858954846,0.13991563467163953,30714.35,31054.772512545544,0.0335,1028.930725,fixed_60pct,DH_numerical,1145.3690331262844,0.03729100674851607,116.43830812628448,0.0037494497207875405,0.5181947188177624,0.5467713815582804,2.8576662740518066,False
2023-10-23,shock,BTC-29DEC23-30000-P,P,0.18359523684043633,0.03561042024272565,30746.78,31087.561950465664,0.071,2183.0213799999997,fixed_60pct,DH_numerical,2297.527155785037,0.07472415504274064,114.50577578503726,0.0036833308436180555,0.5166893101865667,0.5390402283376332,2.235091815106649,False
2023-10-23,shock,BTC-29DEC23-32000-C,C,0.18366562347792997,-0.03032499462871697,30703.86,31044.166246625653,0.08,2456.3088000000002,fixed_60pct,DH_numerical,2421.5618173997373,0.07886831875209623,-34.74698260026298,-0.0011192757545562947,0.5410665196592633,0.5345190843932129,-0.6547435266050394,False
2023-10-23,shock,BTC-29DEC23-33000-C,C,0.18358757883054286,-0.05990858371648203,30740.36,31081.07079439267,0.0685,2105.71466,fixed_60pct,DH_numerical,2050.513785612143,0.06670428666457201,-55.20087438785731,-0.0017760287202787134,0.5431116378172971,0.5326121538567947,-1.0499483960502376,False
2023-10-23,shock,BTC-29DEC23-34000-C,C,0.18358160708396754,-0.09095971294653507,30703.55,31043.852810740507,0.059,1811.5094499999998,fixed_60pct,DH_numerical,1696.8400636545248,0.055265272701512526,-114.669386345475,-0.003693787206264612,0.5531122867754044,0.530665008654145,-2.244727812125935,False
2023-10-23,shock,BTC-29DEC23-35000-C,C,0.1836686566780822,-0.12070999318483927,30680.14,31020.183345994592,0.0525,1610.70735,fixed_60pct,DH_numerical,1398.7775983044219,0.045592282118152715,-211.92975169557803,-0.006831995457014053,0.572039058687328,0.5288505978681293,-4.318846081919869,False
2023-10-23,shock,BTC-29DEC23-36000-C,C,0.1835759743150685,-0.15049037118516015,30630.8,30970.29648608159,0.044,1347.7551999999998,fixed_60pct,DH_numerical,1136.2710022708695,0.037095701133201535,-211.4841977291303,-0.006828613921218796,0.572895930588261,0.527130148726768,-4.576578186149305,False
2023-10-23,shock,BTC-29DEC23-37000-C,C,0.183654147260274,-0.17732601895184827,30648.06,30987.74778729964,0.039,1195.27434,fixed_60pct,DH_numerical,934.1475275589762,0.03047982572335659,-261.12681244102373,-0.008426776099812159,0.5855971385122246,0.525610435769394,-5.998670274283057,False
2023-10-23,shock,BTC-29DEC23-38000-C,C,0.18358899429223746,-0.20103240042623854,30738.97,31079.665388327023,0.034,1045.12498,fixed_60pct,DH_numerical,779.7805639575,0.025367816942386164,-265.34441604250003,-0.008537557040178391,0.5892757699406612,0.5243334161140857,-6.494235382657553,False
2023-10-23,shock,BTC-29DEC23-39000-C,C,0.18357936485286655,-0.228945416295037,30679.47,31019.505920049283,0.0295,905.044365,fixed_60pct,DH_numerical,620.0474191793078,0.020210499698309903,-284.9969458206922,-0.009187668770587543,0.5989930988513675,0.5228729750015909,-7.612012384977662,False
2023-10-23,shock,BTC-29DEC23-40000-C,C,0.18358892830416032,-0.2523221163008076,30739.08,31079.776607512074,0.0265,814.5856200000001,fixed_60pct,DH_numerical,508.62680066763994,0.016546585020359748,-305.9588193323601,-0.009844305613780023,0.6097890723353685,0.5216918239196243,-8.809724841574418,False
2023-10-26,shock,BTC-24NOV23-29000-P,P,0.07947974651192288,0.18822759263631017,34693.83,35006.13817785115,0.0105,364.28521500000005,fixed_60pct,DH_numerical,329.91898153434977,0.009509442501284803,-34.36623346565028,-0.0009817202140678933,0.6023579504072346,0.5842289384239477,-1.812901198328687,False
2023-10-26,shock,BTC-24NOV23-30000-P,P,0.07945303063165907,0.1533037230536002,34658.38,34970.36906275475,0.0144,499.08067199999994,fixed_60pct,DH_numerical,495.77975792152137,0.01430475855829157,-3.30091407847857,-9.439174269379428e-05,0.5817328944373886,0.5803236780964995,-0.14092163408890857,False
2023-10-26,shock,BTC-24NOV23-31000-P,P,0.0795225078957382,0.12252552996388377,34728.17,35040.787300909265,0.0195,677.199315,fixed_60pct,DH_numerical,698.1495782642597,0.020103264245258524,20.950263264259775,0.0005978822075072538,0.5693477656468494,0.5769037304687052,0.7555964821855832,False
2023-10-26,shock,BTC-24NOV23-32000-P,P,0.07950538974505326,0.09114361353680861,34740.91,35053.64198430357,0.0265,920.6341150000001,fixed_60pct,DH_numerical,967.1179948444948,0.027838015608816657,46.48387984449471,0.0013260784675472354,0.5589459518131343,0.5735143822420131,1.4568430428878787,False
2023-10-26,shock,BTC-24NOV23-36000-C,C,0.07948235724251648,-0.026808401457431037,34735.04,35047.71914352456,0.0535,1858.32464,fixed_60pct,DH_numerical,1796.5666746371012,0.05172202693985961,-61.75796536289886,-0.0017621108269554623,0.5771273628622716,0.5614011234843949,-1.572623937787676,False
2023-10-26,shock,BTC-24NOV23-37000-C,C,0.07946918921232876,-0.055543518977004484,34688.66,35000.92163835754,0.044,1526.30104,fixed_60pct,DH_numerical,1398.604281479532,0.040318775112083656,-127.69675852046817,-0.0036483827437425297,0.5921937044309735,0.5586245698860768,-3.356913454489674,False
2023-10-26,shock,BTC-24NOV23-38000-C,C,0.07946233647260273,-0.08259121274050377,34675.5,34987.643174191995,0.0365,1265.65575,fixed_60pct,DH_numerical,1082.1169050753429,0.031206958950133173,-183.53884492465704,-0.005245819045623546,0.6070749872170453,0.5560764219257998,-5.099856529124558,False
2023-10-26,shock,BTC-24NOV23-40000-C,C,0.07949175386859463,-0.13257348962513577,34720.99,35033.542667724716,0.025,868.02475,fixed_60pct,DH_numerical,636.0610689443165,0.01831920889768168,-231.96368105568354,-0.006621188249665206,0.6275952578211735,0.5515339504859356,-7.606130733523797,False
2023-10-26,shock,BTC-24NOV23-42000-C,C,0.07948895608193811,-0.18074030598792323,34742.64,35055.387557480346,0.017,590.6248800000001,fixed_60pct,DH_numerical,351.6962627422404,0.010122899777974282,-238.9286172577597,-0.006815745992423797,0.6465317003135949,0.5473957413915461,-9.913595892204874,False
2023-10-26,shock,BTC-24NOV23-44000-C,C,0.07947396058472857,-0.22929880043984524,34671.89,34984.000677562995,0.0115,398.72673499999996,fixed_60pct,DH_numerical,177.1367494040414,0.005108944144782457,-221.58998559595855,-0.006334037883153695,0.6680855118004256,0.5434629995932418,-12.462251220718379,False
2023-10-26,shock,BTC-24NOV23-46000-C,C,0.0794822417237443,-0.27191876802713305,34735.46,35048.1429242958,0.008,277.88368,fixed_60pct,DH_numerical,90.34733209359071,0.0026010115338501553,-187.53634790640933,-0.005350821249259597,0.6846807266510474,0.540204640135841,-14.447608651520639,False
2023-10-26,shock,BTC-24NOV23-48000-C,C,0.07952338280060882,-0.3143859739479086,34738.67,35051.38182019028,0.0055,191.062685,fixed_60pct,DH_numerical,42.88867249896993,0.0012346089386545292,-148.17401250103006,-0.004227337263368,0.7002092643869212,0.5371372685774369,-16.307199580948428,False
2024-02-29,shock,BTC-8MAR24-49000-P,P,0.02199230590436327,0.2552934495191499,62813.96,63251.177727365415,0.0018,113.065128,fixed_60pct,DH_numerical,4.334920690894991,6.901205863943288e-05,-108.73020730910501,-0.001719022652475659,0.9572479255826316,0.6217810562212672,-33.54668693613644,False
2024-02-29,shock,BTC-8MAR24-50000-P,P,0.02201515379249112,0.23797828311994992,62995.6,63434.08203593629,0.002,125.9912,fixed_60pct,DH_numerical,7.828455010554074,0.00012426986980922596,-118.16274498944593,-0.0018627643247443083,0.9197487248111971,0.6193984158987769,-30.03503089124202,False
2024-02-29,shock,BTC-8MAR24-52000-P,P,0.02194171997082699,0.19283265556829868,62623.46,63059.35174860109,0.0033,206.657418,fixed_60pct,DH_numerical,31.582748535798615,0.0005043277477130554,-175.0746694642014,-0.002776347434749601,0.8597917233622958,0.6133114388107181,-24.648028455157768,False
2024-02-29,shock,BTC-8MAR24-53000-P,P,0.021923783136732624,0.17555044877762052,62734.15,63170.812208388095,0.0039,244.663185,fixed_60pct,DH_numerical,52.015660914183485,0.0008291442685392802,-192.6475240858165,-0.0030496287343957235,0.8301289908398336,0.6109952574050802,-21.91337334347534,False
2024-02-29,shock,BTC-8MAR24-54000-P,P,0.021936777524099442,0.1552200670788126,62631.46,63067.407432748674,0.0055,344.47303,fixed_60pct,DH_numerical,90.83522800786315,0.001450313117526929,-253.63780199213684,-0.004021693808527029,0.8244914591825504,0.6082674795632856,-21.622397961926477,False
2024-02-29,shock,BTC-8MAR24-55000-P,P,0.021980263064434298,0.13995518985585573,62824.93,63262.22408425279,0.007,439.77451,fixed_60pct,DH_numerical,136.09785825155808,0.0021663033807050496,-303.67665174844194,-0.004800284152893591,0.8178040331829347,0.6062133063504103,-21.159072683252443,False
2024-02-29,shock,BTC-8MAR24-55500-P,P,0.021966496797311007,0.1303801064013499,62791.94,63229.00445674919,0.008,502.33552000000003,fixed_60pct,DH_numerical,172.54492491228584,0.0027478833256670493,-329.7905950877142,-0.005215811919248267,0.8106736849327371,0.604953706489355,-20.571997844338206,False
2024-02-29,shock,BTC-8MAR24-56000-P,P,0.02199303697361745,0.12298714831714998,62890.96,63328.713687285905,0.009,566.01864,fixed_60pct,DH_numerical,207.313317027862,0.003296392947855495,-358.705322972138,-0.005664181412927591,0.8086746569328367,0.603963847638329,-20.471080929450768,False
2024-02-29,shock,BTC-8MAR24-56500-P,P,0.022008551401572807,0.11733047967461836,63094.57,63533.74091844708,0.009,567.8511299999999,fixed_60pct,DH_numerical,238.21590948400905,0.003775537411286091,-329.63522051599085,-0.0051883489898558914,0.7828393489877864,0.6032111674901732,-17.96281814976132,False
2024-02-29,shock,BTC-8MAR24-58500-P,P,0.02201215147767631,0.08249221828129787,63091.28,63530.42801834139,0.016,1009.46048,fixed_60pct,DH_numerical,515.4426689084986,0.008169792543573353,-494.01781109150136,-0.007776081894944533,0.7886064360043208,0.5986661540323039,-18.994028197201686,False
2024-02-29,shock,BTC-8MAR24-59000-P,P,0.02194114817985794,0.06623308753596721,62604.31,63040.068454672815,0.02,1252.0862,fixed_60pct,DH_numerical,707.1774071142424,0.011295985965091581,-544.9087928857575,-0.00864384836887604,0.7839778365924199,0.5966084791771117,-18.736935741530825,False
2024-02-29,shock,BTC-8MAR24-59500-P,P,0.021938728786149164,0.05759549078129061,62591.87,63027.541865823325,0.023,1439.61301,fixed_60pct,DH_numerical,834.653902243673,0.013334861256640407,-604.9591077563271,-0.009598329394539914,0.791945783256986,0.5955034103548019,-19.644237290218403,False
2024-02-29,shock,BTC-8MAR24-61000-P,P,0.021981969178082192,0.03583431811360583,62788.49,63225.530442960546,0.03,1883.6546999999998,fixed_60pct,DH_numerical,1242.4775926358298,0.01978830184697593,-641.1771073641701,-0.010141110764465843,0.7789008673089645,0.5927163590471296,-18.618450826183487,False
2024-02-29,shock,BTC-8MAR24-63000-P,P,0.02197476182775241,0.0014143620096400077,62653.07,63089.16784955234,0.0465,2913.3677549999998,fixed_60pct,DH_numerical,2148.8524227639946,0.03429763972881129,-764.5153322360052,-0.012118012620789861,0.7937619643239132,0.5884176745256716,-20.53442897982416,False
2024-02-29,shock,BTC-8MAR24-64000-C,C,0.021948678779807204,-0.012177449313743727,62788.33,63225.3693292776,0.0405,2542.927365,fixed_60pct,DH_numerical,1839.634378326092,0.02929898562879586,-703.292986673908,-0.011123588428739095,0.7754547093474637,0.5867569291186164,-18.86977802288473,False
2024-02-29,shock,BTC-8MAR24-64500-C,C,0.0219377195268899,-0.022623661493204078,62621.28,63057.15657467087,0.037,2316.9873599999996,fixed_60pct,DH_numerical,1558.9436782954294,0.024894791008670366,-758.0436817045702,-0.012021532889877643,0.7920393118050524,0.585486134345479,-20.655317745957337,False
2024-02-29,shock,BTC-8MAR24-65000-C,C,0.021954731703450026,-0.028537415661734043,62734.62,63171.285479831764,0.034,2132.97708,fixed_60pct,DH_numerical,1419.100873409682,0.022620697685100857,-713.8762065903181,-0.011300643974044698,0.7812824091559047,0.5847594224754468,-19.6522986680458,False
2024-02-29,shock,BTC-8MAR24-66000-C,C,0.021928038115169964,-0.04575243920262514,62612.56,63048.375878950006,0.0285,1784.45796,fixed_60pct,DH_numerical,1049.4143537215891,0.016760444768934367,-735.0436062784108,-0.011658406676322019,0.7967126469085606,0.5826981309135015,-21.401451599505904,False
2024-02-29,shock,BTC-8MAR24-68000-C,C,0.021936975202942667,-0.07549313086279838,62619.59,63055.454811394695,0.0205,1283.701595,fixed_60pct,DH_numerical,584.7226614265473,0.009337695462818383,-698.9789335734527,-0.011085146172748575,0.8168768323350389,0.5791730336519989,-23.770379868304005,False
2024-02-29,shock,BTC-8MAR24-70000-C,C,0.02193446816336885,-0.10348610645611421,62681.9,63118.198521299186,0.0145,908.88755,fixed_60pct,DH_numerical,309.360411773833,0.004935402592675605,-599.527138226167,-0.009498483040891242,0.8293218975745971,0.5759367061824978,-25.338519139209925,False
2024-02-29,shock,BTC-8MAR24-72000-C,C,0.022022204654997466,-0.128176077294097,62900.47,63338.289881816345,0.011,691.90517,fixed_60pct,DH_numerical,165.50717191849031,0.002631254932093358,-526.3979980815097,-0.008310896916600084,0.8519451234502358,0.5731072284201137,-27.883789503012203,False
2024-02-29,shock,BTC-8MAR24-74000-C,C,0.021918328608574327,-0.1593134813666806,62665.76,63101.94617853144,0.007,438.66032,fixed_60pct,DH_numerical,65.54877771948021,0.0010460062675291932,-373.1115422805198,-0.005912837319230891,0.8601658819429434,0.5697246569435997,-29.044122499934367,False
2024-02-29,shock,BTC-8MAR24-76000-C,C,0.02192382290081177,-0.18491983028202047,62732.34,63168.9896098497,0.005,313.6617,fixed_60pct,DH_numerical,28.188937779113246,0.00044935256327299837,-285.47276222088675,-0.0045191915207770566,0.8778789151018811,0.5669819823789475,-31.08969327229336,False
2025-10-12,shock,BTC-31OCT25-100000-P,P,0.052087223205225776,0.1134745804005474,111825.67,112016.34144251612,0.0085,950.5181950000001,fixed_60pct,DH_numerical,1569.559124898168,0.014035767681053626,619.0409298981679,0.005526344834390468,0.48872009961768237,0.5875988831318881,9.887878351420575,False
2025-10-12,shock,BTC-31OCT25-102000-P,P,0.05206753513444952,0.09287038477879103,111736.07,111926.58866756519,0.011,1229.09677,fixed_60pct,DH_numerical,2051.3561553120526,0.018358943135480355,822.2593853120525,0.007346416924706401,0.47085764521211426,0.5851672382866205,11.430959307450628,False
2025-10-12,shock,BTC-31OCT25-105000-P,P,0.052167198598427195,0.06416919607088947,111768.07,111958.64323004766,0.018,2011.82526,fixed_60pct,DH_numerical,2923.0547319940183,0.026152860400953673,911.2294719940182,0.008138982803870393,0.4752016721346993,0.5817700944830737,10.656842234837438,False
2025-10-12,shock,BTC-31OCT25-106000-P,P,0.05212723709411467,0.0556293671335694,111873.06,112063.81224614252,0.0185,2069.65161,fixed_60pct,DH_numerical,3230.8278258283362,0.028879408731899675,1161.1762158283364,0.010361741159384005,0.4495389238843547,0.5808011928792763,13.126226899492167,False
2025-10-12,shock,BTC-31OCT25-108000-P,P,0.05205597605910705,0.034558320853792596,111607.24,111797.53900242086,0.026,2901.78824,fixed_60pct,DH_numerical,4079.880771645877,0.036555699895865865,1178.092531645877,0.010537732244896434,0.4551726300251792,0.578420423265062,12.324779323988283,False
2025-10-12,shock,BTC-31OCT25-111000-P,P,0.05206324790715373,0.0072700860374546785,111619.6,111809.92007717972,0.036,4018.3055999999997,fixed_60pct,DH_numerical,5434.336217629823,0.04868621834901597,1416.0306176298236,0.012664624182294125,0.4351913599212449,0.5753441988065183,14.01528388852734,False
2025-10-12,shock,BTC-31OCT25-112000-C,C,0.052089843924403856,-0.0008084556238861046,111719.0,111909.48956189092,0.0405,4524.6195,fixed_60pct,DH_numerical,5806.243720722129,0.05197185546524879,1281.6242207221294,0.011452328356956129,0.44848841053097815,0.5744347865465245,12.59463760155463,False
2025-10-12,shock,BTC-31OCT25-113000-C,C,0.052057037734652464,-0.010467040071485245,111633.05,111823.39301047313,0.035,3907.1567500000006,fixed_60pct,DH_numerical,5293.091258434976,0.04741509130526288,1385.9345084349757,0.012393958644280917,0.43713131704674374,0.5733813047327379,13.624998768599411,False
2025-10-12,shock,BTC-31OCT25-115000-C,C,0.0520629525304414,-0.028232993239539463,111608.31,111798.61082685385,0.0275,3069.228525,fixed_60pct,DH_numerical,4431.226834818868,0.03970337723793926,1361.9983098188682,0.01218260495139997,0.43512869546390387,0.5714366907446568,13.630799528075288,False
2025-10-12,shock,BTC-31OCT25-116000-C,C,0.05213238051750381,-0.03598293395140361,111709.71,111900.18372172024,0.0255,2848.597605,fixed_60pct,DH_numerical,4092.142017532592,0.03663192767694583,1243.544412532592,0.011112979185316703,0.44452122497236785,0.5705702184852387,12.604899351287086,False
2025-10-12,shock,BTC-31OCT25-118000-C,C,0.05209595364028412,-0.05305910585990082,111711.75,111902.22720007849,0.02,2234.235,fixed_60pct,DH_numerical,3389.422748877648,0.03034079001427914,1155.1877488776477,0.010323188177588278,0.44574283688648125,0.5687558288668136,12.301299198033238,False
2025-10-12,shock,BTC-31OCT25-120000-C,C,0.05207246603881279,-0.06986622417628213,111711.75,111902.22720007849,0.0155,1731.532125,fixed_60pct,DH_numerical,2781.728601767435,0.02490094911025416,1050.1964767674351,0.009384947047476626,0.4470561834800484,0.5669906209101915,11.993443743014309,False
2025-10-12,shock,BTC-31OCT25-123000-C,C,0.05207276721841705,-0.09460592334294181,111706.49,111896.95823137043,0.011,1228.7713899999999,fixed_60pct,DH_numerical,2033.1045758641792,0.018200415892256388,804.3331858641793,0.007188159522630202,0.4594238642134572,0.5644267685831532,10.5002904369696,False
2025-10-12,shock,BTC-31OCT25-124000-C,C,0.052168613330796546,-0.1020268572931283,111782.06,111972.65708408297,0.011,1229.60266,fixed_60pct,DH_numerical,1845.3659088823983,0.016508605306454347,615.7632488823983,0.005499228694912606,0.4806490517167141,0.5636334391135043,8.298438739679014,False
2025-10-12,shock,BTC-31OCT25-126000-C,C,0.05207268112633181,-0.11867026343721723,111710.2,111900.67455720824,0.008,893.6816,fixed_60pct,DH_numerical,1457.709933127625,0.013049031629409177,564.0283331276249,0.0050404372927999675,0.47538461271102495,0.5619899604939752,8.660534778295027,False
2025-10-12,shock,BTC-31OCT25-128000-C,C,0.05207257940131913,-0.13441423406529657,111710.69,111901.16539269626,0.0065,726.1194849999999,fixed_60pct,DH_numerical,1154.4451407933905,0.010334240535023017,428.3256557933905,0.003827713985732513,0.48607414142306615,0.5604269745139836,7.435283309091744,False
2025-10-12,shock,BTC-31OCT25-130000-C,C,0.05213990093860984,-0.15017151703875645,111682.42,111872.84719015313,0.006,670.09452,fixed_60pct,DH_numerical,904.0853235082433,0.008095144459694222,233.9908035082433,0.0020915781566774928,0.5135610270361453,0.5588641136002102,4.53030865640649,False
2025-10-12,shock,BTC-31OCT25-132000-C,C,0.052088215468036526,-0.1647417187802167,111760.32,111950.88001569644,0.0047,525.273504,fixed_60pct,DH_numerical,711.0009012495613,0.006361836663044283,185.72739724956125,0.0016590079258289058,0.5159270086206769,0.5574823654536792,4.155535683300238,False
2025-10-12,shock,BTC-31OCT25-134000-C,C,0.052096086250634194,-0.18016361651696475,111717.41,111907.89685081757,0.0039,435.697899,fixed_60pct,DH_numerical,544.895862295717,0.004877448038723034,109.19796329571705,0.0009757842508762979,0.5276646781603831,0.5560221476153482,2.835746945496509,False
2025-10-12,shock,BTC-31OCT25-135000-C,C,0.05209434655631659,-0.18773779517307265,111701.86,111892.32033686124,0.0034,379.786324,fixed_60pct,DH_numerical,475.7595090735563,0.004259190572776105,95.9731850735563,0.0008577280798594661,0.5280995741219837,0.5553162085103737,2.721663438838995,False
2025-10-12,shock,BTC-31OCT25-138000-C,C,0.052096085299340435,-0.20958009756195858,111717.12,111907.60635634507,0.0027,301.636224,fixed_60pct,DH_numerical,316.1110250968114,0.0028295665435773085,14.474801096811348,0.00012934599861531788,0.5481676435365285,0.5533127987138825,0.5145155177354033,False
2025-10-12,shock,BTC-31OCT25-140000-C,C,0.05209608476027397,-0.22396883501405812,111717.12,111907.60635634507,0.0023,256.949376,fixed_60pct,DH_numerical,237.79991547484877,0.0021285897405415462,-19.1494605251512,-0.0001711184891594765,0.5600116814821122,0.5520218499233905,-0.7989831558721683,False
2025-10-12,shock,BTC-31OCT25-150000-C,C,0.05207591168822932,-0.2926455113224503,111752.45,111942.99659673589,0.0011,122.927695,fixed_60pct,DH_numerical,51.26180230510576,0.0004587085321628811,-71.66589269489424,-0.0006401998773810199,0.6154764236351105,0.5461832907394589,-6.929313289565153,False
2025-10-12,shock,BTC-31OCT25-155000-C,C,0.052124018518518514,-0.3236951423764416,111947.09,112137.9684730356,0.0009,100.752381,fixed_60pct,DH_numerical,23.338348947917865,0.0002084766021869605,-77.41403205208213,-0.0006903463038096406,0.6501225753991589,0.5437010943159818,-10.642148108317706,False
2025-10-12,shock,BTC-31OCT25-160000-C,C,0.05206415553652968,-0.3582725650505931,111630.87,111821.20929340401,0.0006,66.978522,fixed_60pct,DH_numerical,8.875536695702213,7.950790579435789e-05,-58.10298530429779,-0.0005196061254519549,0.6716254835480686,0.5410981698678997,-13.05273136801689,False
2025-10-12,shock,BTC-31OCT25-80000-P,P,0.05205744758371385,0.3348851860062355,111632.05,111822.39130539555,0.0005,55.816025,fixed_60pct,DH_numerical,37.60015028639155,0.0003368221786341069,-18.21587471360845,-0.00016290006411917533,0.6468596191809027,0.6151733279851841,-3.168629119571864,False
2025-10-12,shock,BTC-31OCT25-85000-P,P,0.052081540969051245,0.2746565190074033,111676.26,111866.67668687525,0.001,111.67626,fixed_60pct,DH_numerical,120.4769760980295,0.0010788056127419515,8.800716098029497,7.867147177942438e-05,0.60023165695229,0.6074724645158006,0.7240807563510643,False
2025-10-12,shock,BTC-31OCT25-90000-P,P,0.052091111364789444,0.21794483265438055,111726.16,111916.66177024638,0.0019,212.279704,fixed_60pct,DH_numerical,326.18026217503103,0.002919461853652099,113.90055817503102,0.0010177265509299892,0.5508721497437815,0.6003404165937754,4.946826684999383,False
2025-10-12,shock,BTC-31OCT25-95000-P,P,0.05206556941273465,0.16317582850632734,111647.78,111838.14812626585,0.0041,457.75589800000006,fixed_60pct,DH_numerical,774.513007691999,0.00693711068587301,316.7571096919989,0.0028322814263195637,0.5158050614349488,0.5936007810250373,7.779571959008857,False
2025-10-12,shock,BTC-31OCT25-98000-P,P,0.052167200152207,0.1331620675578409,111768.07,111958.64323004766,0.007,782.3764900000001,fixed_60pct,DH_numerical,1200.567878939557,0.010741599805199793,418.1913889395569,0.003735230946665509,0.5130162051000439,0.5899178889209893,7.690168382094543,False
2025-10-15,shock,BTC-28NOV25-105000-P,P,0.12058413067605277,0.07676254098438098,112500.55,113377.49231675502,0.031,3487.51705,fixed_60pct,DH_numerical,4889.819178099357,0.04346484686607627,1402.3021280993567,0.012368434858142681,0.4555413905742501,0.5580663729301074,10.252498235585733,False
2025-10-15,shock,BTC-28NOV25-108000-P,P,0.12058052454337899,0.048644195714375685,112506.46,113383.44838523283,0.0395,4444.00517,fixed_60pct,DH_numerical,6081.610437109545,0.0540556554451144,1637.605267109545,0.014443071633750278,0.44393335979563137,0.555514266034197,11.158090623856559,False
2025-10-15,shock,BTC-28NOV25-112000-P,P,0.12058052235540336,0.012276551543500845,112506.46,113383.44838523283,0.054,6075.348840000001,fixed_60pct,DH_numerical,7934.805877442108,0.07052755795037999,1859.4570374421073,0.016399722039890655,0.4324367991472321,0.5522997052193406,11.986290607210847,False
2025-10-15,shock,BTC-28NOV25-118000-C,C,0.12060228662480975,-0.040310948140738614,112461.27,113337.90612897013,0.042,4723.37334,fixed_60pct,DH_numerical,6630.252835503559,0.05895587730339128,1906.8794955035592,0.016824728465811532,0.4248791749387655,0.5478297703633878,12.295059542462228,False
2025-10-15,shock,BTC-28NOV25-120000-C,C,0.12057623370116692,-0.056774007183782255,112499.97,113376.90779565228,0.0355,3993.7489349999996,fixed_60pct,DH_numerical,5899.564102850788,0.052440583787273794,1905.8151678507884,0.016809553240645637,0.4210441910725455,0.5464855586575991,12.544136758505358,False
2025-10-15,shock,BTC-28NOV25-122000-C,C,0.1206567994355657,-0.07290481066199231,112544.81,113422.09732366331,0.03,3376.3442999999997,fixed_60pct,DH_numerical,5238.145956718092,0.046542758895040046,1861.801656718092,0.016414805409612748,0.41895537528576243,0.5451634761997579,12.620810091399548,False
2025-10-15,shock,BTC-28NOV25-125000-C,C,0.12055253358066971,-0.09685361047989792,112583.52,113461.10906829553,0.0235,2645.71272,fixed_60pct,DH_numerical,4341.110076401001,0.038559018907927206,1695.3973564010007,0.014942541724852099,0.42107476913457315,0.5432980855609627,12.222331642638956,False
2025-10-15,shock,BTC-28NOV25-126000-C,C,0.1205845284436834,-0.10559163840442144,112496.88,113373.79370908774,0.022,2474.93136,fixed_60pct,DH_numerical,4039.6681567231326,0.0359091572737229,1564.7367967231326,0.013801573939901664,0.42686447203522104,0.5426124138926984,11.574794185747738,False
2025-10-15,shock,BTC-28NOV25-130000-C,C,0.12060476407914764,-0.1374546962720417,112428.22,113304.59850406458,0.0155,1742.63741,fixed_60pct,DH_numerical,3068.9433449459975,0.027296913043237697,1326.3059349459975,0.01170566731145002,0.4293388797607837,0.5401927280346569,11.085384827387317,False
2025-10-15,shock,BTC-28NOV25-134000-C,C,0.1205624327435312,-0.1663474309186297,112587.15,113464.7673641626,0.011,1238.4586499999998,fixed_60pct,DH_numerical,2348.71834938844,0.020861335857497415,1110.2596993884401,0.009785061258928834,0.4313451874715906,0.538090391574821,10.674520410323035,False
2025-10-15,shock,BTC-28NOV25-135000-C,C,0.12056589770421106,-0.1739762336098013,112565.33,113442.77727715991,0.01,1125.6533,fixed_60pct,DH_numerical,2180.5575545673355,0.019371484582040806,1054.9042545673356,0.00929899884229761,0.43172124599741607,0.537544382699269,10.58231367018529,False
2025-10-15,shock,BTC-28NOV25-136000-C,C,0.12063656633688483,-0.1808610179775276,112621.1,113498.9820045724,0.009,1013.5899,fixed_60pct,DH_numerical,2039.5699460355288,0.01811001620509415,1025.9800460355289,0.009039552848096878,0.429723772029432,0.5370412275790575,10.731745554962547,False
2025-10-15,shock,BTC-28NOV25-138000-C,C,0.12056584290969051,-0.19595949336575502,112564.84,113442.2834576076,0.008,900.51872,fixed_60pct,DH_numerical,1747.5453337817435,0.015524788502180108,847.0266137817434,0.00746658642584773,0.43991950768916865,0.5360025695438674,9.608306185469873,False
2025-10-15,shock,BTC-28NOV25-140000-C,C,0.12058338628868594,-0.2108871765934511,112504.19,113381.16069057214,0.007,787.5293300000001,fixed_60pct,DH_numerical,1493.1431648585346,0.013271889383484602,705.6138348585346,0.006223378121734184,0.44760539765994295,0.5349767737178328,8.737137605788986,False
2025-10-15,shock,BTC-28NOV25-145000-C,C,0.12056629328386606,-0.2454551861842352,112563.08,113440.50973839931,0.0048,540.302784,fixed_60pct,DH_numerical,1016.3763732396809,0.00902939376960617,476.0735892396809,0.00419668062438661,0.4581070004542016,0.5326911826254337,7.458418217123208,False
2025-10-15,shock,BTC-28NOV25-160000-C,C,0.12061685147133434,-0.34395531601613666,112556.32,113433.69704416751,0.0021,236.368272,fixed_60pct,DH_numerical,285.89200492947936,0.0025399906902560366,49.523732929479365,0.00043658748872653233,0.5102435511972039,0.5267527127460061,1.650916154880222,False
2025-10-15,shock,BTC-28NOV25-95000-P,P,0.12059087087772703,0.17671283577088592,112485.57,113362.3955475845,0.0125,1406.069625,fixed_60pct,DH_numerical,2061.025118866885,0.018322573454238485,654.9554938668848,0.005777537522060952,0.4950974062132918,0.5675783013120395,7.248089509874767,False
2025-10-15,shock,BTC-31OCT25-100000-P,P,0.0438510455035515,0.12036290319860699,112560.11,112790.60980471678,0.0065,731.640715,fixed_60pct,DH_numerical,1159.417126220234,0.010300426378583265,427.77641122023397,0.003792659796421677,0.508875202296985,0.5923225905522197,8.344738825523468,False
2025-10-15,shock,BTC-31OCT25-102000-P,P,0.04393798890157281,0.10017071925010844,112516.27,112746.6800294719,0.0075,843.872025,fixed_60pct,DH_numerical,1563.4544542578783,0.013895363348410662,719.5824292578783,0.006382293732017474,0.46851030935572074,0.5898146336684282,12.13043243127075,False
2025-10-15,shock,BTC-31OCT25-105000-P,P,0.04386838777904617,0.07109483569517651,112506.33,112736.71967440953,0.012,1350.0759600000001,fixed_60pct,DH_numerical,2329.648484809857,0.02070682142782417,979.572524809857,0.008689028096958309,0.45231874847965386,0.5863416366363233,13.402288815666946,False
2025-10-15,shock,BTC-31OCT25-106000-P,P,0.043845579559868085,0.06231678453640306,112585.19,112815.74116336508,0.0145,1632.485255,fixed_60pct,DH_numerical,2613.603470097476,0.023214451830631328,981.118215097476,0.008696642906212426,0.4584763327756599,0.5853047607595672,12.682842798390725,False
2025-10-15,shock,BTC-31OCT25-107000-P,P,0.043870442732115676,0.05256982862165264,112544.98,112775.44882160876,0.0165,1856.99217,fixed_60pct,DH_numerical,2959.1526689854086,0.026293066727502274,1102.1604989854086,0.009773053536934584,0.4485476973352957,0.5841365888465481,13.558889151125236,False
2025-10-15,shock,BTC-31OCT25-108000-P,P,0.04387105793378995,0.04292786961189098,112506.77,112737.16057543845,0.019,2137.62863,fixed_60pct,DH_numerical,3332.9182342942454,0.0296241571444478,1195.2896042942452,0.010602445530765458,0.4421651809660143,0.5829987828032344,14.083360183722004,False
2025-10-15,shock,BTC-31OCT25-109000-P,P,0.043870442161339424,0.03405078085441503,112544.98,112775.44882160876,0.0215,2419.7170699999997,fixed_60pct,DH_numerical,3709.82864842786,0.03296307528268129,1290.1115784278604,0.01143964924908961,0.43503706926423374,0.581957816935486,14.692074767125224,False
2025-10-15,shock,BTC-31OCT25-115000-C,C,0.043895878234398784,-0.019637251393664377,112533.3,112763.7449033866,0.025,2813.3325000000004,fixed_60pct,DH_numerical,4431.541132161628,0.03937982030351574,1618.208632161628,0.01435043358615016,0.4022854323978657,0.5757806631903636,17.34952307924979,False
2025-10-15,shock,BTC-31OCT25-117000-C,C,0.04392634443176053,-0.03642933655981835,112583.92,112814.46856266797,0.0191,2150.352872,fixed_60pct,DH_numerical,3668.1585487658904,0.03258154937904001,1517.8056767658904,0.013453998375418979,0.4050658247511369,0.5738884632450076,16.882263849387076,False
2025-10-15,shock,BTC-31OCT25-119000-C,C,0.04383585670345003,-0.052827369629507626,112646.03,112876.70575109086,0.0145,1633.3674350000001,fixed_60pct,DH_numerical,3004.4961423479017,0.02667201092082785,1371.1287073479016,0.012147136100617914,0.4097148805152116,0.5721148499368496,16.2399969421638,False
2025-10-15,shock,BTC-31OCT25-120000-C,C,0.0438392982623034,-0.06149873850010755,112611.89,112842.49583943802,0.012,1351.34268,fixed_60pct,DH_numerical,2689.4224317175176,0.02388222444110935,1338.0797517175176,0.011857941830898992,0.4051916683027936,0.5711652336271344,16.597356532434087,False
2025-10-15,shock,BTC-31OCT25-122000-C,C,0.04390731938102486,-0.07866938618360035,112539.69,112770.14798878382,0.0085,956.5873650000001,fixed_60pct,DH_numerical,2137.7739871293234,0.01899573374628385,1181.1866221293233,0.010474284579699272,0.4059307626687711,0.5692808239405807,16.335006127180957,False
2025-10-15,shock,BTC-31OCT25-123000-C,C,0.043836630358954846,-0.08588832066405638,112646.02,112876.69573061293,0.008,901.1681600000001,fixed_60pct,DH_numerical,1929.9949014091171,0.017133272009158575,1028.826741409117,0.009114607180426988,0.41991390133814493,0.5685369565294,14.862305519125501,False
2025-10-15,shock,BTC-31OCT25-124000-C,C,0.043934850012683914,-0.09668914460443472,112341.88,112571.93291485158,0.006,674.05128,fixed_60pct,DH_numerical,1648.6897365864684,0.014675646665219314,974.6384565864684,0.008657917043351084,0.4122069220885134,0.5673518176127067,15.514489552419331,False
2025-10-15,shock,BTC-31OCT25-126000-C,C,0.04385783609208524,-0.11088173336188326,112545.15,112775.61916973357,0.0045,506.45317499999993,fixed_60pct,DH_numerical,1327.0754798815424,0.011791494168176438,820.6223048815425,0.00727659321157404,0.41733064100285205,0.5658936333037171,14.856299230086506,False
2025-10-15,shock,BTC-31OCT25-128000-C,C,0.04387056909563673,-0.12675973559490186,112530.56,112760.99929243379,0.0034,382.60390399999994,fixed_60pct,DH_numerical,1027.1382572650778,0.00912763837010211,644.5343532650778,0.005715933321888588,0.4279960440495919,0.5642471722104708,13.625112816087892,False
2025-10-15,shock,BTC-31OCT25-160000-C,C,0.0438652120116692,-0.3504752951362037,112466.21,112696.5175169546,0.0002,22.493242000000002,fixed_60pct,DH_numerical,4.45552781268005,3.9616590731385454e-05,-18.037714187319953,-0.00016005564843302522,0.6326173828500142,0.5440444367348171,-8.857294611519716,False
2026-02-11,shock,BTC-27FEB26-50000-P,P,0.04384667044013191,0.29547662136586306,67167.74,67188.33369938679,0.0038,255.237412,fixed_60pct,DH_numerical,27.57753465580331,0.0004105770814352739,-227.6598773441967,-0.0033883840364726074,0.8872928226189982,0.6145590493668336,-27.273377325216465,False
2026-02-11,shock,BTC-27FEB26-56000-P,P,0.04386304322044648,0.18067188320572947,67068.67,67089.23332442109,0.009,603.61803,fixed_60pct,DH_numerical,259.0502069160405,0.003862462263170576,-344.56782308395947,-0.005135963045184087,0.7527175246370794,0.5998198914639846,-15.289763317309479,False
2026-02-11,shock,BTC-27FEB26-60000-P,P,0.043928380263825464,0.10540338495023399,66649.09,66669.52468075392,0.0175,1166.359075,fixed_60pct,DH_numerical,857.1172077917757,0.012860148695080094,-309.24186720822433,-0.004638429157685234,0.6710692616829055,0.5904558409700518,-8.06134207128537,False
2026-02-11,shock,BTC-27FEB26-62000-P,P,0.04389980006976154,0.07446618385979628,66772.68,66793.15257357727,0.023,1535.7716399999997,fixed_60pct,DH_numerical,1320.6049085009827,0.01977762325102097,-215.16673149901703,-0.00322138906771912,0.6342267955470648,0.5867306585374606,-4.7496137009604205,False
2026-02-11,shock,BTC-27FEB26-63000-P,P,0.043919013793759516,0.05755337668436795,66711.78,66732.23390157353,0.0275,1834.57395,fixed_60pct,DH_numerical,1645.5738830231965,0.02466691614319385,-189.0000669768035,-0.002832215496570495,0.6234468052495101,0.5847048323650342,-3.8741972884475895,False
2026-02-11,shock,BTC-27FEB26-64000-P,P,0.04393731094622019,0.04446981033716263,66889.79,66910.29847962585,0.031,2073.58349,fixed_60pct,DH_numerical,1943.276220211077,0.02905191091511989,-130.3072697889229,-0.001947491981800102,0.6085710835389333,0.5831501435886628,-2.5420939950270505,False
2026-02-11,shock,BTC-27FEB26-65000-P,P,0.04390641273465246,0.027552901210765132,66795.36,66815.83952728902,0.0365,2438.03064,fixed_60pct,DH_numerical,2373.577677906302,0.035535068272800716,-64.4529620936978,-0.0009646359688015868,0.5932027560511509,0.5811833027732676,-1.201945327788334,False
2026-02-11,shock,BTC-27FEB26-69000-C,C,0.04391132994038559,-0.03216378840713169,66795.53,66816.0095794112,0.0305,2037.263665,fixed_60pct,DH_numerical,2282.256246137814,0.034167799044903364,244.9925811378139,0.003666674838560044,0.5294292268902493,0.5743698349954814,4.494060810523215,False
2026-02-11,shock,BTC-27FEB26-70000-C,C,0.04389980507990868,-0.04689467314447109,66772.68,66793.15257357727,0.025,1669.317,fixed_60pct,DH_numerical,1915.413322756956,0.028685584025636774,246.09632275695594,0.003684454368071096,0.5258724068455114,0.5727408838460867,4.686847700057529,False
2026-02-11,shock,BTC-27FEB26-71000-C,C,0.043924015379249115,-0.06265349521598987,66667.65,66688.09037126934,0.0195,1300.019175,fixed_60pct,DH_numerical,1568.3078258156165,0.023524270404245786,268.2886508156166,0.00402303693691012,0.5166599269647123,0.5710047442492794,5.434481728456708,False
2026-02-11,shock,BTC-27FEB26-72000-C,C,0.0438370613267377,-0.07157351709966507,67006.26,67026.80418944976,0.016,1072.10016,fixed_60pct,DH_numerical,1398.0233544507735,0.02086407082637911,325.9231944507735,0.00486257995427559,0.5010545756252825,0.5700732243873678,6.9018648762085295,False
2026-02-11,shock,BTC-27FEB26-74000-C,C,0.043848879058853374,-0.09607561904861886,67200.65,67221.25378962723,0.01,672.0065,fixed_60pct,DH_numerical,991.2873789548877,0.014751157599738808,319.2808789548877,0.004749701336337694,0.4881327742823931,0.5674506629754017,7.93178886930086,False
2026-02-11,shock,BTC-27FEB26-75000-C,C,0.04386462756849315,-0.1108414919092983,67110.47,67131.04614034484,0.0085,570.4389950000001,fixed_60pct,DH_numerical,790.6137163187353,0.011780780499953812,220.17472131873524,0.003279774917531238,0.50522173581589,0.5658951759218829,6.067344010599285,False
2026-02-11,shock,BTC-27FEB26-80000-C,C,0.04383695934804668,-0.17701507324576657,67000.83,67021.37252460608,0.0025,167.50207500000002,fixed_60pct,DH_numerical,244.28037793189978,0.003645930624022117,76.77830293189976,0.0011455793881826508,0.5159150447657652,0.5592361070846508,4.332106231888555,False
2026-02-11,shock,BTC-27FEB26-96000-C,C,0.04385354775494673,-0.3582490262206374,67073.74,67094.3048788884,0.0005,33.53687,fixed_60pct,DH_numerical,2.047132450653527,3.052062477287724e-05,-31.489737549346472,-0.00046933547647879265,0.7154970496714816,0.5434487889680538,-17.204826070342783,False
2025-07-18,calm,BTC-25JUL25-100000-P,P,0.019282908644089297,0.18692222468893913,120335.2,120553.35206591312,0.0006,72.20111999999999,fixed_60pct,DH_numerical,46.75589732209485,0.00038854713601751484,-25.445222677905136,-0.00021107022112494092,0.6539050906453384,0.6140593593772499,-3.9845731268088547,False
2025-07-18,calm,BTC-25JUL25-106000-P,P,0.019268694634703196,0.12763339415177855,120212.53,120430.45968115849,0.001,120.21253,fixed_60pct,DH_numerical,267.766419417086,0.0022274418433509886,147.553889417086,0.0012252206776237275,0.5155142968109905,0.6060946869264903,9.05803901154998,False
2025-07-18,calm,BTC-25JUL25-107000-P,P,0.019190079369609335,0.11267057929076348,119544.44,119761.15852088523,0.0014,167.362216,fixed_60pct,DH_numerical,390.38309675065807,0.0032655897401055044,223.02088075065808,0.0018622137887198654,0.4978023382183655,0.604153268192037,10.635092997367146,False
2025-07-18,calm,BTC-25JUL25-111000-P,P,0.019195064656265855,0.07783890141761612,119768.16,119985.28409614656,0.0023,275.466768,fixed_60pct,DH_numerical,898.6900179487682,0.0075035804002396645,623.2232499487682,0.005194164056396842,0.41749400562973726,0.5995770400172593,18.208303438752203,False
2025-07-18,calm,BTC-25JUL25-113000-P,P,0.019200617357940132,0.06066946051775561,119850.61,120067.8835672725,0.0035,419.47713500000003,fixed_60pct,DH_numerical,1301.6178881914175,0.010860335948155938,882.1407531914174,0.007347016762373139,0.3919309043994135,0.5973468669830123,20.541596258359878,False
2025-07-18,calm,BTC-25JUL25-114000-P,P,0.01918759113394216,0.04959913635940195,119580.09,119796.87314969832,0.005,597.90045,fixed_60pct,DH_numerical,1624.128836309994,0.013581933550225578,1026.2283863099942,0.008566403774392491,0.38639159659810096,0.5959279709592339,20.953637436113294,False
2025-07-18,calm,BTC-25JUL25-116000-P,P,0.019190665556823947,0.03229678580475582,119590.78,119807.5825292779,0.008,956.72624,fixed_60pct,DH_numerical,2257.9900672481635,0.018880971152192196,1301.2638272481636,0.010861281062324816,0.3675013259597831,0.5937146807973157,22.621335483753263,False
2025-07-18,calm,BTC-25JUL25-117000-P,P,0.01917980590436327,0.022701248449335163,119469.84,119686.42328078825,0.0105,1254.43332,fixed_60pct,DH_numerical,2676.9442668384268,0.022406862408440715,1422.5109468384267,0.011885315876648511,0.36072202278982674,0.5925029729502787,23.17809501604519,False
2025-07-18,calm,BTC-25JUL25-118000-P,P,0.01919117354769153,0.01536547880641431,119610.29,119827.12789837028,0.013,1554.9337699999999,fixed_60pct,DH_numerical,3041.182600059275,0.025425760610222375,1486.2488300592752,0.012403275085753675,0.3586393404255669,0.5915710280090954,23.293168758352856,False
2025-07-18,calm,BTC-25JUL25-119000-P,P,0.019178217751141553,0.005572465666396692,119448.43,119664.974467243,0.017,2030.62331,fixed_60pct,DH_numerical,3567.5304407614917,0.02986670013797161,1536.9071307614918,0.012843416694015203,0.35620204478953377,0.590347739544634,23.414569475510028,False
2025-07-18,calm,BTC-25JUL25-120000-C,C,0.01918281919076611,-0.0016784364709748914,119581.97,119798.7565578938,0.0195,2331.848415,fixed_60pct,DH_numerical,3804.1315109044667,0.03181191538243154,1472.2830959044668,0.012289635871078288,0.36700707554509615,0.5894395182871737,22.24324427420775,False
2025-07-18,calm,BTC-25JUL25-120000-P,P,0.01923264481861999,0.0003823750085032469,119828.66,120045.89377477748,0.02,2396.5732000000003,fixed_60pct,DH_numerical,3891.654564184611,0.03247682619654272,1495.0813641846107,0.012454248264331206,0.36439226951921255,0.5896712451329731,22.527897561376054,False
2025-07-18,calm,BTC-25JUL25-122000-C,C,0.019189183250887875,-0.01819954324038362,119582.95,119799.73833450633,0.013,1554.57835,fixed_60pct,DH_numerical,2921.008328354336,0.0244266287824003,1366.4299783543358,0.01140595127627886,0.37457440557739485,0.5873880157743031,21.281361019690827,False
2025-07-18,calm,BTC-25JUL25-123000-C,C,0.019189168410705226,-0.02636285387954464,119582.95,119799.73833450633,0.0105,1255.620975,fixed_60pct,DH_numerical,2538.034739612956,0.021224051920553523,1282.413764612956,0.010704645790061612,0.37891150283384417,0.5863842275651815,20.747272473133734,False
2025-07-18,calm,BTC-25JUL25-124000-C,C,0.019200528190005072,-0.03222220044697387,119850.86,120068.13402048998,0.009,1078.6577399999999,fixed_60pct,DH_numerical,2290.9904749633743,0.019115344478657675,1212.3327349633744,0.01009703985868962,0.3828677205678046,0.5856615945990199,20.27938740312153,False
2025-07-18,calm,BTC-25JUL25-125000-C,C,0.01919232692795535,-0.041884474334166366,119655.65,119872.57013015043,0.0065,777.761725,fixed_60pct,DH_numerical,1907.450080522778,0.01594116182999113,1129.6883555227782,0.009424077203785908,0.3794510127716885,0.5844897148190262,20.503870204733772,False
2025-07-18,calm,BTC-25JUL25-126000-C,C,0.01925509284627093,-0.04688019037768975,120011.85,120229.41587442043,0.006,720.0711,fixed_60pct,DH_numerical,1740.350755891068,0.014501490943528227,1020.279655891068,0.008486106735782113,0.391898176342931,0.583854337930239,19.1956161587308,False
2025-07-18,calm,BTC-25JUL25-127000-C,C,0.019210969875697613,-0.05632849095157381,119826.8,120044.0304028394,0.0047,563.18596,fixed_60pct,DH_numerical,1430.551201008356,0.01193849123074601,867.365241008356,0.0072253925338701406,0.40248376194094754,0.582738169117635,18.025440717668744,False
2025-07-18,calm,BTC-25JUL25-128000-C,C,0.019238515442668695,-0.06441004083090163,119798.24,120015.41862727412,0.0038,455.233312,fixed_60pct,DH_numerical,1205.4032569831488,0.010061944624421434,750.1699449831488,0.0062506130759158035,0.4105752237370853,0.5817582860129109,17.118306227582558,False
2025-07-18,calm,BTC-25JUL25-129000-C,C,0.01925860197869102,-0.069754967592972,120090.57,120308.27858354153,0.0033,396.298881,fixed_60pct,DH_numerical,1074.8822975363346,0.008950597016371348,678.5834165363347,0.0056403717560062116,0.4159192395583066,0.5811127448396566,16.519350528134996,False
2025-07-18,calm,BTC-25JUL25-130000-C,C,0.01927477495560629,-0.07488998468862573,120401.65,120619.92253112014,0.0028,337.12462,fixed_60pct,DH_numerical,959.8822913382631,0.007972335024796282,622.7576713382632,0.005162975222253112,0.41787492885677474,0.5804966455566901,16.262171669991538,False
2025-07-18,calm,BTC-25JUL25-135000-C,C,0.019235712836123794,-0.11799526947595261,119757.43,119974.53464405217,0.001,119.75743,fixed_60pct,DH_numerical,312.5738346835594,0.002610057970378618,192.81640468355943,0.0016071444265703468,0.4731571603836658,0.5755082680667479,10.235110768308214,False
2025-07-18,calm,BTC-25JUL25-140000-C,C,0.019189240804160325,-0.1558585526071363,119578.45,119795.23017659163,0.0004,47.83138,fixed_60pct,DH_numerical,94.34465666846822,0.0007889770829816595,46.513276668468215,0.0003882731941822927,0.5160631864578026,0.5712874327767771,5.522424631897449,False
2025-07-18,calm,BTC-25JUL25-85000-P,P,0.019207643899036023,0.34537431609896285,119846.81,120064.07667836675,0.0002,23.969362,fixed_60pct,DH_numerical,0.09105463786267874,7.597585439502206e-07,-23.87830736213732,-0.00019887969843056092,0.9798079943003593,0.6360065542948942,-34.38014400054651,False
2025-07-18,calm,BTC-25JUL25-86000-P,P,0.019182725646879756,0.33146525743545946,119581.88,119798.66639473551,0.0003,35.874564,fixed_60pct,DH_numerical,0.16904176057734724,1.4136068154920062e-06,-35.70552223942265,-0.0002980460744176674,0.990066870561742,0.6340768034361233,-35.599006712561874,False
2025-07-18,calm,BTC-25JUL25-94000-P,P,0.019192740360223236,0.2431411665280576,119656.45,119873.37158044637,0.0004,47.86258,fixed_60pct,DH_numerical,6.446388145344701,5.3874138379875897e-05,-41.4161918546553,-0.0003454995159359568,0.7786115257603194,0.6218046552603589,-15.680687049996056,False
2025-07-18,calm,BTC-25JUL25-95000-P,P,0.019255817858954843,0.23583907788660954,120049.57,120267.20425587428,0.0005,60.024785,fixed_60pct,DH_numerical,8.61223000337811,7.173894919722003e-05,-51.41255499662189,-0.000427486074152345,0.780129530838739,0.6207613851910099,-15.936814564772916,False
2025-09-05,calm,BTC-12SEP25-100000-P,P,0.019275685216894975,0.11675600700641818,112227.1,112384.51858838873,0.0016,179.56336000000002,fixed_60pct,DH_numerical,332.7661941426543,0.002965114434416057,153.20283414265427,0.001363202299275434,0.5255088756426358,0.6046465102436199,7.91376346009841,False
2025-09-05,calm,BTC-12SEP25-102000-P,P,0.019195142472095385,0.10350736164550486,112965.05,113123.5036953041,0.0019,214.633595,fixed_60pct,DH_numerical,464.09532706540705,0.0041083089598544596,249.46173206540703,0.0022052157501886364,0.4967586039220706,0.6029405083044896,10.618190438241903,False
2025-09-05,calm,BTC-12SEP25-104000-P,P,0.019209982813292746,0.08235511320561285,112769.32,112927.4991489574,0.0028,315.754096,fixed_60pct,DH_numerical,764.959504905993,0.006783400883378502,449.20540890599295,0.003977821277291078,0.4583493058356503,0.6001578624793291,14.180855664367881,False
2025-09-05,calm,BTC-12SEP25-105000-P,P,0.01925216444698123,0.07194971326983772,112675.09,112833.13697452194,0.0038,428.165342,fixed_60pct,DH_numerical,965.6939446209852,0.008570607262181777,537.5286026209852,0.004763925004959853,0.45263810050821507,0.5987802199139762,14.614211940576116,False
2025-09-05,calm,BTC-12SEP25-106000-P,P,0.019179347095383055,0.06500921204622485,112961.45,113119.89864565994,0.004,451.8458,fixed_60pct,DH_numerical,1118.3523692848378,0.009900301114095454,666.5065692848377,0.005892036478680221,0.4291267661505638,0.5979194161232985,16.87926499727347,False
2025-09-05,calm,BTC-12SEP25-107000-P,P,0.01918688444951801,0.05595607856341437,112999.48,113157.98198953959,0.005,564.9974,fixed_60pct,DH_numerical,1350.4040950483104,0.011950533710848142,785.4066950483104,0.006940797999746178,0.4178744530524224,0.5967461153688298,17.887166231640744,False
2025-09-05,calm,BTC-12SEP25-108000-P,P,0.019204940417300864,0.044791236090479566,112789.22,112947.42706226808,0.007,789.52454,fixed_60pct,DH_numerical,1683.7210871008483,0.014928032014946538,894.1965471008483,0.007916927108112665,0.41439105455733094,0.5953021535351879,18.091109897785696,False
2025-09-05,calm,BTC-12SEP25-109000-P,P,0.019197004185692545,0.03633163622762885,112874.64,113032.96687910215,0.0085,959.4344400000001,fixed_60pct,DH_numerical,1977.934551199049,0.01752328557769087,1018.500111199049,0.009010646533664969,0.40254660769347256,0.5942252294625348,19.16786217690622,False
2025-09-05,calm,BTC-12SEP25-110000-P,P,0.019222295630390664,0.02684684142457117,112834.88,112993.15110858796,0.011,1241.1836799999999,fixed_60pct,DH_numerical,2352.5426121377614,0.020849427164169106,1111.3589321377615,0.009835630931911355,0.3977868463769885,0.5930060193310699,19.521917295408137,False
2025-09-05,calm,BTC-12SEP25-112000-P,P,0.019250421296296297,0.008054871698252968,112747.64,112905.78873887823,0.0175,1973.0837000000001,fixed_60pct,DH_numerical,3240.1028918604734,0.028737655988723784,1267.0191918604733,0.011221915244671464,0.38543351593403946,0.5906218970167089,20.51883810826694,False
2025-09-05,calm,BTC-12SEP25-113000-P,P,0.019180962233637747,0.0010180827002609586,112956.66,113115.10192682788,0.02,2259.1332,fixed_60pct,DH_numerical,3625.8208613538154,0.03209922160724136,1366.6876613538152,0.012082274056013325,0.3708381702182614,0.5897768625079602,21.893869228969887,False
2025-09-05,calm,BTC-12SEP25-114000-C,C,0.019181771530948754,-0.00794589188427329,112939.34,113097.75763242882,0.017,1919.9687800000002,fixed_60pct,DH_numerical,3258.56180465122,0.028852318462736014,1338.5930246512198,0.011835716752242676,0.37357584871101807,0.5886603947308997,21.508454601988163,False
2025-09-05,calm,BTC-12SEP25-115000-C,C,0.01919768864155251,-0.017444877063790443,112852.94,113011.2364409694,0.0135,1523.51469,fixed_60pct,DH_numerical,2791.349770013173,0.024734400096383603,1267.835080013173,0.011218663912905841,0.3788773380532097,0.587476837763626,20.85994997104163,False
2025-09-05,calm,BTC-12SEP25-116000-C,C,0.019178238362506345,-0.02504274099406845,112972.65,113131.11435566394,0.01,1129.7265,fixed_60pct,DH_numerical,2452.00335911732,0.021704398003563875,1322.27685911732,0.01168800348735467,0.36077478358399184,0.5865516079039793,22.577682431998745,False
2025-09-05,calm,BTC-12SEP25-119000-C,C,0.019188439022070014,-0.051199131203636346,112902.28,113060.64564914774,0.0045,508.06025999999997,fixed_60pct,DH_numerical,1495.7675117617516,0.013248337515962934,987.7072517617516,0.008736083595584854,0.37303527910302875,0.5833657378429778,21.03304587399491,False
2025-09-05,calm,BTC-12SEP25-120000-C,C,0.019187111777016742,-0.058724883100107615,112997.44,113155.93912807459,0.0034,384.19129599999997,fixed_60pct,DH_numerical,1280.447881609289,0.01133165389949798,896.256585609289,0.007920543919439072,0.3730510627690631,0.5824624046884154,20.94113419193523,False
2025-09-05,calm,BTC-12SEP25-122000-C,C,0.01923779585235921,-0.07738162734177031,112757.3,112915.46228875667,0.002,225.5146,fixed_60pct,DH_numerical,845.8772273500399,0.00750175134869352,620.3626273500399,0.005494044967584668,0.3933909208226637,0.580219856020562,18.682893519789832,False
2025-09-05,calm,BTC-12SEP25-124000-C,C,0.019192682775240996,-0.09210675296422283,112930.56,113088.96531690784,0.0012,135.51667199999997,fixed_60pct,DH_numerical,590.0015458481836,0.005224463120064078,454.4848738481836,0.004018825997519618,0.40242394743262055,0.5785135448239649,17.608959739134434,False
2025-09-05,calm,BTC-12SEP25-125000-C,C,0.01919271229705733,-0.10012918420998515,112931.66,113090.06685985466,0.001,112.93166000000001,fixed_60pct,DH_numerical,479.64761212570033,0.004247237773054078,366.7159521257003,0.003242689321071391,0.41505687105427264,0.5775811565543527,16.25242855000801,False
2025-09-05,calm,BTC-12SEP25-130000-C,C,0.019281410736935567,-0.14533875104151395,112257.35,112414.81101942631,0.0005,56.128675,fixed_60pct,DH_numerical,127.54095535469294,0.0011361479257678267,71.41228035469294,0.0006352568643499497,0.5011446594528879,0.5724098198003625,7.126516034747466,False
2025-09-05,calm,BTC-12SEP25-135000-C,C,0.019249690639269405,-0.17892833399578545,112724.27,112882.38595827167,0.0003,33.817281,fixed_60pct,DH_numerical,39.190470502110635,0.00034766666044597704,5.373189502110634,4.75998930789512e-05,0.5579418995799535,0.5687529476924339,1.0811048112480348,False
2025-09-05,calm,BTC-12SEP25-90000-P,P,0.01920613267376966,0.2271797296654179,112796.77,112954.98765249399,0.0003,33.839031,fixed_60pct,DH_numerical,10.940021200130754,9.698878079692135e-05,-22.899009799869244,-0.00020272685851038333,0.706005887956288,0.6196016336864861,-8.640425426980192,False
2025-09-05,calm,BTC-12SEP25-95000-P,P,0.019275726788432267,0.16805660798038408,112227.92,112385.33973858545,0.0006,67.33675199999999,fixed_60pct,DH_numerical,78.62973198094684,0.0007006254057007102,11.292979980946853,0.00010048445826844456,0.5968142022210055,0.611509457555502,1.469525533449656,False
2025-09-08,calm,BTC-26SEP25-100000-P,P,0.04938004575722983,0.10918130459910476,111427.43,111536.45527338712,0.0055,612.8508649999999,fixed_60pct,DH_numerical,1557.4869175803549,0.013977589876930258,944.636052580355,0.008469303155322235,0.4252942854232803,0.5883385536290487,16.304426820576843,False
2025-09-08,calm,BTC-26SEP25-104000-P,P,0.04931913457635718,0.06842532088316913,111256.49,111365.3480185179,0.01,1112.5649,fixed_60pct,DH_numerical,2637.0791698858316,0.023702699679684587,1524.5142698858315,0.013689305488744436,0.3861035529890402,0.5835329775501952,19.742942456115497,False
2025-09-08,calm,BTC-26SEP25-106000-P,P,0.04936526531582953,0.0521735881247468,111568.05,111677.21286189603,0.0135,1506.1686750000001,fixed_60pct,DH_numerical,3218.630506718959,0.028849034349161425,1712.461831718959,0.01533403088987052,0.38027621078004964,0.5816164672340343,20.134025645398463,False
2025-09-08,calm,BTC-26SEP25-108000-P,P,0.049377227676306444,0.033294376892421734,111547.18,111656.32244181224,0.0185,2063.62283,fixed_60pct,DH_numerical,3996.548069464059,0.03582832008361,1932.9252394640594,0.017311381901113303,0.36992211442854706,0.5794330823374881,20.95109679089411,False
2025-09-08,calm,BTC-26SEP25-112000-C,C,0.049381299308726534,-0.00458991904315855,111378.13,111487.10703619834,0.031,3452.72203,fixed_60pct,DH_numerical,5440.91977528481,0.048850881005856446,1988.1977452848105,0.017833432027608984,0.37396101099965817,0.5751435982206349,20.11825872209767,False
2025-09-08,calm,BTC-26SEP25-118000-C,C,0.04931762176560122,-0.05783353067919421,111260.37,111369.23181487272,0.011,1223.8640699999999,fixed_60pct,DH_numerical,3059.0465306615865,0.027494484609943207,1835.1824606615867,0.01647836148957354,0.3556424509683776,0.5693457290813133,21.37032781129357,False
2025-09-08,calm,BTC-26SEP25-120000-C,C,0.049414030060882796,-0.07491877410692396,111229.43,111338.26154187837,0.007,778.60601,fixed_60pct,DH_numerical,2481.3585441817436,0.022308471275828204,1702.7525341817436,0.015293507466355369,0.34615162884785744,0.5674928723513085,22.134124350345108,False
2025-09-08,calm,BTC-26SEP25-122000-C,C,0.04935536621638762,-0.09114235839387955,111263.44,111372.30481868955,0.005,556.3172000000001,fixed_60pct,DH_numerical,2003.8473518025974,0.018009935265371962,1447.5301518025972,0.012997218241636722,0.35351191477453564,0.5658179181517722,21.230600337723654,False
2025-09-08,calm,BTC-26SEP25-126000-C,C,0.04937431100963978,-0.12127513721247028,111500.47,111609.56673878814,0.0023,256.451081,fixed_60pct,DH_numerical,1306.2626220946768,0.011715310456491141,1049.8115410946768,0.009406107126566162,0.3565441173046886,0.5627252816786139,20.61811643739253,False
2025-09-08,calm,BTC-26SEP25-128000-C,C,0.04942443004819888,-0.1399278749614276,111177.1,111285.88034001044,0.0016,177.88336,fixed_60pct,DH_numerical,975.7501824410058,0.008776539255305325,797.8668224410058,0.0071695242918804495,0.36957412389554806,0.5608427448940754,19.126862099852733,False
2025-09-08,calm,BTC-26SEP25-132000-C,C,0.04941328982749873,-0.17054942405195644,111193.79,111302.58667020679,0.001,111.19378999999999,fixed_60pct,DH_numerical,581.0448844983616,0.005225515602070598,469.85109449836165,0.004221385221626033,0.3985993109086635,0.5578649139805033,15.92656030718398,False
2025-09-08,calm,BTC-26SEP25-98000-P,P,0.04937899334094368,0.13009839221180905,111507.06,111616.16318672067,0.0039,434.87753399999997,fixed_60pct,DH_numerical,1162.5310282510204,0.010425627115009762,727.6534942510204,0.00651924840879669,0.43977989698811876,0.5908601745779013,15.108027758978254,False
2023-08-18,shock,BTC-29SEP23-20000-P,P,0.11510144216133943,0.2871070664283846,26449.57,26651.33758029029,0.0043,113.73315099999999,fixed_60pct,SH_numerical,161.81665381580012,0.006117931362052393,48.08350281580013,0.0018041684651264847,0.5484839080351033,0.5947602133892338,4.6276305354130525,False
2023-08-18,shock,BTC-29SEP23-21000-P,P,0.1151080652270421,0.23844619656927588,26452.99,26654.78366937698,0.006,158.71794000000003,fixed_60pct,SH_numerical,262.9306877152086,0.009939545121939281,104.21274771520856,0.003909720259141927,0.5113087489522226,0.5857123008590622,7.440355190683967,False
2023-08-18,shock,BTC-29SEP23-22000-P,P,0.11508866482749873,0.19177193316603847,26448.91,26650.67254555426,0.008,211.59128,fixed_60pct,SH_numerical,408.81776374761165,0.015456885132416106,197.22648374761164,0.007400431768109809,0.4678883768741148,0.5768290419246597,10.89406650505449,False
2023-08-18,shock,BTC-29SEP23-23000-P,P,0.1151080652270421,0.14747441836354905,26452.99,26654.78366937698,0.0122,322.72647800000004,fixed_60pct,SH_numerical,608.2934420687538,0.022995262239495565,285.5669640687538,0.010713535236710047,0.44396277363583636,0.5681700447505068,12.420727111467045,False
2023-08-18,shock,BTC-29SEP23-24000-P,P,0.1150805249873161,0.10467548288950165,26446.66,26648.405381681438,0.018,476.03988,fixed_60pct,SH_numerical,873.6510927487516,0.03303445851947851,397.6112127487516,0.014920638103999883,0.4167239773242909,0.5596155122696488,14.289153494535789,False
2023-08-18,shock,BTC-29SEP23-25000-P,P,0.11510698779173009,0.06427651469221499,26457.85,26659.68074334227,0.0278,735.5282299999999,fixed_60pct,SH_numerical,1206.9591721291004,0.04561818787728785,471.43094212910046,0.01768329285964278,0.4046273824005224,0.5513155856209908,14.668820322046844,False
2023-08-18,shock,BTC-29SEP23-26000-P,P,0.11507396305809234,0.024152448009356446,26433.96,26635.60850115485,0.042,1110.22632,fixed_60pct,SH_numerical,1629.5659261730943,0.06164668200198133,519.3396061730944,0.019497944120577426,0.39485703531772953,0.5428885389376258,14.803150361989626,False
2023-08-18,shock,BTC-29SEP23-27000-C,C,0.11507217018645358,-0.013867105272662581,26426.58,26628.172203651997,0.0465,1228.83597,fixed_60pct,SH_numerical,1757.318159345479,0.06649813026677984,528.4821893454789,0.019846731698430233,0.38800458880470867,0.5346851208348777,14.668053203016907,False
2023-08-18,shock,BTC-29SEP23-28000-C,C,0.1151045541920345,-0.04875362705166406,26465.75,26667.641007606842,0.034,899.8355,fixed_60pct,SH_numerical,1352.4993030135684,0.051103758745305476,452.6638030135683,0.016974272410688582,0.3979936201371984,0.5269556614757376,12.896204133853917,False
2023-08-18,shock,BTC-29SEP23-29000-C,C,0.11508392941400304,-0.08438730412713888,26451.4,26653.181540240184,0.024,634.8336,fixed_60pct,SH_numerical,997.4996906695928,0.037710657684265965,362.6660906695928,0.013606859283273565,0.4069620583844821,0.5188812594593432,11.191920107486109,False
2023-08-18,shock,BTC-29SEP23-30000-C,C,0.11510564437468289,-0.117722316633254,26466.39,26668.28588977511,0.018,476.39501999999993,fixed_60pct,SH_numerical,724.6899315271247,0.027381517899763615,248.29491152712478,0.00931049384101299,0.42533302751131896,0.5111164094453803,8.578338193406132,False
2023-08-18,shock,BTC-29SEP23-35000-C,C,0.11513173560375443,-0.2718442812073834,26467.15,26669.051687349933,0.005,132.33575000000002,fixed_60pct,SH_numerical,90.1768164462629,0.0034071222797416004,-42.158933553737114,-0.0015808186225734668,0.5109468815715087,0.4723470385052497,-3.8599843066259023,False
2023-10-23,shock,BTC-29DEC23-24000-P,P,0.18356287943937089,0.25144657504154105,30522.92,30861.220798051287,0.0155,473.10526,fixed_60pct,SH_numerical,493.03389298845804,0.0161529071592252,19.928632988458048,0.0006457499889219039,0.5521860776927368,0.5597184809624819,0.7532403269745136,False
2023-10-23,shock,BTC-29DEC23-25000-P,P,0.18357180704591577,0.21039718454822928,30515.98,30854.20387855805,0.02,610.3196,fixed_60pct,SH_numerical,671.6536848561781,0.02200990054575269,61.33408485617804,0.0019878680097398915,0.5330994370865297,0.5526836776972622,1.9584240610732495,False
2023-10-23,shock,BTC-29DEC23-27000-P,P,0.18361817858954846,0.13991563467163953,30714.35,31054.772512545544,0.0335,1028.930725,fixed_60pct,SH_numerical,1118.6942731805934,0.03642252800989093,89.76354818059349,0.0028904912487873065,0.5181947188177624,0.5402730569357129,2.207833811795057,False
2023-10-23,shock,BTC-29DEC23-30000-P,P,0.18359523684043633,0.03561042024272565,30746.78,31087.561950465664,0.071,2183.0213799999997,fixed_60pct,SH_numerical,2205.688403704858,0.07173721618019377,22.667023704858366,0.0007291348141412818,0.5166893101865667,0.5211147232299888,0.4425413043422033,False
2023-10-23,shock,BTC-29DEC23-32000-C,C,0.18366562347792997,-0.03032499462871697,30703.86,31044.166246625653,0.08,2456.3088000000002,fixed_60pct,SH_numerical,2283.039155845584,0.07435674719222873,-173.26964415441626,-0.005581391452999638,0.5410665196592633,0.50841283461003,-3.2653685049233383,False
2023-10-23,shock,BTC-29DEC23-33000-C,C,0.18358757883054286,-0.05990858371648203,30740.36,31081.07079439267,0.0685,2105.71466,fixed_60pct,SH_numerical,1893.00923455766,0.06158058118244744,-212.70542544234013,-0.006843568127025863,0.5431116378172971,0.5025869668271771,-4.052467099012002,False
2023-10-23,shock,BTC-29DEC23-34000-C,C,0.18358160708396754,-0.09095971294653507,30703.55,31043.852810740507,0.059,1811.5094499999998,fixed_60pct,SH_numerical,1522.904406013565,0.049600271174296294,-288.6050439864348,-0.009296688969179226,0.5531122867754044,0.4963393305671622,-5.677295620824219,False
2023-10-23,shock,BTC-29DEC23-35000-C,C,0.1836686566780822,-0.12070999318483927,30680.14,31020.183345994592,0.0525,1610.70735,fixed_60pct,SH_numerical,1213.1238841561847,0.03954101526773296,-397.58346584381525,-0.012816928301461902,0.572039058687328,0.4902184435866737,-8.182061510065425,False
2023-10-23,shock,BTC-29DEC23-36000-C,C,0.1835759743150685,-0.15049037118516015,30630.8,30970.29648608159,0.044,1347.7551999999998,fixed_60pct,SH_numerical,944.1787605315151,0.030824489093706827,-403.57643946848475,-0.013031080914897172,0.572895930588261,0.4840195555176782,-8.887637507058283,False
2023-10-23,shock,BTC-29DEC23-37000-C,C,0.183654147260274,-0.17732601895184827,30648.06,30987.74778729964,0.039,1195.27434,fixed_60pct,SH_numerical,740.3723747868161,0.02415723457820221,-454.90196521318387,-0.014680058981234704,0.5855971385122246,0.4782926823392239,-10.730445617300072,False
2023-10-23,shock,BTC-29DEC23-38000-C,C,0.18358899429223746,-0.20103240042623854,30738.97,31079.665388327023,0.034,1045.12498,fixed_60pct,SH_numerical,587.9782149310234,0.019128103997337043,-457.1467650689766,-0.014708870232582135,0.5892757699406612,0.4731778468490194,-11.60979230916418,False
2023-10-23,shock,BTC-29DEC23-39000-C,C,0.18357936485286655,-0.228945416295037,30679.47,31019.505920049283,0.0295,905.044365,fixed_60pct,SH_numerical,435.9339758702769,0.014209305958358372,-469.11038912972305,-0.015123077406159334,0.5989930988513675,0.4670335295942887,-13.195956925707886,False
2023-10-23,shock,BTC-29DEC23-40000-C,C,0.18358892830416032,-0.2523221163008076,30739.08,31079.776607512074,0.0265,814.5856200000001,fixed_60pct,SH_numerical,333.6066061613835,0.010852849407379255,-480.97901383861654,-0.015475626479321684,0.6097890723353685,0.4617916217168271,-14.799745061854141,False
2023-10-26,shock,BTC-24NOV23-29000-P,P,0.07947974651192288,0.18822759263631017,34693.83,35006.13817785115,0.0105,364.28521500000005,fixed_60pct,SH_numerical,347.98355157516653,0.010030127880812425,-16.30166342483352,-0.0004656801427798683,0.6023579504072346,0.5938452804014825,-0.8512670005752065,False
2023-10-26,shock,BTC-24NOV23-30000-P,P,0.07945303063165907,0.1533037230536002,34658.38,34970.36906275475,0.0144,499.08067199999994,fixed_60pct,SH_numerical,510.76551512167686,0.014737143372589166,11.68484312167692,0.00033413553916769736,0.5817328944373886,0.5866978385675252,0.4964944130136595,False
2023-10-26,shock,BTC-24NOV23-31000-P,P,0.0795225078957382,0.12252552996388377,34728.17,35040.787300909265,0.0195,677.199315,fixed_60pct,SH_numerical,707.4078276418302,0.02036985616120372,30.208512641830225,0.0008620957166977339,0.5693477656468494,0.5802251019995547,1.087733635270527,False
2023-10-26,shock,BTC-24NOV23-32000-P,P,0.07950538974505326,0.09114361353680861,34740.91,35053.64198430357,0.0265,920.6341150000001,fixed_60pct,SH_numerical,967.2118520889079,0.0278407172434144,46.57773708890784,0.0013287559994412154,0.5589459518131343,0.5735436786130302,1.4597726799895905,False
2023-10-26,shock,BTC-24NOV23-36000-C,C,0.07948235724251648,-0.026808401457431037,34735.04,35047.71914352456,0.0535,1858.32464,fixed_60pct,SH_numerical,1740.5023143774924,0.05010796919702676,-117.8223256225076,-0.0033617687113963457,0.5771273628622716,0.5471161831532465,-3.0011179709025115,False
2023-10-26,shock,BTC-24NOV23-37000-C,C,0.07946918921232876,-0.055543518977004484,34688.66,35000.92163835754,0.044,1526.30104,fixed_60pct,SH_numerical,1329.395427627327,0.038323631631412884,-196.90561237267298,-0.0056257264996383395,0.5921937044309735,0.540333377772877,-5.186032665809648,False
2023-10-26,shock,BTC-24NOV23-38000-C,C,0.07946233647260273,-0.08259121274050377,34675.5,34987.643174191995,0.0365,1265.65575,fixed_60pct,SH_numerical,1003.3223249763302,0.028934617380465464,-262.33342502366975,-0.007497887860511144,0.6070749872170453,0.533805775543697,-7.326921167334833,False
2023-10-26,shock,BTC-24NOV23-40000-C,C,0.07949175386859463,-0.13257348962513577,34720.99,35033.542667724716,0.025,868.02475,fixed_60pct,SH_numerical,549.7391819259099,0.01583305032275606,-318.2855680740902,-0.009085166495802793,0.6275952578211735,0.5213370207720711,-10.625823704910243,False
2023-10-26,shock,BTC-24NOV23-42000-C,C,0.07948895608193811,-0.18074030598792323,34742.64,35055.387557480346,0.017,590.6248800000001,fixed_60pct,SH_numerical,272.24527440078316,0.007836056051030755,-318.3796055992169,-0.009082187583211557,0.6465317003135949,0.5088092454873251,-13.772245482626976,False
2023-10-26,shock,BTC-24NOV23-44000-C,C,0.07947396058472857,-0.22929880043984524,34671.89,34984.000677562995,0.0115,398.72673499999996,fixed_60pct,SH_numerical,115.31869716687471,0.003325999741198842,-283.40803783312526,-0.008101075701581755,0.6680855118004256,0.4955939305527983,-17.24915812476273,False
2023-10-26,shock,BTC-24NOV23-46000-C,C,0.0794822417237443,-0.27191876802713305,34735.46,35048.1429242958,0.008,277.88368,fixed_60pct,SH_numerical,46.99187389976929,0.0013528501968814949,-230.89180610023072,-0.0065878470821965785,0.6846807266510474,0.48343440174728414,-20.124632490376328,False
2023-10-26,shock,BTC-24NOV23-48000-C,C,0.07952338280060882,-0.3143859739479086,34738.67,35051.38182019028,0.0055,191.062685,fixed_60pct,SH_numerical,16.258162451984195,0.0004680133825498845,-174.8045225480158,-0.004987093617157341,0.7002092643869212,0.4707267336900913,-22.948253069682988,False
2024-02-29,shock,BTC-8MAR24-49000-P,P,0.02199230590436327,0.2552934495191499,62813.96,63251.177727365415,0.0018,113.065128,fixed_60pct,SH_numerical,6.076004573421443,9.673016274441928e-05,-106.98912342657856,-0.0016914961471190134,0.9572479255826316,0.6432336953879477,-31.40142301946839,False
2024-02-29,shock,BTC-8MAR24-50000-P,P,0.02201515379249112,0.23797828311994992,62995.6,63434.08203593629,0.002,125.9912,fixed_60pct,SH_numerical,10.446008976134415,0.00016582124745433675,-115.54519102386558,-0.0018215001670302035,0.9197487248111971,0.6395711268792862,-28.01775979319109,False
2024-02-29,shock,BTC-8MAR24-52000-P,P,0.02194171997082699,0.19283265556829868,62623.46,63059.35174860109,0.0033,206.657418,fixed_60pct,SH_numerical,37.856535496523,0.0006045104421972692,-168.800882503477,-0.0026768572435764324,0.8597917233622958,0.6299386916595395,-22.98530317027563,False
2024-02-29,shock,BTC-8MAR24-53000-P,P,0.021923783136732624,0.17555044877762052,62734.15,63170.812208388095,0.0039,244.663185,fixed_60pct,SH_numerical,60.27306062884155,0.0009607695430453994,-184.39012437115844,-0.0029189133070331857,0.8301289908398336,0.6261733683329792,-20.39556225068544,False
2024-02-29,shock,BTC-8MAR24-54000-P,P,0.021936777524099442,0.1552200670788126,62631.46,63067.407432748674,0.0055,344.47303,fixed_60pct,SH_numerical,101.64052334970243,0.0016228349674381284,-242.83250665029755,-0.003850364499432447,0.8244914591825504,0.6216679698549099,-20.282348932764048,False
2024-02-29,shock,BTC-8MAR24-55000-P,P,0.021980263064434298,0.13995518985585573,62824.93,63262.22408425279,0.007,439.77451,fixed_60pct,SH_numerical,148.84763120187895,0.0023692446804457873,-290.92687879812104,-0.004598745665512232,0.8178040331829347,0.6182238142985924,-19.95802188843423,False
2024-02-29,shock,BTC-8MAR24-55500-P,P,0.021966496797311007,0.1303801064013499,62791.94,63229.00445674919,0.008,502.33552000000003,fixed_60pct,SH_numerical,186.32371356477384,0.002967318951521068,-316.01180643522616,-0.004997893121208148,0.8106736849327371,0.6160739623255086,-19.459972260722846,False
2024-02-29,shock,BTC-8MAR24-56000-P,P,0.02199303697361745,0.12298714831714998,62890.96,63328.713687285905,0.009,566.01864,fixed_60pct,SH_numerical,221.8256585030947,0.0035271469620291166,-344.1929814969053,-0.005435022463846549,0.8086746569328367,0.6143796367126656,-19.429502022017108,False
2024-02-29,shock,BTC-8MAR24-56500-P,P,0.022008551401572807,0.11733047967461836,63094.57,63533.74091844708,0.009,567.8511299999999,fixed_60pct,SH_numerical,253.22420531278524,0.0040134072601300756,-314.6269246872147,-0.0049521233936322875,0.7828393489877864,0.6130809480692392,-16.97584009185472,False
2024-02-29,shock,BTC-8MAR24-58500-P,P,0.02201215147767631,0.08249221828129787,63091.28,63530.42801834139,0.016,1009.46048,fixed_60pct,SH_numerical,530.4247338988285,0.008407259036412458,-479.0357461011714,-0.007540256866565933,0.7886064360043208,0.60503449055299,-18.357194545133083,False
2024-02-29,shock,BTC-8MAR24-59000-P,P,0.02194114817985794,0.06623308753596721,62604.31,63040.068454672815,0.02,1252.0862,fixed_60pct,SH_numerical,719.8504815993905,0.011498417307041488,-532.2357184006095,-0.008442816314250968,0.7839778365924199,0.6012596786737929,-18.2718157918627,False
2024-02-29,shock,BTC-8MAR24-59500-P,P,0.021938728786149164,0.05759549078129061,62591.87,63027.541865823325,0.023,1439.61301,fixed_60pct,SH_numerical,845.5031847610315,0.013508194990196514,-594.1098252389685,-0.009426193813868607,0.791945783256986,0.5992127836762133,-19.27329995807726,False
2024-02-29,shock,BTC-8MAR24-61000-P,P,0.021981969178082192,0.03583431811360583,62788.49,63225.530442960546,0.03,1883.6546999999998,fixed_60pct,SH_numerical,1246.6989350967367,0.019855532998113774,-636.9557649032631,-0.010074344342241592,0.7789008673089645,0.5939661784651438,-18.493468884382068,False
2024-02-29,shock,BTC-8MAR24-63000-P,P,0.02197476182775241,0.0014143620096400077,62653.07,63089.16784955234,0.0465,2913.3677549999998,fixed_60pct,SH_numerical,2138.13569431028,0.03412659099243309,-775.2320606897197,-0.012287878999108093,0.7937619643239132,0.585540204604287,-20.82217597196262,False
2024-02-29,shock,BTC-8MAR24-64000-C,C,0.021948678779807204,-0.012177449313743727,62788.33,63225.3693292776,0.0405,2542.927365,fixed_60pct,SH_numerical,1822.5554781202447,0.02902697807252151,-720.3718868797553,-0.011393715758749623,0.7754547093474637,0.5821648231395861,-19.32898862078777,False
2024-02-29,shock,BTC-8MAR24-64500-C,C,0.0219377195268899,-0.022623661493204078,62621.28,63057.15657467087,0.037,2316.9873599999996,fixed_60pct,SH_numerical,1537.3119653877775,0.02454935391591768,-779.6753946122221,-0.01236458218170602,0.7920393118050524,0.5795394736209589,-21.249983818409348,False
2024-02-29,shock,BTC-8MAR24-65000-C,C,0.021954731703450026,-0.028537415661734043,62734.62,63171.285479831764,0.034,2132.97708,fixed_60pct,SH_numerical,1394.9894283194192,0.02223635734654038,-737.9876516805809,-0.011682327596708363,0.7812824091559047,0.5780286380363356,-20.32537711195691,False
2024-02-29,shock,BTC-8MAR24-66000-C,C,0.021928038115169964,-0.04575243920262514,62612.56,63048.375878950006,0.0285,1784.45796,fixed_60pct,SH_numerical,1019.5040529101027,0.016282740282622252,-764.9539070898973,-0.012132809075979589,0.7967126469085606,0.573636312746853,-22.30763341617076,False
2024-02-29,shock,BTC-8MAR24-68000-C,C,0.021936975202942667,-0.07549313086279838,62619.59,63055.454811394695,0.0205,1283.701595,fixed_60pct,SH_numerical,550.097958650563,0.00878475823062021,-733.603636349437,-0.011634261279118839,0.8168768323350389,0.5658594928626629,-25.101733947237605,False
2024-02-29,shock,BTC-8MAR24-70000-C,C,0.02193446816336885,-0.10348610645611421,62681.9,63118.198521299186,0.0145,908.88755,fixed_60pct,SH_numerical,277.06859843215284,0.0044202329289978895,-631.8189515678472,-0.010010091643452726,0.8293218975745971,0.5583564597505183,-27.096543782407878,False
2024-02-29,shock,BTC-8MAR24-72000-C,C,0.022022204654997466,-0.128176077294097,62900.47,63338.289881816345,0.011,691.90517,fixed_60pct,SH_numerical,139.00600886168917,0.002209935933096989,-552.8991611383108,-0.00872930358823978,0.8519451234502358,0.551521181588449,-30.04239418617868,False
2024-02-29,shock,BTC-8MAR24-74000-C,C,0.021918328608574327,-0.1593134813666806,62665.76,63101.94617853144,0.007,438.66032,fixed_60pct,SH_numerical,48.824367884125294,0.0007791235258955655,-389.8359521158747,-0.00617787525939263,0.8601658819429434,0.5427911328027392,-31.737474914020424,False
2024-02-29,shock,BTC-8MAR24-76000-C,C,0.02192382290081177,-0.18491983028202047,62732.34,63168.9896098497,0.005,313.6617,fixed_60pct,SH_numerical,18.244064980040324,0.00029082391921041563,-295.4176350199597,-0.0046766243507224995,0.8778789151018811,0.5353443003501418,-34.25346147517393,False
2025-10-12,shock,BTC-31OCT25-100000-P,P,0.052087223205225776,0.1134745804005474,111825.67,112016.34144251612,0.0085,950.5181950000001,fixed_60pct,SH_numerical,1608.4464778080837,0.014383517467930965,657.9282828080836,0.0058735026901919965,0.48872009961768237,0.5933644311987484,10.464433158106601,False
2025-10-12,shock,BTC-31OCT25-102000-P,P,0.05206753513444952,0.09287038477879103,111736.07,111926.58866756519,0.011,1229.09677,fixed_60pct,SH_numerical,2079.1183470351048,0.018607405352945604,850.0215770351047,0.007594456215937808,0.47085764521211426,0.5888052551497998,11.794760993768548,False
2025-10-12,shock,BTC-31OCT25-105000-P,P,0.052167198598427195,0.06416919607088947,111768.07,111958.64323004766,0.018,2011.82526,fixed_60pct,SH_numerical,2927.4878114088297,0.026192523601855425,915.6625514088296,0.00817857849105376,0.4752016721346993,0.5822753722549691,10.707370012026974,False
2025-10-12,shock,BTC-31OCT25-106000-P,P,0.05212723709411467,0.0556293671335694,111873.06,112063.81224614252,0.0185,2069.65161,fixed_60pct,SH_numerical,3226.7118639965292,0.028842617373624438,1157.0602539965294,0.010325012426447752,0.4495389238843547,0.5803474155441151,13.080849165976039,False
2025-10-12,shock,BTC-31OCT25-108000-P,P,0.05205597605910705,0.034558320853792596,111607.24,111797.53900242086,0.026,2901.78824,fixed_60pct,SH_numerical,4051.9493684016284,0.03630543474062819,1150.1611284016285,0.010287893084808628,0.4551726300251792,0.5755235777646263,12.035094773944705,False
2025-10-12,shock,BTC-31OCT25-111000-P,P,0.05206324790715373,0.0072700860374546785,111619.6,111809.92007717972,0.036,4018.3055999999997,fixed_60pct,SH_numerical,5371.335479011291,0.048121794729700615,1353.029879011291,0.012101161310886609,0.4351913599212449,0.5691087600178769,13.3917400096632,False
2025-10-12,shock,BTC-31OCT25-112000-C,C,0.052089843924403856,-0.0008084556238861046,111719.0,111909.48956189092,0.0405,4524.6195,fixed_60pct,SH_numerical,5732.359946438917,0.05131051966486379,1207.7404464389174,0.010792118265993727,0.44848841053097815,0.5671712232503301,11.868281271935194,False
2025-10-12,shock,BTC-31OCT25-113000-C,C,0.052057037734652464,-0.010467040071485245,111633.05,111823.39301047313,0.035,3907.1567500000006,fixed_60pct,SH_numerical,5206.516656403956,0.04663956289292424,1299.3599064039558,0.011619750317201166,0.43713131704674374,0.5648745964789234,12.774327943217962,False
2025-10-12,shock,BTC-31OCT25-115000-C,C,0.0520629525304414,-0.028232993239539463,111608.31,111798.61082685385,0.0275,3069.228525,fixed_60pct,SH_numerical,4321.928907654807,0.038724078051668435,1252.7003826548066,0.011204972703953401,0.43512869546390387,0.5605685692638067,12.543987379990284,False
2025-10-12,shock,BTC-31OCT25-116000-C,C,0.05213238051750381,-0.03598293395140361,111709.71,111900.18372172024,0.0255,2848.597605,fixed_60pct,SH_numerical,3973.264732340317,0.03556776516867081,1124.6671273403172,0.010050628068111161,0.44452122497236785,0.5586354809115548,11.411425593918695,False
2025-10-12,shock,BTC-31OCT25-118000-C,C,0.05209595364028412,-0.05305910585990082,111711.75,111902.22720007849,0.02,2234.235,fixed_60pct,SH_numerical,3252.1748139129263,0.029112200049797147,1017.9398139129262,0.009096689488519959,0.44574283688648125,0.5544359971035248,10.86931602170435,False
2025-10-12,shock,BTC-31OCT25-120000-C,C,0.05207246603881279,-0.06986622417628213,111711.75,111902.22720007849,0.0155,1731.532125,fixed_60pct,SH_numerical,2629.9582219270974,0.02354235988539341,898.4260969270974,0.008028670379551368,0.4470561834800484,0.5502377309825539,10.318154750250553,False
2025-10-12,shock,BTC-31OCT25-123000-C,C,0.05207276721841705,-0.09460592334294181,111706.49,111896.95823137043,0.011,1228.7713899999999,fixed_60pct,SH_numerical,1867.9709906871738,0.01672213486152124,639.1996006871739,0.0057123947852585465,0.4594238642134572,0.5439297873834428,8.450592316998556,False
2025-10-12,shock,BTC-31OCT25-124000-C,C,0.052168613330796546,-0.1020268572931283,111782.06,111972.65708408297,0.011,1229.60266,fixed_60pct,SH_numerical,1677.845710949008,0.015009973075724388,448.24305094900797,0.004003147398854806,0.4806490517167141,0.5419622588198354,6.131320710312127,False
2025-10-12,shock,BTC-31OCT25-126000-C,C,0.05207268112633181,-0.11867026343721723,111710.2,111900.67455720824,0.008,893.6816,fixed_60pct,SH_numerical,1289.9286621619528,0.011547098314764031,396.24706216195284,0.0035410605318502795,0.47538461271102495,0.5376619844251631,6.227737171413816,False
2025-10-12,shock,BTC-31OCT25-128000-C,C,0.05207257940131913,-0.13441423406529657,111710.69,111901.16539269626,0.0065,726.1194849999999,fixed_60pct,SH_numerical,990.4413309219836,0.008866128487094508,264.3218459219837,0.0023621009217767797,0.48607414142306615,0.5334868387375356,4.741269731446939,False
2025-10-12,shock,BTC-31OCT25-130000-C,C,0.05213990093860984,-0.15017151703875645,111682.42,111872.84719015313,0.006,670.09452,fixed_60pct,SH_numerical,747.559620628896,0.006693619466957253,77.46510062889604,0.0006924388050768622,0.5135610270361453,0.5292132369085493,1.565220987240401,False
2025-10-12,shock,BTC-31OCT25-132000-C,C,0.052088215468036526,-0.1647417187802167,111760.32,111950.88001569644,0.0047,525.273504,fixed_60pct,SH_numerical,564.7065749960433,0.005052836060204939,39.433070996043284,0.0003522354714006218,0.5159270086206769,0.5252601479312459,0.9333139310569005,False
2025-10-12,shock,BTC-31OCT25-134000-C,C,0.052096086250634194,-0.18016361651696475,111717.41,111907.89685081757,0.0039,435.697899,fixed_60pct,SH_numerical,411.7496265950291,0.0036856352702325365,-23.948272404970908,-0.000213999843432818,0.5276646781603831,0.5209828340939338,-0.6681844066449338,False
2025-10-12,shock,BTC-31OCT25-135000-C,C,0.05209434655631659,-0.18773779517307265,111701.86,111892.32033686124,0.0034,379.786324,fixed_60pct,SH_numerical,349.75345621021165,0.003131133682198413,-30.032867789788327,-0.0002684086602134253,0.5280995741219837,0.5188604025749919,-0.9239171546991831,False
2025-10-12,shock,BTC-31OCT25-138000-C,C,0.052096085299340435,-0.20958009756195858,111717.12,111907.60635634507,0.0027,301.636224,fixed_60pct,SH_numerical,211.96808648580313,0.0018973644011392626,-89.6681375141969,-0.0008012693724202134,0.5481676435365285,0.5126426772408617,-3.5524966295666816,False
2025-10-12,shock,BTC-31OCT25-140000-C,C,0.05209608476027397,-0.22396883501405812,111717.12,111907.60635634507,0.0023,256.949376,fixed_60pct,SH_numerical,148.3541391291088,0.0013279445364247557,-108.59523687089117,-0.0009704008548363872,0.5600116814821122,0.508467782758378,-5.154389872373422,False
2025-10-12,shock,BTC-31OCT25-150000-C,C,0.05207591168822932,-0.2926455113224503,111752.45,111942.99659673589,0.0011,122.927695,fixed_60pct,SH_numerical,19.143733092539705,0.00017130481785893468,-103.7839619074603,-0.0009271143801995247,0.6154764236351105,0.487581909716245,-12.789451391886548,False
2025-10-12,shock,BTC-31OCT25-155000-C,C,0.052124018518518514,-0.3236951423764416,111947.09,112137.9684730356,0.0009,100.752381,fixed_60pct,SH_numerical,6.116161335974062,5.463439322964145e-05,-94.63621966402594,-0.0008439266463685038,0.6501225753991589,0.47752319919190145,-17.25993762072574,False
2025-10-12,shock,BTC-31OCT25-160000-C,C,0.05206415553652968,-0.3582725650505931,111630.87,111821.20929340401,0.0006,66.978522,fixed_60pct,SH_numerical,1.3799447696322944,1.2361677102689376e-05,-65.59857723036771,-0.0005866380594959025,0.6716254835480686,0.4658619664972798,-20.57635170507888,False
2025-10-12,shock,BTC-31OCT25-80000-P,P,0.05205744758371385,0.3348851860062355,111632.05,111822.39130539555,0.0005,55.816025,fixed_60pct,SH_numerical,50.87402597377087,0.000455729568468651,-4.941999026229134,-4.419507549907562e-05,0.6468596191809027,0.6390671680925022,-0.7792451088400543,False
2025-10-12,shock,BTC-31OCT25-85000-P,P,0.052081540969051245,0.2746565190074033,111676.26,111866.67668687525,0.001,111.67626,fixed_60pct,SH_numerical,146.58066855173266,0.0013125499416951523,34.90440855173266,0.00031201792692414735,0.60023165695229,0.6271841519508616,2.6952494998571663,False
2025-10-12,shock,BTC-31OCT25-90000-P,P,0.052091111364789444,0.21794483265438055,111726.16,111916.66177024638,0.0019,212.279704,fixed_60pct,SH_numerical,366.8178458304813,0.003283186729325355,154.5381418304813,0.0013808323031268795,0.5508721497437815,0.6156437690149063,6.477161927112474,False
2025-10-12,shock,BTC-31OCT25-95000-P,P,0.05206556941273465,0.16317582850632734,111647.78,111838.14812626585,0.0041,457.75589800000006,fixed_60pct,SH_numerical,822.9471141253613,0.007370922324880631,365.1912161253612,0.003265354641897847,0.5158050614349488,0.604155874787166,8.835081335221728,False
2025-10-12,shock,BTC-31OCT25-98000-P,P,0.052167200152207,0.1331620675578409,111768.07,111958.64323004766,0.007,782.3764900000001,fixed_60pct,SH_numerical,1245.902051744918,0.011147209142511971,463.5255617449179,0.004140149865807914,0.5130162051000439,0.5976274854630779,8.4611280363034,False
2025-10-15,shock,BTC-28NOV25-105000-P,P,0.12058413067605277,0.07676254098438098,112500.55,113377.49231675502,0.031,3487.51705,fixed_60pct,SH_numerical,4799.805174345677,0.04266472629996633,1312.2881243456773,0.011574502994645493,0.4555413905742501,0.5515892292421261,9.604783866787598,False
2025-10-15,shock,BTC-28NOV25-108000-P,P,0.12058052454337899,0.048644195714375685,112506.46,113383.44838523283,0.0395,4444.00517,fixed_60pct,SH_numerical,5938.004548569531,0.05277923195316545,1493.9993785695306,0.013176520910649164,0.44393335979563137,0.545794041998573,10.186068220294159,False
2025-10-15,shock,BTC-28NOV25-112000-P,P,0.12058052235540336,0.012276551543500845,112506.46,113383.44838523283,0.054,6075.348840000001,fixed_60pct,SH_numerical,7715.262854568469,0.06857617646638663,1639.9140145684687,0.014463433930821007,0.4324367991472321,0.5381435169863708,10.570671783913866,False
2025-10-15,shock,BTC-28NOV25-118000-C,C,0.12060228662480975,-0.040310948140738614,112461.27,113337.90612897013,0.042,4723.37334,fixed_60pct,SH_numerical,6301.659184070517,0.056034038954659825,1578.2858440705168,0.013925489696929326,0.4248791749387655,0.5267448468145821,10.186567187581662,False
2025-10-15,shock,BTC-28NOV25-120000-C,C,0.12057623370116692,-0.056774007183782255,112499.97,113376.90779565228,0.0355,3993.7489349999996,fixed_60pct,SH_numerical,5540.563750436265,0.049249468692625115,1546.8148154362652,0.013643120504081887,0.4210441910725455,0.5231036899398308,10.205949886728533,False
2025-10-15,shock,BTC-28NOV25-122000-C,C,0.1206567994355657,-0.07290481066199231,112544.81,113422.09732366331,0.03,3376.3442999999997,fixed_60pct,SH_numerical,4852.094014664002,0.043112552366155334,1475.7497146640026,0.013011130542338474,0.41895537528576243,0.5194556768876005,10.050030160183809,False
2025-10-15,shock,BTC-28NOV25-125000-C,C,0.12055253358066971,-0.09685361047989792,112583.52,113461.10906829553,0.0235,2645.71272,fixed_60pct,SH_numerical,3923.0254837867174,0.034845468357950764,1277.3127637867174,0.011257714421052114,0.42107476913457315,0.5140420577078317,9.296728857325858,False
2025-10-15,shock,BTC-28NOV25-126000-C,C,0.1205845284436834,-0.10559163840442144,112496.88,113373.79370908774,0.022,2474.93136,fixed_60pct,SH_numerical,3612.536429557464,0.03211232551122719,1137.605069557464,0.010034109579825031,0.42686447203522104,0.5120176671694004,8.515319513417941,False
2025-10-15,shock,BTC-28NOV25-130000-C,C,0.12060476407914764,-0.1374546962720417,112428.22,113304.59850406458,0.0155,1742.63741,fixed_60pct,SH_numerical,2621.2132192666118,0.02331454877847049,878.5758092666117,0.007754105489682262,0.4293388797607837,0.504555882174233,7.521700241344925,False
2025-10-15,shock,BTC-28NOV25-134000-C,C,0.1205624327435312,-0.1663474309186297,112587.15,113464.7673641626,0.011,1238.4586499999998,fixed_60pct,SH_numerical,1900.439527451063,0.016879719643414573,661.9808774510632,0.005834241701888398,0.4313451874715906,0.49764697313820766,6.630178566661704,False
2025-10-15,shock,BTC-28NOV25-135000-C,C,0.12056589770421106,-0.1739762336098013,112565.33,113442.77727715991,0.01,1125.6533,fixed_60pct,SH_numerical,1735.3344162536423,0.015416242427874038,609.6811162536424,0.005374349349400078,0.43172124599741607,0.495790789602116,6.406954360469991,False
2025-10-15,shock,BTC-28NOV25-136000-C,C,0.12063656633688483,-0.1808610179775276,112621.1,113498.9820045724,0.009,1013.5899,fixed_60pct,SH_numerical,1597.5565407254865,0.01418523296900391,583.9666407254865,0.005145126682298886,0.429723772029432,0.4940843638020709,6.436059177263886,False
2025-10-15,shock,BTC-28NOV25-138000-C,C,0.12056584290969051,-0.19595949336575502,112564.84,113442.2834576076,0.008,900.51872,fixed_60pct,SH_numerical,1317.619503168748,0.011705426873691182,417.10078316874797,0.0036767664618159324,0.43991950768916865,0.4903791582522316,5.045965056306295,False
2025-10-15,shock,BTC-28NOV25-140000-C,C,0.12058338628868594,-0.2108871765934511,112504.19,113381.16069057214,0.007,787.5293300000001,fixed_60pct,SH_numerical,1079.009982022845,0.009590842634597386,291.4806520228449,0.0025708032114640546,0.44760539765994295,0.4866413685022882,3.9035970842345225,False
2025-10-15,shock,BTC-28NOV25-145000-C,C,0.12056629328386606,-0.2454551861842352,112563.08,113440.50973839931,0.0048,540.302784,fixed_60pct,SH_numerical,651.7858753516992,0.005790405480657595,111.48309135169927,0.0009827449789214279,0.4581070004542016,0.4778138576433455,1.970685718914389,False
2025-10-15,shock,BTC-28NOV25-160000-C,C,0.12061685147133434,-0.34395531601613666,112556.32,113433.69704416751,0.0021,236.368272,fixed_60pct,SH_numerical,104.07406247229761,0.0009246398822589225,-132.29420952770238,-0.0011662690450456815,0.5102435511972039,0.451007777481285,-5.923577371591887,False
2025-10-15,shock,BTC-28NOV25-95000-P,P,0.12059087087772703,0.17671283577088592,112485.57,113362.3955475845,0.0125,1406.069625,fixed_60pct,SH_numerical,2097.9809650793927,0.01865111200556118,691.9113400793926,0.006103534922115852,0.4950974062132918,0.5714288088594208,7.633140264612903,False
2025-10-15,shock,BTC-31OCT25-100000-P,P,0.0438510455035515,0.12036290319860699,112560.11,112790.60980471678,0.0065,731.640715,fixed_60pct,SH_numerical,1200.9884193887492,0.010669751649929528,469.3477043887492,0.004161230311648884,0.508875202296985,0.5997961741045629,9.092097180757786,False
2025-10-15,shock,BTC-31OCT25-102000-P,P,0.04393798890157281,0.10017071925010844,112516.27,112746.6800294719,0.0075,843.872025,fixed_60pct,SH_numerical,1598.516461007545,0.014206980563855743,754.6444360075451,0.006693274123994441,0.46851030935572074,0.5952376621203963,12.672735276467556,False
2025-10-15,shock,BTC-31OCT25-105000-P,P,0.04386838777904617,0.07109483569517651,112506.33,112736.71967440953,0.012,1350.0759600000001,fixed_60pct,SH_numerical,2347.6253473235993,0.020866606770691028,997.5493873235991,0.008848486901202927,0.45231874847965386,0.5886826689194012,13.636392043974737,False
2025-10-15,shock,BTC-31OCT25-106000-P,P,0.043845579559868085,0.06231678453640306,112585.19,112815.74116336508,0.0145,1632.485255,fixed_60pct,SH_numerical,2624.612753572945,0.023312238080096904,992.1274985729451,0.008794229318905729,0.4584763327756599,0.5866784055738425,12.820207279818263,False
2025-10-15,shock,BTC-31OCT25-107000-P,P,0.043870442732115676,0.05256982862165264,112544.98,112775.44882160876,0.0165,1856.99217,fixed_60pct,SH_numerical,2961.425000723036,0.02631325715925345,1104.4328307230362,0.009793202707355727,0.4485476973352957,0.5844085832515067,13.586088591621099,False
2025-10-15,shock,BTC-31OCT25-108000-P,P,0.04387105793378995,0.04292786961189098,112506.77,112737.16057543845,0.019,2137.62863,fixed_60pct,SH_numerical,3325.6786453462637,0.029559809115009376,1188.0500153462635,0.010538229003481739,0.4421651809660143,0.5821619236430127,13.999674267699834,False
2025-10-15,shock,BTC-31OCT25-109000-P,P,0.043870442161339424,0.03405078085441503,112544.98,112775.44882160876,0.0215,2419.7170699999997,fixed_60pct,SH_numerical,3693.1332941955916,0.03281473144511281,1273.416224195592,0.011291608568190368,0.43503706926423374,0.5800803023128568,14.504323304862304,False
2025-10-15,shock,BTC-31OCT25-115000-C,C,0.043895878234398784,-0.019637251393664377,112533.3,112763.7449033866,0.025,2813.3325000000004,fixed_60pct,SH_numerical,4350.876132394538,0.038663010259136966,1537.5436323945378,0.013635088420590058,0.4022854323978657,0.5671756964051387,16.489026400727298,False
2025-10-15,shock,BTC-31OCT25-117000-C,C,0.04392634443176053,-0.03642933655981835,112583.92,112814.46856266797,0.0191,2150.352872,fixed_60pct,SH_numerical,3568.6601322901997,0.03169777826434006,1418.3072602901998,0.012572033342534747,0.4050658247511369,0.5630156262985105,15.794980154737365,False
2025-10-15,shock,BTC-31OCT25-119000-C,C,0.04383585670345003,-0.052827369629507626,112646.03,112876.70575109086,0.0145,1633.3674350000001,fixed_60pct,SH_numerical,2889.463362776493,0.025650822872110922,1256.0959277764928,0.011128034960077257,0.4097148805152116,0.5589653001402352,14.925041962502355,False
2025-10-15,shock,BTC-31OCT25-120000-C,C,0.0438392982623034,-0.06149873850010755,112611.89,112842.49583943802,0.012,1351.34268,fixed_60pct,SH_numerical,2567.480114703699,0.022799369717564452,1216.1374347036992,0.010777300038047048,0.4051916683027936,0.5567722426369509,15.158057433415733,False
2025-10-15,shock,BTC-31OCT25-122000-C,C,0.04390731938102486,-0.07866938618360035,112539.69,112770.14798878382,0.0085,956.5873650000001,fixed_60pct,SH_numerical,2005.3157175448016,0.01781874214816836,1048.7283525448015,0.009299698291156882,0.4059307626687711,0.5523487760180226,14.641801334925148,False
2025-10-15,shock,BTC-31OCT25-123000-C,C,0.043836630358954846,-0.08588832066405638,112646.02,112876.69573061293,0.008,901.1681600000001,fixed_60pct,SH_numerical,1794.728208990853,0.015932460010489966,893.560048990853,0.007916249170895187,0.41991390133814493,0.5505235592816805,13.060965794353557,False
2025-10-15,shock,BTC-31OCT25-124000-C,C,0.043934850012683914,-0.09668914460443472,112341.88,112571.93291485158,0.006,674.05128,fixed_60pct,SH_numerical,1510.785734143899,0.013448107990928217,836.7344541438989,0.0074328869770478,0.4122069220885134,0.547660441252499,13.545351916398563,False
2025-10-15,shock,BTC-31OCT25-126000-C,C,0.04385783609208524,-0.11088173336188326,112545.15,112775.61916973357,0.0045,506.45317499999993,fixed_60pct,SH_numerical,1188.8054687725378,0.010562920470340463,682.3522937725379,0.006050530236908385,0.41733064100285205,0.5439674621250259,12.663682112217383,False
2025-10-15,shock,BTC-31OCT25-128000-C,C,0.04387056909563673,-0.12675973559490186,112530.56,112760.99929243379,0.0034,382.60390399999994,fixed_60pct,SH_numerical,892.4273010825749,0.00793053283554774,509.82339708257496,0.004521274201910908,0.4279960440495919,0.5397253319834155,11.172928793382365,False
2025-10-15,shock,BTC-31OCT25-160000-C,C,0.0438652120116692,-0.3504752951362037,112466.21,112696.5175169546,0.0002,22.493242000000002,fixed_60pct,SH_numerical,0.6407065462229745,5.696880389434075e-06,-21.852535453777026,-0.00019390604017989666,0.6326173828500142,0.47170045083385076,-16.091693201616348,False
2026-02-11,shock,BTC-27FEB26-50000-P,P,0.04384667044013191,0.29547662136586306,67167.74,67188.33369938679,0.0038,255.237412,fixed_60pct,SH_numerical,35.954052978046796,0.0005352875201405734,-219.2833590219532,-0.003263711822398634,0.8872928226189982,0.6366165587965619,-25.067626382243635,False
2026-02-11,shock,BTC-27FEB26-56000-P,P,0.04386304322044648,0.18067188320572947,67068.67,67089.23332442109,0.009,603.61803,fixed_60pct,SH_numerical,283.3573246655315,0.004224883610567073,-320.26070533446847,-0.004773652782493352,0.7527175246370794,0.6129044682101299,-13.981305642694952,False
2026-02-11,shock,BTC-27FEB26-60000-P,P,0.043928380263825464,0.10540338495023399,66649.09,66669.52468075392,0.0175,1166.359075,fixed_60pct,SH_numerical,879.0884789872875,0.013189804676812356,-287.27059601271253,-0.004308874217842466,0.6710692616829055,0.5964168600471255,-7.465240163578002,False
2026-02-11,shock,BTC-27FEB26-62000-P,P,0.04389980006976154,0.07446618385979628,66772.68,66793.15257357727,0.023,1535.7716399999997,fixed_60pct,SH_numerical,1332.7034808541914,0.019958813707255597,-203.0681591458083,-0.0030402541476405786,0.6342267955470648,0.5894356529751456,-4.479114257191929,False
2026-02-11,shock,BTC-27FEB26-63000-P,P,0.043919013793759516,0.05755337668436795,66711.78,66732.23390157353,0.0275,1834.57395,fixed_60pct,SH_numerical,1649.5967892471872,0.02472721892965811,-184.97716075281278,-0.002771931193336704,0.6234468052495101,0.5855349078982317,-3.7911897351278423,False
2026-02-11,shock,BTC-27FEB26-64000-P,P,0.04393731094622019,0.04446981033716263,66889.79,66910.29847962585,0.031,2073.58349,fixed_60pct,SH_numerical,1939.8678735522233,0.029000956252848507,-133.7156164477767,-0.001998431026107185,0.6085710835389333,0.5824833923377936,-2.608769120113974,False
2026-02-11,shock,BTC-27FEB26-65000-P,P,0.04390641273465246,0.027552901210765132,66795.36,66815.83952728902,0.0365,2438.03064,fixed_60pct,SH_numerical,2359.3412356412023,0.03532193307501003,-78.68940435879767,-0.001177705839147007,0.5932027560511509,0.578526868073594,-1.4675887977556923,False
2026-02-11,shock,BTC-27FEB26-69000-C,C,0.04391132994038559,-0.03216378840713169,66795.53,66816.0095794112,0.0305,2037.263665,fixed_60pct,SH_numerical,2226.0431518160813,0.03332622934223415,188.77948681608132,0.0028253630829556775,0.5294292268902493,0.5640817018914762,3.4652475001226923,False
2026-02-11,shock,BTC-27FEB26-70000-C,C,0.04389980507990868,-0.04689467314447109,66772.68,66793.15257357727,0.025,1669.317,fixed_60pct,SH_numerical,1850.393023156884,0.027711827998470096,181.07602315688405,0.0027109968040124515,0.5258724068455114,0.5604198507330168,3.4547443887505414,False
2026-02-11,shock,BTC-27FEB26-71000-C,C,0.043924015379249115,-0.06265349521598987,66667.65,66688.09037126934,0.0195,1300.019175,fixed_60pct,SH_numerical,1495.5969881440324,0.022433623926207576,195.57781314403246,0.0029327247497296996,0.5166599269647123,0.5564327025764754,3.9772775611763067,False
2026-02-11,shock,BTC-27FEB26-72000-C,C,0.0438370613267377,-0.07157351709966507,67006.26,67026.80418944976,0.016,1072.10016,fixed_60pct,SH_numerical,1321.637565682084,0.019724090938400145,249.537405682084,0.0037229494781934125,0.5010545756252825,0.5542075069226632,5.3152931297380634,False
2026-02-11,shock,BTC-27FEB26-74000-C,C,0.043848879058853374,-0.09607561904861886,67200.65,67221.25378962723,0.01,672.0065,fixed_60pct,SH_numerical,909.1785725272797,0.01352931217967802,237.17207252727974,0.003528230420538173,0.4881327742823931,0.5478669110461939,5.97341367638008,False
2026-02-11,shock,BTC-27FEB26-75000-C,C,0.04386462756849315,-0.1108414919092983,67110.47,67131.04614034484,0.0085,570.4389950000001,fixed_60pct,SH_numerical,708.289239896908,0.010554079563098099,137.85024489690795,0.0020534499731870233,0.50522173581589,0.5439745135336236,3.8752777717733555,False
2026-02-11,shock,BTC-27FEB26-80000-C,C,0.04383695934804668,-0.17701507324576657,67000.83,67021.37252460608,0.0025,167.50207500000002,fixed_60pct,SH_numerical,183.8473214487963,0.002743955880080833,16.345246448796274,0.0002438811058785064,0.5159150447657652,0.525905343676095,0.9990298910329765,False
2026-02-11,shock,BTC-27FEB26-96000-C,C,0.04385354775494673,-0.3582490262206374,67073.74,67094.3048788884,0.0005,33.53687,fixed_60pct,SH_numerical,0.2532630400252122,3.77588964064345e-06,-33.28360695997479,-0.0004960720141605888,0.7154970496714816,0.46897780236770475,-24.65192473037769,False
2025-07-18,calm,BTC-25JUL25-100000-P,P,0.019282908644089297,0.18692222468893913,120335.2,120553.35206591312,0.0006,72.20111999999999,fixed_60pct,SH_numerical,56.38330893101111,0.0004685520855993185,-15.817811068988881,-0.00013121004765044125,0.6539050906453384,0.6304964984766218,-2.34085921687166,False
2025-07-18,calm,BTC-25JUL25-106000-P,P,0.019268694634703196,0.12763339415177855,120212.53,120430.45968115849,0.001,120.21253,fixed_60pct,SH_numerical,290.3648564308211,0.0024154292105059354,170.15232643082106,0.0014128678648350425,0.5155142968109905,0.6172831386697051,10.17688418587146,False
2025-07-18,calm,BTC-25JUL25-107000-P,P,0.019190079369609335,0.11267057929076348,119544.44,119761.15852088523,0.0014,167.362216,fixed_60pct,SH_numerical,415.4030321336551,0.0034748837514622603,248.04081613365508,0.002071129063855867,0.4978023382183655,0.6139178555745307,11.611551735616521,False
2025-07-18,calm,BTC-25JUL25-111000-P,P,0.019195064656265855,0.07783890141761612,119768.16,119985.28409614656,0.0023,275.466768,fixed_60pct,SH_numerical,924.4517987841423,0.0077186774747490675,648.9850307841423,0.005408871893524025,0.41749400562973726,0.6058190129545465,18.832500732480927,False
2025-07-18,calm,BTC-25JUL25-113000-P,P,0.019200617357940132,0.06066946051775561,119850.61,120067.8835672725,0.0035,419.47713500000003,fixed_60pct,SH_numerical,1323.3215372771576,0.011041425131479578,903.8444022771575,0.007527778248633367,0.3919309043994135,0.6017513414548479,20.982043705543436,False
2025-07-18,calm,BTC-25JUL25-114000-P,P,0.01918759113394216,0.04959913635940195,119580.09,119796.87314969832,0.005,597.90045,fixed_60pct,SH_numerical,1641.3010098110055,0.013725537502196274,1043.4005598110057,0.008709747862176428,0.38639159659810096,0.5991127625060985,21.27211659079975,False
2025-07-18,calm,BTC-25JUL25-116000-P,P,0.019190665556823947,0.03229678580475582,119590.78,119807.5825292779,0.008,956.72624,fixed_60pct,SH_numerical,2265.31336777548,0.018942207482679517,1308.58712777548,0.010922406580198668,0.3675013259597831,0.5949296449234626,22.74283189636795,False
2025-07-18,calm,BTC-25JUL25-117000-P,P,0.01917980590436327,0.022701248449335163,119469.84,119686.42328078825,0.0105,1254.43332,fixed_60pct,SH_numerical,2677.51931861987,0.022411675772059877,1423.0859986198698,0.011890120530055975,0.36072202278982674,0.5925944352950756,23.187241250524888,False
2025-07-18,calm,BTC-25JUL25-118000-P,P,0.01919117354769153,0.01536547880641431,119610.29,119827.12789837028,0.013,1554.9337699999999,fixed_60pct,SH_numerical,3036.1094307665426,0.02538334645594909,1481.1756607665427,0.012360937683683626,0.3586393404255669,0.5907846925764336,23.214535215086674,False
2025-07-18,calm,BTC-25JUL25-119000-P,P,0.019178217751141553,0.005572465666396692,119448.43,119664.974467243,0.017,2030.62331,fixed_60pct,SH_numerical,3554.539610862499,0.029757943330544396,1523.9163008624992,0.01273485669175198,0.35620204478953377,0.5883710449910974,23.216900020156363,False
2025-07-18,calm,BTC-25JUL25-120000-C,C,0.01918281919076611,-0.0016784364709748914,119581.97,119798.7565578938,0.0195,2331.848415,fixed_60pct,SH_numerical,3785.0925683589658,0.03165270289792822,1453.2441533589658,0.012130711495796477,0.36700707554509615,0.5865627025289121,21.95556269838159,False
2025-07-18,calm,BTC-25JUL25-120000-P,P,0.01923264481861999,0.0003823750085032469,119828.66,120045.89377477748,0.02,2396.5732000000003,fixed_60pct,SH_numerical,3874.227618119882,0.032331393993055436,1477.654418119882,0.012309079233415213,0.36439226951921255,0.5870446470013523,22.265237748213973,False
2025-07-18,calm,BTC-25JUL25-122000-C,C,0.019189183250887875,-0.01819954324038362,119582.95,119799.73833450633,0.013,1554.57835,fixed_60pct,SH_numerical,2888.578588855193,0.024155438453853106,1334.0002388551932,0.011135251690870818,0.37457440557739485,0.5824059428963411,20.783153731894622,False
2025-07-18,calm,BTC-25JUL25-123000-C,C,0.019189168410705226,-0.02636285387954464,119582.95,119799.73833450633,0.0105,1255.620975,fixed_60pct,SH_numerical,2499.57880382876,0.020902468151427607,1243.95782882876,0.010383643955509865,0.37891150283384417,0.5803334600041723,20.142195717032813,False
2025-07-18,calm,BTC-25JUL25-124000-C,C,0.019200528190005072,-0.03222220044697387,119850.86,120068.13402048998,0.009,1078.6577399999999,fixed_60pct,SH_numerical,2248.4778208782186,0.01876063151218288,1169.8200808782187,0.00974296877703276,0.3828677205678046,0.5788300608532931,19.596234028548853,False
2025-07-18,calm,BTC-25JUL25-125000-C,C,0.01919232692795535,-0.041884474334166366,119655.65,119872.57013015043,0.0065,777.761725,fixed_60pct,SH_numerical,1859.4194969658242,0.01553975509694548,1081.6577719658244,0.009023396852102407,0.3794510127716885,0.576352036031567,19.69010232598785,False
2025-07-18,calm,BTC-25JUL25-126000-C,C,0.01925509284627093,-0.04688019037768975,120011.85,120229.41587442043,0.006,720.0711,fixed_60pct,SH_numerical,1689.6113109941516,0.014078703986265952,969.5402109941516,0.008064084849308723,0.391898176342931,0.5750205490715403,18.312237272860934,False
2025-07-18,calm,BTC-25JUL25-127000-C,C,0.019210969875697613,-0.05632849095157381,119826.8,120044.0304028394,0.0047,563.18596,fixed_60pct,SH_numerical,1376.4993277148074,0.011487407889677495,813.3133677148073,0.006775125468426208,0.40248376194094754,0.572590072463176,17.01063105222284,False
2025-07-18,calm,BTC-25JUL25-128000-C,C,0.019238515442668695,-0.06441004083090163,119798.24,120015.41862727412,0.0038,455.233312,fixed_60pct,SH_numerical,1149.4258456099783,0.009594680569680976,694.1925336099782,0.005784194577247589,0.4105752237370853,0.5704541587873002,15.98789350502149,False
2025-07-18,calm,BTC-25JUL25-129000-C,C,0.01925860197869102,-0.069754967592972,120090.57,120308.27858354153,0.0033,396.298881,fixed_60pct,SH_numerical,1018.0628793375738,0.008477458965658784,621.7639983375739,0.005168089890886633,0.4159192395583066,0.5690321955260965,15.31129559677899,False
2025-07-18,calm,BTC-25JUL25-130000-C,C,0.01927477495560629,-0.07488998468862573,120401.65,120619.92253112014,0.0028,337.12462,fixed_60pct,SH_numerical,902.6825791457455,0.007497260869313216,565.5579591457456,0.004688760755917669,0.41787492885677474,0.5676618092844397,14.97868804276649,False
2025-07-18,calm,BTC-25JUL25-135000-C,C,0.019235712836123794,-0.11799526947595261,119757.43,119974.53464405217,0.001,119.75743,fixed_60pct,SH_numerical,268.2928259978092,0.0022403021340538887,148.5353959978092,0.001238057696481117,0.4731571603836658,0.5560123020328182,8.285514164915236,False
2025-07-18,calm,BTC-25JUL25-140000-C,C,0.019189240804160325,-0.1558585526071363,119578.45,119795.23017659163,0.0004,47.83138,fixed_60pct,SH_numerical,70.01246394167237,0.0005854939911135524,22.181083941672362,0.0001851583231567313,0.5160631864578026,0.5453805578898401,2.93173714320375,False
2025-07-18,calm,BTC-25JUL25-85000-P,P,0.019207643899036023,0.34537431609896285,119846.81,120064.07667836675,0.0002,23.969362,fixed_60pct,SH_numerical,0.19130107726413004,1.5962133432181469e-06,-23.77806092273587,-0.00019804475727101662,0.9798079943003593,0.6636844403591737,-31.612355394118552,False
2025-07-18,calm,BTC-25JUL25-86000-P,P,0.019182725646879756,0.33146525743545946,119581.88,119798.66639473551,0.0003,35.874564,fixed_60pct,SH_numerical,0.3331056261062114,2.785586128150949e-06,-35.54145837389379,-0.00029667657782420553,0.990066870561742,0.6609084848289742,-32.91583857327678,False
2025-07-18,calm,BTC-25JUL25-94000-P,P,0.019192740360223236,0.2431411665280576,119656.45,119873.37158044637,0.0004,47.86258,fixed_60pct,SH_numerical,9.04401677675277,7.558319486122787e-05,-38.81856322324723,-0.0003238297439327157,0.7786115257603194,0.6426594501203529,-13.59520756399666,False
2025-07-18,calm,BTC-25JUL25-95000-P,P,0.019255817858954843,0.23583907788660954,120049.57,120267.20425587428,0.0005,60.024785,fixed_60pct,SH_numerical,11.804779714039507,9.833254474830277e-05,-48.2200052859605,-0.0004009406020894117,0.780129530838739,0.6410656914576408,-13.906383938109823,False
2025-09-05,calm,BTC-12SEP25-100000-P,P,0.019275685216894975,0.11675600700641818,112227.1,112384.51858838873,0.0016,179.56336000000002,fixed_60pct,SH_numerical,355.76742947655913,0.0031700670290558974,176.2040694765591,0.0015678678139104832,0.5255088756426358,0.6147965539731369,8.928767833050111,False
2025-09-05,calm,BTC-12SEP25-102000-P,P,0.019195142472095385,0.10350736164550486,112965.05,113123.5036953041,0.0019,214.633595,fixed_60pct,SH_numerical,488.7685496286463,0.004326723616097601,274.1349546286463,0.0024233244699264564,0.4967586039220706,0.611803544216099,11.504494029402835,False
2025-09-05,calm,BTC-12SEP25-104000-P,P,0.019209982813292746,0.08235511320561285,112769.32,112927.4991489574,0.0028,315.754096,fixed_60pct,SH_numerical,789.7086116383069,0.007002867549776011,473.95451563830693,0.004196980533617729,0.4583493058356503,0.6068697544175811,14.852044858193075,False
2025-09-05,calm,BTC-12SEP25-105000-P,P,0.01925216444698123,0.07194971326983772,112675.09,112833.13697452194,0.0038,428.165342,fixed_60pct,SH_numerical,988.9955850988223,0.008777411095023951,560.8302430988223,0.004970439164741643,0.45263810050821507,0.6043925427328479,15.175444222463286,False
2025-09-05,calm,BTC-12SEP25-106000-P,P,0.019179347095383055,0.06500921204622485,112961.45,113119.89864565994,0.004,451.8458,fixed_60pct,SH_numerical,1140.0725091097572,0.010092580337006628,688.2267091097572,0.006084046373358047,0.4291267661505638,0.6027974484509323,17.367068230036853,False
2025-09-05,calm,BTC-12SEP25-107000-P,P,0.01918688444951801,0.05595607856341437,112999.48,113157.98198953959,0.005,564.9974,fixed_60pct,SH_numerical,1369.2250940179654,0.012117091990316818,804.2276940179654,0.007107122978671613,0.4178744530524224,0.6006359780880415,18.27615250356191,False
2025-09-05,calm,BTC-12SEP25-108000-P,P,0.019204940417300864,0.044791236090479566,112789.22,112947.42706226808,0.007,789.52454,fixed_60pct,SH_numerical,1697.643683406605,0.015051471083908596,908.1191434066051,0.008040193274220914,0.41439105455733094,0.5979448817801665,18.355382722283554,False
2025-09-05,calm,BTC-12SEP25-109000-P,P,0.019197004185692545,0.03633163622762885,112874.64,113032.96687910215,0.0085,959.4344400000001,fixed_60pct,SH_numerical,1987.280918457151,0.01760608865248342,1027.846478457151,0.009093333625016811,0.40254660769347256,0.5959053299428323,19.335872224935972,False
2025-09-05,calm,BTC-12SEP25-110000-P,P,0.019222295630390664,0.02684684142457117,112834.88,112993.15110858796,0.011,1241.1836799999999,fixed_60pct,SH_numerical,2355.899596180323,0.020879178461308445,1114.7159161803231,0.009865340555987026,0.3977868463769885,0.593580681507827,19.579383513083844,False
2025-09-05,calm,BTC-12SEP25-112000-P,P,0.019250421296296297,0.008054871698252968,112747.64,112905.78873887823,0.0175,1973.0837000000001,fixed_60pct,SH_numerical,3229.6928424109065,0.02864532545790676,1256.6091424109063,0.011129714042537863,0.38543351593403946,0.5889399085015786,20.350639256753915,False
2025-09-05,calm,BTC-12SEP25-113000-P,P,0.019180962233637747,0.0010180827002609586,112956.66,113115.10192682788,0.02,2259.1332,fixed_60pct,SH_numerical,3609.966611861248,0.03195886468191648,1350.833411861248,0.0119421137306235,0.3708381702182614,0.5872365015727271,21.639833135446572,False
2025-09-05,calm,BTC-12SEP25-114000-C,C,0.019181771530948754,-0.00794589188427329,112939.34,113097.75763242882,0.017,1919.9687800000002,fixed_60pct,SH_numerical,3235.6910503412705,0.028649813699471508,1315.7222703412704,0.011633495640270853,0.37357584871101807,0.5849944932107771,21.141864449975905,False
2025-09-05,calm,BTC-12SEP25-115000-C,C,0.01919768864155251,-0.017444877063790443,112852.94,113011.2364409694,0.0135,1523.51469,fixed_60pct,SH_numerical,2761.2935256185806,0.024468069025216185,1237.7788356185806,0.010952705895445409,0.3788773380532097,0.5825913879156328,20.371404986242307,False
2025-09-05,calm,BTC-12SEP25-116000-C,C,0.019178238362506345,-0.02504274099406845,112972.65,113131.11435566394,0.01,1129.7265,fixed_60pct,SH_numerical,2416.5917794502207,0.021390945325706893,1286.8652794502207,0.011374989867107178,0.36077478358399184,0.580676529541903,21.99017459579111,False
2025-09-05,calm,BTC-12SEP25-119000-C,C,0.019188439022070014,-0.051199131203636346,112902.28,113060.64564914774,0.0045,508.06025999999997,fixed_60pct,SH_numerical,1446.5447831010376,0.012812361124160093,938.4845231010377,0.008300717882094565,0.37303527910302875,0.5739413287667054,20.09060496636767,False
2025-09-05,calm,BTC-12SEP25-120000-C,C,0.019187111777016742,-0.058724883100107615,112997.44,113155.93912807459,0.0034,384.19129599999997,fixed_60pct,SH_numerical,1228.9394153249334,0.010875816437301,844.7481193249334,0.007465344955237502,0.3730510627690631,0.5719783427604318,19.892727999136874,False
2025-09-05,calm,BTC-12SEP25-122000-C,C,0.01923779585235921,-0.07738162734177031,112757.3,112915.46228875667,0.002,225.5146,fixed_60pct,SH_numerical,792.5119332327785,0.007028475612956132,566.9973332327785,0.005021432155879648,0.3933909208226637,0.5670224619304326,17.36315411077689,False
2025-09-05,calm,BTC-12SEP25-124000-C,C,0.019192682775240996,-0.09210675296422283,112930.56,113088.96531690784,0.0012,135.51667199999997,fixed_60pct,SH_numerical,538.870226244345,0.004771695334233222,403.353554244345,0.003566692409944969,0.40242394743262055,0.5631054878666115,16.068154043399097,False
2025-09-05,calm,BTC-12SEP25-125000-C,C,0.01919271229705733,-0.10012918420998515,112931.66,113090.06685985466,0.001,112.93166000000001,fixed_60pct,SH_numerical,430.8300362847062,0.0038149623965919406,317.89837628470616,0.0028110194388571495,0.41505687105427264,0.5609337546003229,14.587688354605028,False
2025-09-05,calm,BTC-12SEP25-130000-C,C,0.019281410736935567,-0.14533875104151395,112257.35,112414.81101942631,0.0005,56.128675,fixed_60pct,SH_numerical,99.37670811309633,0.0008852579195312942,43.24803311309633,0.0003847182833018566,0.5011446594528879,0.5483279344435397,4.718327499065178,False
2025-09-05,calm,BTC-12SEP25-135000-C,C,0.019249690639269405,-0.17892833399578545,112724.27,112882.38595827167,0.0003,33.817281,fixed_60pct,SH_numerical,25.523726505267113,0.00022642618581843212,-8.293554494732888,-7.347075829703581e-05,0.5579418995799535,0.5386458383391842,-1.9296061240769324,False
2025-09-05,calm,BTC-12SEP25-90000-P,P,0.01920613267376966,0.2271797296654179,112796.77,112954.98765249399,0.0003,33.839031,fixed_60pct,SH_numerical,14.628395684125609,0.00012968807248758636,-19.21063531587439,-0.00017007336918114594,0.706005887956288,0.6392555596400058,-6.675032831628225,False
2025-09-05,calm,BTC-12SEP25-95000-P,P,0.019275726788432267,0.16805660798038408,112227.92,112385.33973858545,0.0006,67.33675199999999,fixed_60pct,SH_numerical,91.16368286095816,0.0008123084065084532,23.82693086095817,0.00021201102311369915,0.5968142022210055,0.626347919671714,2.953371745070854,False
2025-09-08,calm,BTC-26SEP25-100000-P,P,0.04938004575722983,0.10918130459910476,111427.43,111536.45527338712,0.0055,612.8508649999999,fixed_60pct,SH_numerical,1594.96089135759,0.014313898214807523,982.1100263575902,0.008805282756658702,0.4252942854232803,0.5940044487713195,16.871016334803922,False
2025-09-08,calm,BTC-26SEP25-104000-P,P,0.04931913457635718,0.06842532088316913,111256.49,111365.3480185179,0.01,1112.5649,fixed_60pct,SH_numerical,2648.2192328706,0.02380282923603468,1535.6543328706,0.013789337169900015,0.3861035529890402,0.5848785049729353,19.877495198389504,False
2025-09-08,calm,BTC-26SEP25-106000-P,P,0.04936526531582953,0.0521735881247468,111568.05,111677.21286189603,0.0135,1506.1686750000001,fixed_60pct,SH_numerical,3214.286134844481,0.028810095137850673,1708.1174598444807,0.015295129741076175,0.38027621078004964,0.5811266848826919,20.085047410264227,False
2025-09-08,calm,BTC-26SEP25-108000-P,P,0.049377227676306444,0.033294376892421734,111547.18,111656.32244181224,0.0185,2063.62283,fixed_60pct,SH_numerical,3971.2332182239825,0.03560137708747081,1907.6103882239827,0.017084660738473638,0.36992211442854706,0.5767382488760422,20.681613444749512,False
2025-09-08,calm,BTC-26SEP25-112000-C,C,0.049381299308726534,-0.00458991904315855,111378.13,111487.10703619834,0.031,3452.72203,fixed_60pct,SH_numerical,5367.956245210169,0.04819578354574788,1915.2342152101692,0.017178974915801868,0.37396101099965817,0.5677585674068774,19.379755640721918,False
2025-09-08,calm,BTC-26SEP25-118000-C,C,0.04931762176560122,-0.05783353067919421,111260.37,111369.23181487272,0.011,1223.8640699999999,fixed_60pct,SH_numerical,2925.914840268333,0.026297906795279696,1702.0507702683333,0.015282953312433949,0.3556424509683776,0.5547232419867512,19.908079101837355,False
2025-09-08,calm,BTC-26SEP25-120000-C,C,0.049414030060882796,-0.07491877410692396,111229.43,111338.26154187837,0.007,778.60601,fixed_60pct,SH_numerical,2335.188377930058,0.02099433915942982,1556.582367930058,0.013980659895112255,0.34615162884785744,0.5503564568955823,20.42048280477249,False
2025-09-08,calm,BTC-26SEP25-122000-C,C,0.04935536621638762,-0.09114235839387955,111263.44,111372.30481868955,0.005,556.3172000000001,fixed_60pct,SH_numerical,1850.019104070292,0.01662737646858925,1293.7019040702921,0.011616010876100627,0.35351191477453564,0.5462311006125652,19.271918583802954,False
2025-09-08,calm,BTC-26SEP25-126000-C,C,0.04937431100963978,-0.12127513721247028,111500.47,111609.56673878814,0.0023,256.451081,fixed_60pct,SH_numerical,1149.7735900424505,0.010311827295817233,893.3225090424505,0.008003995850402226,0.3565441173046886,0.5383422653881086,18.179814808341998,False
2025-09-08,calm,BTC-26SEP25-128000-C,C,0.04942443004819888,-0.1399278749614276,111177.1,111285.88034001044,0.0016,177.88336,fixed_60pct,SH_numerical,825.810667041572,0.007427884582720469,647.9273070415719,0.0058221879097507005,0.36957412389554806,0.5333302352413801,16.375611134583206,False
2025-09-08,calm,BTC-26SEP25-132000-C,C,0.04941328982749873,-0.17054942405195644,111193.79,111302.58667020679,0.001,111.19378999999999,fixed_60pct,SH_numerical,451.7120477137007,0.004062385567698526,340.51825771370073,0.0030593921300559484,0.3985993109086635,0.5249547220987114,12.63554111900479,False
2025-09-08,calm,BTC-26SEP25-98000-P,P,0.04937899334094368,0.13009839221180905,111507.06,111616.16318672067,0.0039,434.87753399999997,fixed_60pct,SH_numerical,1206.7034062770088,0.010821766857425967,771.8258722770088,0.0069150009303386925,0.43977989698811876,0.5986115236850504,15.883162669693169,False
2023-08-18,shock,BTC-29SEP23-20000-P,P,0.11510144216133943,0.2871070664283846,26449.57,26651.33758029029,0.0043,113.73315099999999,fixed_60pct,BS_fixed,167.78884042500786,0.006343726587048782,54.05568942500787,0.002028254276625282,0.5484839080351033,0.6000000000000005,5.151609196489726,False
2023-08-18,shock,BTC-29SEP23-21000-P,P,0.1151080652270421,0.23844619656927588,26452.99,26654.78366937698,0.006,158.71794000000003,fixed_60pct,BS_fixed,285.4751562303734,0.010791791636044672,126.75721623037336,0.004755514724961043,0.5113087489522226,0.5999999999999992,8.869125104777664,False
2023-08-18,shock,BTC-29SEP23-22000-P,P,0.11508866482749873,0.19177193316603847,26448.91,26650.67254555426,0.008,211.59128,fixed_60pct,BS_fixed,456.43951389494345,0.01725740357144939,244.84823389494343,0.009187319137122034,0.4678883768741148,0.5999999999999995,13.211162312588476,False
2023-08-18,shock,BTC-29SEP23-23000-P,P,0.1151080652270421,0.14747441836354905,26452.99,26654.78366937698,0.0122,322.72647800000004,fixed_60pct,BS_fixed,688.7538657353033,0.02603690039331294,366.02738773530325,0.013732146254701105,0.44396277363583636,0.6000000000000006,15.603722636416428,False
2023-08-18,shock,BTC-29SEP23-24000-P,P,0.1150805249873161,0.10467548288950165,26446.66,26648.405381681438,0.018,476.03988,fixed_60pct,BS_fixed,993.0217941922134,0.037548098481706704,516.9819141922135,0.01940010694026726,0.4167239773242909,0.6000000000000002,18.32760226757093,False
2023-08-18,shock,BTC-29SEP23-25000-P,P,0.11510698779173009,0.06427651469221499,26457.85,26659.68074334227,0.0278,735.5282299999999,fixed_60pct,BS_fixed,1367.3265338846588,0.05167942723557126,631.7983038846589,0.023698644779999407,0.4046273824005224,0.6000000000000013,19.537261759947892,False
2023-08-18,shock,BTC-29SEP23-26000-P,P,0.11507396305809234,0.024152448009356446,26433.96,26635.60850115485,0.042,1110.22632,fixed_60pct,BS_fixed,1830.4376622236587,0.0692456848018102,720.2113422236587,0.02703941763494655,0.39485703531772953,0.5999999999999994,20.514296468226988,False
2023-08-18,shock,BTC-29SEP23-27000-C,C,0.11507217018645358,-0.013867105272662581,26426.58,26628.172203651997,0.0465,1228.83597,fixed_60pct,BS_fixed,1992.6148602087712,0.07540191959038102,763.7788902087711,0.02868311367251938,0.38800458880470867,0.5999999999999998,21.19954111952911,False
2023-08-18,shock,BTC-29SEP23-28000-C,C,0.1151045541920345,-0.04875362705166406,26465.75,26667.641007606842,0.034,899.8355,fixed_60pct,BS_fixed,1612.782401226853,0.060938473356200104,712.9469012268529,0.02673453197541873,0.3979936201371984,0.6000000000000002,20.200637986280178,False
2023-08-18,shock,BTC-29SEP23-29000-C,C,0.11508392941400304,-0.08438730412713888,26451.4,26653.181540240184,0.024,634.8336,fixed_60pct,BS_fixed,1272.610617853587,0.04811127644864117,637.7770178535869,0.023928738747030633,0.4069620583844821,0.5999999999999998,19.303794161551767,False
2023-08-18,shock,BTC-29SEP23-30000-C,C,0.11510564437468289,-0.117722316633254,26466.39,26668.28588977511,0.018,476.39501999999993,fixed_60pct,BS_fixed,1003.1237944374316,0.037901799015182334,526.7287744374316,0.019751129735690466,0.42533302751131896,0.6000000000000002,17.466697248868122,False
2023-08-18,shock,BTC-29SEP23-35000-C,C,0.11513173560375443,-0.2718442812073834,26467.15,26669.051687349933,0.005,132.33575000000002,fixed_60pct,BS_fixed,261.64767106794477,0.009885751622972052,129.31192106794475,0.0048487633750127655,0.5109468815715087,0.6000000000000002,8.905311842849152,False
2023-10-23,shock,BTC-29DEC23-24000-P,P,0.18356287943937089,0.25144657504154105,30522.92,30861.220798051287,0.0155,473.10526,fixed_60pct,BS_fixed,604.3985992265742,0.019801467199945952,131.29333922657423,0.004254314503166533,0.5521860776927368,0.5999999999999989,4.781392230726212,False
2023-10-23,shock,BTC-29DEC23-25000-P,P,0.18357180704591577,0.21039718454822928,30515.98,30854.20387855805,0.02,610.3196,fixed_60pct,BS_fixed,826.6403738352303,0.027088770337221034,216.32077383523028,0.007011063214810775,0.5330994370865297,0.6000000000000024,6.690056291347268,False
2023-10-23,shock,BTC-29DEC23-27000-P,P,0.18361817858954846,0.13991563467163953,30714.35,31054.772512545544,0.0335,1028.930725,fixed_60pct,BS_fixed,1367.6619270099975,0.04452843465709017,338.73120200999756,0.010907540922193409,0.5181947188177624,0.6,8.180528118223762,False
2023-10-23,shock,BTC-29DEC23-30000-P,P,0.18359523684043633,0.03561042024272565,30746.78,31087.561950465664,0.071,2183.0213799999997,fixed_60pct,BS_fixed,2610.037804027328,0.08488816728214559,427.0164240273284,0.013735925149348422,0.5166893101865667,0.6000000000000001,8.331068981343337,False
2023-10-23,shock,BTC-29DEC23-32000-C,C,0.18366562347792997,-0.03032499462871697,30703.86,31044.166246625653,0.08,2456.3088000000002,fixed_60pct,BS_fixed,2769.099329410591,0.09018733570992674,312.7905294105908,0.010075662104295991,0.5410665196592633,0.6000000000000004,5.893348034073709,False
2023-10-23,shock,BTC-29DEC23-33000-C,C,0.18358757883054286,-0.05990858371648203,30740.36,31081.07079439267,0.0685,2105.71466,fixed_60pct,BS_fixed,2405.682618165625,0.07825811467938648,299.9679581656251,0.009651146196023022,0.5431116378172971,0.6000000000000003,5.688836218270321,False
2023-10-23,shock,BTC-29DEC23-34000-C,C,0.18358160708396754,-0.09095971294653507,30703.55,31043.852810740507,0.059,1811.5094499999998,fixed_60pct,BS_fixed,2052.949373471485,0.06686358331435567,241.43992347148537,0.007777382689688321,0.5531122867754044,0.5999999999999999,4.688771322459551,False
2023-10-23,shock,BTC-29DEC23-35000-C,C,0.1836686566780822,-0.12070999318483927,30680.14,31020.183345994592,0.0525,1610.70735,fixed_60pct,BS_fixed,1749.933671295287,0.05703799497966069,139.2263212952871,0.004488249464626855,0.572039058687328,0.5999999999999998,2.7960941312671794,False
2023-10-23,shock,BTC-29DEC23-36000-C,C,0.1835759743150685,-0.15049037118516015,30630.8,30970.29648608159,0.044,1347.7551999999998,fixed_60pct,BS_fixed,1476.0232755362483,0.048187552252512124,128.2680755362485,0.004141648291739592,0.572895930588261,0.6000000000000002,2.710406941173915,False
2023-10-23,shock,BTC-29DEC23-37000-C,C,0.183654147260274,-0.17732601895184827,30648.06,30987.74778729964,0.039,1195.27434,fixed_60pct,BS_fixed,1260.0987343920808,0.041115122275017756,64.82439439208088,0.0020919362980826,0.5855971385122246,0.5999999999999998,1.4402861487775143,False
2023-10-23,shock,BTC-29DEC23-38000-C,C,0.18358899429223746,-0.20103240042623854,30738.97,31079.665388327023,0.034,1045.12498,fixed_60pct,BS_fixed,1090.8979990047835,0.03548908759808098,45.773019004783464,0.0014727642152149749,0.5892757699406612,0.5999999999999994,1.0724230059338202,False
2023-10-23,shock,BTC-29DEC23-39000-C,C,0.18357936485286655,-0.228945416295037,30679.47,31019.505920049283,0.0295,905.044365,fixed_60pct,BS_fixed,909.0352030064626,0.029630081712834756,3.9908380064625817,0.0001286557566954387,0.5989930988513675,0.5999999999999994,0.1006901148631889,False
2023-10-23,shock,BTC-29DEC23-40000-C,C,0.18358892830416032,-0.2523221163008076,30739.08,31079.776607512074,0.0265,814.5856200000001,fixed_60pct,BS_fixed,778.1621672280381,0.025315076678548546,-36.423452771961934,-0.0011719341883286985,0.6097890723353685,0.6000000000000001,-0.978907233536841,False
2023-10-26,shock,BTC-24NOV23-29000-P,P,0.07947974651192288,0.18822759263631017,34693.83,35006.13817785115,0.0105,364.28521500000005,fixed_60pct,BS_fixed,359.741035112456,0.010369020517840088,-4.544179887544033,-0.000129810945282139,0.6023579504072346,0.6000000000000025,-0.2357950407232079,False
2023-10-26,shock,BTC-24NOV23-30000-P,P,0.07945303063165907,0.1533037230536002,34658.38,34970.36906275475,0.0144,499.08067199999994,fixed_60pct,BS_fixed,542.4845021085138,0.01565233291655622,43.40383010851383,0.001241160195668085,0.5817328944373886,0.6000000000000006,1.8267105562612018,False
2023-10-26,shock,BTC-24NOV23-31000-P,P,0.0795225078957382,0.12252552996388377,34728.17,35040.787300909265,0.0195,677.199315,fixed_60pct,BS_fixed,763.1247488075758,0.02197422866818424,85.92543380757581,0.0024521547723714,0.5693477656468494,0.6000000000000003,3.06522343531509,False
2023-10-26,shock,BTC-24NOV23-32000-P,P,0.07950538974505326,0.09114361353680861,34740.91,35053.64198430357,0.0265,920.6341150000001,fixed_60pct,BS_fixed,1052.5542609509769,0.030297256489567395,131.9201459509768,0.0037633791664229473,0.5589459518131343,0.6,4.105404818686564,False
2023-10-26,shock,BTC-24NOV23-36000-C,C,0.07948235724251648,-0.026808401457431037,34735.04,35047.71914352456,0.0535,1858.32464,fixed_60pct,BS_fixed,1948.2076651780137,0.05608767587940056,89.88302517801367,0.002564589861323986,0.5771273628622716,0.6000000000000001,2.287263713772847,False
2023-10-26,shock,BTC-24NOV23-37000-C,C,0.07946918921232876,-0.055543518977004484,34688.66,35000.92163835754,0.044,1526.30104,fixed_60pct,BS_fixed,1556.1093296044428,0.04485930934214359,29.808289604442734,0.0008516429913598562,0.5921937044309735,0.5999999999999998,0.7806295569026234,False
2023-10-26,shock,BTC-24NOV23-38000-C,C,0.07946233647260273,-0.08259121274050377,34675.5,34987.643174191995,0.0365,1265.65575,fixed_60pct,BS_fixed,1239.9625475363084,0.03575903873156287,-25.693202463691478,-0.0007343507630900845,0.6070749872170453,0.6000000000000005,-0.7074987217044804,False
2023-10-26,shock,BTC-24NOV23-40000-C,C,0.07949175386859463,-0.13257348962513577,34720.99,35033.542667724716,0.025,868.02475,fixed_60pct,BS_fixed,781.714479124584,0.022514175981865267,-86.310270875416,-0.0024636466741038694,0.6275952578211735,0.5999999999999995,-2.7595257821174,False
2023-10-26,shock,BTC-24NOV23-42000-C,C,0.07948895608193811,-0.18074030598792323,34742.64,35055.387557480346,0.017,590.6248800000001,fixed_60pct,BS_fixed,472.8094835606132,0.01360891065159738,-117.81539643938686,-0.003360835656037317,0.6465317003135949,0.6000000000000012,-4.653170031359366,False
2023-10-26,shock,BTC-24NOV23-44000-C,C,0.07947396058472857,-0.22929880043984524,34671.89,34984.000677562995,0.0115,398.72673499999996,fixed_60pct,BS_fixed,267.452173990227,0.007713804294782516,-131.27456100977298,-0.0037524170611500695,0.6680855118004256,0.5999999999999995,-6.80855118004261,False
2023-10-26,shock,BTC-24NOV23-46000-C,C,0.0794822417237443,-0.27191876802713305,34735.46,35048.1429242958,0.008,277.88368,fixed_60pct,BS_fixed,154.67743442861803,0.004453012409469114,-123.206245571382,-0.003515343047918637,0.6846807266510474,0.6000000000000008,-8.468072665104664,False
2023-10-26,shock,BTC-24NOV23-48000-C,C,0.07952338280060882,-0.3143859739479086,34738.67,35051.38182019028,0.0055,191.062685,fixed_60pct,BS_fixed,85.24947044022589,0.0024540222881367047,-105.8132145597741,-0.0030188029419948178,0.7002092643869212,0.5999999999999996,-10.020926438692157,False
2024-02-29,shock,BTC-8MAR24-49000-P,P,0.02199230590436327,0.2552934495191499,62813.96,63251.177727365415,0.0018,113.065128,fixed_60pct,BS_fixed,2.980294799543114,4.744637656252072e-05,-110.08483320045688,-0.001740439263834119,0.9572479255826316,0.600000000000034,-35.724792558259765,False
2024-02-29,shock,BTC-8MAR24-50000-P,P,0.02201515379249112,0.23797828311994992,62995.6,63434.08203593629,0.002,125.9912,fixed_60pct,BS_fixed,5.795992926131043,9.20063135541378e-05,-120.19520707386896,-0.0018948048622470283,0.9197487248111971,0.5999999999999157,-31.974872481128138,False
2024-02-29,shock,BTC-8MAR24-52000-P,P,0.02194171997082699,0.19283265556829868,62623.46,63059.35174860109,0.0033,206.657418,fixed_60pct,BS_fixed,27.081176181675087,0.0004324445851710379,-179.57624181832492,-0.0028477337117933286,0.8597917233622958,0.6000000000000091,-25.97917233622867,False
2024-02-29,shock,BTC-8MAR24-53000-P,P,0.021923783136732624,0.17555044877762052,62734.15,63170.812208388095,0.0039,244.663185,fixed_60pct,BS_fixed,46.495043424259556,0.0007411440726344353,-198.16814157574044,-0.003137020637347873,0.8301289908398336,0.6000000000000056,-23.012899083982795,False
2024-02-29,shock,BTC-8MAR24-54000-P,P,0.021936777524099442,0.1552200670788126,62631.46,63067.407432748674,0.0055,344.47303,fixed_60pct,BS_fixed,84.50985153408874,0.0013493195198401688,-259.96317846591126,-0.004121989297611773,0.8244914591825504,0.5999999999999971,-22.449145918255333,False
2024-02-29,shock,BTC-8MAR24-55000-P,P,0.021980263064434298,0.13995518985585573,62824.93,63262.22408425279,0.007,439.77451,fixed_60pct,BS_fixed,129.73625274612473,0.0020650441273253268,-310.03825725387526,-0.004900843461351683,0.8178040331829347,0.6000000000000104,-21.78040331829243,False
2024-02-29,shock,BTC-8MAR24-55500-P,P,0.021966496797311007,0.1303801064013499,62791.94,63229.00445674919,0.008,502.33552000000003,fixed_60pct,BS_fixed,166.57541289666054,0.002652815200432739,-335.76010710333946,-0.005310222895143176,0.8106736849327371,0.6000000000000053,-21.067368493273175,False
2024-02-29,shock,BTC-8MAR24-56000-P,P,0.02199303697361745,0.12298714831714998,62890.96,63328.713687285905,0.009,566.01864,fixed_60pct,BS_fixed,201.9118519327141,0.0032105067553860537,-364.10678806728595,-0.005749473925291258,0.8086746569328367,0.6000000000000052,-20.86746569328315,False
2024-02-29,shock,BTC-8MAR24-56500-P,P,0.022008551401572807,0.11733047967461836,63094.57,63533.74091844708,0.009,567.8511299999999,fixed_60pct,BS_fixed,233.42214214216725,0.0036995599168386005,-334.4289878578327,-0.005263801297126688,0.7828393489877864,0.6000000000000051,-18.28393489877813,False
2024-02-29,shock,BTC-8MAR24-58500-P,P,0.02201215147767631,0.08249221828129787,63091.28,63530.42801834139,0.016,1009.46048,fixed_60pct,BS_fixed,518.569457151211,0.008219352296406272,-490.8910228487889,-0.0077268647191715365,0.7886064360043208,0.5999999999999971,-18.86064360043237,False
2024-02-29,shock,BTC-8MAR24-59000-P,P,0.02194114817985794,0.06623308753596721,62604.31,63040.068454672815,0.02,1252.0862,fixed_60pct,BS_fixed,716.4128590418997,0.011443506989245624,-535.6733409581003,-0.00849734706971743,0.7839778365924199,0.6000000000000033,-18.39778365924166,False
2024-02-29,shock,BTC-8MAR24-59500-P,P,0.021938728786149164,0.05759549078129061,62591.87,63027.541865823325,0.023,1439.61301,fixed_60pct,BS_fixed,847.8092990456383,0.0135450386615009,-591.8037109543617,-0.009389604820924598,0.791945783256986,0.6000000000000026,-19.19457832569833,False
2024-02-29,shock,BTC-8MAR24-61000-P,P,0.021981969178082192,0.03583431811360583,62788.49,63225.530442960546,0.03,1883.6546999999998,fixed_60pct,BS_fixed,1267.0988353870116,0.02018043172223144,-616.5558646129882,-0.00975169144953587,0.7789008673089645,0.6000000000000021,-17.890086730896236,False
2024-02-29,shock,BTC-8MAR24-63000-P,P,0.02197476182775241,0.0014143620096400077,62653.07,63089.16784955234,0.0465,2913.3677549999998,fixed_60pct,BS_fixed,2191.988274855453,0.03498612717390309,-721.379480144547,-0.011434284279431429,0.7937619643239132,0.6000000000000009,-19.376196432391236,False
2024-02-29,shock,BTC-8MAR24-64000-C,C,0.021948678779807204,-0.012177449313743727,62788.33,63225.3693292776,0.0405,2542.927365,fixed_60pct,BS_fixed,1888.900893226058,0.030083630082629337,-654.0264717739419,-0.010344367754781682,0.7754547093474637,0.5999999999999988,-17.545470934746497,False
2024-02-29,shock,BTC-8MAR24-64500-C,C,0.0219377195268899,-0.022623661493204078,62621.28,63057.15657467087,0.037,2316.9873599999996,fixed_60pct,BS_fixed,1611.7998504957764,0.025738851880635086,-705.1875095042233,-0.011183306508106753,0.7920393118050524,0.6000000000000003,-19.203931180505208,False
2024-02-29,shock,BTC-8MAR24-65000-C,C,0.021954731703450026,-0.028537415661734043,62734.62,63171.285479831764,0.034,2132.97708,fixed_60pct,BS_fixed,1473.8045272313614,0.023492682783945472,-659.1725527686388,-0.010434686388946256,0.7812824091559047,0.599999999999999,-18.128240915590577,False
2024-02-29,shock,BTC-8MAR24-66000-C,C,0.021928038115169964,-0.04575243920262514,62612.56,63048.375878950006,0.0285,1784.45796,fixed_60pct,BS_fixed,1106.8796713308482,0.01767823694368747,-677.5782886691518,-0.010746958652354045,0.7967126469085606,0.6000000000000008,-19.671264690855985,False
2024-02-29,shock,BTC-8MAR24-68000-C,C,0.021936975202942667,-0.07549313086279838,62619.59,63055.454811394695,0.0205,1283.701595,fixed_60pct,BS_fixed,640.1209123879565,0.010222374697565994,-643.5806826120435,-0.01020658219874964,0.8168768323350389,0.6000000000000022,-21.687683233503673,False
2024-02-29,shock,BTC-8MAR24-70000-C,C,0.02193446816336885,-0.10348610645611421,62681.9,63118.198521299186,0.0145,908.88755,fixed_60pct,BS_fixed,355.95083284015516,0.005678686077482577,-552.9367171598449,-0.008760337432210726,0.8293218975745971,0.6000000000000014,-22.932189757459565,False
2024-02-29,shock,BTC-8MAR24-72000-C,C,0.022022204654997466,-0.128176077294097,62900.47,63338.289881816345,0.011,691.90517,fixed_60pct,BS_fixed,201.82626047587877,0.003208660610578566,-490.07890952412123,-0.007737482499741708,0.8519451234502358,0.599999999999999,-25.19451234502368,False
2024-02-29,shock,BTC-8MAR24-74000-C,C,0.021918328608574327,-0.1593134813666806,62665.76,63101.94617853144,0.007,438.66032,fixed_60pct,BS_fixed,88.01855502040401,0.0014045717313634113,-350.641764979596,-0.005556750404932699,0.8601658819429434,0.6,-26.016588194294343,False
2024-02-29,shock,BTC-8MAR24-76000-C,C,0.02192382290081177,-0.18491983028202047,62732.34,63168.9896098497,0.005,313.6617,fixed_60pct,BS_fixed,41.86588348864235,0.0006673732159304492,-271.79581651135766,-0.0043026779150663755,0.8778789151018811,0.6,-27.78789151018811,False
2025-10-12,shock,BTC-31OCT25-100000-P,P,0.052087223205225776,0.1134745804005474,111825.67,112016.34144251612,0.0085,950.5181950000001,fixed_60pct,BS_fixed,1653.5289300535658,0.014786666872226795,703.0107350535657,0.006275965863555119,0.48872009961768237,0.6000000000000003,11.127990038231793,False
2025-10-12,shock,BTC-31OCT25-102000-P,P,0.05206753513444952,0.09287038477879103,111736.07,111926.58866756519,0.011,1229.09677,fixed_60pct,BS_fixed,2165.0514539164924,0.01937647756822387,935.9546839164923,0.008362219335535949,0.47085764521211426,0.6000000000000012,12.914235478788694,False
2025-10-12,shock,BTC-31OCT25-105000-P,P,0.052167198598427195,0.06416919607088947,111768.07,111958.64323004766,0.018,2011.82526,fixed_60pct,BS_fixed,3083.5365264935353,0.02758870692223222,1071.7112664935353,0.009572385262756628,0.4752016721346993,0.6000000000000009,12.479832786530153,False
2025-10-12,shock,BTC-31OCT25-106000-P,P,0.05212723709411467,0.0556293671335694,111873.06,112063.81224614252,0.0185,2069.65161,fixed_60pct,BS_fixed,3405.45964277547,0.030440390588900225,1335.80803277547,0.011920065951722533,0.4495389238843547,0.6000000000000001,15.04610761156454,False
2025-10-12,shock,BTC-31OCT25-108000-P,P,0.05205597605910705,0.034558320853792596,111607.24,111797.53900242086,0.026,2901.78824,fixed_60pct,BS_fixed,4288.224525418273,0.038422458304840014,1386.4362854182727,0.012401313103933807,0.4551726300251792,0.6000000000000006,14.482736997482142,False
2025-10-12,shock,BTC-31OCT25-111000-P,P,0.05206324790715373,0.0072700860374546785,111619.6,111809.92007717972,0.036,4018.3055999999997,fixed_60pct,BS_fixed,5683.440752753135,0.050917945887219936,1665.1351527531351,0.014892552929147361,0.4351913599212449,0.6000000000000001,16.480864007875518,False
2025-10-12,shock,BTC-31OCT25-112000-C,C,0.052089843924403856,-0.0008084556238861046,111719.0,111909.48956189092,0.0405,4524.6195,fixed_60pct,BS_fixed,6066.256884683918,0.05429924081565282,1541.6373846839178,0.013775752089650305,0.44848841053097815,0.6000000000000003,15.151158946902216,False
2025-10-12,shock,BTC-31OCT25-113000-C,C,0.052057037734652464,-0.010467040071485245,111633.05,111823.39301047313,0.035,3907.1567500000006,fixed_60pct,BS_fixed,5564.011102688538,0.04984196976333208,1656.8543526885373,0.014816706129936158,0.43713131704674374,0.5999999999999998,16.2868682953256,False
2025-10-12,shock,BTC-31OCT25-115000-C,C,0.0520629525304414,-0.028232993239539463,111608.31,111798.61082685385,0.0275,3069.228525,fixed_60pct,BS_fixed,4718.889669697354,0.04228080928469712,1649.6611446973543,0.014755649757153407,0.43512869546390387,0.5999999999999999,16.4871304536096,False
2025-10-12,shock,BTC-31OCT25-116000-C,C,0.05213238051750381,-0.03598293395140361,111709.71,111900.18372172024,0.0255,2848.597605,fixed_60pct,BS_fixed,4386.023497586657,0.039262688065224205,1537.425892586657,0.0137392615584083,0.44452122497236785,0.6000000000000005,15.547877502763269,False
2025-10-12,shock,BTC-31OCT25-118000-C,C,0.05209595364028412,-0.05305910585990082,111711.75,111902.22720007849,0.02,2234.235,fixed_60pct,BS_fixed,3690.7856129063725,0.03303847279186274,1456.5506129063724,0.013016279026351236,0.44574283688648125,0.6000000000000008,15.42571631135195,False
2025-10-12,shock,BTC-31OCT25-120000-C,C,0.05207246603881279,-0.06986622417628213,111711.75,111902.22720007849,0.0155,1731.532125,fixed_60pct,BS_fixed,3084.4675322235903,0.027610949897603345,1352.9354072235903,0.012090334938593978,0.4470561834800484,0.6000000000000001,15.29438165199517,False
2025-10-12,shock,BTC-31OCT25-123000-C,C,0.05207276721841705,-0.09460592334294181,111706.49,111896.95823137043,0.011,1228.7713899999999,fixed_60pct,BS_fixed,2327.241046792053,0.02083353479992123,1098.4696567920532,0.00981679640049497,0.4594238642134572,0.6000000000000012,14.057613578654399,False
2025-10-12,shock,BTC-31OCT25-124000-C,C,0.052168613330796546,-0.1020268572931283,111782.06,111972.65708408297,0.011,1229.60266,fixed_60pct,BS_fixed,2135.4516340157356,0.01910370621203202,905.8489740157356,0.008089912283991902,0.4806490517167141,0.6000000000000003,11.93509482832862,False
2025-10-12,shock,BTC-31OCT25-126000-C,C,0.05207268112633181,-0.11867026343721723,111710.2,111900.67455720824,0.008,893.6816,fixed_60pct,BS_fixed,1732.277822663373,0.015506890352567384,838.5962226633729,0.007494112309704156,0.47538461271102495,0.600000000000002,12.461538728897704,False
2025-10-12,shock,BTC-31OCT25-128000-C,C,0.05207257940131913,-0.13441423406529657,111710.69,111901.16539269626,0.0065,726.1194849999999,fixed_60pct,BS_fixed,1411.314597943399,0.012633657512485142,685.195112943399,0.006123216952556612,0.48607414142306615,0.6000000000000011,11.392585857693494,False
2025-10-12,shock,BTC-31OCT25-130000-C,C,0.05213990093860984,-0.15017151703875645,111682.42,111872.84719015313,0.006,670.09452,fixed_60pct,BS_fixed,1140.7630751405063,0.010214347747304422,470.6685551405063,0.004207174188929857,0.5135610270361453,0.5999999999999986,8.643897296385338,False
2025-10-12,shock,BTC-31OCT25-132000-C,C,0.052088215468036526,-0.1647417187802167,111760.32,111950.88001569644,0.0047,525.273504,fixed_60pct,BS_fixed,926.6195921606364,0.00829113223871081,401.34608816063644,0.003585019502342138,0.5159270086206769,0.6000000000000028,8.40729913793259,False
2025-10-12,shock,BTC-31OCT25-134000-C,C,0.052096086250634194,-0.18016361651696475,111717.41,111907.89685081757,0.0039,435.697899,fixed_60pct,BS_fixed,737.3830743726035,0.006600431162632606,301.68517537260345,0.002695834555578992,0.5276646781603831,0.5999999999999995,7.233532183961644,False
2025-10-12,shock,BTC-31OCT25-135000-C,C,0.05209434655631659,-0.18773779517307265,111701.86,111892.32033686124,0.0034,379.786324,fixed_60pct,BS_fixed,656.7212806162667,0.005879233171374824,276.9349566162667,0.0024750130820643517,0.5280995741219837,0.6000000000000034,7.190042587801971,False
2025-10-12,shock,BTC-31OCT25-138000-C,C,0.052096085299340435,-0.20958009756195858,111717.12,111907.60635634507,0.0027,301.636224,fixed_60pct,BS_fixed,464.4393420201766,0.004157279940802059,162.80311802017656,0.0014547993949737962,0.5481676435365285,0.5999999999999995,5.183235646347106,False
2025-10-12,shock,BTC-31OCT25-140000-C,C,0.05209608476027397,-0.22396883501405812,111717.12,111907.60635634507,0.0023,256.949376,fixed_60pct,BS_fixed,365.64839609160657,0.003272984445818211,108.6990200916066,0.0009713282557887849,0.5600116814821122,0.5999999999999995,3.998831851788731,False
2025-10-12,shock,BTC-31OCT25-150000-C,C,0.05207591168822932,-0.2926455113224503,111752.45,111942.99659673589,0.0011,122.927695,fixed_60pct,BS_fixed,103.26674933600997,0.0009240669831937462,-19.660945663990034,-0.00017563354798171734,0.6154764236351105,0.5999999999999986,-1.5476423635111813,False
2025-10-12,shock,BTC-31OCT25-155000-C,C,0.052124018518518514,-0.3236951423764416,111947.09,112137.9684730356,0.0009,100.752381,fixed_60pct,BS_fixed,54.78588661287507,0.0004893908954031325,-45.96649438712493,-0.0004099101759470336,0.6501225753991589,0.5999999999999988,-5.01225753991601,False
2025-10-12,shock,BTC-31OCT25-160000-C,C,0.05206415553652968,-0.3582725650505931,111630.87,111821.20929340401,0.0006,66.978522,fixed_60pct,BS_fixed,25.346678927220477,0.00022705797175297907,-41.63184307277952,-0.000372307215561791,0.6716254835480686,0.5999999999999973,-7.1625483548071305,False
2025-10-12,shock,BTC-31OCT25-80000-P,P,0.05205744758371385,0.3348851860062355,111632.05,111822.39130539555,0.0005,55.816025,fixed_60pct,BS_fixed,30.553551439584997,0.0002736987400982513,-25.262473560415007,-0.00022591605550109593,0.6468596191809027,0.6000000000000071,-4.685961918089565,False
2025-10-12,shock,BTC-31OCT25-85000-P,P,0.052081540969051245,0.2746565190074033,111676.26,111866.67668687525,0.001,111.67626,fixed_60pct,BS_fixed,111.40159370930034,0.0009975405131699463,-0.2746662906996562,-2.455300352476471e-06,0.60023165695229,0.6000000000000068,-0.023165695228322125,False
2025-10-12,shock,BTC-31OCT25-90000-P,P,0.052091111364789444,0.21794483265438055,111726.16,111916.66177024638,0.0019,212.279704,fixed_60pct,BS_fixed,325.30499444585405,0.0029116278089737807,113.02529044585404,0.0010099058411685256,0.5508721497437815,0.6000000000000061,4.912785025622457,False
2025-10-12,shock,BTC-31OCT25-95000-P,P,0.05206556941273465,0.16317582850632734,111647.78,111838.14812626585,0.0041,457.75589800000006,fixed_60pct,BS_fixed,803.7324102135026,0.007198821241349381,345.97651221350253,0.0030935465045692037,0.5158050614349488,0.6000000000000018,8.4194938565053,False
2025-10-12,shock,BTC-31OCT25-98000-P,P,0.052167200152207,0.1331620675578409,111768.07,111958.64323004766,0.007,782.3764900000001,fixed_60pct,BS_fixed,1259.9658088944248,0.011273038971634964,477.58931889442465,0.004265765510511728,0.5130162051000439,0.600000000000003,8.698379489995911,False
2025-10-15,shock,BTC-28NOV25-105000-P,P,0.12058413067605277,0.07676254098438098,112500.55,113377.49231675502,0.031,3487.51705,fixed_60pct,BS_fixed,5476.080715754506,0.04867603505720199,1988.563665754506,0.01753931600638017,0.4555413905742501,0.6000000000000005,14.445860942575045,False
2025-10-15,shock,BTC-28NOV25-108000-P,P,0.12058052454337899,0.048644195714375685,112506.46,113383.44838523283,0.0395,4444.00517,fixed_60pct,BS_fixed,6740.458809308425,0.05991174915030145,2296.4536393084245,0.020253870137252918,0.44393335979563137,0.6,15.606664020436861,False
2025-10-15,shock,BTC-28NOV25-112000-P,P,0.12058052235540336,0.012276551543500845,112506.46,113383.44838523283,0.054,6075.348840000001,fixed_60pct,BS_fixed,8674.343655068315,0.07710084963181948,2598.994815068314,0.0229221711994324,0.4324367991472321,0.5999999999999995,16.756320085276744,False
2025-10-15,shock,BTC-28NOV25-118000-C,C,0.12060228662480975,-0.040310948140738614,112461.27,113337.90612897013,0.042,4723.37334,fixed_60pct,BS_fixed,7445.1075399311985,0.0662015246665025,2721.7341999311984,0.024014332829071915,0.4248791749387655,0.5999999999999995,17.512082506123406,False
2025-10-15,shock,BTC-28NOV25-120000-C,C,0.12057623370116692,-0.056774007183782255,112499.97,113376.90779565228,0.0355,3993.7489349999996,fixed_60pct,BS_fixed,6725.620166976773,0.05978330631534189,2731.8712319767737,0.024095481920362746,0.4210441910725455,0.5999999999999995,17.895580892745404,False
2025-10-15,shock,BTC-28NOV25-122000-C,C,0.1206567994355657,-0.07290481066199231,112544.81,113422.09732366331,0.03,3376.3442999999997,fixed_60pct,BS_fixed,6069.707002079573,0.05393146962600561,2693.362702079573,0.023746366586695582,0.41895537528576243,0.5999999999999992,18.104462471423677,False
2025-10-15,shock,BTC-28NOV25-125000-C,C,0.12055253358066971,-0.09685361047989792,112583.52,113461.10906829553,0.0235,2645.71272,fixed_60pct,BS_fixed,5167.1648037236855,0.04589628041229911,2521.4520837236855,0.022223051620321732,0.42107476913457315,0.5999999999999992,17.892523086542607,False
2025-10-15,shock,BTC-28NOV25-126000-C,C,0.1205845284436834,-0.10559163840442144,112496.88,113373.79370908774,0.022,2474.93136,fixed_60pct,BS_fixed,4860.057129861448,0.04320170594830228,2385.1257698614477,0.021037716846466104,0.42686447203522104,0.6000000000000004,17.31355279647794,False
2025-10-15,shock,BTC-28NOV25-130000-C,C,0.12060476407914764,-0.1374546962720417,112428.22,113304.59850406458,0.0155,1742.63741,fixed_60pct,BS_fixed,3854.902901549402,0.03428768063346909,2112.265491549402,0.018642363323617697,0.4293388797607837,0.599999999999999,17.066112023921526,False
2025-10-15,shock,BTC-28NOV25-134000-C,C,0.1205624327435312,-0.1663474309186297,112587.15,113464.7673641626,0.011,1238.4586499999998,fixed_60pct,BS_fixed,3086.4005678520966,0.027413435439586995,1847.9419178520968,0.01628648223391821,0.4313451874715906,0.6000000000000001,16.865481252840947,False
2025-10-15,shock,BTC-28NOV25-135000-C,C,0.12056589770421106,-0.1739762336098013,112565.33,113442.77727715991,0.01,1125.6533,fixed_60pct,BS_fixed,2902.72260821401,0.025787003939969882,1777.06930821401,0.01566489600190525,0.43172124599741607,0.6000000000000011,16.827875400258502,False
2025-10-15,shock,BTC-28NOV25-136000-C,C,0.12063656633688483,-0.1808610179775276,112621.1,113498.9820045724,0.009,1013.5899,fixed_60pct,BS_fixed,2747.968438872635,0.024400120748888397,1734.378538872635,0.01528100524111101,0.429723772029432,0.5999999999999999,17.027622797056786,False
2025-10-15,shock,BTC-28NOV25-138000-C,C,0.12056584290969051,-0.19595949336575502,112564.84,113442.2834576076,0.008,900.51872,fixed_60pct,BS_fixed,2420.6253806582804,0.021504275941388807,1520.1066606582804,0.013399824248304479,0.43991950768916865,0.6,16.00804923108313,False
2025-10-15,shock,BTC-28NOV25-140000-C,C,0.12058338628868594,-0.2108871765934511,112504.19,113381.16069057214,0.007,787.5293300000001,fixed_60pct,BS_fixed,2129.424588721984,0.01892751362168808,1341.895258721984,0.011835257731962565,0.44760539765994295,0.6000000000000001,15.239460234005714,False
2025-10-15,shock,BTC-28NOV25-145000-C,C,0.12056629328386606,-0.2454551861842352,112563.08,113440.50973839931,0.0048,540.302784,fixed_60pct,BS_fixed,1561.7248316449632,0.0138742190747176,1021.4220476449632,0.009004032598235184,0.4581070004542016,0.6000000000000012,14.189299954579958,False
2025-10-15,shock,BTC-28NOV25-160000-C,C,0.12061685147133434,-0.34395531601613666,112556.32,113433.69704416751,0.0021,236.368272,fixed_60pct,BS_fixed,576.1480708852065,0.0051187536238321086,339.7797988852065,0.0029954044321847937,0.5102435511972039,0.6000000000000008,8.975644880279688,False
2025-10-15,shock,BTC-28NOV25-95000-P,P,0.12059087087772703,0.17671283577088592,112485.57,113362.3955475845,0.0125,1406.069625,fixed_60pct,BS_fixed,2378.1127776925828,0.02114149199486283,972.0431526925827,0.008574652537971131,0.4950974062132918,0.6000000000000023,10.490259378671052,False
2025-10-15,shock,BTC-31OCT25-100000-P,P,0.0438510455035515,0.12036290319860699,112560.11,112790.60980471678,0.0065,731.640715,fixed_60pct,BS_fixed,1202.1289172021538,0.010679883994446646,470.48820220215384,0.004171341949624592,0.508875202296985,0.5999999999999992,9.112479770301418,False
2025-10-15,shock,BTC-31OCT25-102000-P,P,0.04393798890157281,0.10017071925010844,112516.27,112746.6800294719,0.0075,843.872025,fixed_60pct,BS_fixed,1629.4762703468052,0.014482139075058258,785.6042453468052,0.006967870319032444,0.46851030935572074,0.5999999999999976,13.14896906442769,False
2025-10-15,shock,BTC-31OCT25-105000-P,P,0.04386838777904617,0.07109483569517651,112506.33,112736.71967440953,0.012,1350.0759600000001,fixed_60pct,BS_fixed,2434.858578481906,0.02164196964279171,1084.782618481906,0.009622265235451446,0.45231874847965386,0.5999999999999996,14.768125152034578,False
2025-10-15,shock,BTC-31OCT25-106000-P,P,0.043845579559868085,0.06231678453640306,112585.19,112815.74116336508,0.0145,1632.485255,fixed_60pct,BS_fixed,2731.713494652387,0.0242635243112561,1099.228239652387,0.009743571493809784,0.4584763327756599,0.6000000000000031,14.152366722434317,False
2025-10-15,shock,BTC-31OCT25-107000-P,P,0.043870442732115676,0.05256982862165264,112544.98,112775.44882160876,0.0165,1856.99217,fixed_60pct,BS_fixed,3091.9924390283527,0.02747339276286115,1235.0002690283527,0.010950967448437375,0.4485476973352957,0.600000000000001,15.145230266470527,False
2025-10-15,shock,BTC-31OCT25-108000-P,P,0.04387105793378995,0.04292786961189098,112506.77,112737.16057543845,0.019,2137.62863,fixed_60pct,BS_fixed,3480.25656408971,0.030933752378543174,1342.62793408971,0.011909364465422081,0.4421651809660143,0.6000000000000004,15.783481903398611,False
2025-10-15,shock,BTC-31OCT25-109000-P,P,0.043870442161339424,0.03405078085441503,112544.98,112775.44882160876,0.0215,2419.7170699999997,fixed_60pct,BS_fixed,3870.46284995406,0.0343903641899804,1450.7457799540603,0.01286402133720513,0.43503706926423374,0.5999999999999981,16.496293073576435,False
2025-10-15,shock,BTC-31OCT25-115000-C,C,0.043895878234398784,-0.019637251393664377,112533.3,112763.7449033866,0.025,2813.3325000000004,fixed_60pct,BS_fixed,4658.722295978053,0.04139861086432241,1845.3897959780525,0.01636509853019816,0.4022854323978657,0.6000000000000004,19.771456760213475,False
2025-10-15,shock,BTC-31OCT25-117000-C,C,0.04392634443176053,-0.03642933655981835,112583.92,112814.46856266797,0.0191,2150.352872,fixed_60pct,BS_fixed,3907.769366531155,0.03470983570772056,1757.416494531155,0.015577935320901834,0.4050658247511369,0.5999999999999994,19.493417524886254,False
2025-10-15,shock,BTC-31OCT25-119000-C,C,0.04383585670345003,-0.052827369629507626,112646.03,112876.70575109086,0.0145,1633.3674350000001,fixed_60pct,BS_fixed,3250.071523260669,0.028852073377647388,1616.7040882606689,0.014322743364124486,0.4097148805152116,0.5999999999999994,19.028511948478783,False
2025-10-15,shock,BTC-31OCT25-120000-C,C,0.0438392982623034,-0.06149873850010755,112611.89,112842.49583943802,0.012,1351.34268,fixed_60pct,BS_fixed,2936.0869142338856,0.026072619101179154,1584.7442342338857,0.014043860182681493,0.4051916683027936,0.599999999999999,19.48083316972054,False
2025-10-15,shock,BTC-31OCT25-122000-C,C,0.04390731938102486,-0.07866938618360035,112539.69,112770.14798878382,0.0085,956.5873650000001,fixed_60pct,BS_fixed,2382.3701493705157,0.021169155072050718,1425.7827843705156,0.01264326428402244,0.4059307626687711,0.6000000000000012,19.406923733123012,False
2025-10-15,shock,BTC-31OCT25-123000-C,C,0.043836630358954846,-0.08588832066405638,112646.02,112876.69573061293,0.008,901.1681600000001,fixed_60pct,BS_fixed,2171.5203470206825,0.019277381899695013,1270.3521870206823,0.011254335350606423,0.41991390133814493,0.6000000000000009,18.008609866185594,False
2025-10-15,shock,BTC-31OCT25-124000-C,C,0.043934850012683914,-0.09668914460443472,112341.88,112571.93291485158,0.006,674.05128,fixed_60pct,BS_fixed,1884.2337588529606,0.016772318202730455,1210.1824788529607,0.010750303805908103,0.4122069220885134,0.6000000000000004,18.779307791148703,False
2025-10-15,shock,BTC-31OCT25-126000-C,C,0.04385783609208524,-0.11088173336188326,112545.15,112775.61916973357,0.0045,506.45317499999993,fixed_60pct,BS_fixed,1551.4692206106158,0.013785305014126472,1045.016045610616,0.009266329489513232,0.41733064100285205,0.5999999999999998,18.26693589971477,False
2025-10-15,shock,BTC-31OCT25-128000-C,C,0.04387056909563673,-0.12675973559490186,112530.56,112760.99929243379,0.0034,382.60390399999994,fixed_60pct,BS_fixed,1235.7515449293169,0.01098147512044121,853.1476409293169,0.007565981556413564,0.4279960440495919,0.5999999999999981,17.200395595040618,False
2025-10-15,shock,BTC-31OCT25-160000-C,C,0.0438652120116692,-0.3504752951362037,112466.21,112696.5175169546,0.0002,22.493242000000002,fixed_60pct,BS_fixed,13.303568776722408,0.0001182894735825312,-9.189673223277595,-8.154354212316327e-05,0.6326173828500142,0.5999999999999998,-3.2617382850014476,False
2026-02-11,shock,BTC-27FEB26-50000-P,P,0.04384667044013191,0.29547662136586306,67167.74,67188.33369938679,0.0038,255.237412,fixed_60pct,BS_fixed,22.84634452982813,0.0003401386518264293,-232.3910674701719,-0.0034588008762046867,0.8872928226189982,0.6000000000000273,-28.729282261897094,False
2026-02-11,shock,BTC-27FEB26-56000-P,P,0.04386304322044648,0.18067188320572947,67068.67,67089.23332442109,0.009,603.61803,fixed_60pct,BS_fixed,259.37757651478216,0.0038673433738104866,-344.2404534852178,-0.005131083430639103,0.7527175246370794,0.6000000000000066,-15.271752463707278,False
2026-02-11,shock,BTC-27FEB26-60000-P,P,0.043928380263825464,0.10540338495023399,66649.09,66669.52468075392,0.0175,1166.359075,fixed_60pct,BS_fixed,892.3705236854794,0.013389087888303943,-273.9885513145207,-0.004109652088064389,0.6710692616829055,0.6000000000000012,-7.106926168290428,False
2026-02-11,shock,BTC-27FEB26-62000-P,P,0.04389980006976154,0.07446618385979628,66772.68,66793.15257357727,0.023,1535.7716399999997,fixed_60pct,BS_fixed,1380.1436645260085,0.02066928666823031,-155.62797547399123,-0.002329998951652361,0.6342267955470648,0.5999999999999976,-3.42267955470672,False
2026-02-11,shock,BTC-27FEB26-63000-P,P,0.043919013793759516,0.05755337668436795,66711.78,66732.23390157353,0.0275,1834.57395,fixed_60pct,BS_fixed,1719.8946142080124,0.025780973228536435,-114.67933579198757,-0.0017184998776023808,0.6234468052495101,0.5999999999999998,-2.344680524951037,False
2026-02-11,shock,BTC-27FEB26-64000-P,P,0.04393731094622019,0.04446981033716263,66889.79,66910.29847962585,0.031,2073.58349,fixed_60pct,BS_fixed,2029.5724409983088,0.030342036370547866,-44.01104900169116,-0.0006577619589470595,0.6085710835389333,0.5999999999999985,-0.8571083538934765,False
2026-02-11,shock,BTC-27FEB26-65000-P,P,0.04390641273465246,0.027552901210765132,66795.36,66815.83952728902,0.0365,2438.03064,fixed_60pct,BS_fixed,2474.5065404530837,0.037046084345575554,36.475900453083796,0.0005459169668621204,0.5932027560511509,0.6000000000000008,0.679724394884984,False
2026-02-11,shock,BTC-27FEB26-69000-C,C,0.04391132994038559,-0.03216378840713169,66795.53,66816.0095794112,0.0305,2037.263665,fixed_60pct,BS_fixed,2422.5854498452304,0.03626867620999834,385.32178484523047,0.005766908069948017,0.5294292268902493,0.5999999999999996,7.0570773109750355,False
2026-02-11,shock,BTC-27FEB26-70000-C,C,0.04389980507990868,-0.04689467314447109,66772.68,66793.15257357727,0.025,1669.317,fixed_60pct,BS_fixed,2059.9890224136852,0.030850776431523872,390.6720224136852,0.0058489831271750945,0.5258724068455114,0.6000000000000001,7.412759315448869,False
2026-02-11,shock,BTC-27FEB26-71000-C,C,0.043924015379249115,-0.06265349521598987,66667.65,66688.09037126934,0.0195,1300.019175,fixed_60pct,BS_fixed,1714.45248002234,0.025716407883318824,414.43330502234016,0.00621450251034459,0.5166599269647123,0.6000000000000004,8.334007303528812,False
2026-02-11,shock,BTC-27FEB26-72000-C,C,0.0438370613267377,-0.07157351709966507,67006.26,67026.80418944976,0.016,1072.10016,fixed_60pct,BS_fixed,1544.1345777668503,0.02304463161750634,472.0344177668503,0.00704247238810097,0.5010545756252825,0.6,9.894542437471742,False
2026-02-11,shock,BTC-27FEB26-74000-C,C,0.043848879058853374,-0.09607561904861886,67200.65,67221.25378962723,0.01,672.0065,fixed_60pct,BS_fixed,1131.8117853800427,0.016842274373537202,459.80528538004273,0.006840177168058034,0.4881327742823931,0.6000000000000005,11.186722571760743,False
2026-02-11,shock,BTC-27FEB26-75000-C,C,0.04386462756849315,-0.1108414919092983,67110.47,67131.04614034484,0.0085,570.4389950000001,fixed_60pct,BS_fixed,924.2370504656625,0.013771875691910107,353.7980554656624,0.005270259824731595,0.50522173581589,0.5999999999999991,9.477826418410906,False
2026-02-11,shock,BTC-27FEB26-80000-C,C,0.04383695934804668,-0.17701507324576657,67000.83,67021.37252460608,0.0025,167.50207500000002,fixed_60pct,BS_fixed,330.1384956517421,0.004927379192940477,162.6364206517421,0.0024266351840531485,0.5159150447657652,0.5999999999999994,8.40849552342342,False
2026-02-11,shock,BTC-27FEB26-96000-C,C,0.04385354775494673,-0.3582490262206374,67073.74,67094.3048788884,0.0005,33.53687,fixed_60pct,BS_fixed,6.443905953654296,9.607196428370172e-05,-27.092964046345706,-0.00040380422891706056,0.7154970496714816,0.6000000000000014,-11.549704967148022,False
2025-07-18,calm,BTC-25JUL25-100000-P,P,0.019282908644089297,0.18692222468893913,120335.2,120553.35206591312,0.0006,72.20111999999999,fixed_60pct,BS_fixed,39.44497560298228,0.00032779249631846943,-32.75614439701771,-0.00027171491987305446,0.6539050906453384,0.600000000000024,-5.390509064531446,False
2025-07-18,calm,BTC-25JUL25-106000-P,P,0.019268694634703196,0.12763339415177855,120212.53,120430.45968115849,0.001,120.21253,fixed_60pct,BS_fixed,255.8508303455352,0.0021283208193483257,135.63830034553519,0.0011262790219736742,0.5155142968109905,0.5999999999999985,8.448570318900806,False
2025-07-18,calm,BTC-25JUL25-107000-P,P,0.019190079369609335,0.11267057929076348,119544.44,119761.15852088523,0.0014,167.362216,fixed_60pct,BS_fixed,379.9590752246135,0.0031783918618432903,212.59685922461352,0.0017751737028123239,0.4978023382183655,0.6000000000000006,10.219766178163514,False
2025-07-18,calm,BTC-25JUL25-111000-P,P,0.019195064656265855,0.07783890141761612,119768.16,119985.28409614656,0.0023,275.466768,fixed_60pct,BS_fixed,900.428320641996,0.007518094296864843,624.961552641996,0.005208651688828791,0.41749400562973726,0.6000000000000028,18.250599437026548,False
2025-07-18,calm,BTC-25JUL25-113000-P,P,0.019200617357940132,0.06066946051775561,119850.61,120067.8835672725,0.0035,419.47713500000003,fixed_60pct,BS_fixed,1314.681419057685,0.010969334399363382,895.2042840576848,0.0074558179711405785,0.3919309043994135,0.5999999999999993,20.80690956005858,False
2025-07-18,calm,BTC-25JUL25-114000-P,P,0.01918759113394216,0.04959913635940195,119580.09,119796.87314969832,0.005,597.90045,fixed_60pct,BS_fixed,1646.0907368872279,0.013765592055393402,1048.190286887228,0.008749729933079372,0.38639159659810096,0.6000000000000014,21.360840340190045,False
2025-07-18,calm,BTC-25JUL25-116000-P,P,0.019190665556823947,0.03229678580475582,119590.78,119807.5825292779,0.008,956.72624,fixed_60pct,BS_fixed,2295.899737780997,0.01919796607883147,1339.173497780997,0.011177702358310563,0.3675013259597831,0.599999999999999,23.24986740402159,False
2025-07-18,calm,BTC-25JUL25-117000-P,P,0.01917980590436327,0.022701248449335163,119469.84,119686.42328078825,0.0105,1254.43332,fixed_60pct,BS_fixed,2724.1021420264306,0.022801588601997214,1469.6688220264305,0.012279327777876188,0.36072202278982674,0.6,23.927797721017324,False
2025-07-18,calm,BTC-25JUL25-118000-P,P,0.01919117354769153,0.01536547880641431,119610.29,119827.12789837028,0.013,1554.9337699999999,fixed_60pct,BS_fixed,3095.5774546152547,0.025880527959720314,1540.6436846152549,0.012857219493084491,0.3586393404255669,0.6000000000000013,24.136065957443442,False
2025-07-18,calm,BTC-25JUL25-119000-P,P,0.019178217751141553,0.005572465666396692,119448.43,119664.974467243,0.017,2030.62331,fixed_60pct,BS_fixed,3630.966880832991,0.030397778194598216,1600.3435708329912,0.013373533717429305,0.35620204478953377,0.6000000000000001,24.37979552104663,False
2025-07-18,calm,BTC-25JUL25-120000-C,C,0.01918281919076611,-0.0016784364709748914,119581.97,119798.7565578938,0.0195,2331.848415,fixed_60pct,BS_fixed,3874.020423737347,0.032396358947233826,1542.172008737347,0.012873021833011087,0.36700707554509615,0.5999999999999985,23.299292445490238,False
2025-07-18,calm,BTC-25JUL25-120000-P,P,0.01923264481861999,0.0003823750085032469,119828.66,120045.89377477748,0.02,2396.5732000000003,fixed_60pct,BS_fixed,3960.182510781936,0.0330487089714759,1563.6093107819356,0.013025096166266884,0.36439226951921255,0.6000000000000009,23.560773048078833,False
2025-07-18,calm,BTC-25JUL25-122000-C,C,0.019189183250887875,-0.01819954324038362,119582.95,119799.73833450633,0.013,1554.57835,fixed_60pct,BS_fixed,3003.1620580851745,0.02511363081513857,1448.5837080851745,0.012091710117432986,0.37457440557739485,0.5999999999999999,22.5425594422605,False
2025-07-18,calm,BTC-25JUL25-123000-C,C,0.019189168410705226,-0.02636285387954464,119582.95,119799.73833450633,0.0105,1255.620975,fixed_60pct,BS_fixed,2624.71909814088,0.02194894086607564,1369.0981231408798,0.011428222984244481,0.37891150283384417,0.5999999999999998,22.10884971661556,False
2025-07-18,calm,BTC-25JUL25-124000-C,C,0.019200528190005072,-0.03222220044697387,119850.86,120068.13402048998,0.009,1078.6577399999999,fixed_60pct,BS_fixed,2380.467225585761,0.01986191192608681,1301.809485585761,0.010842256325592629,0.3828677205678046,0.5999999999999992,21.713227943219458,False
2025-07-18,calm,BTC-25JUL25-125000-C,C,0.01919232692795535,-0.041884474334166366,119655.65,119872.57013015043,0.0065,777.761725,fixed_60pct,BS_fixed,1999.4834820964456,0.01671031398932224,1221.7217570964458,0.01019183751353603,0.3794510127716885,0.6,22.054898722831144,False
2025-07-18,calm,BTC-25JUL25-126000-C,C,0.01925509284627093,-0.04688019037768975,120011.85,120229.41587442043,0.006,720.0711,fixed_60pct,BS_fixed,1833.7436138178314,0.015279687912633889,1113.6725138178313,0.00926289548791505,0.391898176342931,0.6000000000000009,20.810182365706986,False
2025-07-18,calm,BTC-25JUL25-127000-C,C,0.019210969875697613,-0.05632849095157381,119826.8,120044.0304028394,0.0047,563.18596,fixed_60pct,BS_fixed,1523.5352727319948,0.01271447850340654,960.3493127319948,0.007999975588201175,0.40248376194094754,0.5999999999999983,19.751623805905076,False
2025-07-18,calm,BTC-25JUL25-128000-C,C,0.019238515442668695,-0.06441004083090163,119798.24,120015.41862727412,0.0038,455.233312,fixed_60pct,BS_fixed,1297.188994927632,0.010828113960001683,841.9556829276319,0.007015395959601253,0.4105752237370853,0.5999999999999992,18.94247762629139,False
2025-07-18,calm,BTC-25JUL25-129000-C,C,0.01925860197869102,-0.069754967592972,120090.57,120308.27858354153,0.0033,396.298881,fixed_60pct,BS_fixed,1165.4823406738146,0.009705027969088785,769.1834596738147,0.006393437498481845,0.4159192395583066,0.6000000000000001,18.40807604416935,False
2025-07-18,calm,BTC-25JUL25-130000-C,C,0.01927477495560629,-0.07488998468862573,120401.65,120619.92253112014,0.0028,337.12462,fixed_60pct,BS_fixed,1048.891362532655,0.008711602893587049,711.7667425326549,0.005900905319757753,0.41787492885677474,0.600000000000002,18.212507114322722,False
2025-07-18,calm,BTC-25JUL25-135000-C,C,0.019235712836123794,-0.11799526947595261,119757.43,119974.53464405217,0.001,119.75743,fixed_60pct,BS_fixed,373.0109124113044,0.0031147204178588704,253.2534824113044,0.0021108936422439347,0.4731571603836658,0.6000000000000013,12.684283961633552,False
2025-07-18,calm,BTC-25JUL25-140000-C,C,0.019189240804160325,-0.1558585526071363,119578.45,119795.23017659163,0.0004,47.83138,fixed_60pct,BS_fixed,126.7839464223053,0.0010602574830356583,78.9525664223053,0.0006590626881046961,0.5160631864578026,0.5999999999999985,8.393681354219595,False
2025-07-18,calm,BTC-25JUL25-85000-P,P,0.019207643899036023,0.34537431609896285,119846.81,120064.07667836675,0.0002,23.969362,fixed_60pct,BS_fixed,0.0300627522186731,2.508431573495623e-07,-23.939299247781328,-0.00019938769288928144,0.9798079943003593,0.5999999999993398,-37.98079943010194,False
2025-07-18,calm,BTC-25JUL25-86000-P,P,0.019182725646879756,0.33146525743545946,119581.88,119798.66639473551,0.0003,35.874564,fixed_60pct,BS_fixed,0.06331134885629716,5.294393168621965e-07,-35.811252651143704,-0.00029892864193617946,0.990066870561742,0.5999999999984785,-39.00668705632635,False
2025-07-18,calm,BTC-25JUL25-94000-P,P,0.019192740360223236,0.2431411665280576,119656.45,119873.37158044637,0.0004,47.86258,fixed_60pct,BS_fixed,4.3793717809633455,3.659954629243426e-05,-43.483208219036655,-0.0003627428481049714,0.7786115257603194,0.6000000000000635,-17.861152576025596,False
2025-07-18,calm,BTC-25JUL25-95000-P,P,0.019255817858954843,0.23583907788660954,120049.57,120267.20425587428,0.0005,60.024785,fixed_60pct,BS_fixed,6.064064321948672,5.05130032698049e-05,-53.96072067805133,-0.0004486736098333781,0.780129530838739,0.5999999999999354,-18.01295308388037,False
2025-09-05,calm,BTC-12SEP25-100000-P,P,0.019275685216894975,0.11675600700641818,112227.1,112384.51858838873,0.0016,179.56336000000002,fixed_60pct,BS_fixed,322.4808759469833,0.0028734670676421586,142.9175159469833,0.0012716833042674006,0.5255088756426358,0.5999999999999964,7.44911243573606,False
2025-09-05,calm,BTC-12SEP25-102000-P,P,0.019195142472095385,0.10350736164550486,112965.05,113123.5036953041,0.0019,214.633595,fixed_60pct,BS_fixed,456.0303755886849,0.004036915626458669,241.39678058868486,0.00213392241844703,0.4967586039220706,0.5999999999999988,10.324139607792816,False
2025-09-05,calm,BTC-12SEP25-104000-P,P,0.019209982813292746,0.08235511320561285,112769.32,112927.4991489574,0.0028,315.754096,fixed_60pct,BS_fixed,764.3806288318344,0.006778267607110111,448.6265328318344,0.0039726951912755284,0.4583493058356503,0.5999999999999992,14.16506941643489,False
2025-09-05,calm,BTC-12SEP25-105000-P,P,0.01925216444698123,0.07194971326983772,112675.09,112833.13697452194,0.0038,428.165342,fixed_60pct,BS_fixed,970.744581689279,0.008615432050591475,542.579239689279,0.004808687006652975,0.45263810050821507,0.5999999999999975,14.736189949178247,False
2025-09-05,calm,BTC-12SEP25-106000-P,P,0.019179347095383055,0.06500921204622485,112961.45,113119.89864565994,0.004,451.8458,fixed_60pct,BS_fixed,1127.6033034655802,0.009982195726644622,675.7575034655802,0.005973816380284627,0.4291267661505638,0.599999999999997,17.08732338494332,False
2025-09-05,calm,BTC-12SEP25-107000-P,P,0.01918688444951801,0.05595607856341437,112999.48,113157.98198953959,0.005,564.9974,fixed_60pct,BS_fixed,1366.1441449034533,0.012089826828437204,801.1467449034533,0.007079896007490765,0.4178744530524224,0.6000000000000014,18.212554694757905,False
2025-09-05,calm,BTC-12SEP25-108000-P,P,0.019204940417300864,0.044791236090479566,112789.22,112947.42706226808,0.007,789.52454,fixed_60pct,BS_fixed,1708.4829666743194,0.015147573204906634,918.9584266743194,0.008136160783615693,0.41439105455733094,0.6000000000000013,18.560894544267036,False
2025-09-05,calm,BTC-12SEP25-109000-P,P,0.019197004185692545,0.03633163622762885,112874.64,113032.96687910215,0.0085,959.4344400000001,fixed_60pct,BS_fixed,2010.0805991605769,0.017808079823426918,1050.6461591605766,0.009295041864063668,0.40254660769347256,0.6000000000000022,19.745339230652963,False
2025-09-05,calm,BTC-12SEP25-110000-P,P,0.019222295630390664,0.02684684142457117,112834.88,112993.15110858796,0.011,1241.1836799999999,fixed_60pct,BS_fixed,2393.4220207912344,0.021211721240730123,1152.2383407912346,0.010197417538023324,0.3977868463769885,0.6000000000000006,20.221315362301212,False
2025-09-05,calm,BTC-12SEP25-112000-P,P,0.019250421296296297,0.008054871698252968,112747.64,112905.78873887823,0.0175,1973.0837000000001,fixed_60pct,BS_fixed,3298.1494792834437,0.029252492373972917,1325.0657792834436,0.011736030491297277,0.38543351593403946,0.6000000000000012,21.456648406596173,False
2025-09-05,calm,BTC-12SEP25-113000-P,P,0.019180962233637747,0.0010180827002609586,112956.66,113115.10192682788,0.02,2259.1332,fixed_60pct,BS_fixed,3689.621835918419,0.03266404863527674,1430.4886359184188,0.012646309922823357,0.3708381702182614,0.6,22.91618297817386,False
2025-09-05,calm,BTC-12SEP25-114000-C,C,0.019181771530948754,-0.00794589188427329,112939.34,113097.75763242882,0.017,1919.9687800000002,fixed_60pct,BS_fixed,3329.3140621906923,0.029478780929574164,1409.3452821906922,0.012461301724222575,0.37357584871101807,0.6000000000000009,22.64241512889828,False
2025-09-05,calm,BTC-12SEP25-115000-C,C,0.01919768864155251,-0.017444877063790443,112852.94,113011.2364409694,0.0135,1523.51469,fixed_60pct,BS_fixed,2868.4446041021974,0.025417544320087696,1344.9299141021975,0.011900851246811301,0.3788773380532097,0.6,22.112266194679027,False
2025-09-05,calm,BTC-12SEP25-116000-C,C,0.019178238362506345,-0.02504274099406845,112972.65,113131.11435566394,0.01,1129.7265,fixed_60pct,BS_fixed,2533.185713576258,0.02242299984621285,1403.459213576258,0.012405598774215498,0.36077478358399184,0.599999999999999,23.922521641600714,False
2025-09-05,calm,BTC-12SEP25-119000-C,C,0.019188439022070014,-0.051199131203636346,112902.28,113060.64564914774,0.0045,508.06025999999997,fixed_60pct,BS_fixed,1583.4168298696784,0.014024666551195232,1075.3565698696784,0.009511325215731992,0.37303527910302875,0.6000000000000013,22.696472089697256,False
2025-09-05,calm,BTC-12SEP25-120000-C,C,0.019187111777016742,-0.058724883100107615,112997.44,113155.93912807459,0.0034,384.19129599999997,fixed_60pct,BS_fixed,1367.6999422547992,0.01210381352227802,983.5086462547993,0.008691621967289082,0.3730510627690631,0.5999999999999999,22.694893723093678,False
2025-09-05,calm,BTC-12SEP25-122000-C,C,0.01923779585235921,-0.07738162734177031,112757.3,112915.46228875667,0.002,225.5146,fixed_60pct,BS_fixed,927.9651354430715,0.008229756613922749,702.4505354430715,0.006221030505518434,0.3933909208226637,0.5999999999999981,20.66090791773344,False
2025-09-05,calm,BTC-12SEP25-124000-C,C,0.019192682775240996,-0.09210675296422283,112930.56,113088.96531690784,0.0012,135.51667199999997,fixed_60pct,BS_fixed,664.3401188642638,0.005882731112501911,528.8234468642638,0.004676171944648607,0.40242394743262055,0.5999999999999992,19.757605256737865,False
2025-09-05,calm,BTC-12SEP25-125000-C,C,0.01919271229705733,-0.10012918420998515,112931.66,113090.06685985466,0.001,112.93166000000001,fixed_60pct,BS_fixed,548.9319435439423,0.004860744485150952,436.0002835439423,0.003855336685619346,0.41505687105427264,0.6000000000000019,18.49431289457292,False
2025-09-05,calm,BTC-12SEP25-130000-C,C,0.019281410736935567,-0.14533875104151395,112257.35,112414.81101942631,0.0005,56.128675,fixed_60pct,BS_fixed,165.03869720515394,0.0014701816603113643,108.91002220515394,0.0009688227131061341,0.5011446594528879,0.5999999999999981,9.88553405471102,False
2025-09-05,calm,BTC-12SEP25-135000-C,C,0.019249690639269405,-0.17892833399578545,112724.27,112882.38595827167,0.0003,33.817281,fixed_60pct,BS_fixed,57.89592164428608,0.0005136065342830437,24.078640644286075,0.00021330733258231302,0.5579418995799535,0.6000000000000015,4.205810042004798,False
2025-09-05,calm,BTC-12SEP25-90000-P,P,0.01920613267376966,0.2271797296654179,112796.77,112954.98765249399,0.0003,33.839031,fixed_60pct,BS_fixed,7.992334667939162,7.085605968982234e-05,-25.846696332060837,-0.0002288229751445611,0.706005887956288,0.6000000000000812,-10.60058879562068,False
2025-09-05,calm,BTC-12SEP25-95000-P,P,0.019275726788432267,0.16805660798038408,112227.92,112385.33973858545,0.0006,67.33675199999999,fixed_60pct,BS_fixed,69.69163870225,0.0006209830735725121,2.3548867022500133,2.095368228389584e-05,0.5968142022210055,0.6000000000000083,0.31857977790028524,False
2025-09-08,calm,BTC-26SEP25-100000-P,P,0.04938004575722983,0.10918130459910476,111427.43,111536.45527338712,0.0055,612.8508649999999,fixed_60pct,BS_fixed,1634.8805764470342,0.014672155468783891,1022.0297114470343,0.009163189819345937,0.4252942854232803,0.6,17.47057145767197,False
2025-09-08,calm,BTC-26SEP25-104000-P,P,0.04931913457635718,0.06842532088316913,111256.49,111365.3480185179,0.01,1112.5649,fixed_60pct,BS_fixed,2773.8865550653727,0.02493235725003883,1661.3216550653726,0.014917761086591557,0.3861035529890402,0.6000000000000011,21.38964470109609,False
2025-09-08,calm,BTC-26SEP25-106000-P,P,0.04936526531582953,0.0521735881247468,111568.05,111677.21286189603,0.0135,1506.1686750000001,fixed_60pct,BS_fixed,3382.10043993826,0.03031423817067933,1875.93176493826,0.01679780249582431,0.38027621078004964,0.5999999999999992,21.972378921994956,False
2025-09-08,calm,BTC-26SEP25-108000-P,P,0.049377227676306444,0.033294376892421734,111547.18,111656.32244181224,0.0185,2063.62283,fixed_60pct,BS_fixed,4189.986070064351,0.03756245626347839,2126.3632400643514,0.01904382298792322,0.36992211442854706,0.599999999999999,23.007788557145194,False
2025-09-08,calm,BTC-26SEP25-112000-C,C,0.049381299308726534,-0.00458991904315855,111378.13,111487.10703619834,0.031,3452.72203,fixed_60pct,BS_fixed,5686.479318877387,0.05105561853909189,2233.7572888773875,0.020036014461762983,0.37396101099965817,0.5999999999999996,22.603898900034146,False
2025-09-08,calm,BTC-26SEP25-118000-C,C,0.04931762176560122,-0.05783353067919421,111260.37,111369.23181487272,0.011,1223.8640699999999,fixed_60pct,BS_fixed,3340.3671536395786,0.030022973621601105,2116.503083639579,0.019004378939757868,0.3556424509683776,0.5999999999999998,24.435754903162216,False
2025-09-08,calm,BTC-26SEP25-120000-C,C,0.049414030060882796,-0.07491877410692396,111229.43,111338.26154187837,0.007,778.60601,fixed_60pct,BS_fixed,2762.794245527296,0.02483869822516663,1984.188235527296,0.017821261155411258,0.34615162884785744,0.6000000000000001,25.384837115214264,False
2025-09-08,calm,BTC-26SEP25-122000-C,C,0.04935536621638762,-0.09114235839387955,111263.44,111372.30481868955,0.005,556.3172000000001,fixed_60pct,BS_fixed,2278.8862335619424,0.020481896241586115,1722.5690335619424,0.015466762911715155,0.35351191477453564,0.5999999999999988,24.64880852254631,False
2025-09-08,calm,BTC-26SEP25-126000-C,C,0.04937431100963978,-0.12127513721247028,111500.47,111609.56673878814,0.0023,256.451081,fixed_60pct,BS_fixed,1557.8463579046693,0.013971657320410122,1301.3952769046693,0.011660248444028678,0.3565441173046886,0.6000000000000012,24.34558826953126,False
2025-09-08,calm,BTC-26SEP25-128000-C,C,0.04942443004819888,-0.1399278749614276,111177.1,111285.88034001044,0.0016,177.88336,fixed_60pct,BS_fixed,1205.4112287391697,0.010842261839346138,1027.5278687391697,0.009233227661943958,0.36957412389554806,0.6000000000000001,23.042587610445203,False
2025-09-08,calm,BTC-26SEP25-132000-C,C,0.04941328982749873,-0.17054942405195644,111193.79,111302.58667020679,0.001,111.19378999999999,fixed_60pct,BS_fixed,768.7723062745005,0.00691380612419543,657.5785162745004,0.00590802546416039,0.3985993109086635,0.6000000000000003,20.140068909133678,False
2025-09-08,calm,BTC-26SEP25-98000-P,P,0.04937899334094368,0.13009839221180905,111507.06,111616.16318672067,0.0039,434.87753399999997,fixed_60pct,BS_fixed,1214.6741747954502,0.01089324904445916,779.7966407954502,0.00698641324456694,0.43977989698811876,0.5999999999999988,16.022010301188,False
