ticker,date_id,usable_slots,starts_converged,best_price_rmse,price_equivalent_count,median_pairwise_dispersion,disp_kappa_s,disp_theta_s,disp_sigma_s,disp_rho_s,disp_v0_s,disp_kappa_f,disp_theta_f,disp_sigma_f,disp_rho_f,disp_v0_f,max_pairwise_dispersion,params_near_bound,price_spread_within_equivalent
SBIN,2026-07-01,18,16,0.000484104830168874,6,1.9250322462620555,3.1379463770081433,0.747973832514286,0.719920374448062,0.4729330849720097,0.03341684930832188,7.192337008632421e-06,0.14047406073024504,0.3306124413869167,0.30437930964815907,0.025474816600869366,5.027115295333196,kappa_f,4.130294492411807e-05
SBIN,2026-07-08,20,16,0.0014070282968939216,10,4.501162521027838,4.640831175559871,1.4980713705918598,2.186373206735813,3.1480539552009286,0.6793818481408018,4.291481548123494,1.4173750661213278,1.5878687186245592,2.602001559900465,1.0418702470381849,9.212810173978303,kappa_f,4.8165728092776144e-05
SBIN,2026-07-15,20,15,0.0006106805829219099,9,7.358969831703259,15.15016532491341,7.797154235582283,3.9321793187453435,2.3142402357674885,0.36512504428079806,11.826390744390016,6.699777508187395,3.4923149485136253,2.155729127053064,0.4702170979355428,9.952703480270996,kappa_s;kappa_f,5.874341262355803e-05
SBIN,2026-07-22,20,16,0.0014115229315301925,9,4.692278461866131,2.014658438298511e-06,3.2229748791968005,6.535697625435928,2.3210032165684225,0.4669548295120227,7.74260649710363,1.3942610988624577,4.242171261944166,3.314892133649969,0.6199802059062203,9.58863545317782,kappa_s;kappa_f,0.00012283715662178346
SBIN,2026-07-29,19,15,0.00037579450016388046,9,3.5499716682219873,4.604132367881945,0.5578326367851638,5.0941652266174104,3.16362221134728,0.7493221022464791,6.843023184932685,0.8202794017408102,2.847652281740343,2.421350771536309,0.7290708346838224,5.615178356874334,,3.5115198342884114e-05
SBIN,2026-07-02,18,15,0.001504642696312663,9,5.320886765343035,0.9471605533858671,7.427339739556992,2.859684139377955,2.9177452291051824,0.37085333912798263,0.6089619388519272,6.357587434757544,2.1017482463258865,1.486046677618407,0.45758685826691387,8.931748561460132,,3.379191266108367e-05
SBIN,2026-07-03,19,16,0.000584003014443351,13,3.9190102482218268,4.680430770439136,1.4595467434454124,4.065031005204881,3.0362087382349796,0.3548012794926261,9.42522527580536e-06,0.7853562224917221,3.3601301894007576,3.369647357421462,0.3821661545549539,8.671856079195802,kappa_f,5.2360869682394886e-05
SBIN,2026-07-06,19,16,0.0014258741786249193,14,5.618586507410948,7.493244100681901,2.713892750854667,5.141371145102756,2.0249600054271086,0.39050758999400975,2.204405421990896,3.276445700045917,2.7738181917258804,1.5812515711758302,0.5135736643714763,10.065342413076467,,0.00010010447618751276
SBIN,2026-07-07,20,16,0.0011725123562674902,6,5.2586609239328155,14.198289902127314,2.3342374855554215,10.373193543320973,5.931647088125718,0.0010318678840747619,4.822306087673071,2.724765332576053,1.5956182158969572,1.6030756747587862,0.059356906841912305,8.047263799223565,kappa_s,6.226643408322602e-05
SBIN,2026-07-09,19,15,0.0017185831240775667,7,2.8597576880388367,2.0435490331038864e-05,0.996869604209605,4.260404333220484,4.483518511414385,0.297884444243508,3.583274852937743,0.8855321884387527,2.900106853052205,2.190654275065282,0.5113563732841611,5.349444829477437,kappa_s,0.0001260289424178094
SBIN,2026-07-10,20,13,0.0013482337039032017,4,4.556333509406797,7.474877992011271,1.286155809639955,6.176216338624562,3.0630186412848914,0.5030856111534443,5.7825167918836025,2.511941640960119,0.6120966759104491,2.1152392586031032,0.6622486003266269,6.820580023108285,kappa_s,6.217443686230254e-05
SBIN,2026-07-13,20,15,0.0007742241539307442,9,3.976547466064191,1.1468679895543232e-05,1.7678424625041527,4.401588860787783,2.5113573476261184,0.20521549345726864,5.9935375888776345,0.99700281728789,3.174922520281612,1.435347298998019,0.20649145804183244,5.865526346972776,kappa_s,7.565321972100752e-05
SBIN,2026-07-14,20,16,0.001552458494157508,12,4.720348318108543,1.1880900405359203,1.6157733419829605,5.173833794956095,1.9756692004680625,0.68225395809938,2.414134892785967,1.575421857328334,4.149767900960448,2.5209834306443244,0.925688669029763,7.848723841868553,kappa_s;kappa_f,0.00010541911102396957
SBIN,2026-07-16,20,16,0.0009517984592012504,8,5.546909795569941,6.193942746306684,2.279637950116685,7.291912520987504,2.6602077976439142,1.12020626602358,11.06757162993906,2.2029469738928595,8.270162944651691,2.7147727370716503,1.3581875880198928,7.864413995140143,kappa_f,1.9272477639211902e-05
SBIN,2026-07-17,20,16,0.0008079447824261585,12,5.3939864328770035,6.531781189307795,1.3670211338601264,7.405891916136779,2.451545326727219,0.5033430295307528,1.9046049519744201e-06,1.8569023096999993,4.995103311759294,2.544227615356658,0.7261726187814264,8.143258418213305,kappa_f,7.048122075347567e-05
SBIN,2026-07-20,20,16,0.0012682687400178904,13,5.60631817731208,6.438595450181724,2.412004860148029,3.3910816906620953,1.996645167047883,0.2050625451783848,12.128822969421869,2.352335529194294,2.9975281026151053,1.1119267586887078,0.32209638281633246,9.347462380153246,kappa_f,4.892198198533067e-05
SBIN,2026-07-21,20,16,0.0018003115754286173,11,6.027709116421013,7.86906408523929,7.130263609197998,3.6643378895570886,0.21170756013581027,0.6109026634789516,12.126600699905708,0.8321134784058222,4.90705011387856,1.1374419324121083,0.6492117409985514,9.318300589152757,kappa_f,6.275455062537726e-05
SBIN,2026-07-23,19,15,0.0008184511576264763,11,4.6451029825015,3.9720439362279585,2.2300870744964953,5.17422224720862,2.014093292756154,0.018780008859889005,0.0002676324594723667,1.1408293880102078,3.094756939383891,2.860517510642076,0.13912362777567666,9.097440086848687,kappa_f,7.971021181015186e-05
SBIN,2026-07-24,20,15,0.0015552441475467644,11,5.312808264005832,5.30739238887624,3.0902826357020876,5.964916398648182,2.7713116968042795,0.4980641188127287,9.408390542656388,1.8183740429065802,2.7404878547390332,1.9579201096072731,0.24404934964867536,9.201781056987526,kappa_f,0.00015538947240471054
SBIN,2026-07-27,20,16,0.0009944653859262835,12,5.5406086666152,5.667493769066231,3.941060655738599,5.5951321488069485,2.3782341803978793,0.07220643385801809,8.752129469680858,2.109953084726098,2.419225922288366,2.717716538892372,0.4718451941235296,9.990130339802933,kappa_s;kappa_f,9.894901493142315e-05
SBIN,2026-07-30,19,16,0.0008167006725975728,9,3.531151441232015,7.581861887837986,0.5796439605505372,3.526609570679715,6.387810038178895,0.3444966812454392,3.0062865479102925,0.4763002512437544,1.6177425631897229,1.2922218412009623,0.3668448790795509,6.295658980147323,,9.642311312075213e-06
SBIN,2026-07-31,19,16,0.001114158519753641,11,3.6749119452003502,1.2080150329645658,0.3514929258237117,2.7119055406873165,0.6481067134336969,0.35789459543468854,6.656450624822627,0.4762266033077336,2.5169869389150494,1.3156162889571892,0.9312947674747232,5.141825660913729,kappa_f,3.4173885268813957e-05
SBIN,2026-08-03,18,15,0.0012996024557025345,9,2.936915934418497,5.654924227111921,0.5051822900761126,3.1150591573781523,5.692125966235132,0.006110059974346176,6.385313611190213e-09,0.3262149630248411,1.251390613073188,0.8692143890831201,0.17541986556387879,5.128591964753223,kappa_s;kappa_f,4.1864296209158294e-05
SBIN,2026-08-04,19,14,0.0012267758607157468,11,3.556730803306614,0.07444825386069631,0.39782818209522863,1.1261073535478956,3.3565746107909744,0.38479442381904977,5.64716017805722e-05,0.5656013474034792,3.5888087703818283,1.345541113779164,1.0946279266721177,6.626601637966659,kappa_f,5.8545300436350835e-05
SBIN,2026-08-05,20,15,0.0008469777785300542,6,2.386835375260845,3.0663549530629552e-06,0.46212031471300363,3.500318558073128,0.9184349299695094,0.44500787836810535,1.6018247948719537,0.27403017643357847,1.8117498722882708,1.9213070410389093,0.5644673613635112,3.4288440560915596,,6.920611451563562e-05
SBIN,2026-08-06,20,14,0.0026659041175019303,8,3.8961322554957927,7.699928716827279,1.0990623577276315,3.5324096218880525,0.622239512675588,0.0001035658306465916,6.085383471512257,0.30051999191129997,1.8629532929658212,0.8136656391899008,0.5648101788118352,5.993321700089168,kappa_f,0.00011241488075389465
SBIN,2026-08-07,20,16,0.001842140219097502,11,4.1576793642865395,1.726375419863757e-05,0.559646400966679,3.1638515611111027,1.1969899628371243,0.614706512142428,9.088451979192929,0.22629149008959237,2.653764940855457,2.818917104512643,0.9832250233901291,6.712436130938145,kappa_s;kappa_f,3.173953011007219e-05
SBIN,2026-08-10,20,15,0.0018743866612484826,10,4.364109604498426,2.908971057991039e-05,0.23113620343962382,3.148652523201238,1.6293308339924768,0.6847232246049682,2.9757825015026853,0.5767105638023359,1.97418744188376,2.22147422711699,0.9174262874509782,6.991065192978004,kappa_s;kappa_f,0.0001723356925225324
SBIN,2026-08-11,20,15,0.001191175059710958,8,1.6623967745280313,3.240335422205476e-06,0.22116650351346423,0.7921764401635061,1.9139251152475645,0.25302122480883715,0.8038805255685038,0.2688351870946861,1.354540763135622,1.395996857254043,0.4138608231457093,4.563248228202896,kappa_s;kappa_f,9.935735992458103e-05
SBIN,2026-08-12,20,15,0.0007879142652985968,7,3.8479308148141285,9.7494392609382,0.7229189617957545,4.655731270341724,0.9049403500170312,0.28657046391204244,5.301671990309842e-07,0.4287134883102235,1.6602972943264929,1.71103698100005,0.3681302052224118,4.824727639683248,kappa_s;kappa_f,4.95753313426257e-05
SBIN,2026-08-13,20,15,0.0007287748000834042,4,4.939510165870628,15.266985669099803,0.564823470878385,3.6321382884656614,0.774211679297538,0.15028289202996306,2.3676558468291224,0.40465623544900065,1.0350431981281287,1.3151743170842347,0.14829769525940717,5.847099777007028,kappa_s;kappa_f,5.770015854970683e-05
SBIN,2026-08-14,20,16,0.000860703377358537,13,4.880134529648807,10.501765774532902,0.6773336074786291,4.096898014337176,3.0241295777913244,0.44513577883070116,3.71197253104042,0.6615251037229817,2.893800216304668,2.8563212154366826,0.6196956757980724,6.887164572558185,kappa_s;kappa_f,5.365687845974615e-05
SBIN,2026-08-17,20,16,0.0006850169285329704,10,2.8895577755289557,8.75965142199675e-07,0.5977591934262001,3.580386482239218,1.9766089420497477,0.4595926745306743,1.494532688539607e-05,0.5374248219864056,2.837088570363563,2.417816940893843,0.5937266383103812,4.928793351637465,kappa_s;kappa_f,6.14534671539808e-05
SBIN,2026-08-18,20,14,0.0012610842530334629,12,5.705832584426281,7.895201380388683,2.1002627289445366,3.2367893268248635,3.030728825614399,0.3076504984731302,11.125543278576407,0.700086281097136,2.4129914627092353,1.768187993145328,0.48435775138797554,10.237746386339492,kappa_f,9.091283887062711e-05
SBIN,2026-08-19,20,16,0.0006254390875241859,13,4.597469786546032,7.397355852675268,0.7581962051146554,3.6904392017296432,2.937875148336212,0.03743751948561476,8.366385334831461,0.9272978054569486,2.3694118161014988,2.343840978223773,0.09132424146938956,8.813769796139637,kappa_s;kappa_f,5.250253087973986e-05
SBIN,2026-08-20,20,16,0.0009522055802407052,11,4.013775160303654,0.710157880021212,1.019263461527037,3.5767701899016746,1.9050235417969552,0.34483757862380315,10.739324057407167,0.7542488844678712,1.7376281931479207,3.098177237732417,0.4151810677299367,9.442802569134649,kappa_s;kappa_f,5.296697474661946e-05
SBIN,2026-08-21,20,16,0.0008316930137440396,14,5.567720999993411,7.936910099813512,1.8019148814876882,4.139658198243353,1.8658724604332368,0.15949966538546312,7.821436033156653,1.161740224420402,1.6255999486884212,2.528085268442511,0.24632841947282225,10.485375087968814,kappa_f,6.44663988153114e-05
SBIN,2026-08-24,20,16,0.0005331954005212957,12,4.221152213305036,10.160921634447286,0.7939231662468349,2.847049234659156,2.862211156023786,0.3787286477924359,1.5474697050251223,0.3651904365846472,2.8393360174488134,2.281524960217859,0.49945217316809376,6.237321462937249,kappa_f,5.2268693937488914e-05
SBIN,2026-08-26,18,15,0.0008701779751263507,8,4.415183598505641,7.461325792473033,0.8134911100908059,4.625918789037948,3.1894162370819474,0.23896265990902169,7.01244430732264,0.9632721190086554,2.0904232248596095,2.690069610239523,0.30628150897504614,7.591612893453471,kappa_f,5.113011555873026e-05
SBIN,2026-08-27,17,16,0.0009513184684580417,7,4.380414066722144,5.953689448121317,2.659517065001189,0.89958667666673,4.800198816677094,0.015296527839562696,5.140596898657965,0.538527302443631,0.534744922360102,1.9636253478299404,0.19177232512726727,6.323479948788566,,5.2006712029975186e-05
SBIN,2026-08-28,18,12,0.0007412785477926387,10,4.722699782416023,7.5851901159439645,1.2547532174685998,0.4393842704896347,3.8171044417489135,0.13405941074078337,4.115442979595293,0.861644783673402,1.7412717874152914,1.8165415716912532,0.4318758197486354,7.867660839081769,kappa_f,4.324039261929997e-05
SBIN,2026-08-31,19,16,0.002719103695383782,14,5.289991342652468,7.890607956443203,0.7020479700072527,2.4516724313128884,2.524266816676529,0.3675129155462353,10.049910583785003,0.4629938927125481,0.5204230689371467,3.600269492763249,0.7638448110875077,9.917566581000202,kappa_f,0.0002684331918423894
SBIN,2026-09-01,19,16,0.0021004628708209154,12,4.9360576396573475,8.741840770254566,0.6488425246705506,3.598664794670267,2.3121611316226485,0.3258636390773744,4.214839014240112,0.596443315039044,1.541709004188816,2.3506494672713862,0.3562969960114061,9.724730005186329,kappa_f,0.0001938393646181355
SBIN,2026-09-02,19,15,0.0004588523296886339,6,2.6100829965387775,1.7945394041873897e-06,0.24228572752231725,0.9251109374439901,2.4669619873874225,0.5205175745767849,0.00012031056293437814,0.46091706681187494,4.440694976867202,3.5628714340030223,0.7923047015437721,4.283450973058799,kappa_s;kappa_f,4.232428834568153e-05
SBIN,2026-09-03,19,15,0.0009431390854593723,10,4.088423849055675,7.21667483105648e-07,0.28013604951234894,3.2654829481456717,2.0986528954988426,0.35058688141612493,10.032155685045538,0.5114475106049369,2.348466382805518,2.187053904642648,0.5367311321145126,6.379096821610948,kappa_s,7.466225308685808e-05
SBIN,2026-09-04,19,13,0.0013302747626378435,11,4.194106717097481,8.38407643666301,1.7549501592745276,1.736558477039699,0.4415489011957363,0.3850444364510877,7.189799969205288,0.4370113760876704,1.8553322492668936,2.2082024416815376,0.4961343815648629,9.156437037419211,,6.720693237432965e-05
SBIN,2026-09-07,19,16,0.0021895135508936125,14,5.1101836365348445,5.48511114789715,1.7405762547995889,3.834173263642488,1.2143691229866185,0.1744715705335111,12.495435148301016,0.6614503744467474,0.8782644548378995,2.340241000948426,0.388082482410554,9.76346880882435,kappa_f,0.00017858116428031952
SBIN,2026-09-08,20,16,0.0005755294198596943,5,3.9861357596815328,3.664724301799538e-06,0.22568025102193268,0.8957083725364696,0.3214015445010565,0.10144230025404488,12.381130566622266,0.24891956525659542,1.8382599256733907,0.3256348503156672,0.26150078422391865,4.374567998505737,kappa_s;kappa_f,5.604290681194028e-05
SBIN,2026-09-09,18,15,0.0014360068722948619,11,4.6826697390834,6.235566987256604,1.2020360171016156,4.747859602652007,3.6187639004348497,0.31367443356929947,10.067773522574843,0.5721914974820381,2.8904772635151326,2.511084629425202,0.4689650091265368,9.718198367192693,kappa_s;kappa_f,9.233371379124269e-05
SBIN,2026-09-10,19,15,0.0013254024807653852,11,4.626007446712959,11.877794938654606,0.7980405912775512,2.3212913138666833,2.6397346064479237,0.41828128879506554,8.227383315040257,0.3295421632558052,3.064300029476551,3.0559056567636054,0.5803368022459069,7.346283656848353,kappa_f,0.0001117112174196281
SBIN,2026-09-11,19,16,0.0009160125257171576,6,5.234471841065818,6.383296776219104,0.49700862582088834,3.522845408092085,3.162476351934004,0.4162489781601583,12.383161091402984,0.39435866916812035,4.3999030318640795,2.7688218860418505,0.586605560341476,6.4976711691476785,kappa_f,8.95873390210195e-05
SBIN,2026-09-15,20,15,0.002613574746713771,13,4.750390533427623,6.7160532587695645,0.6548831445396599,2.720022029455018,2.3927012913697134,0.4515949500157712,8.773736466659182,0.5887572854597736,3.075509530003714,3.0741491812085107,0.782788958346766,8.276870299072375,kappa_s;kappa_f,0.0001476393417074928
SBIN,2026-09-16,19,15,0.0010837133413643808,5,2.6615350704333283,5.364167362686663,0.9217913771222142,2.442651935295296,5.160540285698474,0.2818928850047694,2.708908541941862,0.3107562032467581,1.2467680418341884,2.1030987034578654,0.3823583863472189,6.57081504149894,kappa_s;kappa_f,6.833349254321353e-05
SBIN,2026-09-17,20,14,0.0005959676476392103,2,0.0015201539885310662,3.126388037344441e-12,0.001103753734547519,0.0029963733448035157,0.0011984281102601635,0.00041400073791914016,5.7980287238024175e-12,0.00018827576839369753,0.003223577596251026,0.0006783622092720876,0.0006461066808576277,0.0015201539885310662,kappa_s;kappa_f,1.2972738016800434e-07
SBIN,2026-09-18,20,16,0.00048591656881830927,9,4.704592229617806,0.13434552621290052,0.8606848000284998,4.36033207065066,5.1781896516838835,0.21719574961516852,6.245346982445183,0.4414989702862865,1.676620633870569,2.3540102527067193,0.2942553907606153,7.224375902772355,kappa_s;kappa_f,2.7349102278799876e-05
SBIN,2026-09-21,20,16,0.0006640273292519784,8,3.40386275884564,4.552232796388562,0.8219828322459737,1.5001262391288925,2.8008542564934764,0.43087273280215166,5.514299088172802,0.624230548446431,3.7632684999021215,2.93613669304551,0.5990456601470406,5.476458328512681,kappa_s;kappa_f,3.883803993588004e-05
SBIN,2026-09-22,20,14,0.0014876065931171177,12,5.2110522379325594,8.698573925021819,1.8623880753213937,4.464560836003569,2.4890239753733967,0.2889098117592295,7.961700521952293,0.9520116676725918,3.746698118599508,2.7933865092148182,0.42059117756186837,7.584589848288754,kappa_s;kappa_f,0.00010179886355745705
SBIN,2026-09-23,20,15,0.001016934298029748,12,3.8026329687994394,0.00015363122065714663,1.0811507744882145,2.0794953559982825,2.7056736149876155,0.17591360296418912,6.219296817058311,0.564316746770229,2.635802033490302,2.965393199485048,0.2220320109747373,7.345687348436998,kappa_s;kappa_f,3.3631125922748036e-05
SBIN,2026-09-24,20,15,0.0017104865937236922,11,5.678728101736997,5.570405042183147,10.781904679403162,2.0371668779274454,2.821587570212015,0.19514064081212357,7.541350653811761,1.4068669011043655,1.8331246520317759,1.9364459310101052,0.27962171102766875,8.983082537678175,theta_s,0.00016341463006127482
SBIN,2026-09-25,19,16,0.0007048824883476757,10,5.520987556296978,7.9446241806903135,5.587901436649972,2.9534439311049203,3.1871457878349654,0.24815936128324648,0.31330933749635786,1.239188704466254,2.857916507020392,1.603796006038523,0.25586750158797794,9.896825056396366,kappa_f,1.9645150653529574e-05
INFY,2026-07-01,19,14,0.0017489363877090797,10,5.45339791709617,5.805919441871955,1.8664222600097293,3.6502585858974834,3.06886371260014,1.3080460161867047,12.460083191699804,1.28563821177933,3.551284728136607,2.697801887077718,2.389177609191065,7.51368531597868,kappa_f,7.424087558682976e-05
INFY,2026-07-08,20,16,0.0014258261076385234,12,5.831004224865278,4.484338075859487,1.9502338921316447,8.849406041887969,1.4662242832884584,1.6557447907658707,2.285710405454674,2.6690792853247114,7.992772737030084,1.739888546001219,2.5423900218783686,7.926360773286053,,7.303628131316228e-05
INFY,2026-07-15,20,15,0.001541815379040214,15,4.971118772063503,4.375402586430658,1.736949432809141,7.007413591430671,2.060605812438401,1.6096289803362511,5.556101621774678,2.2050926339346466,6.371958712299049,2.590307628241229,2.048768539596232,8.164984712782317,kappa_s;kappa_f,0.00012521860600091597
INFY,2026-07-22,20,16,0.000980954627954287,7,3.8257134783650333,3.520927499684248,0.012002051893927862,0.21470262579754634,6.2596282942550125,0.027406999886805727,2.4415786725739963e-08,0.01670049558607145,0.06266205265678959,0.060454901103026426,0.03889126754437999,5.582970668064091,kappa_s;kappa_f,2.800547880513248e-05
INFY,2026-07-29,20,16,0.0013760145264484,13,5.111105146886036,10.597800959798107,1.1979601219178986,7.116745736953183,1.3857564641352325,0.6194458978495261,10.763164244824457,1.2875251950218969,2.020182862520137,2.276474675949787,0.6201653203972761,7.986989962223366,kappa_s;kappa_f,0.00011829138101675089
INFY,2026-07-02,20,15,0.0006799224283643131,13,5.121096330626367,7.828007161624841,1.4192758076233076,1.9095058303136967,4.319445736029161,1.1528149877006473,9.776172956633829,1.2977955061929634,4.5487039379035075,1.9071833933750169,2.3054328465693468,7.569233429469859,kappa_s;kappa_f,5.359847699264815e-05
INFY,2026-07-03,20,15,0.0018932145631026687,10,4.24558208024555,6.235859051803843,0.9584628067533314,4.80693139134467,2.5939274363514415,0.35794762766222954,6.0610745357791984e-05,1.0792724269233678,2.019173138738147,1.4094306523868938,1.2396194218247523,6.7488013081837845,kappa_s;kappa_f,6.969312610870053e-05
INFY,2026-07-06,19,14,0.002069703672980424,10,4.740096440146435,5.4152462966076875,1.2409146568151144,5.849042283595774,1.6076984545894162,0.791542181660721,8.362033520885364,1.2262217961106185,2.696333243235534,2.669810180151709,1.2702785161402448,7.095914176620665,kappa_s;kappa_f,0.0001882278285443256
INFY,2026-07-07,20,15,0.001679411273108636,14,4.539118106994582,2.547066747201413,1.670928421528416,4.888083972949746,1.8979789942421423,1.3346025834316793,9.508455938614546,1.2649247921445217,2.5644636570786687,2.2936766586993946,1.7500188765996294,7.637040906160197,kappa_s;kappa_f,3.535676867543239e-05
INFY,2026-07-09,20,16,0.0016271217299347717,10,5.023810643310691,5.112266679382575,1.1952436382094511,2.0044012529601885,1.3547898580463216,2.6068364524487913,12.301024496752316,0.9768457334140312,3.615716772462154,2.8850556463583703,4.147037035106627,8.13701504065399,kappa_s;kappa_f,0.00016207110834458478
INFY,2026-07-10,20,16,0.001828094142397235,11,4.629241481028015,2.871233751472813,2.12273104534949,4.10157831164771,1.4594211938731938,1.1352837499411828,7.231443415633976e-06,1.3974547746948298,3.928895540141494,1.7384253816956559,1.6534990016464512,6.84774629285365,kappa_s;kappa_f,8.946421089196127e-05
INFY,2026-07-13,20,16,0.0006296049936288087,7,3.850516375899967,7.383506043361667,0.05073179601497516,0.3548636654514894,5.81338866059412,0.04556045081634508,2.5753261082498096,0.03918238442704025,0.9639605152937332,0.10104256148972235,0.06086958702717027,5.988345773445882,kappa_s;kappa_f,4.641025406031379e-05
INFY,2026-07-14,20,16,0.0020742723653428452,13,4.7581111000301295,5.486679588478555,1.8388683448812468,4.319439579096404,2.0818770311771524,0.7564087884143346,0.032192161828697774,1.3061688063754509,4.576296296644603,1.7177717773747758,1.112478755843526,8.124560896962564,kappa_f,8.313252575343133e-05
INFY,2026-07-16,20,14,0.0019940874680149574,12,5.212322946031398,2.2331634933158444,1.4725788729081248,6.975656563593763,0.7156566351521745,1.017965817264534,8.727577481496283,2.067719163248653,5.2844905088821665,0.9016271060478883,0.979317135457777,7.933987039581911,kappa_s;kappa_f,2.3269708036023715e-05
INFY,2026-07-17,20,16,0.0017075330326332956,13,5.279032984331861,3.9694661723561033,2.3070105978631665,8.015167378022703,2.690178015215452,0.34243964956888134,7.678708451989568,1.7642946954309202,6.087948553081819,2.22274624323038,0.4923090868058353,8.854385395236594,kappa_f,0.00012881609045321905
INFY,2026-07-20,20,16,0.0007558783880314356,7,3.777178386370261,4.871638089978097,1.181009472107107,5.3735013006417525,3.3908377539904673,0.9740128579556203,1.7895129253986397e-06,1.5420406913782505,3.2646018871341553,1.5841541978991325,1.268720842140786,7.18061936994406,kappa_f,6.677459111514329e-05
INFY,2026-07-21,20,16,0.0009385331342833677,6,2.9268784994872985,4.443678256955213,1.1990348672041289,7.1508519731751266,6.205799720553508,0.17027741873555594,1.4881109677844506e-09,0.9611448989138278,2.359026387520842,0.28383841098549845,0.2264704374604225,4.416484786755729,kappa_s;kappa_f,2.1691469941843692e-05
INFY,2026-07-23,20,16,0.0017985290971845125,8,2.3812604010632445,4.670887233263178,0.0011626900628071337,0.013938018772176902,0.05111259221997706,0.00010930322504590392,9.954355562058481e-09,0.00011621646550962622,0.00040177138617780717,0.0012762064854063837,0.0008818637351408753,4.409374032323282,kappa_s;kappa_f,9.827397125346379e-05
INFY,2026-07-24,20,15,0.0004851634888116557,7,4.65000217947136,9.36694031564139,2.5318753504852203,7.232474041177616,2.7740306256314744,0.1340299786015774,2.758629257471057e-06,1.5750884570796462,5.26920711776561,2.4786466141703056,0.06872141562067774,8.002544478410712,kappa_f,2.0664647339283947e-05
INFY,2026-07-27,20,15,0.0008865742200252271,7,5.780975434084162,6.726231563258771,7.5901600078571265,5.648523602076505,3.6867552628062596,0.14822178955652493,6.272055995779352,3.0650622214685375,2.4923463886253057,2.431979473079072,0.21488630960040944,10.052440984176686,,7.888744041021332e-05
INFY,2026-07-30,20,14,0.00344523917845825,13,4.838928586800084,12.708490989927895,0.6824889203982387,5.599174857666625,3.435572177644402,1.5088029505396356,1.3828268740784124,0.5891655184452185,1.963420864913334,3.543120445048749,1.6073109122376688,6.938909361442586,kappa_s;kappa_f,0.00012481123632381713
INFY,2026-07-31,20,16,0.0020717135818186403,14,4.455457879510261,4.1284618910962365,2.0290087452812537,2.39143857355941,1.2139730354478682,0.9168856012294808,12.37731683168657,0.6430320764371025,1.7203096428735118,1.561342440249538,1.5754086806094958,6.462880111160553,kappa_f,0.00012202717748825177
INFY,2026-08-03,20,15,0.003887648030645648,14,4.886351383281855,6.682055013472095,2.3321553555274956,3.2180779208404395,2.2658378484719854,0.8118715461225294,4.206419841809106,0.8180232341250046,3.556459087779828,1.649227774217768,1.2473182443809487,9.37230141094477,kappa_s;kappa_f,0.0001707485878913277
INFY,2026-08-04,20,16,0.0010931242905363862,14,3.5193612117047337,5.021062570165213e-07,1.061423084300973,4.401555352333115,2.208114155637692,0.7784925684962343,4.767742742583215,1.0656540950852338,3.8071080035109595,2.242605426252048,1.0267261828513408,7.220116953844035,kappa_s,0.00010643998204149961
INFY,2026-08-05,20,15,0.0010032300073227283,10,4.510359786625482,7.9315477903526315,1.8856920231869394,3.2214392964114484,0.19547172499243448,0.49104942203581836,8.233365398599418,0.39389489660927346,2.2263456313430776,0.3788595473833989,0.573390128923309,6.834299356544972,kappa_f,1.7903226513233186e-05
INFY,2026-08-06,20,15,0.0008046964848710478,5,4.142896258438061,2.203977105708077e-06,0.8907774863817578,6.468110996105382,4.965378195829983,0.5599891446433226,1.9111712355799506,0.9462955716255144,2.4655188588423984,1.746615425167274,0.7219125427419095,6.638719995177096,kappa_s,6.957725964104968e-05
INFY,2026-08-07,20,16,0.0009700794182969624,10,4.11232716320036,6.233803045319064e-06,0.6056566794646505,1.2006539670650316,1.5543804489767385,0.7810755760816629,9.649471175449293,0.5413965799574747,2.361496571626474,2.28827385978294,0.978442418521387,7.7992174154323255,kappa_s,5.895245135519706e-05
INFY,2026-08-10,20,15,0.0008264050376472356,5,2.673686499418027,5.459504777054885,0.11002497281516908,0.18630145442387375,4.708208970337051,0.009914808544760758,1.0140990269746908e-08,0.046392776394060586,0.09286073679330009,0.004934151608687265,0.010584182593577074,4.878186520568417,kappa_f,5.118715879476603e-06
INFY,2026-08-11,20,16,0.000850823301081167,9,4.6706581913894425,7.977157933816655,1.4514351111670918,5.771516164154599,3.064912404514286,0.584450748252962,1.2809505497779563,1.25971753964154,4.371200618680549,2.845017369394456,0.7985296315314876,7.903856461265523,kappa_f,8.313215008873959e-05
INFY,2026-08-12,20,14,0.002320133963726875,10,4.413272677085526,8.768884375598418e-05,1.0439552906974645,5.55708027949667,2.6662710094908153,1.2676363825080916,6.20257949499603e-05,0.9501254013157955,3.741003442397261,2.2757532651618577,1.8867127142483169,7.073022373125345,kappa_s;kappa_f,0.00015278047549467611
INFY,2026-08-13,20,16,0.0012705453075198276,13,4.758332549448469,6.068380239073122,1.59409135453634,3.6015955678228155,2.4410989514390256,0.7018025195315407,7.5436683944872716,1.01606186878554,2.9037438886850238,1.853543943690359,1.025491450745381,8.734908058348921,kappa_f,0.00010904884844520693
INFY,2026-08-14,20,15,0.0007848565026202496,7,3.9958692414311012,2.8040200433224385,1.3000546337754384,4.541519257700396,4.170095719397916,0.35688887927926805,4.5275446858283885e-06,1.0854076046326206,2.816511219648321,2.270374083554291,0.3901867243225906,7.300774634088175,kappa_s;kappa_f,5.3432804875001784e-05
INFY,2026-08-17,20,15,0.0008299601703056653,9,3.4608824634736615,4.92218707005848,2.868468355553747,2.566688916883432,3.012835319733753,0.2961092884526413,2.231998948332148e-06,0.48375922069102517,1.869054524279067,1.0598337007442098,0.3764962060601089,7.283869418543866,kappa_f,8.143880865592562e-05
INFY,2026-08-18,20,16,0.0007542915310033742,11,4.567357081619714,5.063051445812459,1.4224100360344853,3.5796120587225415,2.6593782342540813,0.9831075890741727,10.464006648188754,0.6982524090591001,3.7687525737315735,2.139388912868652,1.3864086868095458,7.267295971203177,kappa_s;kappa_f,7.377753683313558e-05
INFY,2026-08-19,20,15,0.0008134414131087816,8,5.515382202660216,12.611853109454204,4.109835998188688,5.768811319506186,2.583002139924968,0.32636736936544913,2.5339148272962575e-06,1.4751323455649015,4.2883562936956245,2.076139591972389,0.2351969507956847,10.04933669636432,kappa_s;kappa_f,7.709738298008768e-05
INFY,2026-08-20,20,15,0.00048804278875088134,10,4.534382513262473,3.6191259310952333,2.2933994843176393,7.833729658919586,2.7894868076686166,0.4818877699718053,2.971151229106551,1.6083047108176944,3.6667116200787895,2.5966207366593714,0.576780351127376,8.75999989090462,kappa_s;kappa_f,4.847624313890803e-05
INFY,2026-08-21,19,14,0.001330073511211176,10,4.57766531653377,3.015683636320432e-05,1.8904287997363043,6.793217974605172,3.0320374268162427,0.31763437002062905,0.8759135290372155,1.5425228477332231,3.090546190517159,2.289140788330995,0.433296155148676,7.379629698297099,kappa_f,2.1727327378747623e-05
INFY,2026-08-24,19,16,0.0009994200714618638,11,4.471612120534837,3.6688594830820946,0.7595945830881348,1.794863456255789,3.938791427269381,1.1838310796973506,9.168458767080937,0.43284512927014684,1.4532666193992936,1.5729537466505406,1.8380471847973798,6.782258984474047,kappa_f,4.477550162349333e-05
INFY,2026-08-26,18,16,0.00046441549499958253,1,0.0,,,,,,,,,,,0.0,kappa_s;kappa_f,0.0
INFY,2026-08-27,19,15,0.0007153715830323143,11,5.484544545213689,6.899305236585499,2.1095408946939105,3.4819730826532918,2.8714333168724386,0.4099298520038448,12.457917115100791,1.1301725821015938,4.274989203362617,1.612461741333012,0.6234454063665231,9.384965851079683,kappa_f,3.4528620325182747e-05
INFY,2026-08-28,18,16,0.0010292636625049865,13,4.714229821692906,4.419210460725784,1.2140595136395231,3.63107944388385,1.9793179461268082,0.40701800121162884,2.10486999869463,1.3307426414866717,1.5006972162666163,2.8222520063708743,0.5249209236615038,8.101447117663048,,7.11851800737043e-05
INFY,2026-08-31,19,15,0.0015541618330944652,11,4.434760302326164,7.081054953489082,2.329237798816979,2.9975675386190224,3.1483662105676027,0.7658355307205008,1.0368135793470401e-05,0.9367246432466085,3.5769749378507267,2.676032118996045,0.8525499335313121,8.90491580386242,kappa_f,0.00013673329490768247
INFY,2026-09-01,20,16,0.0010424470850489394,8,4.339658391143775,7.576860429736598e-06,1.4133624403912086,3.0289220445320435,2.2215182983110995,0.6266176484640638,6.830743975883637,1.3025671971027848,4.743626773092842,2.28441998084521,0.8545629386409883,9.540525303542594,kappa_s;kappa_f,8.524686213112753e-05
INFY,2026-09-02,20,16,0.0015746606345880484,9,5.047207575587052,7.490034780342862,3.2349245832529183,6.131406383388468,1.4047415209169118,0.18093076732157448,6.752327194667128,1.9401740446565836,5.543761782688117,2.255309578516061,0.9237795850674826,9.332017032521211,kappa_s;kappa_f,0.00015059993461552274
INFY,2026-09-03,19,15,0.0006835552599579244,11,4.767950097251425,0.618961718364023,1.4176101404149712,4.902424601980892,2.953690940662591,0.4030401979852748,0.29010584187807,1.7376977155344897,2.5197887893054896,3.002404058455907,0.5152262503394474,8.265345600998597,kappa_s,1.553458498373679e-05
INFY,2026-09-04,19,16,0.0005773761126935473,8,3.6611116443905276,4.691284155811104e-06,0.7226855140465018,3.2136975869297806,4.7677726394996185,0.3783865430836071,1.7450795013473908e-06,0.7084059776609564,3.992911061483299,2.3092484640200266,0.5325467710235972,5.667566909165599,kappa_f,1.777679246238765e-05
INFY,2026-09-07,20,16,0.0012099198417111613,12,4.525465761578703,4.98599220001884,1.8751619475945052,3.4786893447606886,2.208698046442194,0.5205420642680165,10.386801126699991,1.4224679786265957,3.091922316144709,2.677858297540543,0.7608558800565987,9.845256164166674,kappa_f,5.556782605481989e-05
INFY,2026-09-08,20,16,0.0014666160994180235,8,6.934701927723316,7.675982053176739,4.073838941053783,4.860656900557357,1.7671114654011886,0.6130985545079408,8.294445820376765,13.002303022052693,3.459328671621139,1.6433042375977276,0.9111862187989943,10.011719708714924,kappa_f,0.00014393062348819837
INFY,2026-09-09,20,16,0.0013016753127138053,8,5.12020959999936,5.22434369574564,1.7215427347207464,9.81582076317957,3.2395712180965774,1.0075512985304709,5.688012876703397e-06,1.9796151303803793,4.656443354414628,2.6196216450298664,1.751174231195789,9.0646035801719,kappa_s;kappa_f,9.337404402736467e-05
INFY,2026-09-10,20,15,0.0013000723238012402,8,4.583029969476289,8.79185265732019,2.3901524730749886,2.5007806425202856,1.8726284264602575,0.44558313405190886,6.937096689593126,0.5754223260678164,2.393919751496513,2.9563275770330386,0.5449166583576555,8.748475338647122,kappa_f,6.642974833134092e-05
INFY,2026-09-11,20,15,0.0011623196343627648,8,4.227856699174126,2.820412348114587e-09,2.867781234200069,4.045507575179201,2.607159620522707,0.34266020262161245,4.572099869464765,1.5950334814126208,2.2552007696885443,1.2479148839038385,0.4659416216483996,5.655007462551143,kappa_f,6.147926461235929e-05
INFY,2026-09-15,20,15,0.000897882409492996,7,4.482096927154664,6.784323531303295,2.1561217457160575,4.94711023923826,3.5039073744065288,0.3130815246785603,1.0902736562456994e-06,1.768035388265889,5.020862819897799,3.27438661371636,0.1714039256203629,8.287077274810358,kappa_s;kappa_f,8.934780153708674e-05
INFY,2026-09-16,20,16,0.0031827194961409205,11,7.6027985463263175,13.016079371541188,7.899567783193492,7.916903028832197,2.0010452040902442,0.7268146661112113,3.9251727216495707,7.314409996056791,4.801123514378164,1.8390540553800707,1.3851297871293966,10.95716520937769,kappa_s;kappa_f,0.0001885325197569206
INFY,2026-09-17,20,14,0.0010696666509233364,10,5.265828565207107,5.260381428988791,3.1680853069842856,11.95819364261983,2.3758742080217434,0.6604562577076218,4.687399639808733,2.4594856732462773,4.0573062385674366,2.629411029640849,0.8001147049742712,9.323248552115812,kappa_s,2.527506307323647e-05
INFY,2026-09-18,20,14,0.001550034399479948,12,5.012193302788018,5.183501392540419,3.088079518341024,3.2302124326720643,2.4681179838204934,0.5887222551428718,6.500893049715842,1.4778030289036332,5.0105960429629866,2.5220242287808956,0.6962529044071373,9.73240187343607,kappa_s;kappa_f,0.00014996794409112947
INFY,2026-09-21,20,15,0.0007944626270706019,5,4.977086778660688,3.3190662915298628,3.3374542589756664,5.877154405828466,2.939980457922162,0.7824853023018966,8.823086472492253,1.9050843545833966,6.821460643289393,3.53216859925859,0.9149179117234076,7.686926791207879,kappa_f,6.370959361062659e-05
INFY,2026-09-22,20,16,0.0005006976107639095,8,3.0178292420221426,5.604774119360808,1.5724138995960024,1.9831932831108228,4.558613918506455,0.04047011531085132,1.3632540252217495e-07,0.13057372174686965,0.8934625010975719,0.07019910680776785,0.10358595295765283,8.050675720124426,kappa_f,4.901698226906354e-05
INFY,2026-09-23,20,16,0.0005359740937905273,7,5.233863005629194,6.199338643847478,4.0636039100813655,8.35958513797679,2.5271502667803816,0.7523902923239495,0.24545926804205376,1.5818181878564084,5.786802384957618,3.1541124389248916,0.8180636063791635,8.747072011525926,kappa_f,3.415622806399166e-05
INFY,2026-09-24,20,16,0.001799635878889302,9,6.135511653905308,7.630376595474504,6.347481484610225,0.5846525354276334,2.8978040571613315,0.8416820775787249,7.9485856933425225,2.4753929381512947,1.4131348778910757,2.4590464755620216,1.1712695924670733,9.509721334762544,kappa_s;kappa_f,0.00014697527776407968
INFY,2026-09-25,19,16,0.0006664096400939937,7,4.765976038247553,2.9826638973838975,1.277779863688734,2.944868773333684,0.7165087092683016,0.01695498240173554,3.8303288882086863,3.0570842610361115,1.691295370073295,0.6581577055508641,0.08744724662569148,7.258585688844907,kappa_s,4.8915420272433786e-05
RELIANCE,2026-07-01,20,16,0.0011513036223839495,8,3.4408848174305136,4.609206025257489,3.356380352301559,1.5525390434865538,0.35167546393214333,0.0004461191406103758,6.694291361242222e-07,0.312657302984732,0.6710108815737692,0.777301731671366,0.1627759862618241,5.106911974734399,kappa_f,0.0001126898562664241
RELIANCE,2026-07-08,19,16,0.0032969428535498018,10,3.822308285228516,2.912446131184087,0.5366535532370382,1.743890606363939,1.6056990849381467,0.26011643742627694,5.007820146825004,0.5598025598314702,2.9357726536097006,1.4900556105486458,0.5863491507788303,6.443332481789319,kappa_s,0.00022972161545765316
RELIANCE,2026-07-15,20,16,0.0014717710096943545,8,4.377914781564607,1.5452465993995226,0.7523278294270093,5.565731393099672,2.1695872928633917,0.6812421873178719,10.963535295324863,0.8921473030714622,3.8410981931133454,2.3677303178187827,0.8155618418071784,5.960857195771504,,1.423948495941213e-05
RELIANCE,2026-07-22,20,16,0.0014272162949111999,11,5.0327986703113545,0.1539079377069772,1.5424634689855945,4.298587225177935,2.1383846219261464,0.41939208704644176,10.433588700953415,1.4029270569229553,2.849258349152504,2.6716002891545454,0.5323261070890501,9.68620799655286,kappa_s;kappa_f,8.425154245984032e-05
RELIANCE,2026-07-29,19,16,0.0009354817807655639,12,3.5781989637545726,1.3799173981254853e-05,0.7690468998761696,3.286179011386664,2.3049193199281346,0.3380125591603659,1.3753335714739023e-06,0.5279429844485384,3.1262958210217096,2.0178088007083765,0.5782346228941697,6.4021447931404944,kappa_s;kappa_f,9.249064577456726e-05
RELIANCE,2026-07-02,20,16,0.0009850448601197172,12,4.19075177583354,5.741445183543989,2.1594832135995228,0.2631202182586862,3.4775050902400997,0.5134430867717414,5.735616959707615,1.3295897639695609,1.0832784043008812,1.8007649573830662,0.8741268963102197,9.334755707043152,kappa_s;kappa_f,4.1672031423196487e-05
RELIANCE,2026-07-03,20,16,0.0003356520054413438,10,4.29489726096637,2.8369833451336035e-06,0.805428980141969,3.8011524752269334,3.2424081297903147,0.4618719469077941,5.116915474408588,0.6092593457087043,2.2621522075855403,1.955187686435312,0.6743582019122167,6.060154251229887,kappa_s,1.4898291349950302e-05
RELIANCE,2026-07-06,19,16,0.0007682566843271929,14,4.278086892040091,5.388187825218784,2.118934774028945,2.6496020701447045,2.435907632322083,0.028714084479211647,10.537221270935909,0.4086509880430901,1.4888642799261185,1.9290028354675737,0.37936151132191487,7.536582820217152,kappa_s;kappa_f,5.298244622640492e-05
RELIANCE,2026-07-07,20,16,0.0013182917652022378,9,4.1495928400249635,2.3145953716656607,0.7525148112829554,2.9982763837515947,2.3356110193344097,0.5398692941379348,5.049693873941952,0.8556350416644627,2.9763188952666932,2.702782864251289,0.6940768827681015,6.9792667787633675,,5.766202165349496e-05
RELIANCE,2026-07-09,20,16,0.0017403969370898547,12,3.6248625826212817,1.2652958147896243e-06,0.5563547942726745,2.551778116868443,2.997815610035354,0.38330658646804383,8.068895855896642,0.39674730319762325,2.382131244110255,2.2350830209559316,0.6138543231451659,5.569425487327033,kappa_s;kappa_f,0.0001150124757582111
RELIANCE,2026-07-10,20,15,0.0021102868124969086,12,5.165706628473508,9.203675128289845,1.5813508586996419,3.797606205864673,2.8836027681136533,0.4822367434943303,4.444071967287016,0.7486021072040218,4.691420111023347,1.6276894621912645,0.8673471582733077,7.617753601481373,kappa_f,0.00011098620084058503
RELIANCE,2026-07-13,20,14,0.000678079931257412,11,3.515319795197032,6.305371124901324,1.1738486258812837,4.180217224140688,4.793060816905068,0.022082929026303797,1.0052167098706377e-06,0.6681068082282804,1.78470694275358,0.4246091814557844,0.08431864093064112,6.894127489874727,kappa_f,4.9468942314720714e-05
RELIANCE,2026-07-14,20,16,0.00043161322372544763,6,2.2084617985250334,3.832801076407467,1.2042884478962597,1.024548924303486,0.01441950054960639,0.000937107467538029,5.275712240404573e-07,0.7256474087034698,2.106514228001876,0.2297900172640288,0.09015814202931649,4.151283985728042,kappa_f,3.48742904555536e-05
RELIANCE,2026-07-16,20,14,0.002564118307020431,14,3.9480995064218973,0.7023174462756732,0.34733136925084607,1.804579187564304,0.34673918457113473,0.657629708948405,0.0002713997476506691,0.6471070513661318,3.184195905514744,1.6028098642394397,1.1373728561393068,6.210479769348994,kappa_s;kappa_f,0.00012662743686393764
RELIANCE,2026-07-17,20,15,0.0006061235407366751,2,0.0004109037195070414,3.582885099717714e-08,5.5498164452938425e-05,0.0012128461325833229,0.00023989193515872032,0.0001088718970953338,9.059419880941277e-13,0.00012852265590129752,8.337846981687491e-05,0.0003184960030566675,0.00014153409970818487,0.0004109037195070414,kappa_s;kappa_f,1.1378555743023905e-09
RELIANCE,2026-07-20,20,16,0.002481489169138321,12,5.309146500555543,4.145221127157763,1.9159776977387992,5.3056328757317965,0.584432257367984,0.6848000585500174,5.348580273303413,2.146660222989439,3.656181836340129,1.2126777491146368,0.7949407525650298,8.956217000651105,kappa_s;kappa_f,0.0002309641607097816
RELIANCE,2026-07-21,20,16,0.001244020120546701,14,4.40042240708725,7.107539609008098,2.3835483087161964,2.6189529461346632,0.6344633493416052,0.4603921968264404,4.897063294306327,0.44358509827064607,1.8830197196058043,1.9240367680455293,0.6314612244392267,10.37060242381703,kappa_f,5.424296161884437e-05
RELIANCE,2026-07-23,20,14,0.0020677864256645404,12,4.378329684313439,7.193540687615422,2.0676686806393825,3.564626064516684,1.4718409653534126,0.3803176306886944,6.071633976084527,0.5696594477069957,2.4911712289645003,1.948102728118662,0.33375092585736027,9.82501471938256,kappa_s;kappa_f,0.0001194544148362081
RELIANCE,2026-07-24,20,15,0.0009449671914192518,10,6.096927824706527,7.55781745106273,2.936932169184631,8.4043231029976,2.9685888851480757,0.12885287251679475,9.580705873269654,2.424670833280405,1.5822189507201427,1.9849988256008304,0.11926039962689822,9.53137324134509,,2.784781598292609e-05
RELIANCE,2026-07-27,20,15,0.0005018670911373849,12,3.9857476200617974,3.2311825298777226,1.4159306124519797,4.662078481268686,2.0609311514749082,0.423720300154352,5.779891149722156,0.8887456090612378,2.7429048970128465,1.0519012913137278,0.5608976033966544,7.977438325974089,kappa_s;kappa_f,3.203205465126407e-05
RELIANCE,2026-07-30,20,15,0.0012117707944138637,10,4.18129308949829,1.9342817957610308,0.508469688945634,2.607714956940261,2.2897589781360788,0.3880691118667047,9.501212908057127,0.5447009262610152,2.7294090135622904,2.6665836971088277,0.6032207967244538,5.4763064234818,kappa_f,7.844787749604039e-05
RELIANCE,2026-07-31,20,14,0.0009329968124784939,8,6.067009029261946,8.296221877692604,2.323710285971771,0.33054879094135126,0.7623512087475681,0.08359963661761514,12.462538447729369,0.9963215605672753,3.8996742950477437,2.0205821681117953,0.425001300534419,8.528919939981025,kappa_f,7.9846673679578e-05
RELIANCE,2026-08-03,19,15,0.0005092754782437904,2,2.3201048971994522,1.1694301099016207,0.5943196126245396,2.8925479202267104,6.566837963090052,0.0018110237138289351,3.297628680343223e-06,0.1671188908294775,0.6198904157950427,0.4477517902999414,0.07219871954793211,2.3201048971994522,kappa_f,2.8425180528801218e-05
RELIANCE,2026-08-04,20,16,0.0034107904857752203,14,5.145803531258245,6.274205401757001,1.0006034743846093,3.5330895282541457,1.984099206551107,0.31313941521061556,12.49613081150677,0.9128184672889743,1.8956276722844487,2.0967881102750727,0.5317632860647239,9.365708786160912,kappa_f,6.403924501114386e-05
RELIANCE,2026-08-05,20,15,0.0017333694132557007,10,5.232888592649823,9.718824341817104,0.6830529179051679,4.8867601975689885,2.3971576842923255,0.5562879020555741,11.335003704615694,0.9213461407849377,3.672367356626228,2.3862037611313456,0.936128428420426,7.276188148581538,,0.00010043133593297393
RELIANCE,2026-08-06,20,16,0.001440564122413085,10,2.677609134556019,9.924321311416406e-06,0.6843761065417602,3.370083193710505,3.7869614775085454,0.2687902571115927,2.9260610796375452,0.5175395047662362,2.238968968802242,2.1644007438962243,0.2839583614934418,4.733785301488,kappa_s;kappa_f,6.038548602663955e-05
RELIANCE,2026-08-07,20,16,0.0004152817279942157,9,4.243200264443814,7.096566893337338,0.646062345229591,5.228090184456884,3.3796983305737505,0.37422283945610546,4.516669445562239,0.701502085498843,2.40171818662283,2.640483939256197,0.49822526065295947,6.4222701858160915,,2.404515745142911e-05
RELIANCE,2026-08-10,18,14,0.0011011037331745204,9,4.4543956425387465,1.1277632651740532e-05,0.6665244488918591,2.8732751171278212,2.343474854123544,0.3446161652776606,7.04231819290554,0.6034393122934167,1.7300227053181452,2.796300068802719,0.43746576159253503,5.8487955528456395,kappa_s;kappa_f,4.196891619212377e-05
RELIANCE,2026-08-11,20,15,0.0007068852760447847,12,4.540355129493038,5.764240781160023,1.1021601794272748,3.301046395630838,2.7532111390155176,0.39161396980302315,3.8105272928135037e-06,0.8747426447355845,3.6639005263785034,2.9289369546105473,0.5198131669238995,7.225565470542587,kappa_s;kappa_f,4.595357873333854e-05
RELIANCE,2026-08-12,20,13,0.0012685538489733113,9,4.601358245355181,6.400991633066011,0.8086904999664832,2.711181489606126,1.3406311839473906,0.3785289401956499,7.117170495966066,0.4523783388540096,2.6191292983796988,2.712954651577717,0.5185194981480543,6.933408441514562,kappa_f,8.725491385768065e-05
RELIANCE,2026-08-13,20,14,0.0010715003714165867,11,4.938652591231953,14.689180230357099,0.38558159830724553,2.8275669078965935,2.5444176704215256,0.3684567262180042,4.582030777509279,0.5505060605507547,1.3920524907431044,1.5390390794354258,0.5339705972012898,6.521541087003043,kappa_s,7.492251092459327e-05
RELIANCE,2026-08-14,20,15,0.0010565121295586916,8,4.203592551063231,1.0192177109402678e-05,0.6889263311690093,3.5387817832679938,3.0889884085237616,0.17748673894487166,11.789709674654286,0.5245154684911055,2.047370233157367,2.016863845131339,0.3331182127509278,6.408101645293401,kappa_f,3.547966671662672e-05
RELIANCE,2026-08-17,20,16,0.0007068696382277044,13,4.175275558090963,4.05667671645047,0.68855118721408,3.5081837774615128,2.9951922621226026,0.1750241965141836,5.820653465914422,0.5057946899923316,1.8400103084736648,2.4358484251575856,0.2858237599436795,5.974907892128585,kappa_f,4.696435664277535e-05
RELIANCE,2026-08-18,20,16,0.0005428846688717442,7,3.1462764257716485,1.5980822037970057,0.3150920076020407,2.820736613409819,2.2838525864654744,0.30675074342570197,3.3109110005461355,0.5385248655249443,3.0935102055570125,1.9374626933002494,0.39152717329527786,5.86060128305391,kappa_f,4.438387107086306e-05
RELIANCE,2026-08-19,20,14,0.0026010709060204596,13,6.671988799973855,10.655997270936448,1.6519403288768888,2.969188575830568,2.079952592242951,0.21841165619029046,12.491651132104085,2.9300365722305695,2.138035673577331,2.9767924135419803,0.2966603519798776,9.203707491523986,kappa_f,0.0001448659759693922
RELIANCE,2026-08-20,19,15,0.000991393385513292,13,5.051280062617459,6.035193162781756,1.9155658342134139,3.6255388597173988,2.9865437653447904,0.091360129400648,13.657177946454324,1.8986403646711834,1.4746419824026376,3.2872338620419423,0.1392805547762278,9.226046697504698,kappa_s;kappa_f,8.71711514603623e-05
RELIANCE,2026-08-21,19,16,0.000523463054961647,7,4.837477888168449,7.948529271142667,1.412999800777942,3.2137519001511876,2.8738078380899754,0.10291840761748394,11.110966181079913,0.82870810876123,2.013322727409614,2.6245343690967573,0.10072808420351803,9.59916857577608,kappa_f,5.130253282389745e-05
RELIANCE,2026-08-24,19,15,0.000502416793081318,11,5.022416193365031,7.748749124327253,1.3313829236213652,3.1569883142194524,3.320993719207514,0.25194214868691184,8.475188780362917,0.7794837328955199,2.6105837622168813,2.4417687039615323,0.3488124235281216,10.33853928663882,kappa_s,2.8743744976237728e-05
RELIANCE,2026-08-26,17,16,0.0004348586789274136,5,0.8245683849286235,1.0938024607160375,0.32551497367690496,0.1467117523627306,0.04435186737178598,0.0009816471990677026,7.923570315426787e-07,0.015503056038931443,0.11014933371472635,0.03693297979061172,0.06251044418943574,2.0984702466045686,kappa_f,1.4368103411548214e-05
RELIANCE,2026-08-27,19,15,0.001311102991072663,10,2.5234228627670428,7.873280510040104e-05,0.6209302940231249,2.82985739138877,1.7254607010094318,0.19642484860169565,2.0308389247099763,0.764051295502505,1.2890097287281823,2.626361551178913,0.29222057825027237,8.065518074506477,kappa_s,5.284263314938036e-05
RELIANCE,2026-08-28,20,16,0.001234622454793447,11,4.9437837845671435,7.83310081331407,1.5387821530977994,4.15407599375934,2.814268937471341,0.2277927803501461,7.755979424083552,1.4307029481687488,2.8922489037197154,2.871659512196305,0.29478227579541966,10.375360684570413,,9.224802412295717e-05
RELIANCE,2026-08-31,20,16,0.001816481032793366,12,4.517956480101617,0.44514557481388195,0.8967211864285655,3.3898694257103292,2.638425313284097,0.29983361748852133,12.444250229696873,0.5395962986540166,2.6179668034103436,2.8170237221080336,0.1984424875952283,9.275252642136987,kappa_s;kappa_f,0.0001762308640021347
RELIANCE,2026-09-01,20,15,0.0006435065301774736,6,2.9771031922199622,1.6917912581959627e-06,0.5054057251854129,4.741496849252593,3.3169646208194674,0.28449397169094087,3.8556652699318716,0.5515492736775377,1.1002908216711105,2.440014694445087,0.37113190670157786,4.305548961938594,kappa_s,5.9018086769616973e-05
RELIANCE,2026-09-02,20,15,0.0010039137388316104,7,2.1852767261995925,4.384461775145336,0.2986736236584744,1.5777524983348497,0.7356993727610024,0.237693098786883,3.579038054368766e-06,0.1541222528511932,0.6280097104966478,1.012032598952605,0.4153024053632639,5.878700492290929,kappa_s;kappa_f,4.390994562388363e-05
RELIANCE,2026-09-03,19,13,0.0005729011159088823,9,3.901449896038084,3.734585254123641,0.6179385683958949,2.0808736170953193,2.2765523250858872,0.1254017862378088,7.584363625985874,0.34051031976732016,1.6096959747605457,3.4578108792027855,0.28752688525879466,6.147419757251124,,2.43521286803389e-05
RELIANCE,2026-09-04,19,15,0.0010787776816232537,12,5.2288485194940435,7.6734583879991,1.084163100439251,1.8646402393476809,2.4339517801998083,0.22622548083964686,12.407212791472423,0.7118300004847036,3.4453994573808995,1.6220789433230394,0.43181062688047317,9.207405006602327,kappa_s;kappa_f,4.718246508110665e-05
RELIANCE,2026-09-07,19,14,0.0021361881309369534,13,5.167317467469271,9.279144782100566,0.817632315915928,4.2678186304932435,2.632709532069969,0.4802309092492751,4.425384531693396,0.620051948048019,2.372748544863288,1.9718094977795568,0.5172486619467639,9.717913796569695,kappa_s;kappa_f,0.0001856504906166045
RELIANCE,2026-09-08,20,15,0.0008575156166464037,11,4.443181029613582,6.92647507196426,0.6508714924084633,5.011320824975269,2.9940202233040454,0.09226288609263016,0.31182319687619753,0.6059300057304162,2.1114590649809157,1.3676865180516764,0.1489766045328763,6.627671870863671,kappa_s;kappa_f,6.536111313212628e-05
RELIANCE,2026-09-09,20,16,0.0010522319964127108,11,4.733010527236537,7.34351170877734,0.8480151298195171,2.8612526799068956,2.5197560996337414,0.2656257139294605,11.155240317843244,0.7901031443222923,2.562764539878767,2.9630393041308247,0.4959783964103744,7.146664132896893,kappa_f,6.549673404603615e-05
RELIANCE,2026-09-10,19,16,0.0008656469360877388,9,3.4535566716441526,5.246760224297029,0.7073099731724143,1.0452155065937263,2.515435847790381,0.2102805654003944,6.248024541828745,0.39814969552588364,2.3745327107521317,2.6525702177796058,0.3520240611300624,5.477702081229686,kappa_f,6.243751344360191e-05
RELIANCE,2026-09-11,19,16,0.0007733039861005346,9,4.099670042186373,4.710849742045779,1.1294906816862198,2.0863633888575697,1.5676023891646023,0.24329997377038587,8.665263273205795,0.5859612992092524,1.3651320195975405,2.289259860671975,0.39557886202782877,6.314020508000832,kappa_s;kappa_f,6.973222507068429e-05
RELIANCE,2026-09-15,19,13,0.0007652509274217053,4,2.526461334580399,6.642395283652894,0.628608831431587,3.7794568111630773,0.5636605483050205,0.15579943841379812,6.190453838428311e-08,0.4640837450144948,1.2286635982897738,1.0049875654724254,0.17671673406627353,4.976276282273416,kappa_s;kappa_f,2.055751752240984e-05
RELIANCE,2026-09-16,20,16,0.0015294671940003302,11,5.5245408147104405,12.3712578097414,2.057951448342338,4.072691601998107,2.935461970853517,0.24224056172242414,9.690736301541335,1.0851709845284276,4.310376373642154,2.2932046765306557,0.05354342476816221,9.58652005832917,kappa_s;kappa_f,0.00014364658293030612
RELIANCE,2026-09-17,19,15,0.0007186477158319622,9,4.195268169519023,8.300499609392052,1.7357614886276034,3.6914522446664675,2.4641076441008813,0.10013803022264818,9.625009411706742e-07,0.38083183970746776,2.011790075968774,1.10733597558498,0.1768947473596827,6.895870708470339,kappa_f,4.908533742343645e-05
RELIANCE,2026-09-18,19,16,0.0012114517757519678,8,5.237035506413187,10.249221961500705,1.6705842761662635,8.705440959418175,2.8757038337533607,0.3520312158948168,1.8316485144146881,1.3144554807990532,3.5445075699026116,2.6464006830357425,0.4168215726980699,7.743992144745339,kappa_s,0.00011283579641176264
RELIANCE,2026-09-21,19,16,0.0011669547876817633,8,2.5298199364724674,8.256343688906043e-05,0.10391699874223859,1.455309806596354,4.742972045709102,0.11126259197608279,1.2004942054345564,0.4951461550174965,1.7598355054720236,3.220352319829958,0.1201270804205177,5.776325557149086,kappa_s,1.3180562413702204e-05
RELIANCE,2026-09-22,19,15,0.0013216375778412504,14,5.1812911431758195,5.513912584312177,1.3869418175577763,3.4611679417099013,3.1415780559301183,0.45360133696482213,4.199389632899467,0.7074970763634607,4.087226726690789,2.5710879829638857,0.6028673814306797,9.285514886408155,kappa_f,0.00011381518541283696
RELIANCE,2026-09-23,20,16,0.0013515574198237747,11,4.257201937149736,8.729112868621769e-05,1.1327260505308723,2.810587881831399,2.6673456307006433,0.2858311665852485,7.945267251380601,0.8046894534008011,2.7511733843678607,3.0696683849649657,0.3558074588476222,7.12741511595671,kappa_s;kappa_f,2.6966201384591307e-05
RELIANCE,2026-09-24,19,15,0.0012598305997141533,9,4.984734362748384,7.274389218271928,2.973090390459917,2.504473073685217,2.566171511215602,0.13290817397047588,8.658234647814444,1.3203082284711498,1.3742478933873756,2.393193484291416,0.15103836851202995,9.339419506184438,kappa_f,8.162060585406518e-05
RELIANCE,2026-09-25,19,15,0.0005413210747184233,8,4.063805015787748,5.340443213891188,0.3844144338576778,5.117048516392745,1.3990701814407052,0.31062347258057005,11.68168182212958,1.4130149816214788,2.538351990321093,1.614099832521701,0.4390953285122552,5.679746835252974,kappa_s;kappa_f,1.84568490571471e-06
BEL,2026-07-01,19,16,0.000738605293885053,9,4.084957280613242,2.817650577213726e-05,3.019806559571491,5.951006318255038,2.4309710580566835,0.7963225903555604,7.847632925369043,1.8323437267187024,3.206885618968739,2.3279087827975062,1.503394064046716,6.709142811054903,,5.744093757745162e-05
BEL,2026-07-08,19,15,0.0026962119211536234,11,5.208866174787372,8.449592574370559,2.0456259825743213,9.668143563842971,2.091774947089357,0.8214920806496719,6.214395420279195,0.9817579838394925,3.5469972980616085,1.7163421194113258,1.0713758301426646,8.614079745829278,kappa_s;kappa_f,0.0002533834445489387
BEL,2026-07-15,19,15,0.001381797160920879,11,5.074822736286877,6.530357213613472,3.44241521758694,5.729352721376827,1.1807995933646187,0.36282434744146635,7.445259741200735,0.6717543532109513,2.874433652659538,1.801813929025279,0.6229100228457858,8.611892299840122,kappa_f,9.532819186804965e-05
BEL,2026-07-22,19,15,0.0012882645983794472,12,4.275871476667213,1.5444648414665298,3.716857452837515,1.753857614884097,1.0335418891154973,1.1130990889719583,9.53898374953896,0.05568990656015438,1.213197442000257,2.0887767919234617,1.642844843841692,7.901721080078303,kappa_f,4.0014334733066894e-05
BEL,2026-07-29,20,15,0.0013892269566643956,9,4.431057246752106,9.822289007931445,0.7971354993367811,5.98151943941666,4.103008454824629,0.5367910163843651,3.113169278080036,0.8666919241514439,1.4584019699240214,2.48293127466683,0.6698534108443388,6.827059597520737,kappa_s,6.262042039995117e-05
BEL,2026-07-02,18,15,0.0006304516752105848,6,5.664977298024816,7.5958715231769505,6.286846020000353,2.4542038830723234,5.726911448700187,0.8466543429782463,14.11382655132763,1.7160136398593206,4.151172713935437,2.1284448830253027,1.6736874717159396,9.156944464728427,theta_s,1.675735908786562e-05
BEL,2026-07-03,19,15,0.0012595866680895856,12,6.247145149178376,6.522108432426196,3.750062497003812,1.0074498423729634,3.050952486639212,0.8450183328633812,16.390113989063085,3.975598673323952,1.533907289878416,1.9055982350003053,1.8215842496351562,9.062173551630412,kappa_f,2.1397291589490873e-05
BEL,2026-07-06,19,15,0.0005752695603355292,7,4.498019266117594,4.890679643042784,1.8863186638177598,3.8614597123835592,1.111976139835933,0.3879566759428821,1.4125789513342961,0.9498421215116502,4.280523443325096,2.262994497436742,0.4848128490007222,6.5088412344848505,kappa_s,3.434377839366348e-05
BEL,2026-07-07,18,16,0.0014551969930942247,12,4.866283645953848,2.6065542080289106e-06,1.1100525736910656,6.1197803627661385,2.9202085649002187,0.8651950945745932,6.665446680132641,1.017040681911967,4.721155663604784,3.472567274522686,1.160455339332063,7.643304567055795,kappa_s;kappa_f,0.00013200777534771936
BEL,2026-07-09,19,16,0.0014951985081087561,12,5.127297896193272,5.760035437548465,3.294557075035264,1.3147237824694107,2.8464342664259528,0.3904674875338949,14.978550264755087,0.026390551861197348,0.2479405646295103,2.0554876743840813,0.7899490526502249,7.776965866239618,kappa_f,5.749956278553467e-05
BEL,2026-07-10,19,16,0.0006753665100775844,6,4.540092896959825,7.836156240311778,0.8339698517945946,4.1068920782061165,3.2918701572993028,0.9325241869223598,12.36138521724854,1.2104593750857655,5.909748216449337,3.394177295881275,1.2962310031923412,6.5535166166675385,kappa_f,3.5728321023418956e-05
BEL,2026-07-13,19,16,0.0006894943192493135,7,3.9172668949422738,2.588281583176265,1.9487446693488968,9.047459668592772,3.1417353028742196,0.8132414705529564,0.024825907444000705,1.808320888391965,5.418917116513201,2.7735247995897896,1.075263585738399,5.381372038720625,kappa_s,3.906764809436588e-05
BEL,2026-07-14,20,15,0.0013153988815073226,8,3.233292989947973,8.476747311192412e-06,0.8847407174951221,5.233061725533735,3.2405623868224027,1.0865600861978701,1.7142861718610902e-05,1.0735938441244184,4.7986513887125835,2.627865949004655,1.4680744284658445,5.159109987375103,kappa_f,7.231363639586619e-05
BEL,2026-07-16,19,15,0.0020901393762398114,12,4.673686238598545,5.182668581835992,1.331380710551009,4.333879286415872,1.7768558812753272,1.4791928818663487,3.344702862458152,0.2558151941262078,2.1673744870030425,1.9505104085264984,2.576942037469337,6.862550006130016,kappa_f,0.000175249616479526
BEL,2026-07-17,19,16,0.000716223749079595,5,3.337992376124846,6.671176195090001,5.4314985003723075,0.6053670764178252,0.039566241737063024,0.0004283594347320364,2.603117685850975e-07,0.0014342832893244617,0.01894579231971605,0.04833419436972708,0.05273499519295122,6.932723932404498,theta_s;kappa_f,6.454838476923545e-05
BEL,2026-07-20,20,15,0.000552018221859793,7,2.8416542044254145,5.7133978515156345,0.0014483077349283803,0.25996483006223875,1.1148598920941213,1.7259397025939174,0.7116637189505521,0.13641357122914408,2.3205949344518535,1.2885856206923973,2.132614362989681,6.329967794789032,kappa_f,5.513147604911423e-05
BEL,2026-07-21,20,16,0.000952333009110953,6,4.065434900501172,8.048743509397799,1.0652032086177028,6.884715118427558,4.245683325529557,0.6932201225148849,1.4869068358791537e-06,0.9752187431498941,6.464035256258268,0.37300374680436804,0.9004859650191142,5.456061812291408,kappa_s;kappa_f,5.283273939920099e-05
BEL,2026-07-23,20,16,0.001344089701524445,13,4.749391069912178,6.354353918681703,1.0970657129963701,2.764062609464052,3.5451500208577404,0.5603098879307205,0.5263978056646383,0.934361559036043,3.990705474764688,2.2480689839331047,0.7571307865832284,7.366831180161998,kappa_s;kappa_f,0.00012788595744297028
BEL,2026-07-24,19,16,0.0008551144910683069,9,4.482958960211273,7.0429505644255475,0.09569081031445092,2.023767906060141,5.731442593735676,0.9952386320054387,3.2093059349266726,0.4397635462749269,1.4789634737181687,1.4565162842094428,1.4047604270387188,6.637120332186401,kappa_f,6.0843865314107355e-05
BEL,2026-07-27,19,16,0.0017180978822708606,7,2.654822594952142,5.919490260932786,0.4881929031683434,2.010028212513194,2.031413726108567,0.21236357008742027,4.5514299884530374e-07,0.05226191087147636,1.2805279918461399,1.5243881306775184,0.9155367436868422,4.735876705406898,kappa_f,0.00016757741981929817
BEL,2026-07-30,20,15,0.0012682026133535927,6,2.461048549145378,3.0363009813072495e-06,0.8580988990894982,6.301996019236125,4.772453399899895,0.41273737506212765,2.2844447152504284,0.8589919840748428,1.0148763280575812,2.0925307924586516,0.45711247496278307,5.958166100885294,kappa_s,4.1232248665758545e-05
BEL,2026-07-31,20,15,0.001193876589010171,8,4.542197037397802,4.895744709734849,1.306052735589292,7.859315056136888,2.053141726685234,0.3235292080645546,6.824940927270152,1.3696196916416534,4.222570461930417,2.8095890869470495,0.4339302613089767,7.486610745654702,,9.314238122736201e-05
BEL,2026-08-03,19,16,0.0012157117268672482,13,3.691376681192234,5.5525122881761035e-06,0.6862971532851839,3.8128949892907475,2.468001687192513,0.5555212652384185,4.7421080232289885,0.6531022477509312,3.012027444981579,3.0385246971529156,0.7396253681515992,5.658879290112034,kappa_s;kappa_f,5.640719038188763e-05
BEL,2026-08-04,19,16,0.0009633904749827654,15,4.551824334672117,6.54707574274358,0.6010092289031945,2.0790599791749136,2.568929809772903,1.3271938615337135,11.334081995589443,0.7130984815946597,3.0236092401874815,2.056052255579461,1.7390198937759116,7.0891644157166676,kappa_f,7.487995443032885e-05
BEL,2026-08-05,20,16,0.0014628568134747687,8,3.724019166158168,6.513443249644979e-06,1.3544875354122634,6.540974874436028,1.7881118955077926,0.5836842448420071,9.067549541941375,1.0315481060314928,2.4743173536184386,0.9182975256958295,1.1298254475197667,5.7506436208281535,kappa_s;kappa_f,1.218587582219586e-05
BEL,2026-08-06,20,15,0.0008830065270872574,3,5.227361437319316,11.201894873345069,0.6461230042392271,3.8301397978652645,3.824411123871833,1.1911952344614667,12.334225415674963,1.0291920054007382,6.088339562271185,3.7089750237187964,1.833504745453127,5.9900944817924175,kappa_s;kappa_f,7.73788478612078e-05
BEL,2026-08-07,20,15,0.0008268263677072052,5,4.7356035287736535,5.639001918936638,1.0292965727241803,6.309319782129369,4.57375383405096,0.5620366089933857,9.640385014669356,1.0061112524574463,0.5031815386043887,2.6242298802090582,0.49600071148869096,5.303725016673919,kappa_f,6.386148844573201e-05
BEL,2026-08-10,20,14,0.0012636491877236302,11,4.289458345320684,6.360826078318271,1.06752787229773,5.41482404112365,1.3115163692528558,0.00231654197986084,5.350982345038313,0.824411738309251,3.2805595373853027,1.5413146019664652,0.23549514797840332,6.723516447458589,kappa_s;kappa_f,0.00012100890088008898
BEL,2026-08-11,20,15,0.0006259821709477045,7,2.3461600623859953,6.182646307059933,0.017143135347388927,0.22975747283835185,0.0042256406666481006,0.0007256933163884261,9.107790077678146e-09,0.003864095141796753,0.015244466876577434,0.0011396891721609792,0.000800868662998333,5.030752112531673,kappa_s;kappa_f,1.758861646372937e-05
BEL,2026-08-12,20,15,0.0017904764048278698,5,4.7338895444782345,3.2076746019609033,2.12009013396628,6.826140109699254,6.188877797462833,0.005896581439502535,10.601928743770626,0.8773249694100467,1.6533744595270634,0.5487959863733334,0.18931332474314622,6.40965304433059,kappa_f,6.559042971561392e-05
BEL,2026-08-13,20,14,0.0009449883406010172,8,4.324666865025318,8.120177736522503,0.5210099501341823,2.6857785179748452,2.6810759777137467,0.559249101993856,6.494937730749939e-06,0.4956850618246413,2.4901496671901397,2.445653358150463,0.7827693637400613,6.717885050613023,kappa_f,7.945891711817613e-05
BEL,2026-08-14,20,16,0.0006915090119169241,12,4.783985729090695,3.9516497805718385,0.5277298790931897,1.6960418882233617,3.244707945906448,0.6002445189766377,11.309034500766627,0.6598000202751146,4.097357125565347,3.2584826827162745,0.8629046882662554,6.453532141206789,kappa_f,6.291141349333042e-05
BEL,2026-08-17,20,15,0.0007415014902179982,5,3.2223419602841767,2.095010003491881,0.01556978150085317,0.7989885723412418,4.116285339449059,0.7300207394120091,7.623744391338505e-07,1.1372420549390405,6.815566689237857,0.19016595263671793,0.9599757095120718,3.915272327206641,kappa_f,7.398806192074987e-05
BEL,2026-08-18,20,15,0.0012299759679057084,12,3.927401672225457,0.6864053793408793,0.40597046390875935,1.3051874228123008,1.6448338397336024,0.2967912962891118,3.3447464834657854,0.5382906078470879,2.5818498596447657,2.8435352996034515,0.46214247152042165,6.942229363362963,kappa_s;kappa_f,0.00011898887063209701
BEL,2026-08-19,20,16,0.0006766047023365862,10,3.713573203232652,6.004637400885181,0.6844843647881533,1.526827496554122,2.7616374736969402,0.5172913004571714,1.0977043309878809e-06,0.6499126563314956,2.320076493545897,1.6209086876907235,0.7068037530250963,9.70967795952888,kappa_f,6.749945883627176e-05
BEL,2026-08-20,19,16,0.000842149346761188,13,5.038929643317708,8.389336856085329,2.067292786127738,3.249085277427151,3.3779882165608557,0.0649046843661587,11.54344994709254,1.1139780898337461,3.106242748893422,1.9147101273881262,0.08333790641432126,8.19232730437443,kappa_s;kappa_f,3.9427969427449205e-05
BEL,2026-08-21,20,14,0.0008288841731286429,11,4.454783291925568,3.3569149975814696,0.7481543601988119,3.9901898857402704,3.1393271097711213,0.3174143968347595,7.016021098028116,0.8122284687884588,2.4241300664357652,2.3732440154262004,0.3867183987182987,6.253971519954516,kappa_f,2.9417415429428603e-05
BEL,2026-08-24,20,14,0.00045444596964727875,7,2.674931544185816,5.628037366249718,1.0103361990695383,1.784882211125331,2.327927865424559,0.045162272900852465,1.2168686467362022e-06,0.080325394895913,1.773086357624309,1.4236327033688103,0.04857032825634455,4.432331167936329,kappa_s;kappa_f,2.247617341207648e-05
BEL,2026-08-26,17,15,0.0010138407599366,3,3.5860544002335035,9.004193878704656,1.7103900987369376,5.777371314720329,5.4118709044646796,0.06443986692446864,1.2429342188641144,0.6619944175032103,2.095484957217944,1.6985741600844158,0.20805272157395605,4.054530629620825,kappa_f,6.865885057073633e-05
BEL,2026-08-27,18,15,0.0005461462288712159,14,3.6775972740155236,2.343935921286354,1.1532407793652857,2.53185881106954,2.387645418295844,0.3054913579202981,4.131815869505708,0.4103452427728146,2.0530139798167726,1.5254362545968345,0.3521901039567289,6.70699064718362,kappa_f,2.9819894989288457e-05
BEL,2026-08-28,19,15,0.0006364972717311077,8,5.131447733902359,7.125560314198163,5.483173635458504,0.8780453495612055,2.7829770950011454,0.4980281438526947,10.877471091561349,0.7697920587645579,1.5488555422782664,4.661657746246472,0.7285031063875237,8.817293710333013,,5.235407635738017e-05
BEL,2026-08-31,18,15,0.0014438743312527125,8,5.454302441614102,11.571662345855518,1.0098636486074046,3.968930925575019,3.9125826523169978,0.11003056479248757,12.070871499477974,0.6910774860557097,2.033725323083301,2.1755277851896953,0.311551690975994,8.048312256591762,kappa_f,0.00012075772004898418
BEL,2026-09-01,18,14,0.0020426954488781328,9,4.862678804607565,5.974288473638669,0.6996675324317478,1.139427368245222,2.3763929561750325,0.46363258235968574,4.268669740912367,0.2998599608518423,0.5930460097498846,2.9093302990498415,0.9354439254386874,7.38863960734168,,0.00019299667468415183
BEL,2026-09-02,20,14,0.0014704054860402598,11,5.013500435878185,3.149425189635903,7.514988204149993,2.2499177934424326,0.9063827484552633,0.378332163024343,3.387631050605372,2.5724124986836294,1.7562861022713645,2.5680712200589566,0.5183106091014187,8.210834275269617,theta_s,0.00011498638875152801
BEL,2026-09-03,18,15,0.00142373484795976,13,4.848816146137837,6.591993618216839,2.365452981254876,1.4045279413811325,2.2976423916317765,0.4726226328984132,12.346222107051528,1.0353769631481307,2.730987154049063,2.50396987430705,0.6771868198177258,7.392511802617528,kappa_f,2.942846927025001e-05
BEL,2026-09-04,19,16,0.0017405715211563039,12,5.253629163870259,3.10061748137758,0.38999900113769503,1.2861792740623348,2.3358254231677567,0.09390643584697889,3.173999993860269,0.19622033622181936,0.6583508272895522,2.8370442942864886,0.5366310220303896,9.326780882550821,kappa_f,0.00013027258671526997
BEL,2026-09-07,18,15,0.0021445334997887188,12,5.0178735451156555,10.453874356591907,0.7207617359776456,4.396435178722012,2.174779048033367,0.300738794686028,2.6397770134208116,1.1309688030471805,1.2051014826518718,2.6053390495377906,0.3893331976631992,7.629270109982022,kappa_f,0.00013527415792591617
BEL,2026-09-08,19,15,0.0008165286990154182,12,3.643249197968367,5.032842278341694,0.6171564946446443,4.875608185756939,3.213543656382407,0.2840033412409518,5.563755688143084,0.5709338765775682,2.5257291792897205,2.3140879542708674,0.29513204338011734,6.650074573735889,kappa_s;kappa_f,5.8415553914075336e-05
BEL,2026-09-09,19,12,0.0020485791889754777,11,4.142099147003028,5.752575587890632,0.8815116876963187,0.8871658486398113,2.527997161783382,0.10646032831575415,8.108331057550773,0.7854157898017711,3.3653747406229506,1.8619335166360607,0.4309784465268762,9.169525494402462,kappa_f,0.00010930089380780566
BEL,2026-09-10,19,15,0.0010645129490415165,10,4.122165774990948,3.9406263520643567,0.7043130625547117,3.389077062425989,2.961259768536324,0.5465650176031274,5.897909123651342,0.3621193722591257,2.934015118607234,3.346846485361967,0.8977282288943327,6.920213957497173,,0.00010264321607941643
BEL,2026-09-11,20,16,0.0011531109788684645,14,4.513056710986849,6.8892817106749495,0.8749447319023365,1.1164834921665423,2.8568577037725333,0.4487245411536628,0.10500838731549234,0.3577676134156481,2.8655726852576264,1.665299136504354,0.5881241634444798,9.194288393561404,kappa_f,6.56302159479055e-05
BEL,2026-09-15,20,16,0.0033578814353056323,10,6.057299434666017,8.433372787297483,3.049243985656025,7.8182461213957275,1.8338069554436642,0.8780652651441198,6.5941944690369825,2.823220581114736,2.8835967336342376,2.8135703146755806,1.2241956177246118,9.535878489023046,kappa_f,0.00023294177115979614
BEL,2026-09-16,20,16,0.0009137556367435878,6,4.361476587696004,4.30203638369461,0.8513601383637721,3.584615436796007,2.209328657893523,0.5924172869578027,12.026181654809148,0.8308990581123007,5.919184214307269,3.3502731211830157,0.8098689407804529,6.095741690318483,kappa_f,6.823180560347844e-05
BEL,2026-09-17,20,16,0.0012175338668184935,12,4.494318813538635,1.3298800874750327e-05,1.4457316368626703,3.604923050614695,2.439997151247102,0.33255407607380183,11.301859837200611,0.9570411263476102,2.9480403676470655,2.689266439532191,0.4622431189654951,7.944133786350314,kappa_f,3.891794521299562e-05
BEL,2026-09-18,20,15,0.0015096736537062853,9,4.395382360761092,5.475959199957687,1.2223881684395743,7.35366777414443,3.4521297824697115,0.32094966259599467,2.754097221781395,0.9849731338294034,1.8529855477369193,2.3928873898358165,0.41250125000978766,7.572568008522688,kappa_s;kappa_f,3.798866637801969e-05
BEL,2026-09-21,18,16,0.0008986611598695558,11,4.131446923656228,4.044478417078235,0.6522280590637337,1.9536875253095087,4.598959460010571,0.2291048106626304,9.336839566055069,0.6881776610009815,2.2180297784459277,0.3476010202295163,0.31980528816290565,7.277252064273145,kappa_f,2.931844323042184e-05
BEL,2026-09-22,18,15,0.0009192469599495962,12,6.406221164165467,9.185793051868622,3.563607639844831,2.6886924641021492,2.3937594613504634,0.14687073495922748,11.863328625537902,6.393508226925389,2.3629439957889,2.7040231807749633,0.22341991466738975,9.953902240102368,kappa_f,4.626246705046811e-05
BEL,2026-09-23,20,16,0.0011950521292299768,11,6.171372895202147,11.019569223528531,3.1988344740354813,4.4605984007309685,2.293660103381903,0.24674278593583626,14.056037249242738,11.664619178062328,3.658385890726037,2.4724392630816303,0.4375530346536618,9.33136744359415,kappa_s;kappa_f,0.00011131952239796443
BEL,2026-09-24,19,15,0.0007621553786568543,7,4.329279884872623,3.878954936811052,2.2818184231895797,5.863131366457248,2.824991032015662,0.3384215878409722,0.2409394158602156,1.142472353258299,4.265999928108808,3.2054808881404004,0.4707517700772519,6.879267166308943,kappa_f,2.4795418764086974e-05
BEL,2026-09-25,20,14,0.0010109206270200275,8,5.714239071282237,2.3079004624743704,7.596946604277749,2.1191359610664247,3.154512769225322,0.14646992897857145,14.061194778986252,5.755948358557957,0.6880692481777405,1.4834369680498232,0.44844438403912423,9.195955745600791,,9.792148031795636e-05
TCS,2026-07-01,20,16,0.003846481930118965,13,5.2390381963965975,9.915065671707595,0.7718770147901406,5.099244091907076,1.7126398810357721,1.0537142288180463,0.9807820942001029,0.7900227295923777,2.3471939583500947,0.8030047672390096,1.4972817678891652,7.770958553802034,kappa_f,0.00037861459620836587
TCS,2026-07-08,19,16,0.002677876895583665,11,4.260633006394205,3.0697220382595116,0.6090681549678956,3.5559934110093465,4.254027846693839,0.1257882769279142,3.8808960898406397,0.8441580790755905,2.7552612068024502,1.8015742756241053,0.8519141733496007,6.710982918504137,kappa_s;kappa_f,0.00025855177185635887
TCS,2026-07-15,20,14,0.0009391162721934406,9,4.673354346757236,3.01632649701844e-06,0.5372518860271529,5.007871784923669,3.9216647379787712,0.5907436070594081,8.411111254297419,1.416035830312455,2.691595881366725,2.32224191501044,0.844245884220724,8.304748039385624,kappa_s;kappa_f,8.482127000153492e-05
TCS,2026-07-22,20,14,0.0015670485005400518,8,7.257592129457484,8.212316440565335,2.2171893044737208,5.449148629732289,1.8933249540193158,0.5652043850947435,10.634717338408727,2.964798795535306,6.045017239086906,1.5903796743746765,0.7830906114981537,9.143716718443393,kappa_s;kappa_f,0.00011783012702562177
TCS,2026-07-29,18,16,0.0011688875892573254,14,4.4607733900617035,6.0284727269553615,1.2056250405044724,4.204790128275917,0.18874555960638517,0.4502105236237488,10.75214841987345,0.748400556385648,3.0285916579097156,0.9633592688565005,0.816625949752857,6.603907143836085,kappa_s;kappa_f,2.8873375588830442e-05
TCS,2026-07-02,18,16,0.002021609138245114,12,4.501808522571352,5.359883830070418,0.5749779185248909,0.23451161954680327,1.9824604844513922,1.229535353081082,0.4324580108540026,1.1761373079656554,2.954850417659663,1.69527386876935,1.7435822709894124,8.707552473546983,kappa_s;kappa_f,0.00015099916147161318
TCS,2026-07-03,19,15,0.0013227094514414218,10,3.574599890832209,6.285570854913658e-07,1.1898240272551848,3.936304478881344,2.6886798258243894,0.8342711807332325,7.646054297351498,1.1634871954424613,2.5648794613638937,2.773584069614545,1.1036280779459369,5.643012582840115,kappa_s,7.642718324238026e-05
TCS,2026-07-06,19,16,0.0007462125835231171,4,0.7034529823575015,1.57116333987517e-06,0.644288878794871,1.404719909495558,0.25899932024018324,0.5926147949852999,5.713283712793782e-08,0.03808412981634013,0.1590776732580199,0.8669660263591791,0.9916361589824663,1.3478620493467817,kappa_s;kappa_f,6.996195811028545e-05
TCS,2026-07-07,19,16,0.0009549916746818713,6,4.142647414777381,7.128250762380762,0.007794544385467086,0.1589250492524189,6.770107215444156,0.0005733131466077238,1.4278106094967438,0.45064345702887976,0.9084173444469901,0.22802666759769352,0.40939990569747087,6.50359560963372,,7.667785256002056e-05
TCS,2026-07-09,20,16,0.002579954006949479,14,5.1190817667973265,5.66244394276963,2.635680661080584,6.937118368560896,0.9845318256910449,0.3183627710364692,0.0015504749804575724,0.7258176903938777,4.86349788973382,1.705759412437744,0.7384387331497244,7.755034224532431,kappa_s;kappa_f,0.00012238957274975397
TCS,2026-07-10,19,15,0.0013848528809235153,7,5.9821630559677565,11.653788521007714,1.760258094274953,3.2406189139920576,2.4398492615835523,0.06377530704166472,5.381290982528907,3.4172179503513154,5.271816276515192,0.3401425082120543,0.09990448780417593,8.694172173386857,,0.00013702695651380517
TCS,2026-07-13,20,16,0.0008332103867398963,5,2.3749683697763233,4.531107450315378,0.5118666020223682,1.6137974230686039,0.6723151631711732,0.00023125100878402727,2.4795330233473578e-08,0.06572340808474553,0.2581823055346506,0.01801268672955686,0.00490277026373831,4.278211920181936,kappa_f,3.845572811675554e-05
TCS,2026-07-14,20,16,0.0008812034317172342,11,4.841866343891536,5.596846518327448,0.9495681605194901,6.467721823974563,2.9962300290939377,0.7007664367615655,6.636837177609323e-07,1.061613296448581,4.729300391211693,3.0810224944061373,0.9448696182645835,7.597162327563542,kappa_s;kappa_f,6.418094507030332e-05
TCS,2026-07-16,20,16,0.0008798565084717796,9,4.076975315087656,1.7660059130619743e-05,1.4180830777613662,6.525246754826812,4.567671486142865,0.4003167837065954,5.515166836712383,1.1991108695393242,2.5879585539000654,2.225604904738141,0.41912161717147134,5.849341057294362,kappa_s;kappa_f,6.34065614291162e-05
TCS,2026-07-17,20,16,0.001425791144202332,14,4.742699473638299,4.785915379618499,1.3313248123492432,4.072148245160075,2.9406927259251736,0.6646772544975162,7.3579700296965385,0.9793952960345562,4.826525504541508,2.71709390844991,0.9140259381293321,8.885664465768807,kappa_f,0.0001309952660379361
TCS,2026-07-20,20,14,0.0007254322830170174,6,4.877859980057217,3.3718268242690357,1.7040624154422546,6.3252854954286395,3.9374989395756934,0.6801241379958411,1.1060457630662768e-05,1.8364233942306436,7.301922159233882,2.613955588955168,0.9990350018288574,7.342604489368928,kappa_f,3.7921949115548854e-05
TCS,2026-07-21,20,16,0.0027757263178850903,14,5.824206906354499,10.596079783744944,4.347231889838711,6.571385477560968,1.8616364994999792,0.4640709863973865,6.2821249447787055,3.5847646556095185,3.3948583302738893,1.6159974915449815,0.6405180137806589,9.548013220084599,kappa_f,0.00021402823674358156
TCS,2026-07-23,20,13,0.002806634935323225,11,6.31706514839343,10.887141255140532,3.2523328825843487,6.402502106063871,2.214383056819565,0.7689148970198895,6.18493104116698,3.1979388088877942,3.895111462480485,1.0923011204784623,1.04350177906493,9.450895456626226,kappa_s,0.00014395428431263502
TCS,2026-07-24,19,16,0.0010220756655920878,10,5.1348314997445605,6.895332276036975,2.367697221063945,1.860043334887456,3.3402106683671144,0.6923045309480681,11.126815679823448,3.9404706311784645,2.132730413775422,2.5720877563260314,0.909885550690326,8.286442372882354,kappa_f,5.1937386702442584e-05
TCS,2026-07-27,19,15,0.0005954995697640888,6,3.889388035836903,1.7692265430468979e-09,0.9325725413982702,1.9415893534747433,2.887459447261916,0.5986476942519583,10.959278751938822,1.177023406980759,3.8080491832348677,5.014253514629347,0.7519568574454191,5.231875438050617,kappa_s,2.763279170704474e-05
TCS,2026-07-30,20,16,0.0016511417579941016,11,4.592563335571714,10.540079980404947,1.258776591755827,6.022298844816723,1.3085108797009553,1.064592275081906,0.8231053805999373,1.4161110494076727,3.6733352816113842,1.5536354787960749,1.596003106868098,7.692560551319266,kappa_s;kappa_f,8.085463471506501e-05
TCS,2026-07-31,20,16,0.0011500121643430266,15,4.749297180721372,6.537822359657408,0.6827604847804435,3.2881228085508214,1.5557971328441609,0.9119507449865583,8.999694718541605,0.8447206068072046,5.463397871333957,2.5080897630997647,1.6122189916584104,7.041712931323382,kappa_f,9.838608148456671e-05
TCS,2026-08-03,20,15,0.001963172317861077,8,3.840575688827896,3.5118173595805047e-06,1.0099708495646942,3.3829231924827337,1.1814525763086334,0.8148810194218881,8.024563554896648,0.4416401797875719,2.3034498637280088,1.8181016706770494,1.3141027405417076,5.281156038180884,kappa_s;kappa_f,0.00012387714718318284
TCS,2026-08-04,19,16,0.0008012453981645516,10,4.525239165505659,7.510790908504783,0.7368772704847278,5.83970775300012,3.307404390823547,0.384096762780328,5.667302513132819,1.431319883945765,4.93463171075096,1.7161229775013778,0.6334371022803171,6.661303891770544,,6.044866889370177e-05
TCS,2026-08-05,20,13,0.0010781399518839329,12,4.834338062282129,7.976244591025752,0.4794513386101132,4.347277271895823,0.6682150392631994,0.9313448402529376,3.8540314759305128,1.4944489807499508,5.5428960191189125,0.3543229873996704,1.421784350111099,6.732778538653555,,9.429727144488558e-05
TCS,2026-08-06,20,16,0.0016848389747886887,9,4.323285381831301,7.322011026456124,0.334679100598533,3.5629946165661073,4.452796575330382,0.816842194939241,4.884306225579087,0.8585278890720377,3.8219111899784592,1.1177846471542732,1.198415536227238,7.027693723871169,,9.60913673755386e-05
TCS,2026-08-07,20,16,0.0018673215981853746,10,5.344931920446948,2.773043536071895,2.1878150757757022,3.6459016406222773,0.5484154920125941,0.2904598825273085,8.55528092972552,0.5130126614978305,2.1657746303869265,2.337924499539158,0.6601713029081429,7.484524764269377,kappa_s;kappa_f,8.310831907024584e-05
TCS,2026-08-10,20,16,0.0014380895024889832,11,3.565594342047841,4.691297341707923e-07,0.6565079190452521,3.204769511526994,0.972509847983059,0.6389884525846026,4.653390263249713,1.0462573835612152,4.20134560517687,1.0588639885422322,0.9831049114312066,6.667394024081744,kappa_s,0.00011253152049346617
TCS,2026-08-11,19,14,0.0010994777623497042,7,3.770938428357612,8.204441229236686,1.4142490095129163,2.1380029261067013,6.578597292533798,0.004533585099644366,5.5278571799988185e-06,0.13143378085418256,0.383467200744251,0.10708780113543415,0.017202658627200274,7.470807484743519,kappa_f,4.88854406386738e-05
TCS,2026-08-12,20,16,0.0026982560876743144,13,3.3324362867525927,1.3359685255178695,0.35465200509284434,2.8050903865812553,2.9986609726292297,1.016329541545593,5.655690458166017,0.27415806642677143,2.151643572626253,2.571191492571515,1.3495620150209928,7.195771472311977,kappa_s;kappa_f,0.0001291781574180406
TCS,2026-08-13,20,15,0.000905721594641103,13,4.019500743628057,5.821505116836747,0.47597404759347617,3.5934076849579393,1.934055989917854,1.0676114371136554,5.690635207129631,1.349675042778429,5.024460514741431,2.066599753166658,1.42125760653323,7.261716224645437,kappa_f,8.7133779112602e-05
TCS,2026-08-14,20,15,0.0006208426367077023,11,4.190026651374578,5.558657165378445,1.0096677502781894,4.7385073653629615,1.6892717212775226,0.3023741540399771,9.433236750037471,0.9108027293517575,2.7818790238906015,2.9662149970934615,0.4782203317689411,6.45605948644743,kappa_s,9.341505981873971e-06
TCS,2026-08-17,20,16,0.0013073886039417317,11,3.9284365036641264,6.0740784226874895,0.004238046570489186,0.10183518782083602,4.32454547767295,0.6182557113438646,7.912852382219171e-07,0.918745549439788,2.949028409825983,1.9559235869811482,0.8013860998275117,6.530762912696119,kappa_s;kappa_f,0.00012566077039105898
TCS,2026-08-18,20,16,0.0009676535016692167,11,4.1764811090561365,8.228425948698206,1.0125852111642444,2.5148931140170174,3.0719390526612322,0.6545956344736474,8.314481177230983,0.317627210069646,1.1884662758025126,2.250383905495754,0.8267451936155006,7.102226294053282,,9.623294482657822e-06
TCS,2026-08-19,20,16,0.0005766668187887619,7,3.9252135834794615,1.7652269796997189e-06,1.3752628880905016,7.239965108775245,0.5652429830707648,0.4173144075434166,8.522088932701447,1.242220709584373,2.235517586735467,2.31914076303436,0.45423099870905503,5.685671516784489,kappa_s;kappa_f,4.5553560643611874e-05
TCS,2026-08-20,20,16,0.00196552800313716,12,3.9453210861184957,8.136604308220905,3.2376805222668628,2.312186684836674,1.9173781737595423,0.10430164059152258,0.006875669704420773,1.0754144580219376,2.2503584779180756,0.6576278187437568,0.31083907472183825,9.663894002625696,kappa_f,0.00011451425533045168
TCS,2026-08-21,20,15,0.0033427805020560452,14,6.587541435511404,8.52000542115453,5.193358819429943,4.297273759571789,2.4756719055586354,0.4451268388072636,11.95008677111593,5.680769142350082,2.7497037719113244,2.508223799177159,0.5294434826044456,10.365749245954284,theta_s;kappa_f,0.00023176434140323486
TCS,2026-08-24,20,14,0.0022750244587338097,11,4.327523168973065,10.495917408419867,0.19789909062330757,1.8369767245208068,2.8863924153835674,1.2971174071009561,8.968194520175848,0.19157045203122613,1.3006905062963037,2.5604468816708223,1.6733185700916535,10.096022489639585,,0.00015648293012395474
TCS,2026-08-26,16,15,0.0008115241309425577,7,1.5065999301972657,4.29109823023672,1.2786134526909483,0.9788286166650728,0.7068819020592441,0.2363516849875993,1.1856420935835352,0.7985405708471944,0.7996181987764186,0.48669923314314545,0.3206735850162471,5.559778553440512,kappa_f,7.142076310980808e-05
TCS,2026-08-27,18,15,0.0008500468037391008,9,3.8841433688333407,6.025942738304469,2.02277961183073,1.6151926427999053,1.7012294916934345,0.9605214404350231,8.84443672001589,1.8150376342367363,0.8606285993342131,2.653886200388979,1.0047797919151171,8.730906392481147,,4.660880304728065e-06
TCS,2026-08-28,18,15,0.0016147387095668134,11,3.968337442399194,6.778599173378245,2.29661024647729,1.647697363102018,2.3073196258694093,0.24420766667592522,3.9758835441716656e-06,0.3931437398344221,1.8746867717875588,1.4010363422474863,0.5528705714682827,7.663069896344268,kappa_f,6.164298375933527e-05
TCS,2026-08-31,19,14,0.001118196586265839,11,5.570973544553419,6.2740812255047045,2.9392724030139834,3.392360573440165,1.36300755444797,0.6094488571010559,8.800840740376703,2.5220306397326753,1.5120127667178394,2.8998584860763206,0.8268633551595663,8.228271337476082,kappa_f,6.737352562169018e-05
TCS,2026-09-01,20,16,0.0015058304695757245,12,6.6232246324506985,5.509040419901406,4.19219762222874,3.114335608581184,1.7516472974907737,0.6156611854641936,3.958728832618437,12.210438156422605,2.1240310452901756,1.1263411437532376,0.9537839992184568,9.409346758785464,kappa_f,7.360205734704972e-05
TCS,2026-09-02,19,16,0.0020741102383912344,12,6.510618488345854,1.0218002671119586,5.253078512067955,2.1437845169582297,2.292736483420563,0.298250415450101,3.942826326250991,12.319587566028861,1.3573557483451544,1.7641212253130056,0.6790803780852512,9.745243534232396,theta_s,0.00016667186078425916
TCS,2026-09-03,18,16,0.0006084228617456742,11,4.284413701662421,6.51079597595583e-05,1.3340859956765252,3.8469184406828116,2.4690770051482813,0.3213244036652333,5.99501991854877,0.9228094454657847,3.60204759152475,2.3682240894635047,0.7132757131273207,6.569487874014927,kappa_s,3.06370095013122e-05
TCS,2026-09-04,20,14,0.002880598419299711,9,6.134426405191615,4.44212451559315,7.515639112171282,5.3901690244108975,1.2347261474125777,0.4911908208351136,5.07468749907742,4.648123535932699,1.8407699756564369,1.6710412877702279,0.7657583065996427,7.760636566980439,kappa_f,0.00019860594735298092
TCS,2026-09-07,19,16,0.0007317222255063446,8,3.7382757686828763,5.56936142892539e-06,1.1546399028631544,4.230888103617151,2.6371349549218377,0.7545589996517984,2.3052777210019957,1.2310086477904378,1.0557275469150489,2.3712181376672175,1.1108248147836548,6.703531771083097,,7.258165230575114e-05
TCS,2026-09-08,19,16,0.0013227448051812791,11,4.446717001230286,3.669406022795952,1.3744762440847644,6.438928942025754,2.4868622498404998,0.5605071723304635,5.410226261787095,1.1997713265484833,4.791858711857826,2.01054724477779,0.6804617785598707,7.0317847495989065,,4.199342342210157e-05
TCS,2026-09-09,20,16,0.0012026587824648732,11,4.738277143819788,6.315146954115001,2.2726408710776105,5.579057200017387,2.5567400337935036,0.398286550041273,3.450665630872905,1.9814432379136364,0.6320602921645042,2.227131987963786,0.43755211715136677,7.409530866803958,kappa_f,0.00010725715832760638
TCS,2026-09-10,20,16,0.00039721256475696854,1,0.0,,,,,,,,,,,0.0,kappa_s;kappa_f,0.0
TCS,2026-09-11,20,15,0.0009348579391677183,10,4.559148421523788,6.300563446853177,0.981132974580474,3.6115227890847725,2.141613567808014,0.5051710835571451,1.7165477882091569,1.0046636323892737,4.451091552359267,2.929745200065149,0.6195192772083085,6.814651125317518,,7.23680476429065e-05
TCS,2026-09-15,20,14,0.0005913636364733572,13,3.4623073079668565,4.511921102721626,1.2031982096793983,4.106617225651783,3.006241518119901,0.5173739239694282,2.813578198868072e-06,0.8320015609128631,2.6794743464739907,0.9039620085112118,0.7094041536372244,7.369784373472725,kappa_s;kappa_f,5.4513721228769156e-05
TCS,2026-09-16,20,16,0.0006720470864357544,8,3.658900692829315,4.157056426450384,1.094748698124288,3.609817048246195,3.218241676494385,0.6581404954368543,6.935911578409559e-07,1.2848754522219965,4.2956499600889195,2.696571108433446,0.88241057847732,5.480440732443123,kappa_f,6.264402766087938e-05
TCS,2026-09-17,19,15,0.0006705420514420306,10,3.550312849860195,3.7293776777858056e-06,0.5797623550072637,1.2642264804799854,1.5818662776302381,0.2894693626657092,9.316298068253582,0.44361394397811793,3.3859045203213087,2.0886170900622316,0.3542676280495505,6.017429485311941,kappa_f,4.4390357107859614e-05
TCS,2026-09-18,19,16,0.002855768860948772,11,7.0526916836915525,5.698571383830062,7.8573914834131,9.823271287558587,1.7177280826848225,1.0240446998240467,12.44376130129342,4.294357922847861,3.9743752866596473,2.690565893268211,1.5191185834387317,10.162251294152147,theta_s;kappa_f,0.00020245657882938693
TCS,2026-09-21,20,16,0.0006131021593239565,4,3.1876077450520026,0.5461329039584939,1.4986839866887711,5.728819648724146,2.9112019795707527,0.3627835079379254,4.618606375830003,1.0230043356628307,2.6981738469310357,2.573220710413658,0.4519664546331159,4.890235679886851,kappa_s,1.9453936144188974e-05
TCS,2026-09-22,18,14,0.0007033520032067851,9,4.431471164685954,2.2116764366400705,2.0002049915331783,4.917429255328725,3.3610080322007225,1.35103386579524,6.248021040008956,1.5779282486900241,3.3090912500900935,3.09008354124924,1.7713931867207915,6.621315116658009,kappa_f,4.086829751791851e-05
TCS,2026-09-23,19,15,0.0006254695295343145,7,4.8024937948778765,2.2594690873281973,5.02258815201383,2.681521467042862,4.817723468428616,0.0071961210888479826,0.003164438410863113,2.665195691720347,2.215706407927522,2.583928617577021,0.20962458883534807,5.750878659660209,kappa_f,5.681969746895211e-05
TCS,2026-09-24,19,15,0.001523644155053778,13,6.022264224215197,5.783596047134318,5.384351085773874,6.254635403803515,3.2621308443400228,0.36188327757783856,11.762164597682146,4.235629417135096,2.715082912601999,3.4186884310208416,0.5061343727791237,9.72307268184693,kappa_f,0.00012698958967104256
TCS,2026-09-25,19,16,0.0006701882323470086,7,4.092333289852736,3.6758550489476782,1.4281499474135835,0.16880352220657752,2.7598444510544073,0.4187321607766424,8.097829906604536,1.621244303396419,2.8610755095295963,3.155193437666093,0.4758817474993615,6.016109841115827,,2.2545400524085586e-05
HDFCBANK,2026-07-01,20,16,0.0014322092588392172,13,3.641223007063517,4.1612519558579155,0.2801278817507993,2.0560930352507105,1.3181879759075041,0.29938323872118777,6.604081306091787,0.3590623079312043,2.7341187826468594,1.4071802721273698,0.761438956482996,5.751337595509389,,4.6993749395299236e-05
HDFCBANK,2026-07-08,20,16,0.0006865325440669268,9,2.7401592054579558,4.584994561795952e-06,0.46107340055966395,1.9736618069709846,2.3181446477518133,0.47146114261857075,4.5584491035870105,0.34001644583279833,1.5880165713731018,2.8935992808613946,0.6132862841401274,5.7276954462859715,kappa_s;kappa_f,6.287972882208271e-05
HDFCBANK,2026-07-15,20,15,0.0008224627961953267,9,3.8398985251017255,4.978635836503874,0.49505361521751556,0.9367842225007961,3.3446362530791305,0.16668792458799406,6.954334955554307,0.1693671345237907,3.7902730966246336,0.11006628664275198,0.33114667730143577,6.258002631038019,kappa_f,5.212220071354966e-05
HDFCBANK,2026-07-22,20,15,0.000666476407925739,8,3.5983975424408468,1.3159821795838411e-05,0.8792646415427343,2.171463670131695,1.040957777603447,0.34503752102191854,3.269451250176303e-06,0.55227051590099,2.391991900158331,2.1739206315720283,0.43855630106751853,6.935249198589376,kappa_s;kappa_f,5.471759386858281e-05
HDFCBANK,2026-07-29,20,15,0.0008495337977459633,11,4.137925826258119,7.7470106351464825,0.36892357015281574,3.343081618392424,2.93028699548794,0.41508509068412114,5.809288725418871,0.6210388382359436,1.9710571439705742,1.84189035336657,0.4536558443816605,6.4405317902226455,kappa_s,7.331803056466696e-05
HDFCBANK,2026-07-02,19,16,0.0014047072983421568,13,4.343057525235711,3.418258522928956,0.6135740334645384,1.8891785239703327,0.40304943418470063,0.8941508130127523,9.11691329412112,0.22153597347194015,2.0117790703239127,1.6155488895550596,1.4852373324581853,6.648252994253593,kappa_f,8.53080520970969e-05
HDFCBANK,2026-07-03,20,16,0.0005179490856671047,7,3.4657680895443783,8.259557507784791,1.0867096271183179,1.7081917005771663,5.548986022690274,0.00775315115223493,0.18613965484634853,0.11328012252759057,0.5418103287991203,0.49529080483844146,0.12201314574299715,6.123927578502018,kappa_s,4.3107604832749334e-05
HDFCBANK,2026-07-06,20,15,0.0016142014138221153,7,3.012711316047067,6.110843771288621,0.186887953459206,2.477821640141885,1.689158289056864,0.3924718137741874,1.5715559449347438e-06,0.5912009560246508,2.303376361464643,0.20347956228924025,0.35440306900429897,5.4705462744224675,kappa_f,0.00014094674103002367
HDFCBANK,2026-07-07,20,13,0.0009056272707063071,8,5.1529305716981435,6.848630041406274,0.8579704965075363,5.059184078567506,3.013055394006777,0.9453224201365128,11.939325748156236,1.1460621642156463,6.432888341754506,3.134605752258372,1.3608428978665672,6.710344870739131,kappa_f,5.5101497514093724e-05
HDFCBANK,2026-07-09,20,13,0.0006016988000981954,7,3.112986846044147,5.846196107550247,0.9409142767566808,6.570333653492575,5.206260557573151,0.28489994395613877,0.6026696087719987,0.8524072513207347,1.6646490161186636,1.9819474589534298,0.3134628505572623,5.890044175972214,kappa_s,3.4283529957639916e-05
HDFCBANK,2026-07-10,20,16,0.0005558718574767142,5,2.6382038729656143,3.995389529433183,0.8621854638919964,6.245886049604247,1.1213093589524583,0.34312862576676095,2.9290367109524595e-07,0.768414641682434,2.061562056703519,2.162266637053447,0.4093248170631413,3.321191529865048,kappa_s;kappa_f,9.180344979265766e-06
HDFCBANK,2026-07-13,20,16,0.0005985885102903793,13,3.4483669076533934,4.891312008957716,0.267788572935772,0.7107233101122765,1.0075220382993517,0.009431908943708468,8.625094292114e-07,0.046267018584912556,2.3148943022757686,0.11195375312401318,0.11226115832850425,6.298464624939624,kappa_f,5.896602359265737e-05
HDFCBANK,2026-07-14,20,14,0.0015781454906364312,9,5.437735701218067,7.821414017673932,2.6806471897828663,4.076743326034324,2.3037067219056064,0.918806378470862,8.346617176829655,0.5915602124126789,2.153924804714394,2.108498702079844,1.066504422632911,9.747512286001392,kappa_f,8.96244231340668e-05
HDFCBANK,2026-07-16,20,15,0.0006782262025463409,5,5.179749828739732,12.04549700415499,1.0322194721838114,7.5698432799726945,5.2725081397263445,0.353841892237858,4.507866080416534e-09,1.1260009710670627,3.4140691192631776,2.224539026239869,0.383322705435458,5.414979080763492,kappa_s;kappa_f,4.36541078324041e-05
HDFCBANK,2026-07-17,20,16,0.0005070935912941867,5,1.4542336879236033,2.540257028771782,0.18563421897682097,0.7419238290106511,0.8151987893819412,0.25530749285855914,1.8666479295603722e-06,0.23916847079213316,1.05281022904592,0.8241244736283198,0.3771935617564651,2.9608121006572543,kappa_s;kappa_f,4.148162679572709e-05
HDFCBANK,2026-07-20,20,15,0.0005091778174654197,6,2.958010299766171,5.824379872214463,1.0101375569915496,6.064239586435249,1.3019133912611291,0.010906507797987896,9.95025214223233e-07,1.073408510999188,3.0923780787597757,2.0567260761197415,0.0716493544988881,4.6557220810642015,kappa_f,4.303649309479675e-05
HDFCBANK,2026-07-21,20,16,0.0005599062376863879,7,3.8327295394701637,2.8593612101483252,1.3940733955071418,0.7728078108231742,2.376714299629588,1.1607956074870422,0.6555874158387569,0.6842946639910321,5.235999805540434,3.430968734930576,1.6016701490826115,5.816907078532639,kappa_f,5.219710133688325e-05
HDFCBANK,2026-07-23,20,16,0.000977606756792503,13,4.7020498862812765,2.5986679419575847,1.2702433849269776,5.700346082073262,3.2086778614891336,0.4260446029363597,4.033636489270642,1.4390807865208717,3.6552900754376085,2.27502314140135,0.5879612126505546,9.212393028385323,kappa_f,8.037503233553045e-05
HDFCBANK,2026-07-24,20,16,0.0006739122466089877,6,4.4359070133711915,3.697257596968484e-06,1.7683925784744667,2.7102409919939596,1.4059722887479822,0.05628571685891415,12.205667533336308,1.0954334736719213,3.19190342894,5.553736224294541,0.013798299127907677,6.022171427812235,kappa_f,4.962154414030889e-05
HDFCBANK,2026-07-27,19,14,0.0005086626054361333,8,5.316513155929553,6.555832970912666,2.2463960881033236,9.762958543216694,0.5924408844612632,0.44091496494297855,5.521715434007716,1.2822577075006327,2.342137938663397,2.5907493463993827,0.46723265750668536,6.807676117603849,kappa_s;kappa_f,3.686497983184625e-05
HDFCBANK,2026-07-30,20,16,0.0007812963155954181,9,5.196671245513387,7.990061691733526,0.7593691771781244,4.198796146739925,3.259921029094685,0.5472163618759863,5.426328052271868,0.871512561418498,3.756575781795953,2.835329158371152,0.7386868335604047,6.878691391122423,,5.2588925365727084e-05
HDFCBANK,2026-07-31,20,16,0.0007969553988938995,10,4.484339544601239,6.767546623729135,1.2779737347147258,3.767539409511447,3.4021122011680474,0.493874728554311,1.5554440102514553,0.8455726012922061,3.406236861343139,3.3265710793905274,0.6577435278143106,7.34672044458146,kappa_f,6.121837682217007e-05
HDFCBANK,2026-08-03,20,14,0.0007310048282333626,7,4.365865007315612,4.323984969609065,0.21941293033204845,0.7935898402181314,0.9908975569606979,0.43971479909683464,5.990852615606917,0.3746962642943219,1.7599201087764658,1.9447225200905307,0.5471340931111335,6.277535632233132,kappa_s;kappa_f,2.1536338905664117e-05
HDFCBANK,2026-08-04,19,16,0.00048663327581057895,4,2.675726073506955,6.848428796486694,0.10439556212365264,0.03711285099134729,6.91468156978933,0.0009880382717274245,2.2803959609518643e-08,0.01756437037349301,0.08474306429116396,0.00632141987139237,0.0032193234689140704,4.852784312405366,kappa_s;kappa_f,4.720043414335707e-06
HDFCBANK,2026-08-05,20,15,0.0011493507302672969,10,3.8176925765010683,5.31585226189088,0.7106226374921487,5.636273988074352,3.8194691326063563,0.388869594217751,0.8309573745332557,0.7795480678702222,3.212979151258713,1.2861549786882778,0.6843505280240032,6.73583909273924,,9.41035802245417e-05
HDFCBANK,2026-08-06,20,16,0.0009294732685081743,11,3.653543752318368,1.5709864090328356,0.7158742866893147,3.518867074117714,3.2636523381553375,0.5502288091226598,5.440804566677915,0.6718610703584211,4.347647834678347,2.488395416045274,0.8709307589321738,5.903889239922927,kappa_s;kappa_f,8.507912825956882e-05
HDFCBANK,2026-08-07,19,14,0.00060255875757111,2,0.20833410978533737,1.3721572997837939e-06,0.08966000650688488,0.21998929099260955,0.30306106642828823,0.0506234136432972,1.3315428759597125e-09,0.09803692326284652,0.4081160007943323,0.3209683770184011,0.06322547440532822,0.20833410978533737,kappa_s;kappa_f,4.3438034215841125e-06
HDFCBANK,2026-08-10,20,15,0.0006588930953894392,7,2.544608643356151,6.422417038048829,0.611791947365055,2.051313996932713,1.297534149898175,0.4534552931117396,1.200686135405249e-06,0.5384439593741983,2.6813565232837213,2.3912615573293783,0.6194721895877902,4.446128313669483,kappa_f,6.479326145999314e-05
HDFCBANK,2026-08-11,20,15,0.0006417107254146049,2,3.2141735600916963,8.437977024789065,0.04611783397347273,0.23262299989174098,5.4765719950125025,0.0001291637348046335,1.4920380699834368e-06,0.0024331583579031424,1.4352413316136143,0.014005176078113662,0.021437815625766188,3.2141735600916963,kappa_f,2.1340985293508792e-05
HDFCBANK,2026-08-12,20,16,0.0007543617661529077,8,3.4446225283139666,4.449324437538411,0.7762954343845575,5.9839187428949465,3.5328063524812032,0.007843663497200806,8.064104815019846e-07,0.6810383610123434,1.8181225463518316,0.6768613429885868,0.08318826135531388,6.348412533539779,kappa_f,7.517111520948135e-05
HDFCBANK,2026-08-13,20,16,0.0006402347797160218,5,2.7096243913529308,2.3234861146192998e-08,0.14008318741716458,2.539749929310778,6.376711885362052,0.1326074848566925,1.1511854047796533e-07,0.16192889626086582,0.9751426879388543,0.09401381743708044,0.20021112940284935,5.064445213990722,kappa_s;kappa_f,3.6736498640291704e-05
HDFCBANK,2026-08-14,20,16,0.0008230573997809843,12,3.748591241284373,6.830492324234024,1.061364386328637,6.8208224477270045,2.239827310926036,0.5139611742091446,1.4102350345268633e-06,0.9693691237107329,3.2886054121979074,2.6745722013898807,0.674209661425405,6.371933498134031,kappa_f,4.697830535965492e-05
HDFCBANK,2026-08-17,20,14,0.0004865883894654962,5,3.1043228894683734,7.032355304153727,1.5202201147789038,4.708508442674913,0.5858499290103054,0.14268049576404077,4.203240004940767e-06,0.5740089153828754,1.7737659927464997,1.9135880550338529,0.2246053346335467,5.156695828646723,kappa_f,2.506069631370123e-05
HDFCBANK,2026-08-18,20,16,0.0009205214156863358,15,4.725450685529345,6.197880887212932,2.128066808521199,3.273785017919458,2.6113385727010865,0.0017964061070229742,1.9769848691453262e-07,0.4552288933437859,4.093670496647452,2.709816879994294,0.14273943674427803,8.462259124888492,kappa_s;kappa_f,6.108805238022217e-05
HDFCBANK,2026-08-19,20,13,0.0003973787195988768,10,3.9714441417615336,1.792963656360799,1.323471192184572,3.4445170593926893,3.0895728733706274,0.1252784449688659,9.031503073594859,0.9996611637759585,2.563635979583827,2.411176987472691,0.1633345062134216,5.710992116373887,kappa_s;kappa_f,2.5586876517858968e-05
HDFCBANK,2026-08-20,20,16,0.00042614071705057564,11,4.619497787127418,5.361841333412947,2.529699831919946,2.710760431427012,2.5091508876187545,0.3101662503212714,10.240009826948206,1.7219819904943456,1.951381620483359,2.6690462388122933,0.3902916896201277,10.005278726062068,kappa_f,3.944903392853993e-05
HDFCBANK,2026-08-21,20,16,0.0009761380320442186,9,6.453141776859544,10.284796604091937,2.2756527348594897,4.192913859747613,1.7927550254459836,0.11272216575353061,8.02019755621642,4.444455822067043,2.5429533855537363,3.8170311854424854,0.13140329775669018,8.888062266985324,theta_s,9.741586267249605e-05
HDFCBANK,2026-08-24,20,16,0.001075628944248156,10,4.562288970831316,3.4719263138265224,1.7751097840688708,6.228086487929482,2.0569861880715576,0.559944173102462,7.290851500491629,1.0889480219974923,2.6428444492515717,2.3766559227566244,0.7521885113066487,9.08305207314435,kappa_f,8.755724792485126e-05
HDFCBANK,2026-08-26,19,16,0.0007597837336813216,7,4.6188746134607,7.837310935343567e-06,1.196691934031381,4.754998912574661,3.291792572731221,0.21494422127020454,12.47246493349714,0.799419390347362,3.8983234271437084,3.068558702908999,0.17378657354984103,7.313624528013466,kappa_s;kappa_f,6.84956381384645e-05
HDFCBANK,2026-08-27,19,16,0.0005088604172765913,6,4.696363163201514,0.8565143996477165,0.9697106576412,2.3870011641942357,2.9725747537856537,0.49685062053101586,12.495617608615104,1.1964808540449212,1.2585043076677964,4.287437519613611,0.6158921541567193,5.057092825267276,kappa_f,4.1555449972648746e-05
HDFCBANK,2026-08-28,20,15,0.0026874366184110312,11,4.245552665431133,0.8838789259820761,0.35122761885943793,4.070517970754736,3.238729072829552,0.26191426969911297,2.487696785636677,0.7359238618830779,0.9410111385977427,1.4196128437334672,0.37871254179353764,9.268494981362949,kappa_s,6.572475272010724e-05
HDFCBANK,2026-08-31,20,16,0.0013850441546580357,5,7.52327473212093,13.70340635840581,7.977020048252872,2.3647539577295023,4.3742657539852345,0.21360541988455828,12.414333879243467,2.4247727757886364,0.681220539059824,4.621184495914125,0.0006762766778403591,8.227927928187496,kappa_f,0.0001245450158374095
HDFCBANK,2026-09-01,20,14,0.000669830451314312,10,2.8202114793747657,3.33120742226356e-05,1.0033825121832287,3.2236169632964167,4.76689166049843,0.20179388588013317,2.949871731442446,1.4880714952173193,0.6187757772077971,2.435861664242088,0.2077823709539855,6.603572558062532,kappa_s,3.0879789897483834e-05
HDFCBANK,2026-09-02,20,12,0.00045163534584264736,5,3.335276661563789,2.761831208175636e-07,0.99526247989088,2.179818481103994,2.053578126614897,0.16516055243451094,7.0409068122148515,0.8735792280555598,1.3898314114967039,4.7302078376310925,0.025017480725826814,4.985735449080554,kappa_s;kappa_f,4.191819827971795e-05
HDFCBANK,2026-09-03,20,16,0.0008646463165346606,11,2.961014899574745,2.633268440632719e-06,0.37465765769103077,0.8958504512641934,4.757308549486686,0.07015876889645832,3.4318710933922185,0.374165918706568,0.981959652788472,2.806327857711877,0.04518670999883842,7.090865216187054,kappa_s,7.0385689377188e-05
HDFCBANK,2026-09-04,20,15,0.0007004182468721085,6,3.781411534182882,3.332988268424699,2.7386579217904874,2.3688551448342077,2.504264729060411,1.4150209284385212e-05,3.3926351745803487,0.38150037395316305,0.1321757056417061,0.21946451781759485,0.005175865316683944,7.3898610710554955,theta_s,1.9530023147361548e-05
HDFCBANK,2026-09-07,19,15,0.000658356016335531,8,5.77089386904471,14.377491718371449,2.5633847903218085,6.7877552104459165,3.3700857101776025,0.00839603166679515,8.558405577841262,1.350062287936168,3.693779610054725,2.375269881529303,0.15548573681949965,7.882180257663238,,4.1188263806235916e-05
HDFCBANK,2026-09-08,20,15,0.0006152559541032532,5,5.22608489437181,15.717779642291994,1.6389695616491975,9.44367013918168,5.9655391219705445,0.23619576535765777,3.269741515821776,3.00924280849266,1.058102841075811,2.800092176216539,0.3719268165207442,6.519823321587588,kappa_s,1.219933074254496e-05
HDFCBANK,2026-09-09,20,16,0.0005143620567104538,3,5.930950699113842,14.992506759940106,1.8023650944879688,9.097286886793523,2.3635651264451836,0.3540328068050307,5.205213013658575,1.5917169936613937,7.280527307520112,2.6740237836818643,0.44520881703834564,7.3453395474476215,kappa_s;kappa_f,3.368779255934857e-05
HDFCBANK,2026-09-10,20,14,0.0006549934400456579,6,5.510300646860367,10.184922208803878,1.6215586540824583,1.5359838527722065,3.647318190383408,0.20162625790865546,7.166101432306766,0.4465106423765903,0.7861590900812923,2.688337093531465,0.3673057988887538,7.257847210368565,kappa_s;kappa_f,5.9783075420094425e-05
HDFCBANK,2026-09-11,20,14,0.004972085464877358,8,4.613720649061152,2.5635211548004335,3.877851182379565,7.4784897505160695,3.8380899007640297,0.10550252925803215,4.706434959252448,2.1942699138800363,2.6971078276533245,4.019330196667186,0.5923527926796895,6.307360356843712,kappa_f,0.0003005216088759364
HDFCBANK,2026-09-15,20,15,0.0007916353936398721,3,5.594000933136865,13.650180707339072,1.0800309554195022,7.92829520134381,6.1735565594077535,0.6640566247134458,1.5226413785720574,1.382036493157158,4.293165118083091,3.0286303484589814,0.8517457413179009,5.786186123460858,kappa_f,5.134425016840101e-05
HDFCBANK,2026-09-16,20,15,0.0012037278925578082,9,5.079349413034172,8.010210598110996,0.9112189266716185,2.955837053388345,4.109303061827351,0.43717204575275326,11.390594758075046,0.6292651695387925,5.801796860365676,1.6704847980741282,0.46014065561796497,8.103264223985645,kappa_f,0.00011634088166003528
HDFCBANK,2026-09-17,20,16,0.0005674729679390484,9,5.631445022665484,7.150482738685771,1.2760919829388466,10.242363361829659,3.485316975864742,0.9367723582599741,5.8935029798627285,2.001695389738059,8.498231578374023,3.543730572530026,1.164397555439228,7.999648785140946,kappa_s;kappa_f,4.011390994262953e-05
HDFCBANK,2026-09-18,20,15,0.0004974320513423602,5,4.616248229174452,1.796293428668605e-06,1.3578298825486876,7.816086322083732,3.4671093388282768,0.43074343736935294,8.077122469327303,1.2751816395113917,3.2385423205036976,2.565464466882859,0.6088897784501215,5.814302817908871,,4.311424923770688e-05
HDFCBANK,2026-09-21,20,13,0.001924386040390427,9,4.037435677594026,0.00011977488676073733,1.2349758261966244,3.86691052375562,3.123072986245878,0.3660907052740019,6.629488761966771,1.2675373570584125,3.0684253301983686,2.4242618672032332,0.4817601500315514,6.859810656258093,kappa_s;kappa_f,4.176430321577878e-05
HDFCBANK,2026-09-22,20,15,0.0012618980829613837,6,4.251816090625725,2.4798652020763257e-09,2.4946410823956575,4.034085332446024,2.6928216934433182,0.3967186938736474,6.477243406205654,0.7644142441085526,4.749976061237681,3.070969970806556,0.5563381182418501,6.198634872872677,kappa_f,9.762119006330385e-05
HDFCBANK,2026-09-23,20,16,0.0007104377093463725,11,4.298964814700448,5.387652038488344,1.3619688573908522,4.103461655718982,2.6693221662672832,0.5896071748449643,9.802136966840736,1.057562445768267,3.528457185104172,2.808135810023158,0.7762122672747411,7.429772526781426,kappa_f,6.175965453048568e-05
HDFCBANK,2026-09-24,20,16,0.000698003788256545,8,4.847908465456768,5.050720619183906,1.91348720592916,2.7366897595514548,2.4976770199098874,0.3005898073458704,12.070256117559525,1.3895672077331276,1.9997149735978423,0.7153380652826604,0.40484512447450816,7.131673607453628,kappa_f,2.3522669974806098e-05
HDFCBANK,2026-09-25,19,14,0.0008315333214573054,10,5.604240875307976,7.570296866165413,3.430813507166977,6.443020644581094,2.1763113888920778,0.5902261558540005,12.438879948163894,2.9803044758107475,5.276640915712242,3.094595290248919,0.7923250624156133,8.360858761075443,theta_s;kappa_f,7.918140918092178e-05
WIPRO,2026-07-01,19,16,0.0023135499416496222,3,4.954695810401385,9.645204764966778,12.090088281940435,0.1513934084924795,0.38188665161973745,0.14542254718116385,1.06723408777043e-07,0.4439798306877733,2.085601177848257,1.1051349757084716,0.5151298417843488,4.958362422027542,theta_s;kappa_f,9.645168171072867e-05
WIPRO,2026-07-08,20,14,0.0017891536600187345,9,5.074962187984141,1.4309638949328018e-06,0.8158063845676949,5.656702165388266,2.2609081746018407,1.5276147695468072,7.215552744581556,1.4651335596037873,4.33044002171855,2.353657055068213,2.3481789359573844,7.845591168699332,,3.18522724082281e-05
WIPRO,2026-07-15,20,16,0.0020093112286629286,13,4.068387569948282,2.6677632764881523,0.09877008835309267,1.736994717193193,2.7016994560509966,1.7840513087426353,2.4814275924280698,0.03763572674327936,0.7271017245021695,2.5483915540572255,2.581228136755002,6.419146825276895,kappa_f,0.00017635112838078684
WIPRO,2026-07-22,20,16,0.0006127446753056438,7,4.677299506333939,2.1672176931275544e-05,2.143812509616767,3.9298369501100883,3.6257957520461335,0.5758913719421561,9.342431992914443,0.8054307631938182,4.093914442809662,2.7952293804532014,0.73236847828384,8.93892713205468,kappa_s;kappa_f,4.361938613766129e-05
WIPRO,2026-07-29,20,16,0.002119724660898748,14,3.6268342044714355,7.618951109478189e-05,1.6347767218657825,4.3507738116650385,2.277650667779709,0.7604515185485601,1.0125907098959184,1.076881528896528,0.9060911582145552,2.6684471438603214,1.039713386775117,6.610287937905957,kappa_f,0.000105922024140951
WIPRO,2026-07-02,20,16,0.0019330704505979466,7,5.1304657929102175,8.451737315764703,2.546826364689863,7.753364886617935,3.218675710889648,0.5837522558772109,11.734236979166981,0.9912491083487043,1.4873799260869798,1.784662488152993,1.3885609333303428,7.557424335740635,kappa_f,0.00011295231394635083
WIPRO,2026-07-03,20,16,0.0012004530566714182,10,4.500728462500905,7.103255135301703,0.1393278978060554,2.387958297324995,4.622662289219825,1.1564812089196834,5.173903220355403,1.2827733784403148,3.069738647561615,1.9366944908887236,1.762980428332284,6.665093666430524,,0.00011849031458817621
WIPRO,2026-07-06,20,16,0.0010430763237999673,9,3.6497876506073714,7.586172924166451,0.9404823445305919,6.4849077260141215,0.8156875455069941,0.8157685884218857,1.3038789529099768,1.3612004116304066,2.4943612463639786,2.189397399091399,0.6534521586050579,6.4673208078383295,kappa_s;kappa_f,8.380799424782619e-05
WIPRO,2026-07-07,19,14,0.001460212536712656,9,2.707831145993323,4.9626478713094e-06,2.092487901133243,2.779055981665567,0.9561274057860024,0.9360341991680299,3.2026286085340416e-06,0.6084032210852015,3.3498879504992773,2.595849727605188,1.5117049474093414,6.362855346626294,kappa_s;kappa_f,0.0001420480005662429
WIPRO,2026-07-09,20,15,0.0013920477780309075,10,3.892669706198537,7.41001060211781,1.8277975209081374,4.781703313036677,4.925499363649358,0.4340434780368078,1.138904845987554e-06,0.7853098273071342,2.1700782433396926,0.870307146938752,0.7526467084966271,6.13278575140457,kappa_s;kappa_f,8.221422885767386e-05
WIPRO,2026-07-10,20,16,0.0010901767182908272,10,4.335141347459611,8.464583899054432,0.06831819884667287,0.18621450642449347,6.329650417499737,0.003949925051010792,0.1481638127266045,0.020793480193441294,0.08992785846212215,0.003197135544840135,0.011092603405964852,6.6340896118138,kappa_s;kappa_f,6.023055255934082e-05
WIPRO,2026-07-13,20,15,0.0011728955069048345,8,4.1094150681973245,7.31333329409848,1.392901674427689,5.2338833011218435,5.749051894355091,0.01937742669033588,3.491547888145874e-06,1.1543368572158026,3.7035328298330032,1.7377033434993905,0.22519832144732543,6.013610744319439,kappa_f,0.00011117899341918716
WIPRO,2026-07-14,20,16,0.001417821845005307,11,3.991063549563589,1.0364603985311067,0.4430805650448479,3.719410299355141,3.7959422566784884,0.6929172199833612,3.5306545598245975e-07,1.6988312820335247,4.334381962436534,0.7870098591628653,1.072297753241811,6.212251501133944,kappa_s;kappa_f,0.00010252682447979208
WIPRO,2026-07-16,20,14,0.001256072648137899,8,2.8592675705354087,0.23097742938563393,0.6961120798223691,5.357783914914977,3.406802454398725,0.958756193894428,6.129537375443306e-07,1.0505729584343344,3.98951366693082,1.6499393459134468,1.3328318582159253,6.181737453896297,kappa_s;kappa_f,7.178881316382028e-05
WIPRO,2026-07-17,20,16,0.0010916687148947815,6,4.284276970577338,3.3333131611745426,2.264753210967205,10.200366665603276,0.27120376021451165,0.2910336520695041,8.639286335210272e-07,1.335713874073904,3.8820510449483585,1.7698120715358514,0.22203427430458578,6.447742512135852,kappa_s;kappa_f,7.865175290581354e-05
WIPRO,2026-07-20,20,16,0.0009117523449735606,6,4.456436161160878,8.488528047885637,1.5921740628356364,8.33304706282776,0.7986739491158938,0.8812975733530707,7.450108386199227,0.651372737302994,5.467771043849728,2.8131572614425653,1.1124541692527177,6.870972663591491,kappa_s;kappa_f,3.3427054642894203e-05
WIPRO,2026-07-21,20,14,0.000898830015287374,4,4.3316091977365225,1.0752123476567395,1.6742008573203007,7.18918655208012,3.317281485753463,0.283276460411346,6.247889840883818,0.8849028497211701,3.7570428804174094,2.156242096560012,0.33682114151806275,6.0713800525521355,kappa_f,2.340508476737725e-05
WIPRO,2026-07-23,20,15,0.0008039760442029067,8,4.480543596875495,3.874301928163959e-07,2.2330414520442416,6.206331961260116,2.8086659242356804,0.3907924386816285,6.211029436903793,2.557395601605184,4.460817521917265,2.1035488810472427,0.6112597329670304,8.95088829007136,kappa_s,5.546390631642388e-05
WIPRO,2026-07-24,20,12,0.0014194518989263242,5,4.9477136229402205,11.151191873313604,2.607588925306171,4.252174315054475,2.236367126977176,0.7110358692171178,8.284655216270064,2.1063869067215206,1.1485923896735368,2.2375613812400825,0.8996825535498012,8.023202664427187,kappa_s,9.002651235288472e-05
WIPRO,2026-07-27,19,16,0.0009173459856925707,5,4.234633319020818,1.0077819935006005e-05,0.4248704935113168,1.197255217038336,2.165299556518886,0.9662682916839866,11.060188314290544,0.9073695022027454,5.821213672490311,3.17678266292192,1.4540579940028537,5.035174647502629,kappa_s;kappa_f,8.1567380536766e-05
WIPRO,2026-07-30,20,15,0.00155094022531406,10,3.638559973421082,7.083223504600987,0.9993685427147818,2.3681833070252587,4.159422307688829,0.6989092970557105,2.388140165799623,1.0506443045608445,1.9927529405465938,2.470870970465734,0.8606214049269973,6.1455534457339285,kappa_s,0.0001408913469355018
WIPRO,2026-07-31,20,16,0.0012652403236893294,12,3.5273507396488792,1.8069243239438038e-06,0.6217032623640746,2.8951348707265363,2.752138870474287,0.7724390390381797,4.742605403554232,0.7500517959868593,2.7823987351931763,2.4902258693774773,1.115306900581436,5.90787703294945,kappa_s,0.00010183603092957629
WIPRO,2026-08-03,19,15,0.0018329886266064833,7,6.035125389046342,13.682082352931438,1.5731613365845922,8.17995120350594,2.8112321667550058,0.7174141582255408,5.7890163666246615,1.6736118524857229,4.499819031744591,3.0186348517989803,0.9980962256874915,6.93088908474758,kappa_s;kappa_f,0.00015413346400407224
WIPRO,2026-08-04,20,15,0.00113266608896063,9,4.046951835494491,5.290897410858975e-06,1.4010573765253618,5.333210068175388,3.0228125161484014,0.6850359521248642,5.705272324937563,0.8859893560735811,2.6192052680430233,2.7301941979244413,0.8384824669847722,6.327333975471924,kappa_s;kappa_f,8.549088189607865e-05
WIPRO,2026-08-05,19,16,0.0008040278472415838,8,4.406380795860338,7.929394733804008,0.2851571576917146,0.207096494578613,2.6814702266882886,0.0008827396992685474,0.9195521035961329,0.27415625308603464,1.9593720844217364,0.016680230512363517,0.2009838319707311,7.004023973949374,,7.650489856841794e-05
WIPRO,2026-08-06,20,16,0.0007328406707802611,7,5.011328505699098,1.7797918914446742,0.9177243038243522,6.35014771945969,2.8963244096444125,0.9184575556141995,1.2075755406893816,1.306405233868889,4.539363626012394,2.659286989334411,1.3287725377568553,7.111185611420599,,5.532218642498147e-05
WIPRO,2026-08-07,17,16,0.0014470391282711773,5,3.464834182306709,3.2615413390609014,1.9542226115545285,8.978428250995712,1.1341074989981934,0.2944464650741958,6.496218674101328e-09,1.4194233247078936,3.7147468288301564,1.620604188212074,0.18880122649877285,4.104356967184754,kappa_s;kappa_f,9.383865701366521e-05
WIPRO,2026-08-10,20,15,0.0017600737522761234,12,5.072084282556793,8.72377122709591,0.8118307109136118,0.5518685275733406,3.0508538703697887,0.13223523875970328,13.485670551448482,0.2428785012958255,0.5770614590522205,3.241597486799994,0.39652939298425216,7.396194005074257,kappa_s;kappa_f,3.873406254231715e-05
WIPRO,2026-08-11,20,14,0.001141791674410043,11,4.159124477853995,1.9725688638061456e-05,0.8424075674335156,2.3873560014896977,2.5048361133955654,0.4996835247001802,7.209109571917201,0.9420991178278609,2.0432551364925353,2.4702903151835756,0.8499387948351166,7.1390546656596285,kappa_s;kappa_f,0.00010768806843557631
WIPRO,2026-08-12,20,16,0.0008498974342960723,8,4.265183695968592,2.19037522768879,0.7190883707796794,5.0655255199572675,2.97197331772462,0.5610943857605641,3.948446177706268,0.9925158110760313,1.9974094842165133,2.4475210052911796,0.6304393013747813,6.420483959020484,kappa_s;kappa_f,8.49454660872298e-05
WIPRO,2026-08-13,19,15,0.0018824203628846816,11,4.149992745578305,5.364884001469793,0.6520699805568851,4.223616949685655,3.1630628453458027,0.20574783334713664,4.269966527914448e-06,0.6218520521921149,2.3758834114648364,1.052578752893472,0.27018419047209474,7.562365384493706,kappa_s;kappa_f,0.00010703177650963442
WIPRO,2026-08-14,20,16,0.0009146226528682492,9,4.0876217735401355,2.5483060177577954e-06,0.9301138882265749,2.6674655304736405,2.0154917597883872,0.5954517778475925,12.127154903446353,0.9448049980238356,3.5063296354995215,2.075251950486593,0.7887521806248556,6.702957231727857,kappa_s;kappa_f,4.515546330354327e-05
WIPRO,2026-08-17,20,16,0.0009784444856724575,12,4.105764124219595,4.827245861150683,0.7728522155753419,3.777928130647169,4.306348453233831,0.24545282345686786,5.408109856830379e-06,0.6344119257590448,2.720078617122641,1.890267078784128,0.42085886045176213,6.458360834264101,kappa_s;kappa_f,7.957910327023804e-05
WIPRO,2026-08-18,19,15,0.0006906124423172445,4,3.03878259802329,5.05958642800355,1.3776393344150615,4.053578379001994,1.527904159509868,0.4024129741902742,1.1504203065726415e-06,0.7531886427587402,3.3195205597144715,1.718744922287202,0.5240181144277568,4.50043709732805,kappa_f,6.886099603795916e-05
WIPRO,2026-08-19,19,16,0.0012359489704183173,14,6.13069494159647,8.806184058453034,1.897359417654985,3.8981312099975294,2.0363522753722574,0.119151209537343,8.17898876711566,1.0313011059712822,3.2910753526418253,1.641897886993216,0.20459655870498494,10.077830781756207,kappa_s;kappa_f,7.408731958600504e-05
WIPRO,2026-08-20,19,16,0.0008807729952990179,12,5.420371367360558,4.727907343407528,3.5568908357684075,3.5634326763552613,2.6418026862968778,0.09756129262340957,2.172485077381963,1.011914158379665,3.1036962845242257,3.003270115029653,0.2140352881128723,8.82304492565041,theta_s;kappa_f,7.307674065628136e-05
WIPRO,2026-08-21,20,15,0.0013999570748469568,11,6.756828206295847,5.57782612187397,6.525836598458911,3.8579706977750154,2.9046556040449945,0.001602455726089537,12.38388992154526,6.52929538745267,2.4010312746912503,2.4770282638785126,0.09122246605443751,8.659760567935784,theta_s,0.00012006890140356949
WIPRO,2026-08-24,20,16,0.003109456066082307,13,5.033606158519299,3.0807589221349274,1.78842443254273,4.031813415748275,3.215741237786654,0.39675754411621705,7.074386420617955,1.110767700450597,3.2268758127086756,3.4647414576482185,0.7323728851756108,9.505937389825384,kappa_s;kappa_f,0.0002385718225792
WIPRO,2026-08-26,18,16,0.0009867335640358099,5,2.43874245264546,1.201080883632284,5.670548693077747,0.26948912237296696,1.3555977915425,0.16376750984979055,2.464204971634305,0.17840759527716912,2.5114234692398405,5.619301092381657,0.3027642576254066,8.04373637235363,theta_s,9.029740063337351e-05
WIPRO,2026-08-27,19,16,0.0008748112670891922,9,3.7677749052039493,6.585853652173058,0.7881055034828823,0.5666638475999797,3.7935250279339874,0.13543027030293237,6.660191916196823e-06,0.38237553208194275,1.080966419936094,0.1834338838762189,0.24304590820359007,6.929141605527879,kappa_f,1.147949686625951e-05
WIPRO,2026-08-28,18,16,0.0007797363100370985,11,5.8884224216290395,7.165463614506345,1.4817636889431631,5.839551974332359,2.1807071279214005,0.45946147451187613,2.169041057089231,0.8510761306345445,1.766255964878832,3.299787145956939,0.7295790355120997,10.23797970521545,,4.0639780074004607e-05
WIPRO,2026-08-31,20,16,0.0007385096195790254,9,4.14249823844008,7.4503396525400465,0.9608192708447078,4.609761205828742,3.784886325296456,0.31082533220532893,4.518172803209629,1.0922383899398178,0.7168943969292454,2.770005082281636,0.3700225896476419,6.757583850958935,kappa_s,3.553663541436725e-05
WIPRO,2026-09-01,19,16,0.0025331760288607873,7,6.362408234569832,5.5080093634426674,3.308703391359646,6.93808997608256,2.52836623178018,0.22220657990022297,0.3766282916363801,2.1127983979902862,0.8372897237304544,2.745386266455679,0.38161237548593774,7.075675152741886,kappa_f,0.00010981637179856632
WIPRO,2026-09-02,20,14,0.0014733630667552442,8,6.392685438692752,9.042726488926025,9.343702774663171,2.251023728624625,2.0660691266616467,0.9137905973583207,12.409444159120214,2.6424557866622287,2.4411308641492337,3.4801345052974266,1.3366290900936857,8.545940572557523,kappa_f,7.068831939388977e-05
WIPRO,2026-09-03,18,16,0.0008359911628197208,9,4.115445056838421,4.417317996439461,1.6084951043514533,1.7753837975169438,0.5306406516554862,0.3995868256867485,10.809480941820974,0.5884405194093361,2.2865133468312138,1.8718121477113279,0.5287576795096234,6.6183117242764915,kappa_s,5.3956460679945115e-05
WIPRO,2026-09-04,18,16,0.002180533718351211,15,4.568636291522769,9.368566794876187e-05,0.804622293517114,2.527321502850242,3.149275126468262,0.9191916794587305,12.060717108762962,0.36057956920859835,2.255545222744023,2.681615769053252,1.5968551478897668,7.9753585932555495,kappa_s;kappa_f,0.00018513620643041857
WIPRO,2026-09-07,19,13,0.0026744126903416815,10,5.138838965457499,4.555935765922384,0.8708825708697516,4.504879813840246,2.5000845923353814,0.5745348158626271,6.486430487316236,1.03116266928125,3.796557617376552,1.008248374122035,0.7680061738715411,7.344675472174779,kappa_f,0.00012171238984330299
WIPRO,2026-09-08,18,16,0.0008377968574065382,10,4.689097895393899,2.6167448112188487,1.6734259981548758,5.223554372199613,2.3349655088298755,0.7271528868033936,4.525924674713256,1.4033671635459868,4.122527778158891,3.184785243905438,0.8807409748607398,9.309628763589938,kappa_s;kappa_f,5.9030335335318604e-05
WIPRO,2026-09-09,18,16,0.0015354524327756316,13,5.847114592964973,4.133449424354801,6.6312491445502415,2.061336730252957,3.468684287932672,1.2908702818530489,4.254084129018379,1.9234797625623168,1.088636664441152,1.8325040973375346,1.6355149427134967,8.696214719622244,kappa_s;kappa_f,8.015440763439415e-05
WIPRO,2026-09-10,19,16,0.0016809007664222156,13,5.627216147129526,6.645252176546316,3.2500395279617074,1.2864909882652045,2.877807174160643,1.35505127902459,9.834333996667615,2.0155106609014757,2.6544012193532738,2.8150141748784607,2.160343280000851,9.06242807880417,theta_s;kappa_f,0.0001257214227896547
WIPRO,2026-09-11,19,12,0.0014330377459433024,6,3.680804446869321,9.239327845023126e-06,2.3772171000369675,5.069483779132812,2.772970325383743,0.4326445614027932,2.730588846819627,1.531932129564991,1.7007609839790492,2.3788065204571347,0.5053856310590445,6.756616538138056,kappa_s,0.00014199199948183318
WIPRO,2026-09-15,19,15,0.00132682685297817,10,5.03473697611127,11.347830708511754,2.901215579080356,8.247188894734636,2.5075599356636524,0.5125594179363328,1.8665844384050443,2.9309485527380756,2.617646566789711,2.5402921756072425,0.6429734948166894,8.034626096910355,kappa_s;kappa_f,9.32327663949249e-05
WIPRO,2026-09-16,19,14,0.002722218697817338,9,5.637773148024717,7.983465410521177,2.6846328118109755,6.531188688945318,2.4457351698146867,0.6118068503905367,1.7948839850929459,6.748655251172124,1.3345195770976588,2.157638803476766,0.6674178150911678,8.689687097532223,kappa_s,0.00019392972243385863
WIPRO,2026-09-17,19,16,0.000687223442104248,9,4.155954773692214,4.4180529457094053e-07,1.5849238482204573,2.7004408169859104,4.405108094546161,0.3117273695416955,6.240110742635056,1.481262242563548,2.175028785155259,2.4518106136106104,0.4312230413914378,5.955995382494295,kappa_s;kappa_f,5.5801936774686864e-05
WIPRO,2026-09-18,19,15,0.000906572918534052,8,3.3892211049188496,1.3758949020115097e-06,1.272868557586054,2.331136942808353,6.622963895698854,0.355737021207162,1.3109637819752606e-09,0.6012561900223785,2.3089281388538385,0.2911807438048544,0.5877565932763085,5.122338741961292,kappa_s;kappa_f,3.770216356727531e-05
WIPRO,2026-09-21,20,15,0.0007686643372231415,6,4.6624630623513665,8.471659785799268,2.28882913148333,5.999238562742984,3.9399460266530557,0.6249195653814883,11.16799979979123,1.73417065810209,2.2772589000803745,1.7160040596258999,0.8566487746772358,7.8870580385693705,kappa_s;kappa_f,3.2763730479799693e-05
WIPRO,2026-09-22,19,16,0.0006591526475347568,8,4.672600642279355,10.378236755488595,1.37656260467125,3.688671826128332,4.533195990378331,0.05252885178956442,1.4051076764332038e-06,0.8493093059539751,1.840123149066252,0.8283557639065899,0.1529591397306399,7.530621556865008,kappa_s;kappa_f,4.428172012631542e-05
WIPRO,2026-09-23,20,16,0.0008108779347705823,7,3.346918272656761,0.7825774057076913,0.5063907560139775,3.2846997796241135,1.2568847019483758,0.08595212992736362,6.456102674690101e-07,0.3330344593213663,0.8876185512594823,0.11869319572409989,0.009643630109387402,6.01468019413644,kappa_s;kappa_f,1.2064598905625395e-05
WIPRO,2026-09-24,20,16,0.0011496612362511002,8,5.163850069443315,8.490914257193129,4.819556852567592,6.585012844621536,2.637262688666679,0.48384410016719487,6.456444352317179,2.2715323772009874,2.0010490525169042,2.749855795954428,0.644031900718029,10.631885485606947,kappa_s;kappa_f,7.980309596882927e-05
WIPRO,2026-09-25,19,15,0.0005551707470625469,4,4.487352252433013,5.651804816153572e-06,3.036454352357514,6.648108273063193,3.1104427073037364,0.3002049457446791,6.248027674133603,3.991755990584881,2.5586724744697498,3.1645142675309197,0.3838725056141447,6.914293651548001,kappa_s;kappa_f,5.1077150122129746e-05
TMPV,2026-07-01,18,15,0.002618111159153151,11,6.122192012983018,15.710514734145415,1.1777216841457503,7.032830593790719,3.0037496746235455,1.1051303465920919,7.812571162655875,1.7155440922946708,5.411974125674042,2.8243873504736583,1.5527511630876798,9.177145660156027,kappa_s;kappa_f,0.0001884334978538107
TMPV,2026-07-08,19,15,0.0010049763322885323,9,4.863854929946355,0.6307933215378796,1.7115337805766013,3.4150753677570407,4.6854694746784915,0.560084904152308,7.754852589864358,1.6964763574002601,2.0190419533417265,2.5584045316670068,0.8641740043465101,7.371843836492919,kappa_s;kappa_f,4.627208202461126e-05
TMPV,2026-07-15,19,16,0.001534834541345929,12,6.964387440697074,8.208108193174311,6.0938635893456325,4.428255196407595,1.866010108158081,1.0921472274335176,8.923516191503126,8.294702685441724,3.098015065439138,2.3276946233291405,1.483563794251339,9.369947172742727,kappa_s;kappa_f,0.00012990761600875774
TMPV,2026-07-22,20,15,0.0011069088335330206,7,4.446070617732597,6.465296766628356,0.9687414447652025,2.490390936811675,4.155297110873629,1.2536622583784895,9.218577140063168,2.5988149758262775,1.4141327874006713,3.2011921233832554,1.6357690461244598,6.192255432245483,kappa_f,5.224119551200412e-05
TMPV,2026-07-29,18,15,0.0014362495303740788,12,3.9194112765693294,8.329222996950396,0.19391107332870394,1.6351952022631204,2.092286604669244,0.9516332300391441,3.996821832973204,0.2860535529989938,2.6474510588044606,1.5506739425381668,1.6049985887608753,7.221071489261944,,9.526823958999836e-05
TMPV,2026-07-02,18,14,0.0006763097568459747,3,4.344200989092761,6.792929920660832,2.036792124677988,0.9759042916043086,4.162023398860052,1.2981554514356786,11.19429080276049,1.6696618855480998,1.598510596757233,5.203254876623754,2.1333543069769187,4.887389792581205,kappa_f,1.261806319282667e-05
TMPV,2026-07-03,19,16,0.0011890641349221935,11,3.313665701210005,6.813985535814027e-07,2.638340402435588,4.380761004601416,3.4547279168488334,0.6415626380806835,4.3932466553542326e-08,0.8700576721784548,3.16481730549382,2.5244108611284526,0.9248870840873138,6.2807476670507905,kappa_f,7.86012798980626e-05
TMPV,2026-07-06,19,15,0.0005047682454527988,9,5.128743530409842,4.252032246299109e-06,2.9476506215021745,7.985193578227062,2.233335955510329,0.9923944151226187,5.941416331263076,2.0068644274956653,4.883162007971777,1.8777364458743075,1.0863666679436457,9.145274763887944,kappa_s,2.5743851966617752e-05
TMPV,2026-07-07,19,16,0.0016327137273612902,8,5.563207230485398,3.5389862274248163,3.663464002400732,13.64742948998024,4.239536226265798,0.9133616382788868,7.908845720709753,3.199645835105829,6.988136929181534,2.557270464646274,1.0797808918504335,8.29967894850898,,6.113564624682854e-05
TMPV,2026-07-09,20,16,0.001805319675504017,7,4.6338314685091655,5.178611679254853,2.3203608228953385,5.6839840731766245,1.5589954588461081,0.5042838046838394,1.891794485740526,1.9668924460500699,3.2628497204815785,2.0313445072805587,0.8445292161700841,8.367380599724159,,4.8281682881167257e-05
TMPV,2026-07-10,20,16,0.0013364190345937557,8,4.9881756835173965,4.198113503232145,4.275132943916342,2.8253166867824753,3.2459505182359436,1.931587212147314,7.203546505962777e-07,2.3653416506217733,3.825924984698575,2.991720176164998,2.5646522035527592,7.840589795348932,theta_s;kappa_f,9.419466792495333e-05
TMPV,2026-07-13,20,16,0.002492324894604783,12,6.381750679494604,7.965917222002911,4.245589679958448,1.5867015576733885,3.0560522831449175,1.9753454919195401,12.49595176355892,1.9020068302430726,3.296955940863093,2.3608066178085916,2.8286515494605178,9.342057564142284,theta_s;kappa_f,0.0001561974436903213
TMPV,2026-07-14,19,14,0.0007738184977795032,12,4.66475607242003,6.0590215818354505,3.4830099661990475,2.3971694478861965,1.6749434168591466,0.5872941156770606,1.528360256486394e-05,1.282726931695165,4.011357418310297,2.7957739643838355,1.1559559769698677,8.659720553819445,kappa_f,5.146449943329559e-05
TMPV,2026-07-16,20,13,0.0009265800888487037,11,5.021105956340423,5.708721076302936e-06,2.712388652209307,6.659834444032841,2.626946652834034,0.9766745549117806,6.1753376935477196,2.6135053753587103,3.8064256906972904,2.5612634889706305,1.240055024746541,9.345253220460433,kappa_s;kappa_f,4.989968166539151e-05
TMPV,2026-07-17,20,16,0.001669939837033356,13,4.750122418846324,5.463423611292814,2.6368934693579194,4.798730831903082,3.9523910653316294,0.663019804910327,8.064579452238263e-06,1.9062850922823746,4.7866015362508865,1.723219172075488,0.9424717490474794,9.530578541390128,kappa_f,7.199115675961222e-05
TMPV,2026-07-20,19,16,0.0006769392003502921,9,6.215761880920748,14.853907533488153,2.8586883558083542,9.319462559269333,2.9443797924765454,1.2620132222335512,4.881548559121082,2.2933426277716142,3.7528084189847215,1.7493059541591442,1.6060156734412054,9.07580685078329,kappa_s,2.247891616120217e-05
TMPV,2026-07-21,19,14,0.0005831886213560401,1,0.0,,,,,,,,,,,0.0,kappa_s;kappa_f,0.0
TMPV,2026-07-23,20,15,0.002274259335682677,7,4.079555373946532,2.2566602360792007,3.989209884489031,2.566836060409381,2.439791435631318,1.855302984574991e-05,7.176245375717372e-08,0.8715804231362192,1.9712753436446686,2.311178768149214,0.22056477226465554,7.126255526694226,kappa_s;kappa_f,0.00017485173174094232
TMPV,2026-07-24,19,16,0.0005536290702997117,7,5.947824778069612,4.301555627799752,5.877768986736269,7.543774855552124,3.278126052851255,0.04130671152743692,7.958313523590176,3.266328655615627,5.283750809661543,2.632581097259514,0.19529031099951033,7.840864073565633,theta_s;kappa_f,4.4710772376942566e-05
TMPV,2026-07-27,19,16,0.0006004592305665476,7,6.381245044831274,7.254170347019624,3.6986812148430497,8.664529372319718,2.7918355560259283,0.6494868034588595,8.939983292337228,2.9422748017008553,3.3172180619509657,2.055693470935979,0.8645183093410846,9.679268064895979,kappa_s,1.2321232800374064e-05
TMPV,2026-07-30,18,15,0.0008274476231327834,10,3.5031305457198174,1.84976033779094e-06,0.7591713605952934,2.4436725829216375,0.8665892314953156,0.8179668483124674,3.362523366046184,0.9663916852911656,3.013624633733054,2.531104814864381,1.004888154233495,6.614901626795416,kappa_f,5.809218640714638e-05
TMPV,2026-07-31,19,16,0.0009807265688270234,12,4.519729418860511,3.565980523095786,1.1218265469849715,5.805853576760061,2.936542138831604,0.9726223185058851,9.187793345688533e-06,1.3702907751216113,4.108016534089751,2.833660246362998,1.4791005036270843,7.406543042240342,kappa_s;kappa_f,6.101636185757461e-05
TMPV,2026-08-03,18,15,0.0008553652554016667,13,4.297989192707232,2.1143105379691685,0.9132982253462272,3.7734366071207455,2.8118866398683617,0.88856870230105,0.005813911221546952,1.072518926756409,4.150849234358482,2.1414329564742305,1.1981822765204606,7.066034057859263,kappa_f,5.775877955613317e-05
TMPV,2026-08-04,19,16,0.0031553034812807157,13,4.647353921083843,10.909989565355144,4.644946728445845,5.541820279670665,2.4960000137282212,0.031028509225249856,5.289413582325322,0.64600982583393,2.459492041503958,0.9473690391626741,0.3555914549064243,7.370926299709056,theta_s,5.52347226447235e-05
TMPV,2026-08-05,18,15,0.0010820133395803933,11,3.886515093776201,1.9430038271650574e-06,1.0717858567685534,3.4151616493971497,2.7169142982591117,1.2115393068964218,7.6210731657065445,0.6992936791621189,2.7038070277086472,2.32521930110508,2.0057886674302847,6.220080885592072,kappa_s,0.00010293605154749661
TMPV,2026-08-06,19,16,0.000940822610488684,6,4.2452909719910865,8.31355673455883,2.9289404758801005,4.606612819288444,1.5782890575929238,1.584701109830501,2.1131997485213105e-07,0.7019826757359034,3.230490691359914,1.318985736528891,2.3350379049283765,5.535245351948183,kappa_s;kappa_f,9.373045742499294e-05
TMPV,2026-08-07,19,14,0.0016213960163142843,10,4.632571479308474,5.167002175003146,1.6678422833294155,2.6090576205050815,3.3512359563817493,1.2308505969372956,10.458339805341446,0.19476090273808966,1.2994134089793647,2.051953395876007,1.4206330404285659,6.522481242938648,kappa_f,0.00011063590806999657
TMPV,2026-08-10,20,16,0.0019086974065529777,14,4.864290187790778,3.8588577305646945,0.4989766229227527,3.9375851264009425,2.532981229620778,1.6499464347881885,4.901799142800954,1.2424477899942281,4.170858736930493,2.3988520245428253,2.322977682141051,6.783530799345671,kappa_s,0.00017291980404507434
TMPV,2026-08-11,19,14,0.0006099492499523297,3,3.928761407347797,7.340839830872763,2.198161019188477,7.449543863167239,4.419225865077271,0.04107891682412566,7.644767936909602e-06,0.9442087583127627,2.2722769602723307,0.39684013017200614,0.17515125392133424,4.5287602140001,kappa_f,2.945275835318582e-05
TMPV,2026-08-12,20,15,0.003608885614784372,9,6.114106284748457,7.997484181713052,4.748663432475697,8.150003601686072,3.454179616728065,0.44481775075210805,10.776194917018005,0.9966618186739762,2.518440232538987,1.8022650421805397,1.0542426035693817,8.595649926000199,theta_s;kappa_f,0.00019718184091254776
TMPV,2026-08-13,20,16,0.0007441960362858177,9,2.226692085676402,6.476833621658601,0.01878131133666059,0.6527212511778866,4.854590967194383,0.0007349004243779536,3.91611605365938e-07,0.014221040208756808,0.03924948153085328,0.0004340964938324421,0.0033448791976971037,3.956608574075378,kappa_s;kappa_f,6.005259944888994e-05
TMPV,2026-08-14,20,16,0.0009196289147912841,5,3.8261873156231414,6.849206659536546,1.0152456569188073,3.4929328757926825,5.357271328287222,0.4550205287069393,2.428983091107284e-06,0.7670498247892409,2.78114038940144,2.1069946721696047,0.6046404209149078,6.348132243662506,kappa_f,7.965757074066286e-05
TMPV,2026-08-17,20,16,0.0012542308559679901,10,4.647784979107342,3.3924980908063453,0.07208348611281888,0.7121702856815066,2.874636683180823,1.4572668921452507,0.9378839296905093,1.2931937138796192,6.496154471275286,1.7267094021637384,1.8331430279596392,6.248977305518429,kappa_s;kappa_f,9.708859990414996e-05
TMPV,2026-08-18,20,15,0.00045251673729816943,6,3.0065346539638007,5.646772718885742,1.2046574837138162,6.710702873268384,0.2069762190617186,0.4638112468432742,1.7359359851809586e-06,1.083974753241835,2.923483136252064,1.6965275980551087,0.5760849435799638,5.215755026169522,kappa_f,2.6256315060733037e-05
TMPV,2026-08-19,20,15,0.0010177661743210086,9,4.720716093902779,7.706847004988354,2.303871117388264,2.754437153247183,3.4104110272420165,0.48691770501490494,8.796918591460102,0.7226790280774533,3.0210280227154893,3.4193445470808506,0.6303969624222914,8.765731177799386,kappa_f,2.198520138908832e-05
TMPV,2026-08-20,20,16,0.0023024915055544436,13,4.79556381793725,6.614216402241809,3.149847357500584,1.8612018714078866,2.506441617619929,0.015659870923334478,11.68398274869108,0.880992894284242,2.538701684573417,2.794967953816249,0.33301247363326403,9.591964627015368,kappa_f,7.074996221097902e-05
TMPV,2026-08-21,20,15,0.0006565492985640737,8,4.31693051858277,4.6724667098625945,3.343279204803565,4.440445023586364,2.3202237248183,0.13394271499488358,6.861378967215614e-07,0.8394550832947765,2.8809422892494965,2.5861630722049664,0.25639714853816364,6.2486892476006695,kappa_f,4.2524940730783475e-05
TMPV,2026-08-24,19,16,0.0007659397926757216,12,4.285488185696743,5.592326958672746,1.2516503229436047,2.81373682619585,2.26158299888038,0.644223866441862,8.273266716909331,0.40591401413419537,1.7656770636894201,1.4894700892679045,0.8346179345062397,6.178034495113076,,3.8548783995005645e-06
TMPV,2026-08-26,17,15,0.0006687168932355004,4,4.541757060592618,7.18362308732905,7.646705656672933,2.971022501393755,2.3198559827443797,0.42030312661231917,2.991826649062321,1.1069936218635368,0.8312685411096576,2.647132034249748,0.6528712586903574,7.395092493493795,theta_s,2.886374242997195e-05
TMPV,2026-08-27,18,15,0.0016404186296733575,8,6.511578231338527,1.2055470253956346,6.16059855671498,3.208279441707141,0.6017533922916163,0.0024011789269824373,8.543906092192504,14.078306435076541,1.1970188381919504,2.433880824908363,0.5545916269188037,8.851544525413239,theta_s;kappa_f,3.067174631081514e-05
TMPV,2026-08-28,18,15,0.0011843723619347592,8,5.659028044996996,12.322637346843607,2.8471646189866213,6.626434779747159,2.605763869356032,0.3312067665477326,10.431036402040327,2.216135515630376,2.8575407652789675,2.7718399354884653,0.5282545415632383,8.441236288527739,,5.824275521652627e-05
TMPV,2026-08-31,19,15,0.0014320304836520693,4,3.581808513378034,6.253364340306851,5.292968589912348,1.7490635835313553,2.3732863443135757,0.3155277519688996,4.793261055783381,0.6975887359325454,0.5450542324825522,2.5940250625208177,0.7513991531689161,6.309687097823994,kappa_f,0.00013701356796485685
TMPV,2026-09-01,20,15,0.002535817357175525,11,5.871372543574339,6.3996988796944345,3.742703392449536,6.064813693945333,2.520415483181081,0.020732244284342616,8.81524228849442,3.623900782901422,2.186064595517057,2.544728161869182,0.5914366849370125,9.204330341053419,theta_s,0.00016299359266007483
TMPV,2026-09-02,18,16,0.0012374704844657642,12,5.114584244883396,6.620030930628117,2.9471707605206996,2.1117893998781376,3.063284356925956,0.9813206833557604,12.484801618096201,2.4536648585123144,3.5906871050919134,2.228751676586217,0.9057872438308745,9.181348811266597,kappa_f,9.932098445613268e-05
TMPV,2026-09-03,20,16,0.0011056529128393694,9,5.81616127893952,8.78967883110863,2.3166398865944817,6.731017686625114,2.940965276001032,0.22706485700972576,6.650463850845414,1.5056833311930147,1.9900719551869956,2.5804481959047574,0.2376659511320499,7.933773848675381,theta_s,0.00010971127990140345
TMPV,2026-09-04,19,16,0.001567762273677602,9,4.491776350500768,7.009000903785626,4.068737221341371,2.918697286112984,2.0768328066773334,0.3365862666817772,2.0225487801843447,1.444278917363248,3.293870604922787,4.988238860079355,0.7067983367293911,8.09401135612372,theta_s;kappa_f,0.00015292977699902892
TMPV,2026-09-07,19,15,0.0028088134692320827,11,4.286743587954505,5.537815815777343,0.8989010763146958,3.795565652378955,1.7968520071425025,0.04525407573801829,2.553222232035779,0.9101589209286591,4.089514752059579,1.5206695685577873,0.4584929313433658,7.002943291789046,kappa_s;kappa_f,0.0002050099137265969
TMPV,2026-09-08,20,16,0.0008187268849922199,12,4.264991933806238,3.553066033270694,2.527355242304152,5.686160800364564,2.638992479650571,0.3482530245735671,1.0097879705739388e-06,1.514232791347626,4.88870952164592,2.8244735786992097,0.5477193589146034,6.8348689958253654,kappa_f,4.37707483882169e-05
TMPV,2026-09-09,20,16,0.0015623941085038254,8,4.297353181940446,8.220178745802155,4.232396361001278,1.2896953537138225,0.10523862578469112,0.9243944997908591,1.383731884629924e-07,0.7536988462135477,3.7514700787780386,0.21323202561069504,1.860528377453114,7.850403528341012,kappa_f,3.268051929386376e-05
TMPV,2026-09-10,20,16,0.000959032858479713,7,4.9751969090678445,10.45898831963677,1.4967877781281036,5.72980500596179,3.5130449522930736,0.4907482125315248,7.915483201551213,1.1907046088480304,3.6372814444790693,2.891992513614471,0.8194805470842914,7.568757288606538,kappa_s,3.092391976043359e-05
TMPV,2026-09-11,19,16,0.0006449001393243418,6,4.143627983544293,1.3802373683035896,0.7050233180454708,2.3419137387396747,4.377219049640649,0.44943141731782676,12.322618035334958,0.6081150158197219,2.952656856798142,2.8958087611201093,0.6373584383014642,5.458506318527574,kappa_f,5.4364834285233776e-05
TMPV,2026-09-15,20,16,0.0029146013219477442,12,5.146693135922901,2.699522333709437,2.0462974432650274,6.977035738720793,3.8249382155397993,0.5583139398138861,4.72602732785886,1.9534328348274608,3.9102441301008324,2.115401694281726,0.9291821954656567,9.930885201548563,kappa_s;kappa_f,0.00011332096074518965
TMPV,2026-09-16,20,16,0.0021172691321019784,10,5.316028254334701,6.3204241500452545,3.653262735082054,6.159432409934433,2.250363944296139,0.7045014479453329,10.454328547568217,0.9651438283199215,4.655195008719221,2.190439412301932,1.0497353665391143,8.570798176659462,kappa_f,0.00010112852816815529
TMPV,2026-09-17,20,16,0.0012954484724441253,10,5.0461897645944225,9.59890020910986,1.9935369694077965,1.695208557469335,2.4230952399144092,0.6282291513830853,7.069434010131298,1.150704299432381,3.796635758803853,3.104507072416314,0.7825326421168822,10.252614976180514,kappa_f,7.978465926291689e-05
TMPV,2026-09-18,20,15,0.001511766691574722,8,3.598808311399126,5.249322733423968,2.7172044551695893,1.3474559987645445,0.07170349864257486,0.0012535087567433685,4.472252667220289e-05,0.598660284732046,2.75694606336398,1.5220176957796454,0.06716418250867418,6.667886686379677,kappa_f,2.7699248376265688e-05
TMPV,2026-09-21,20,15,0.0011464032121757469,7,4.089926336036318,3.329093782601694,1.370124639865296,5.261277622452608,2.6380629326167355,0.8167907529231171,6.256013800903949,1.4844052498804223,3.2383141157175968,2.4395928152974116,1.365566070757646,7.502556075498634,kappa_f,0.0001061016661444605
TMPV,2026-09-22,20,15,0.001327808583471683,12,4.607808186162142,1.7976037959499536e-05,1.4804229427748186,4.353779366289379,2.534847688668367,0.6606766680320617,5.641607543584387,1.2979399546499317,3.5458771256082287,2.05252815998268,0.8381048860231307,10.289307319075647,kappa_f,0.0001157309071844611
TMPV,2026-09-23,20,16,0.0006638995470808704,7,3.8742606251919707,7.99737784375063,4.301958642935505,2.819375601088563,4.540823844596391,0.11367288093541594,3.494422351479898e-07,1.2935382085117735,3.282441406136945,1.3549336699962629,0.1266969059720091,6.528379064714773,kappa_f,3.61315553696974e-05
TMPV,2026-09-24,19,16,0.001099991006423317,9,3.837718390074887,0.5499620695881777,1.6122928457204178,1.2806380514225033,1.7798718180730568,0.2130826964349139,6.2453808731205775,1.1641268030226528,2.7054353507768707,0.6049710044088183,0.2635068482112033,5.280996304766819,kappa_s;kappa_f,9.337773548072337e-05
TMPV,2026-09-25,19,14,0.000860204788324715,7,4.9508365871924935,7.959089250543961,6.497784821599787,1.6478717706411725,4.637158879478687,0.017527753486308122,6.8357247264968315,1.1168050279790753,1.4944806239912918,2.8160828018083865,0.10737447401565625,9.299270000462247,kappa_f,3.3361994206185784e-05
BSE,2026-07-01,18,16,0.001283990210449567,13,5.868654714356143,3.170348963698789,3.2247909637894705,7.960720842583029,3.1486680316397146,1.4214249979844396,11.843084971860959,3.657816308927936,5.312728863094659,3.376377203960339,1.6395827691051093,11.136158225221045,kappa_s;kappa_f,9.9841303008314e-05
BSE,2026-07-08,20,15,0.004200784224385796,15,6.498393548006444,4.958188760721881,7.2859428414318295,1.3696348821279811,3.037683252730029,1.8971904167982072,4.131762921510825,4.479275870312319,3.5193357639235985,1.898980096999386,2.722056597304265,10.455809546621776,kappa_f,5.864550059900015e-05
BSE,2026-07-15,19,15,0.001273651624831669,14,6.502313615428236,7.4980815735827235,7.423174921064506,4.1308088677054355,3.2490098792532374,2.363317887273682,4.121554250420065,4.02415227565831,4.2329951415569,1.7911695992083585,3.070510787817539,9.440964800985112,theta_s;kappa_f,6.620125812148978e-05
BSE,2026-07-22,20,15,0.0012469765061107246,9,6.908616334900005,4.989714827323478,7.423231527436698,10.394904090831954,3.098315776368189,0.7082208671139769,12.422763584193182,5.57147836095694,1.4301831434807584,2.3820444739954016,0.9590100849408798,9.709174235164118,kappa_s;kappa_f,9.532613122848659e-05
BSE,2026-07-29,15,16,0.0006807010671099925,11,5.312838522184629,3.031849093559913e-06,1.1261652960497317,6.019577681321751,3.883088453263043,0.8255721194870599,6.502174467344334,1.4141910226130987,4.177468778477311,1.0220961578187582,1.7340703361816612,7.49966486400009,kappa_s,5.26240343582371e-05
BSE,2026-07-02,18,15,0.0015806721368746524,11,5.703847998777188,8.63396373133793,3.739364136146337,8.467110485353832,4.858330316503725,1.2878768985456244,0.9128386559559929,2.2000452137313875,2.6455605696453004,2.4316530230914353,1.6188733376043196,8.02583875621996,,0.00015032629684338808
BSE,2026-07-03,19,16,0.0010818059303545212,4,5.617670737288118,2.9280847502110934,5.040612702117356,6.028457826931851,3.2418077363604585,2.648835571222752,12.26247406625123,2.295062497314261,1.493744523765237,5.054171110965436,4.4644550208945155,6.328134755658428,kappa_s;kappa_f,7.53805302509381e-05
BSE,2026-07-06,20,16,0.0009922109488083631,10,4.5729140173550995,2.3502088289177205,5.368811867822925,2.2374775198822574,3.761078271751351,0.08016316920120972,2.6258426544245594e-09,1.221136230322677,2.9846606149742883,1.0510451737134405,1.1326153976617777,8.987766303561722,kappa_s;kappa_f,9.189759806024376e-05
BSE,2026-07-07,20,16,0.0025277468469721573,7,8.651103007362549,6.35563644916972,6.64463951700455,3.1172485904776512,1.2272792557477323,0.7017329544962614,16.20285147825378,11.585877480016869,2.030027624572174,2.9534612074161686,1.329326997055838,10.354037862670543,theta_s;kappa_f,0.0002468459160621891
BSE,2026-07-09,20,16,0.001291971863568341,9,4.997870515202251,5.732393564114366,1.9474997571303887,6.95745013754424,2.492975873951913,1.2512285957014941,5.200294042220417,2.9195606916677255,2.0107787937359225,2.711755122742542,2.1656868049155165,8.521540659050133,,5.56338337050486e-05
BSE,2026-07-10,19,16,0.0007163294517007068,8,4.232455713233519,2.2466851632430007e-06,2.7310030144500512,5.201009848393134,2.922412562815908,1.517385760617684,10.19242201896977,1.0474165977667618,5.694348743773752,2.826004408592234,2.1516085579542485,6.782419888408611,kappa_f,6.84932285268308e-05
BSE,2026-07-13,19,15,0.0011423971948876829,14,6.4848060809418735,7.233862592093192,5.3792801032735,2.2222889747221886,2.5543303974906633,1.3538250935779186,12.206622454411523,3.0820834461489346,6.501607972216016,2.831416102843131,1.7626267680782712,9.847059542444795,kappa_f,4.5698142634561546e-05
BSE,2026-07-14,19,15,0.002366660417421855,14,6.471370726996337,12.11960016358725,2.8866770054156183,5.9662045048054395,2.889661418790615,1.7835243947017676,4.148730306227445,5.278502570415695,4.0662345585026936,2.22782073299883,2.1970580230971297,9.560929762724289,theta_s;kappa_f,0.00018707196174896088
BSE,2026-07-16,19,13,0.0014616891802686387,11,4.848089671130149,5.461552258978486e-05,4.666807036783399,6.04314091896838,2.009771743656075,1.0832259811649474,5.078811905885239,2.663960666320578,5.803202451431903,2.270639190445169,1.55857947212242,9.836930615552417,kappa_s;kappa_f,5.690103707495578e-05
BSE,2026-07-17,20,14,0.0010626475160151647,8,4.24591227058067,2.999686030737445,0.0758957164757546,0.4897875014854588,3.2331055607899,0.002181769731260245,2.7351203257808265e-07,0.5766056839555183,3.1338154304064716,0.011687040322573339,0.020139655177793925,9.812888745950735,,5.4569749816639956e-05
BSE,2026-07-20,20,15,0.0007943250184890242,11,6.344544572613456,6.199691394493742,6.460475216511741,7.64680596933886,1.3441401998937095,1.7106290542217448,7.338593846348225,5.056833571373659,3.9542351941699874,2.5040477771264387,2.123130432349297,9.064247606660643,kappa_s;kappa_f,7.453223452142711e-05
BSE,2026-07-21,20,14,0.0007087267242946355,7,4.512701742680756,9.384450159188873e-07,3.2771543962495997,4.577032101744392,2.9337287804691705,0.9967249297887167,8.817084324641936,2.8642300952959667,1.3299395649694077,4.01219875997036,1.3557599376910603,6.422151215099657,kappa_s;kappa_f,5.8166793806834296e-05
BSE,2026-07-23,20,16,0.0005355304656982508,9,4.226818690321607,1.8802785906046893e-06,1.8190047273624184,2.993144144749513,2.834442222304953,0.6388515857457446,2.4818510073743028e-06,2.580997242839674,3.061879167468816,3.0045660651870456,0.7886789797614675,9.573855836695001,kappa_s;kappa_f,5.165306188713401e-05
BSE,2026-07-24,20,16,0.0006304828266066844,10,5.003796426331853,0.062065283734661136,3.0029699503051406,7.745696280261878,2.7239521916547176,0.8144213766481879,1.5190119567601799,2.731994801150055,4.021968996408852,1.297712173750361,1.086325192352674,7.858849131212741,kappa_f,4.8149709432972914e-05
BSE,2026-07-27,20,15,0.0008884700609197488,12,5.826457065384496,5.889367089016471,6.069834331813584,7.708916224496982,1.6996371645340838,0.0003241615446621524,4.555498006831495,3.7862305833618284,4.110722823180131,2.289743479543784,0.9148995038169438,10.509579068725799,theta_s,6.292900017313807e-05
BSE,2026-07-30,19,16,0.0012466520111935621,11,4.590292688548735,0.8972758064462241,0.8587494643073037,2.371554473334099,3.255010248878168,1.4258588641195846,9.516818264730148,1.216548225897246,3.570999364700983,2.1769131411962364,2.138426387010126,7.359114624771536,kappa_s;kappa_f,4.960261513376114e-05
BSE,2026-07-31,19,15,0.003953384773758785,11,5.185770024643353,8.552876641587659e-05,0.9000121668304671,6.196893271495468,2.4337487669871987,2.270278312495383,9.056539726152831,0.8404903636610409,3.0678765252214686,3.097996928422843,2.9203499479408492,8.391499463551114,kappa_s;kappa_f,8.708716782875742e-05
BSE,2026-08-03,19,15,0.0026131583748697155,14,4.5467789115351485,8.1265911079185,0.2942327922902879,2.965844399969228,2.080915395712568,0.033229550460898594,0.3871956486018844,0.0888390976906286,0.2803191901364368,1.3873221329145071,2.4076650293860675,7.733689425420138,kappa_f,0.00011888558136905966
BSE,2026-08-04,18,14,0.0009657240852409551,14,3.3130663697019496,3.9420412499628217,0.7395586996378618,1.5032000933797,3.0639347767077294,2.158941037770041,4.085747026039144e-06,0.7869934214286385,1.7418773116115105,0.35111901262557677,3.5220535401934416,7.141857360392026,kappa_s;kappa_f,4.5967007153409974e-05
BSE,2026-08-05,19,15,0.0007966062362156372,2,1.728440696901332,5.4581112705834585,0.2833741545351766,0.011334900375907786,0.025616523719024453,5.218438621358909e-05,4.2814667722268496e-07,0.027029329891197218,0.04602778978798305,0.005798808245264686,0.011198940010106462,1.728440696901332,kappa_f,5.5958264791192494e-08
BSE,2026-08-06,18,16,0.0009002420266968185,9,5.505010436537234,6.13127919244044,1.5260921164116679,3.708582923913445,2.9410450259349923,2.6276551613925494,6.8396052176621875,1.9065482674119183,6.112368614193221,2.66648004487342,4.006902723595945,8.080394530878776,kappa_f,3.539613381630942e-05
BSE,2026-08-07,17,15,0.0005835666297175681,6,4.248752810646464,8.581531135179722,2.189252172404352,6.585046796930971,5.682130206104419,1.64382452494971,3.6942739711776085e-06,1.6386020420133023,4.591475667280233,1.654707987462628,2.250853611714049,7.505874476888296,kappa_s;kappa_f,4.3655378558877795e-05
BSE,2026-08-10,20,15,0.0038147391508358236,9,7.406868495144712,4.7412076718041565,7.073700861376255,14.466997739020805,2.816790613592996,0.42265585595164046,7.106749994850367,1.660482849202264,2.651122085907202,2.3417829808653456,0.5379321785591906,9.289397135162924,theta_s;kappa_f,0.00033930725054791234
BSE,2026-08-11,20,14,0.0025095317509618137,11,4.117757620818214,3.817485070599835,0.16192650300471173,1.462710142664742,2.6571643579354935,2.2928856428960116,12.046428985283185,1.353019002228946,1.3141871959954898,2.6209401507529346,2.846357583967338,5.7881002036050235,kappa_f,0.0001802239421317478
BSE,2026-08-12,20,15,0.0006523400603946917,5,4.1003194685725575,8.363556577155514,3.1609435260306222,4.520936611050042,6.331377204900539,0.46147919792215986,2.2946874267404382e-07,0.9122301144674718,2.147096563154263,0.2979943647369636,0.6976527329517239,5.499329973230338,kappa_f,5.523452051610985e-05
BSE,2026-08-13,18,15,0.000503734517685697,4,2.4141045508875223,5.032219038074832,0.004331916404512891,0.07369826353473474,3.477455294822498,0.0006349349493932565,4.073099191259644e-09,0.0023754596810121598,0.006839105262095302,0.00022480683782283295,0.0006630420588193964,3.868279257594885,kappa_f,3.035118006805039e-07
BSE,2026-08-14,18,14,0.0012084667092795744,12,5.294321980909607,5.577617539876152,3.3469796904154325,9.204344998244114,2.0428417102513254,1.0192432474023745,7.5531515335569566e-06,1.5789949490605513,5.579771423763026,2.5624799068659456,1.377306670282197,8.16811465409696,kappa_s;kappa_f,0.00011682935129717011
BSE,2026-08-17,20,14,0.001738160410276314,11,3.907042358093685,3.8770645027742763,0.14385476594456142,0.8937009940227774,1.4309624244371038,1.231348957331121,7.276929405221523,0.544710316172441,1.8808187803599459,2.526247745154997,1.8169595318843508,5.418435831004778,kappa_f,0.0001082144365687843
BSE,2026-08-18,20,16,0.0006184680799345522,6,3.4933215685214893,6.9851908635591755,2.2519318282847482,3.734749667056278,0.20680484220038053,0.2652692183153699,1.178081504349393e-06,0.8426464034099892,2.453419172276618,0.39742614298935586,0.36280493136543246,5.3406557603507565,kappa_s;kappa_f,4.9998382528802245e-05
BSE,2026-08-19,20,15,0.0007089670093685349,7,4.76135983899187,5.350714729571981,1.3713514735758205,5.735400303784015,3.5780497054903186,0.7030771012242154,2.45353355410316e-08,0.9082208421814104,4.7982343800794665,0.8093262609035367,0.9245071967307765,6.5736561460394665,kappa_f,5.005466231297129e-05
BSE,2026-08-20,20,16,0.0007669483852121552,11,4.860508417869843,2.7738648320507764e-06,1.7950461563360658,4.933490623640433,2.4775258928775363,2.2501312439798604,11.704948080301513,2.075744837600883,5.375402702173982,2.859586812500073,2.9747999854821723,8.286665555803097,kappa_f,6.228468094710124e-05
BSE,2026-08-21,19,16,0.0005496771017666523,8,6.3311961706064555,9.252281388232799,3.6728540727678585,3.6202848570175377,2.99049253582262,1.1957190671019657,11.37089647408758,5.2968372018719005,5.584759452941612,3.1339541220400764,1.4409479551785864,9.65074666676382,kappa_f,5.19326619394145e-05
BSE,2026-08-24,20,16,0.0006727919073900734,12,4.671795197935976,1.5834842557141862,2.923818520076224,5.383133863221504,2.017737143757518,1.083247946624586,4.557441422079018,1.129942149833154,4.524399852040219,3.4791094999640784,1.395862219946391,8.2401508800936,kappa_f,4.518366769878251e-05
BSE,2026-08-26,17,15,0.0009565360860631049,1,0.0,,,,,,,,,,,0.0,theta_s;kappa_f,0.0
BSE,2026-08-27,17,16,0.0005830740703478225,5,5.964654127971761,7.6536260433153025,3.985542095287646,3.731592941864613,4.413186811568086,1.225371874562927,3.3879994137717997,2.687166946575936,1.0246611465639943,2.919922154877308,1.9220843717670117,7.003066644805701,theta_s,5.807720210860559e-05
BSE,2026-08-28,17,16,0.0005040596343567017,2,3.1900689855594564,3.9603042709543588,8.313134962992763,0.7220452311324141,0.06709884518454023,0.02525415742653843,3.909066040970849,0.0041810983448644645,1.0730775258950143,0.06872588467138163,0.09826359172247434,3.1900689855594564,theta_s,2.52443892596833e-06
BSE,2026-08-31,20,16,0.003699781889938603,10,7.048368127928073,4.630045368307301,5.049350791104132,1.960207908904291,3.504250420913055,1.134784090363601,12.470641675387476,3.3245983468045868,2.5691855331857694,2.4398230234948763,1.4121086182917257,9.646825944281478,theta_s;kappa_f,0.0003407523248497935
BSE,2026-09-01,19,15,0.0011368019521390588,11,6.2422304883870545,10.294673811615311,3.206199719648003,6.26034681926895,2.400023683619247,0.9616161848062622,4.02062288150254,3.825396236699931,3.917066516411956,2.7887187935326705,1.1535900723661483,10.114808124512452,kappa_s,0.00010618648643938582
BSE,2026-09-02,18,16,0.0012146201700512836,9,4.741473274064627,8.45195732880392,3.0444807803239984,6.680233080569178,3.2585571777250038,0.43881699380503203,2.8403734982109405,2.9232308753275236,1.4221794313714793,1.7944651701347758,0.5422655065661218,7.597705006827445,,9.921605035415493e-05
BSE,2026-09-03,20,15,0.0023926875416785216,11,5.67513803253981,5.31723556096996,4.028713117963471,6.738489745668426,3.305197626844895,0.18183384274367276,9.084820191723455,2.7283403577016063,0.7283423239205566,2.5585529401300615,0.62756223605607,10.19459845876331,kappa_f,0.00021174822656298874
BSE,2026-09-04,18,16,0.0004606042865789819,10,4.877512850075746,11.259244731268021,0.046661218280445206,0.2162842341062982,3.1101510170376745,0.0005830634351934277,5.601440350589156,0.12851212194157613,2.213375269065839,0.02531467561777273,0.02163468967779547,8.032574792019938,kappa_s,2.965570863464192e-05
BSE,2026-09-07,20,15,0.0010097839715163387,13,4.272435027227981,0.000387260492335173,0.9747008520415971,5.1774321103405,2.7252675652607063,1.1888515031470335,7.430397087762519,1.4877005471070364,4.96602256805288,3.001537649084197,1.8034091250671946,7.670036840885277,,2.8027685725486723e-05
BSE,2026-09-08,19,15,0.001861407688808976,9,2.639734300630167,3.422010161947127,0.2599977384237463,2.1027396220098997,1.7489016194695206,1.4622262705032147,0.004482218335093213,0.31688211661383714,1.0895213412891567,1.772300054541011,1.8541527343893993,4.287277904602064,,7.932334626517892e-08
BSE,2026-09-09,20,16,0.0011968544064735217,13,5.317569368828816,5.604236770189512,1.4961124767892997,7.338854642205851,3.159843720078178,0.940956887022191,4.889062115021156,1.7546882574944764,5.609899585192046,2.806904408028042,1.292686909485987,8.245268159105324,,9.535229523924228e-05
BSE,2026-09-10,20,16,0.002411139894977509,8,5.065199976698037,4.426360229099227,4.491070859706209,3.767701175618855,2.5857796649816676,1.4247068694471687,9.236440491913301,0.31036864240424955,2.4495903040897304,3.688683290747634,2.0988067120734364,7.808417711070466,kappa_f,0.00020921691229577573
BSE,2026-09-11,20,14,0.003555553037582035,12,5.332874399082028,6.365530686294972,0.04508624093707399,0.21287989423667164,1.343725437749179,2.298007336980448,6.908373048184965,0.4696486245871407,1.2820180361895228,1.0089102612688,2.4057409648043646,8.387627756559342,theta_s;kappa_f,0.00027731263887846623
BSE,2026-09-15,19,16,0.0031825349317944843,14,5.667980654262965,1.2402951747168727,2.0293432752314984,9.2246082230795,2.0968760801035877,1.4685279468197878,5.0949468215302005,1.652482550665174,4.102527063838301,2.352321415239416,1.840645179943571,9.25398858628219,kappa_s,3.865535642902417e-05
BSE,2026-09-16,20,15,0.001292348846339923,12,4.652874161979637,5.465259109271869e-06,2.2779618970658695,5.334307492081027,1.5458916381219225,1.4854733948105243,6.8517762123602814,1.2292338162161054,4.68589419560661,2.719147454973526,2.0844975202009928,9.397367649127057,kappa_s;kappa_f,0.0001071743695002954
BSE,2026-09-17,20,15,0.0026641768665528953,11,4.691317373889038,7.313523101242527,0.000937528671368276,0.20475037296551998,0.958794321043658,0.6169181957570417,0.3363591127254404,0.027766713013923194,0.24034907981584475,1.142224431225166,0.27366937410551806,8.928548256308881,kappa_s;kappa_f,5.315028236235362e-05
BSE,2026-09-18,20,15,0.000687835008549656,6,4.162265386398843,3.030414674753956e-08,2.483103605829162,10.676822911589007,5.098954388359614,1.120306595844956,0.5645737091390224,2.279545010689269,4.691004381229888,2.5030624114644984,1.468589869575717,5.0800357690762405,kappa_s;kappa_f,2.780001334290222e-05
BSE,2026-09-21,20,16,0.000531559879095345,7,3.4980959103547997,8.668446917703601,1.1209891366555358,6.431356468983648,2.8944198802973617,0.29722523035973036,7.554815510957269e-07,0.6256672816497924,1.401462721068162,0.23056267019793442,0.4244453175169798,5.834620604934836,kappa_f,5.2269974314204915e-05
BSE,2026-09-22,20,15,0.0006946913368094488,2,0.9351438372526932,6.1518408784877465e-06,1.1219505201321667,1.5507714903066958,0.6290426697326783,0.9792989377363847,1.8421530967316357e-10,0.15273924462184674,0.37646755979567814,1.3156123072440038,1.3530191593292762,0.9351438372526932,kappa_s;kappa_f,6.626316060697704e-05
BSE,2026-09-23,20,15,0.0006716501948049328,6,4.8821152219652655,7.9835934544763045,2.4393561341134844,10.548679850184147,5.656319083068233,0.8008685460537539,1.18274812166419e-09,1.9529572104814554,3.5816668675205943,1.3555794952613716,0.9638621129302978,6.6311204793678575,kappa_s;kappa_f,4.384230755325239e-05
BSE,2026-09-24,20,15,0.0007258196788753962,8,5.937513913751003,2.9114981163758102e-06,3.495463930994151,12.574443308091315,2.8001156850212756,0.9204142649375562,1.1388103052590566,2.6948723790470024,4.240812534950949,2.12856661216874,1.153327992677204,10.26033104687631,kappa_s;kappa_f,6.3447384032264e-05
BSE,2026-09-25,20,14,0.0008862060835891653,5,6.245948095683802,7.525617395472166,5.817200706180787,14.96883621828535,5.464527356655502,5.6386597429261334e-05,1.6582554813737715e-06,2.5996650665508536,4.116405083704521,1.81503727376837,0.09785088354503435,7.801147214818846,kappa_f,8.296688229032768e-06
JIOFIN,2026-07-01,16,15,0.0010125590648826376,10,4.408654517275618,3.885661310723523,1.9992423912625303,5.022260679020587,0.1307669729624905,0.3632862121089273,2.5114094959054123,0.9714155397622626,1.722663850536235,1.1686639946733703,0.3588609031668426,7.876595485159542,kappa_s;kappa_f,9.845614136651313e-05
JIOFIN,2026-07-08,20,16,0.0006898342069361448,8,3.0765675938296866,3.506603530641449,1.262102085595754,0.6423920186973575,3.1556783461426905,0.9707952628625232,5.147696238694266e-05,1.031294992366361,2.1640085084623157,1.4855364473381885,1.8002307691074648,6.174040195731479,kappa_s;kappa_f,1.0039674646961116e-05
JIOFIN,2026-07-15,19,16,0.0018175014929292035,11,4.169987849700596,9.48739836239781,1.4911045134357295,4.641725831224496,3.391702875458578,0.5244040176116946,1.11034573844616,1.066447440472368,2.893508451143332,1.7566502359776304,0.6906959072824215,6.6308729171391185,kappa_s;kappa_f,6.182388765334093e-05
JIOFIN,2026-07-22,20,16,0.0008025349999415178,3,3.0320185048826853,7.443418326147366e-09,1.5558563493366093,5.523432479349471,6.188425077527905,0.38995894015032173,5.319880642673525e-07,0.9113512571051325,3.528868225333551,1.3391519300860826,0.46570726895732095,4.209208277491787,kappa_s;kappa_f,5.2130206013976444e-05
JIOFIN,2026-07-29,18,16,0.0011704658627643145,10,2.6796090095797185,4.209824449930011e-06,0.8539250706182326,1.8459159429303744,2.5398321539192263,0.5684045480460861,4.049575876475286,0.7668365349647774,1.9442985764578369,1.9239224668339348,0.8063983562146217,6.427067582778997,,5.8992614226230974e-05
JIOFIN,2026-07-02,16,16,0.0005481852633283449,9,4.192592848214475,4.508860998964677,1.7571569790821397,4.44026830879288,2.5706682613067358,0.6492444479328761,6.247955756844886,0.6115708153783928,3.23007974105208,3.410734219287127,0.9569977036341011,6.784142561863326,kappa_f,9.525336567172814e-06
JIOFIN,2026-07-03,17,16,0.0005374887626713591,3,3.07347373984881,1.0281812734547202e-08,1.914607216556332,5.370727625560994,4.562049861242138,1.457283500175517,1.5576659188339939,1.9241574095459901,2.0436532404605363,4.929362582113895,1.898431252540381,3.0839192963374384,kappa_s,7.760714992681916e-06
JIOFIN,2026-07-06,19,13,0.0008545175223534188,3,5.242697650467177,6.395372851274033,2.6624207691285307,5.846054915444073,4.299208132225219,1.6127240584800293,12.493658820725617,1.931591922340005,0.5967597078898388,4.632350700998088,2.5681497725125872,5.524363491685791,kappa_f,6.650102527035466e-05
JIOFIN,2026-07-07,19,16,0.0007594980498419126,11,5.232641804543819,6.146816970431672,2.166226962234353,5.841532374206487,2.4117577496602696,0.7448366966512974,13.949168895710235,1.5344378618700798,5.004893592616969,2.749116203357807,1.3131349001545143,8.519086206773482,kappa_s;kappa_f,5.3551452750699334e-05
JIOFIN,2026-07-09,19,15,0.0010890466245920892,13,3.867129929803326,5.634192812647401,2.9123510912508963,1.6717947840070295,2.871337269322388,0.14991532208573854,9.843973529655159e-05,0.9160299974477385,2.00038394314367,1.5475855673569243,0.8329927425683621,7.865955971687769,kappa_f,4.846901273986904e-05
JIOFIN,2026-07-10,20,15,0.001259948899925422,12,5.604894545666805,1.2803046483705174,1.7950166320717968,7.869492643110221,1.8768325881154642,1.1993436230472607,12.073750311213901,2.2703096021747164,4.33505625467753,3.413706993407576,1.6797824413899765,9.659479994604814,kappa_s;kappa_f,0.00011599290911297531
JIOFIN,2026-07-13,20,16,0.0016333712719022253,9,3.830854614311016,3.042227482448409,1.0729663284023006,4.531378361486176,3.4821364276361715,0.643890849233836,7.463184026335057e-08,1.057253925877494,3.458273236657108,2.1001222463859657,0.7420170151820922,7.17200511262049,kappa_s;kappa_f,0.00015860444448002973
JIOFIN,2026-07-14,20,14,0.0013454598198310531,11,4.823241652561215,1.453178995802773e-06,1.9449795321754237,3.6370087945983647,1.8370043749834033,1.1469077906702059,11.438945390223271,1.0075831816868472,4.948885086506396,2.5073291809568268,1.9176327095223948,7.4977769365721345,kappa_s;kappa_f,5.7354631490059375e-05
JIOFIN,2026-07-16,20,16,0.0009641582108721889,7,5.007056426413369,2.3200281198398898e-06,0.9249793469636386,4.363060953410234,2.7269033818049855,1.3672372261873675,11.845827203865511,0.7409186681694876,2.8518025306530115,2.3464264596189093,1.8588455872432104,6.382519342725705,kappa_s;kappa_f,9.36910357514385e-05
JIOFIN,2026-07-17,20,16,0.0024112317602144415,15,6.643484744874506,9.37650691303404,6.06997655122459,1.8726133337166186,3.0966152461912473,1.5737258250976045,11.860595963061957,4.104370455675744,2.910665778460901,2.3084870858430775,2.1689235117627343,9.899774661038439,kappa_f,0.00023838648653551125
JIOFIN,2026-07-20,20,16,0.0008217527211175626,7,5.3733229829497215,2.5297802854583837,1.095569553590317,1.0325483368129427,4.707238888352582,0.0015205408216982636,2.50511525479169e-06,0.3759589381230962,2.510647180166362,0.14166332495206008,0.04129616392852764,6.594765243471506,kappa_f,5.762951655678629e-05
JIOFIN,2026-07-21,20,14,0.0009396993290403062,12,5.621811828543926,6.165170505729321,5.6872017565083075,3.8146858343015513,1.6294282132389504,0.33721288044235775,10.813312463869536,0.8281851399778899,2.7404355916012646,5.904121297716051,0.5649089292729581,9.78344853061524,theta_s;kappa_f,7.147095439617279e-05
JIOFIN,2026-07-23,20,15,0.0010934144241583137,9,5.037318601175276,4.389014335221953,2.7619913187307605,3.1541430832758097,2.520755350300452,0.6878254516258179,11.90381606717562,3.755422369372682,3.0527120729925943,1.739730146855803,0.9936765442251672,9.128950347552124,kappa_s;kappa_f,7.955374116404334e-05
JIOFIN,2026-07-24,20,15,0.003469797966289089,14,6.870342068567919,6.862069971295002,4.226724846271848,4.602757604363092,2.7198277481127144,0.7422015698356285,9.814623015153897,3.3903896547424015,5.3702739539261195,2.4533155670479956,0.9451809177522263,10.766908187827289,kappa_s;kappa_f,0.00015996472849338092
JIOFIN,2026-07-27,19,15,0.0006542612140232046,7,5.452591318900046,8.784713463254626,1.0601287534792876,4.678917781293424,3.259781607813539,0.44329954810064076,4.434479643876099,1.7194181229184933,4.0595421482414915,2.821645864581525,0.21010063597658268,6.5083127707034665,kappa_f,5.897822090604747e-05
JIOFIN,2026-07-30,20,15,0.0013230929741708728,9,4.365329156401911,2.348706080066167,1.7287134392845034,1.704141864055322,4.451400375186455,0.8955972426726161,6.247832397470951,0.7587450564976053,1.4882418142764555,2.6143049594800933,1.8295068266912349,6.124852226518498,kappa_f,6.147292949501386e-05
JIOFIN,2026-07-31,20,16,0.0007472332675818963,8,4.565301331504923,1.1138238296126701e-06,0.7932725124511137,2.3666331026727754,3.145979435712253,1.7352251963637233,7.535959764910652,1.201804432000832,6.422092363223424,3.0205324854653823,2.1823574166846056,5.832906187244178,kappa_f,7.010134836384497e-05
JIOFIN,2026-08-03,20,14,0.0019511612626475644,11,4.35088321524988,2.1140331014635194e-06,1.6956458794208689,5.318946750023473,2.967397237300986,0.8262934790641582,9.158367632312686,1.1234893365933423,1.6102778470795744,2.0079268848481955,1.2401455469966867,6.662544222176764,kappa_s;kappa_f,9.336921725629677e-05
JIOFIN,2026-08-04,20,14,0.002166007246641059,12,4.5591155418450775,2.2364406326897512,0.330835038393295,0.7286609704172075,3.322996708831951,0.24562053343252988,12.12687255839014,0.029188170641737676,0.38468647826397206,2.158752242057645,1.2759911100452426,6.511147961084689,kappa_s,3.9206879493835795e-05
JIOFIN,2026-08-05,20,16,0.0005573363578898646,6,3.3228068182880897,7.256987565807869,0.00031582344915562194,0.08492310578842516,6.71537236280344,0.00021277287049686585,0.02327152017677392,0.003058766139725666,0.0037080273468523828,0.002897607529219748,0.01029983698379544,5.294334376319708,,2.3833966296693174e-05
JIOFIN,2026-08-06,20,14,0.0012536417070512682,14,4.263123771807432,8.255433711923388e-05,0.7997095933313368,3.727719296855284,2.5312232449825234,0.7944132424948943,4.24081562446143,0.9745032962749366,3.6741009773875395,2.3488371888388917,1.3720568146228942,7.170991335183193,kappa_s;kappa_f,9.76441114811117e-05
JIOFIN,2026-08-07,19,16,0.0009685775208824593,10,4.587612585187956,7.470480584321116,0.5004153468330568,1.3945358348984283,2.389094533531088,0.9488908404726241,2.3221952357978903,1.090178128032795,1.5442585631175372,2.5306781614789347,1.6208082344926837,8.663765347214515,,5.147878149279884e-05
JIOFIN,2026-08-10,19,16,0.0008521307141689017,4,2.414776622499527,3.451596773283324,1.179941451635318,4.619090183219757,0.7177452956387165,0.4225988076459838,1.4505515189000562e-06,0.6583985595108998,1.5907331904404125,0.9621594391821087,0.47990369135826483,3.421513350730206,kappa_f,5.947656364436809e-05
JIOFIN,2026-08-11,20,15,0.0015227529514331105,7,4.518427744240032,9.100756686027523,1.1378078305478887,7.15800301307766,3.164131865483768,0.8470569515563676,3.0145801938651697,1.2567999028386585,2.7047012621995394,2.2003480082205,1.0706040963733443,6.516705071591799,kappa_s;kappa_f,0.00013902430258535842
JIOFIN,2026-08-12,20,16,0.002994285862244173,9,4.645491318912723,7.99107348874673,0.7905940190884968,3.647976130494388,3.6553720556651186,1.0261784890150942,5.0026333084380195,0.8766345605221584,3.667728736327214,1.7936374155737058,1.4491169266884834,6.923964041694757,,0.00015145206435402412
JIOFIN,2026-08-13,20,15,0.0027153801913740133,14,4.920200287202011,4.275949400778245e-06,1.9986663121476234,6.475173957041913,2.4127978184638588,1.2108751569415586,6.1405291080566275,0.8477190418825924,3.865231771792202,2.7841747466506406,1.5559154912305617,8.02236428864191,kappa_f,0.00014548627142724072
JIOFIN,2026-08-14,20,16,0.0018186139754227191,8,4.595536612811523,2.586386547420716e-05,1.205855950178288,6.619782810564331,2.9053938491365656,1.1382704129162098,9.888752516679935,1.405099994837908,4.501240600504096,2.681451754206142,1.564820620915444,7.180435239086302,kappa_s;kappa_f,0.00017855210054823684
JIOFIN,2026-08-17,20,15,0.00312898285829041,13,5.453860867271769,6.471313476154441,0.9676400434100669,2.97625565500557,2.85200249557726,0.5764872454115522,10.248176798126819,1.0856693693265913,5.831812890177655,2.718042792052458,0.9314221770121458,8.716386236764997,kappa_f,0.00030074986244397724
JIOFIN,2026-08-18,20,16,0.0011383329598680253,9,4.74733935459546,6.793886546198511,3.5371131176252706,0.7896837111378361,4.006705477977641,2.031329296210834,11.444849439348255,0.735220799098852,0.7103344804295144,4.89070033905286,2.849275995410843,6.260480399102757,kappa_f,8.077523404765468e-05
JIOFIN,2026-08-19,20,16,0.001015834966848926,10,4.591873429891395,4.119855389003302,0.6384890177282295,3.303391362817645,2.9273559881110565,0.676361204956495,3.824482457642098,1.075292163853199,3.482584457471493,2.5909750463677828,0.9253802713019625,8.250578538318825,kappa_f,6.811408406787265e-05
JIOFIN,2026-08-20,20,15,0.0011475351734371601,8,5.777210864166561,3.6096624215549866,1.7961198599212347,3.8841409668056897,2.8049208253691083,0.4520185826487778,11.822511803235814,1.210707212562421,5.7031144771828455,2.901508927703644,0.553007396304466,9.488376020602631,kappa_s;kappa_f,9.697365503978607e-05
JIOFIN,2026-08-21,19,13,0.0011895495229966764,6,6.728094923328836,2.6751743794297256,7.793719454211304,0.5530958967814524,3.3740456875024067,0.7938169859104997,15.398231067193521,11.621889267932223,2.6649761086382644,1.5507988365134666,0.8601436368367119,9.379654967244523,kappa_f,5.525764809835945e-05
JIOFIN,2026-08-24,20,16,0.0005562474886614701,10,4.105774861901595,4.2614804131597905,1.6278225284107295,0.7686830660030921,3.201152220472902,0.21176785158663936,4.332238446488466,0.5159566893562779,3.1633964704883635,2.7202889846318326,0.24849609695089891,7.01176482153093,kappa_f,5.109923861541723e-05
JIOFIN,2026-08-26,16,16,0.001952437453318778,10,6.524828425186566,7.194429557174176,3.4026889710698414,6.777095034502574,2.6073091392497827,0.4422024645348907,12.495919571767352,8.45857931548597,2.114568068060528,2.7311865878165262,0.5794846121318382,10.20234551603799,,0.00016377108878080048
JIOFIN,2026-08-27,17,16,0.0005308540357812011,7,5.698617874393411,13.384750141686975,2.818913445341725,4.264009828801554,2.3724496015256933,0.44570981592441095,6.837959859703522,3.481338161726601,3.1026743875987766,3.0443861719632785,0.5643351499523753,8.441461469018048,,2.258424120181327e-05
JIOFIN,2026-08-28,19,15,0.0013615389184321726,9,3.907607363243872,3.348104243450223e-05,0.9811780724451977,5.082738293451034,2.607915365316809,0.5006713165920622,4.103843983005122,0.9483914510007871,3.477231445803794,1.7465869604976287,0.45867043351132597,6.831388544798461,kappa_s;kappa_f,9.091800699882117e-05
JIOFIN,2026-08-31,19,16,0.0011456657826657056,9,5.7391496715903205,7.0642701593609605,1.5895977060097928,2.184153159923766,2.8721447058726106,0.537871451830596,10.366527463293684,1.2520553575089095,4.211187368017441,2.874411200746147,0.7861045759977169,7.152108852660543,kappa_f,7.701188986048205e-05
JIOFIN,2026-09-01,19,16,0.004328516928842558,12,5.449301587594816,7.396992622250478,1.2304401623333852,2.4015241471112203,2.704898944623669,0.7603780265813893,12.456640991507532,1.161824937030356,4.015307542608066,2.235152366962417,1.1623716238647965,9.18284387901666,kappa_s;kappa_f,0.00022483161528355673
JIOFIN,2026-09-02,19,16,0.001015628639175478,4,5.1741298518356995,7.217897860887212,1.321904163371908,5.4517722140727845,2.2224834758880387,0.6266893671485241,6.242277666399544,1.2839978785223285,4.773950391909114,2.3140305917469455,0.7409419844939912,7.635120584699531,kappa_f,2.40442369853211e-05
JIOFIN,2026-09-03,19,16,0.0016110226358056815,13,4.979761991546545,7.016672891890883,1.7478543639497044,2.3047906943720626,2.5230349108723127,0.5144868059358862,8.688279440739823,1.652803041893765,2.5679923484939655,2.70042356192515,0.7207456046136957,8.785282428385342,kappa_s;kappa_f,1.725800653816869e-05
JIOFIN,2026-09-04,19,15,0.0010210995998075488,9,0.27461544365628754,2.9726395158746755e-06,0.1775392412605563,0.8503296785825754,0.10084038957320696,0.0683385292732216,7.641464403462805e-06,0.09407501692046338,0.36285741243020597,0.06942318161058636,0.1373813662008383,5.579766164154961,kappa_s;kappa_f,2.138265118951368e-05
JIOFIN,2026-09-07,18,16,0.002439933259168531,14,4.664588177423315,5.86596758149119,4.385046233266065,4.409181446055806,3.078903262644744,0.748456827884473,0.06741680760509183,0.7558302196786746,2.7267902977540848,2.4443137969733604,1.1439682750507405,7.347179910921184,kappa_f,0.00012483641124686742
JIOFIN,2026-09-08,19,16,0.0017898209275218023,10,4.991810928484612,2.052509797267451,1.2693617671088582,7.596292272240328,3.2717483296867655,0.4442782336634531,4.723728361596888,0.9146005944059992,3.715630186885339,2.5858130432138293,0.4055957602985243,8.347321742913596,kappa_s;kappa_f,0.00016721117296848611
JIOFIN,2026-09-09,19,15,0.0014088818586295033,9,4.235335322154087,7.345750064964337,0.9923591143137016,4.604645161815796,1.516281577972277,0.5579677695952319,4.570188234506448,1.26317675447682,2.978649702174739,2.3191696071134933,0.7015871239776328,7.369377328177237,,0.00011568214648728344
JIOFIN,2026-09-10,20,14,0.002337234996912101,6,4.992389537225403,4.681697545417197,2.262479015847523,8.050615575694613,2.2387535975827992,0.4201003863736956,7.5939476661431105,1.5653894425372585,4.720294442742789,2.8041178809556113,0.6326293039151547,8.104377460571682,kappa_s;kappa_f,0.0002082631291351971
JIOFIN,2026-09-11,19,16,0.0015989691664274814,8,3.667076123002155,1.9789676810866474,1.8032480675926195,5.8129082886443015,3.46666538755576,0.003956356099175607,2.5674250103691065e-07,1.4054302955466365,4.3164858522848135,2.35505358515507,0.35583938580542496,5.177618328166519,kappa_f,0.000118594282487484
JIOFIN,2026-09-15,19,15,0.0031509402371278417,14,4.579566890701356,0.2860927745475239,2.0044624312385695,5.489859665759528,2.6428963148940516,0.8079759570579561,4.472783504795773,1.3342470491604186,4.206192655545854,1.9147670834504202,1.0382065256826327,10.319699218860908,kappa_s;kappa_f,0.0001831608149288162
JIOFIN,2026-09-16,19,13,0.0021597358931210522,11,4.413529218245295,3.607259416164414,3.0233760516669186,5.300781835283784,2.5882992942355356,0.5784905302993576,5.2464450526201745e-06,2.379803263648618,6.583528126862886,2.910927932130208,0.8641729537658234,10.346016310194972,kappa_f,7.996005013498255e-05
JIOFIN,2026-09-17,20,16,0.0013837751750585732,11,4.803232473834142,9.05350378532472,0.9620863140217537,3.9251400246923724,3.68578456238274,0.7545450142242138,4.285031954355505,1.5990749838365383,3.9369332662052345,0.8531701997785226,1.1326760990365974,7.24087267161488,kappa_f,5.403309246297563e-05
JIOFIN,2026-09-18,18,16,0.000617319451036015,3,4.7055774495447835,5.031926656064661,1.5314954153761668,2.878241610093861,4.788597231648074,0.3206983313795665,12.31505580905546,2.0616294074299173,1.0977205704849808,5.145804246085609,0.4458799499549802,4.967414622193076,kappa_s;kappa_f,3.962252781883368e-05
JIOFIN,2026-09-21,19,13,0.0006946195609473685,6,4.655187593172343,1.6264911195662535e-06,1.538417686288967,4.064445206853389,2.701629203548478,0.49363649223244477,10.732256893260178,1.2875308047408476,7.179562892774446,2.2725093654445416,0.5915918019520365,6.94306320576991,kappa_s;kappa_f,3.976290778617212e-05
JIOFIN,2026-09-22,19,16,0.0006126242394582041,6,4.656675777736508,8.008663257896842e-06,1.9254547825389807,5.274625968102654,2.3953733592884743,0.4092004746050237,11.332334317623229,1.5858003005862016,4.33197030169065,3.436347711846574,0.5478520256368609,7.096202218095599,kappa_f,5.149463632175659e-05
JIOFIN,2026-09-23,18,16,0.0007735803003584872,7,4.084229262351533,2.8495306433079666,2.1613401223755777,8.068357194389854,3.228413014546746,0.09041408812096377,0.9172704317200431,1.5696590339522163,2.8384258100150994,2.3693276713947333,0.1029775751768045,6.608873816773756,kappa_s;kappa_f,5.981397116274498e-05
JIOFIN,2026-09-24,19,14,0.0031765688179779287,11,5.10776841318896,6.059031573963049,2.2988251805984166,5.416603369859177,3.3489030696295528,1.1730533691442988,6.542944730642221,1.295069720787564,5.132638984990006,2.5137127907553123,1.5251919424772478,8.744342333228108,kappa_f,0.0002924761973575143
JIOFIN,2026-09-25,20,15,0.0011871303482150206,8,4.829710031478648,4.818992899675516,0.7752997666418531,4.737031425672566,4.125578007771962,0.12298580548103098,12.315198715989421,1.3498431791405063,4.172445730541209,2.2528089923695314,0.15569225943018505,6.80464984639556,kappa_s,8.466872580391999e-06
TATASTEEL,2026-07-01,17,14,0.002586741222119618,7,7.109733029031159,3.235592490874704,11.680714349987774,7.05732919556868,0.8160047639402959,0.3365396174901905,15.540315901881646,0.259486718200558,1.4597139482552663,2.993646909954872,0.9347285495890354,8.444951985976635,theta_s;kappa_f,0.0002147561423684742
TATASTEEL,2026-07-08,19,15,0.001336555032578584,11,4.193378438841801,2.9414339692397657,2.6129462588176278,3.1597686271669367,0.7362118400589184,0.3534935635890467,10.883116922329233,0.46932733049982156,2.3384894367312117,2.0003213546057412,0.7530205834120482,6.703439762392188,kappa_f,6.2842378774306e-05
TATASTEEL,2026-07-15,20,16,0.0008320350743917082,3,1.436877570813445,4.3365774198169085,1.6088253021118382,0.5884272578663019,0.03254163593032944,0.011199825133514488,2.0129580491357046e-07,0.01354170630706264,0.057029600515636325,0.060635676690902196,0.025288543844522504,2.5289387635124503,kappa_s;kappa_f,7.246694131281348e-08
TATASTEEL,2026-07-22,19,15,0.0009396377494982711,6,6.001111364040924,9.112976372369763,4.092314292998294,10.189937801982692,3.48166726089478,0.698158067027896,0.4910269044060045,3.100531309857723,1.7224253164426386,2.528115421419603,0.9274049764281556,8.16527853922464,kappa_f,6.465054504923955e-05
TATASTEEL,2026-07-29,16,16,0.00025213455822287,6,3.477341584136808,6.927417032910348,0.00698458254675697,0.49438528678740906,5.235788050075536,0.0008676490585878377,5.875261717164651,0.05275858529688149,1.9514432048044688,0.005992502809753608,0.27940730510564693,5.377795686931098,,1.499288478193795e-05
TATASTEEL,2026-07-02,16,15,0.0008159960409029887,5,1.143002949911824,0.0001199982361121954,0.28615993444135834,1.8525289964233762,0.3560130727942945,0.059143716793759314,4.38179270645378e-10,0.18126353759837643,1.0809219613930385,0.7876315443212349,0.030512144106892514,1.5736038449489314,kappa_s;kappa_f,1.3450235752236555e-05
TATASTEEL,2026-07-03,18,15,0.001110462869869195,9,4.7498619288374755,6.219150040576638,2.3661737263111187,6.027287764667868,2.795182232660422,0.6982851297122827,2.5168253341674207,2.6906105995570315,3.2625689391878745,2.1228348267382446,0.8984669533523035,7.971111909192663,,8.931798097669679e-05
TATASTEEL,2026-07-06,17,16,0.0003281473806559838,8,3.119548442482608,0.02428694627161576,1.0278411070360862,4.354748745815974,3.554474881059969,0.12285489703651362,2.942497200348929,1.1637590824817048,0.49480922498092106,0.5814426334029736,0.1319820117914765,5.711579180475681,kappa_s,1.848537156612243e-05
TATASTEEL,2026-07-07,19,12,0.0005903754954650018,5,5.50288626925823,8.812555012791032,3.0184712894354275,3.597194676289285,4.508700470981241,1.3148414294069273,1.9774068262654705,1.1433820013028566,2.0722357251805557,4.921206234002848,1.9372252986903578,7.2333198106382675,theta_s,1.179490234613442e-05
TATASTEEL,2026-07-09,18,14,0.001314245980767065,6,4.718022776498925,8.388062065247231,0.752901001092432,3.991866867767266,4.316539008781676,0.7611931416439155,10.16658577667988,0.7991363430639646,2.497428444021905,2.665317941714074,1.0331977245946085,6.446430166171057,kappa_s,7.225894615498938e-05
TATASTEEL,2026-07-10,20,16,0.0005011039619381439,7,2.0824188604801908,2.8061898185408314,0.6117329887015428,1.7145922194763883,0.4374969617399307,0.0006324372857345835,3.16276249634484e-08,0.13616209638936505,1.1964908760205226,0.2826526761946839,0.09500657396139367,5.466653214501271,kappa_f,3.600498616712503e-05
TATASTEEL,2026-07-13,20,16,0.0012036678925450872,15,5.201187123009131,7.698305194275196,2.687766564011005,4.123505029527291,2.444369212663382,0.8668774617008436,2.9312631975659533,0.8319775714662833,2.279579212435899,2.2350211883987887,1.2298208994109945,8.216632621157029,kappa_f,6.992151017038632e-05
TATASTEEL,2026-07-14,19,16,0.001600024763312494,11,3.5886555057153857,7.26611653437735,0.3588687503423355,2.9382769105855875,3.3738270276865783,1.3836059314209,1.9067077559977452,0.4337846388667171,1.6042819946074098,3.474229643483796,1.8026439236889074,7.434387089620932,kappa_f,0.00010082648196310445
TATASTEEL,2026-07-16,20,15,0.0013060966977839971,9,4.517045833022909,2.4034256038449016,2.0887950121594994,5.176178677890764,2.603554498913105,0.8583164217276662,3.700652142256609,1.979369000825438,3.804679459300765,1.9061435904221882,1.2483725639687369,7.651355932466583,kappa_f,3.3946707194161064e-05
TATASTEEL,2026-07-17,20,16,0.0023431141581902273,11,5.316224799263046,9.216438772505688,2.2599885883011446,6.2742016164556365,2.821491126291629,0.19774250639469368,10.986079806738715,0.9894769470605649,4.742492916753921,2.731077466859123,0.30240311219133464,8.337853550030276,kappa_s;kappa_f,0.00012147970213521788
TATASTEEL,2026-07-20,20,16,0.0008854285296725306,10,4.8133976575909365,7.813416264153501,1.6569309519071416,4.852627588430262,3.2687695054630495,0.4362763833172336,1.0608840546944798,0.6751332796829388,4.467535934497362,2.3122304410214944,0.6055239307780746,8.405379801867683,kappa_s,7.348567584125067e-05
TATASTEEL,2026-07-21,20,16,0.0005704418766581791,14,4.673632220128923,0.7300693676212049,1.481193674941893,4.128771392116475,4.811287523913352,0.16380192314564124,2.257609972729993,1.4091038284331474,3.092277472176729,1.9928859194606008,0.17944617979072075,7.396899633782824,kappa_f,2.382311894423507e-05
TATASTEEL,2026-07-23,19,16,0.000983553046252236,7,5.123724984326026,2.6437148563428927,3.2416536285380637,4.321973011375019,3.5308666717482513,0.1966744452396721,12.473768794985713,3.663268386101303,2.8776669537686534,1.9988876756729477,0.17322683559152652,9.745365350181343,kappa_s,2.812685443659554e-05
TATASTEEL,2026-07-24,19,14,0.0009822218265088023,8,5.478749964929993,7.211998777416545,5.246867196632367,2.197182843673249,3.1923534825345485,0.66556961688553,7.665302347042932,3.0159727836760974,2.082897147900428,1.984464131817131,0.8579439237457993,8.94510150776291,kappa_f,1.546391807575264e-05
TATASTEEL,2026-07-27,19,14,0.0008178870793422823,9,5.274172353773883,5.988848758797186,4.113907640321184,6.368430862024569,1.284642568307122,0.7888767462969499,11.179815113952607,1.4055340915365022,1.3985925680083802,1.5144492718407023,1.1678904944242134,9.991648627868486,kappa_s;kappa_f,5.602418568503495e-05
TATASTEEL,2026-07-30,19,16,0.001149786464331137,10,4.990762375044856,7.000846689551681,1.9818416248235147,4.9784290287003,2.9840302965710914,0.22263040233648715,11.234162685854585,0.34775837946199706,2.0667541065885375,2.110557533661983,0.2301203094085842,7.837949987083462,kappa_s;kappa_f,9.034547728122575e-05
TATASTEEL,2026-07-31,18,16,0.0027165833161958476,13,4.82198392678258,1.0643578965334866,1.522988744221653,5.455578137778019,1.2238557685957034,0.6435702281597724,6.470719664595003,1.5149846012245796,3.33552784142834,2.4558633759871524,0.7051424499919605,6.944701430130275,kappa_s;kappa_f,4.617049628953757e-05
TATASTEEL,2026-08-03,20,15,0.0010602153699278412,11,4.794037913184292,6.854831785705445,1.5985016506418612,1.5406082090376962,1.2046909539274933,0.5699565843634355,11.555606876395341,0.9908112076530288,2.9334639796642787,1.599564475275841,0.9157151091195844,10.163292699591414,kappa_f,3.964178244606734e-05
TATASTEEL,2026-08-04,18,15,0.0008727335916767777,12,4.388475546889008,1.7603832723481982,0.8054602551444964,3.8129746166360614,2.7258879110101617,0.4619700067182052,6.216432377191664,0.7976629156585939,3.6283125161528504,2.465968005013334,0.6457131069038815,7.1618531222280035,kappa_f,5.60653670276909e-05
TATASTEEL,2026-08-05,20,16,0.007178829398920117,16,5.702773032440088,7.629195652317248,2.7178249002585213,1.50922363644926,2.6942228310285667,1.0566938408996602,11.334662819383128,2.0557792940786124,0.6346241166701125,1.9900225818907133,1.0955263921833487,8.580561206362201,kappa_f,0.0004522385167727858
TATASTEEL,2026-08-06,18,16,0.0021521341627646832,12,5.0528436852104,7.884518451175541,2.107424142689192,4.0357094345515465,0.46727657753569285,0.7529462250530323,12.110809415467305,0.4950788590694408,1.616385488950552,1.7150427198338383,1.0137181823150283,7.735794520577936,kappa_s;kappa_f,4.052528919918112e-05
TATASTEEL,2026-08-07,20,15,0.0010186165070820011,13,4.180678309427289,5.553807857396013,0.9378231690096254,0.2985220398620566,3.8428665230286443,0.4148895120534962,7.769370210297666e-06,0.5965780228542562,3.105996446659601,1.3158595931720267,0.6217403373593013,6.894035084151423,kappa_f,7.856248993607664e-05
TATASTEEL,2026-08-10,20,15,0.0008919211763563719,12,4.652959770429906,6.056975707305311,1.5270534616223181,1.0369577207961904,3.2539194720443985,1.0100776977820498,12.482135877902296,0.495373520685173,2.1331412985821347,1.7730859680937276,1.4661329190662962,6.84318691200311,kappa_f,3.177738310500755e-05
TATASTEEL,2026-08-11,20,16,0.0007872365210477444,12,4.94339051222922,3.4472199117139066,1.2358825828203257,7.437419140971561,2.719835719468046,0.5107781975529013,4.844545886980287,1.11556276273582,3.900609147454602,2.568237594718731,0.5599681088902025,7.161476812946218,kappa_s;kappa_f,7.161386653853092e-05
TATASTEEL,2026-08-12,20,15,0.0006561557756946008,8,5.004100594446038,8.515277783409964,0.7731487285797802,4.143785999565395,3.3589606457920675,1.0948726467750112,11.993250717944587,0.9006376183650885,5.223876148733632,2.6994602721850365,1.6203706395643236,7.065764458586168,kappa_f,3.871378459171647e-05
TATASTEEL,2026-08-13,20,15,0.0016892554678072699,10,4.71584974231147,5.6228989431518475,1.1480160294821224,3.958427564269809,1.431346387848059,1.0075336430139414,12.112171434258663,0.5126672857155284,2.8368947345864735,1.578409230753726,1.3088065350674447,7.2456520499100066,kappa_f,1.946349406172724e-05
TATASTEEL,2026-08-14,20,14,0.0015908653887088421,10,5.810380720526349,9.51128970755633,2.0047954284362897,3.6647638714584234,2.7580073290220533,0.5428923745814557,3.8633555823015175,1.2520193927690049,4.578146932383572,2.377344245608292,0.6574781259596507,9.241246209707926,kappa_s;kappa_f,0.00013146045400989036
TATASTEEL,2026-08-17,20,16,0.0007839063572833933,11,4.198223173332588,4.84131676673624,0.7537102373263558,5.4014350489382466,3.256267190762075,0.517284896103195,0.05951954122867065,0.9312480945910523,4.119992161714673,2.3811222809771078,0.7414284587719551,7.509796543803472,kappa_s;kappa_f,7.285552864846889e-05
TATASTEEL,2026-08-18,20,15,0.0008825254223008076,8,4.766151592680976,6.1787737547445385,2.237982735518103,9.200354162875692,4.719667082077789,0.2520440198296924,4.3051071526431635,1.2538596687845356,2.9966662358343337,2.429560195390768,0.21910899570772158,6.392694587625891,kappa_f,5.697232818478357e-05
TATASTEEL,2026-08-19,20,15,0.0008141353850651651,15,3.617710515569827,5.089277695998572,1.0019465623709194,2.3058947422386313,2.651195570781261,0.31129234871909656,1.8341905203556053e-06,0.6087370262535601,2.7555088031162653,2.5855592522364486,0.4817603724262385,7.192466073785743,kappa_f,2.0496039876766224e-05
TATASTEEL,2026-08-20,20,16,0.0015746668745537944,10,6.039501138472524,12.581943857269266,2.473051836588198,1.9132790636122725,1.0558115518782119,0.735785227933533,16.002921511979952,2.349456466150974,2.3963620512181594,1.5464709163011245,0.9922189495601329,9.565247778257516,kappa_f,1.387610978402661e-05
TATASTEEL,2026-08-21,20,16,0.0009513699336560001,12,5.182719642818362,6.843166332413771,1.9932313451799946,2.4405463475247973,2.7288717075572397,0.01213360196520056,9.627206051821425,1.2080033287587433,2.488033952691894,2.4118236748090243,0.2312998152798203,8.836418548610887,kappa_f,9.318659237804244e-05
TATASTEEL,2026-08-24,20,14,0.0008429030431053649,9,3.7336859212725217,1.3338439090369532,0.6736149622413554,1.8476371650316468,2.350620144991842,0.4572704499366323,10.603409283376871,0.32804451435876375,1.9507912655219979,4.95523963851687,0.8606520267682483,4.936464970052355,kappa_f,7.118336933462706e-05
TATASTEEL,2026-08-26,17,15,0.0009482837441139972,7,4.844884351820622,10.321874326389086,2.1328314362292806,4.554168497069975,1.4842014902146088,0.2719846997234234,8.98067471073831,1.4962913249254701,1.125035362144847,2.8965971551255887,0.37495842927579837,7.083873216445474,,7.780512883117155e-05
TATASTEEL,2026-08-27,20,16,0.00229202555759214,9,6.183353309885026,2.915362403791126,7.092009262568136,4.561160996067804,1.1039756577303614,0.5307885690541907,8.312963632682802,9.498321501979454,2.0955381668518864,2.4836254072447543,0.5106317419152264,9.951511356212126,theta_s;kappa_f,0.00022685371793476454
TATASTEEL,2026-08-28,20,15,0.0019933539750679754,12,5.172562574768667,6.641447731165034,0.9385799002953327,3.247306123864359,2.432899896990186,0.3913436833236827,6.184769592074129,0.8106342994143151,3.068614241824296,1.2503523842905164,0.5617967258424423,8.666131321390827,,0.00017278336102643545
TATASTEEL,2026-08-31,19,15,0.0008378118078595372,3,4.370729335029263,4.666174189876273,1.2479994172862385,2.206048836872487,4.790822628837882,0.4038562608006381,10.518547932122695,0.8110849192321282,1.1068752245431366,4.792414410684319,0.7875001273545088,4.712402976477517,,7.034244182526868e-05
TATASTEEL,2026-09-01,18,16,0.0031119321198454213,16,4.9972332342957735,6.561302400391956,1.111666856099792,4.42132918980902,4.390367807331441,0.3403898257384535,11.413558210702988,0.70384399739615,1.1243785995272328,2.4767066715314376,0.4402935654890481,7.264603465600542,kappa_f,8.540332254273987e-05
TATASTEEL,2026-09-02,19,15,0.0012397799310167141,11,5.841109461502245,7.301405614212983,1.541880261399756,0.6752603464321929,2.6301335822667853,0.8332786833482853,8.889177939576502,2.1987461833239035,2.421977809696812,2.6573112039121645,0.9812963786929786,8.824716299105976,kappa_f,0.00011106087357576192
TATASTEEL,2026-09-03,19,16,0.001949419662000826,13,4.5061924426075475,7.7950326511719865,1.2823244610819922,1.9630320010208298,2.494454519715962,0.4478813969912039,7.708779325349704,0.5910305784541642,4.397953337475281,1.6270486618988156,0.9730318679563422,8.813711502073398,kappa_f,5.6599851376200935e-05
TATASTEEL,2026-09-04,18,15,0.0018364318079728801,9,5.115265776623003,9.163508323628424,2.0071415565353847,5.260206369026657,3.7307860850652346,0.24406300483331433,9.35859270492844,1.314124407338908,0.549304965870995,2.4442418144152804,0.4726457067374158,7.494947453241284,,8.517308991103849e-05
TATASTEEL,2026-09-07,19,15,0.0012926289948505963,9,4.643453235555268,7.886577799709471e-06,1.0196648419052556,4.632731658261383,2.9889961963372613,0.5732872642463317,6.650599776820155,0.8028672612941543,2.0616435486566256,2.6846275710021397,0.6902384409906326,6.780908357684019,kappa_s,0.00010785787077459007
TATASTEEL,2026-09-08,20,16,0.0025485191378697048,14,5.3650656747325405,6.394209140767838,2.3898418650040543,6.819158242656367,2.273313131997397,0.42217485176216163,3.7711575038170073,1.9730607479624869,1.9888248160716229,2.3108050340005013,0.5823320546479587,8.196031191118218,kappa_f,0.00011264301951739632
TATASTEEL,2026-09-09,19,16,0.00108296026271211,11,4.384143033114264,1.4199161753936096e-05,1.0525269130289923,1.314539593515759,0.5518876882561874,0.6551233027207448,8.299716496625331,0.6823520319797689,2.689694095193842,2.5483883915051573,0.8804279436434399,8.526965682083478,kappa_f,8.728894106266858e-05
TATASTEEL,2026-09-10,19,16,0.0014092273026325838,9,4.1456248591899065,2.2797010419850494e-05,0.6896984144261198,4.894698313544811,4.206776474829972,0.4695439714411176,4.329010806253644,0.7478122223623502,3.135051208415028,2.3459168117457256,0.7498529328794896,6.7965058829747935,kappa_s;kappa_f,0.00012129533474077156
TATASTEEL,2026-09-11,20,15,0.00043141590343993537,4,3.5976035447647905,7.698207176289612,1.8268119816666792,3.8359190304711284,0.6361497162351832,0.3735149127968428,4.0681078960112185,0.698403367589693,2.764125631561191,1.3879671886113134,0.5408808749064511,6.3545248326585755,kappa_f,4.072539337953183e-05
TATASTEEL,2026-09-15,18,16,0.0021352978237302225,13,4.69920573751857,1.9099799800959916,1.579610034971586,5.617134630002377,3.1369361709118007,0.8983685893798943,5.361821444151375,1.703765893578183,4.414145042556546,3.1191488406397276,1.2395754544039175,7.18485250567357,kappa_f,0.00019096347450353384
TATASTEEL,2026-09-16,19,16,0.0008706902657363035,7,4.330948075346567,4.226235105613388,4.02587112758121,7.168794114860277,2.8665618305195877,0.3403530124760254,1.8343143892707303e-08,1.5021793980683227,3.8882810058551005,1.865190019968636,0.4423711082535058,7.105780874026762,kappa_f,5.452556164974476e-05
TATASTEEL,2026-09-17,20,15,0.0027140221912298032,12,4.492948150921129,0.04625748218090742,0.9190353426963604,3.8676761215993807,3.03717846147371,0.7913069066703704,10.045410935975031,0.8663682725313016,2.995283366251082,2.460869774681891,1.0603469114119055,8.239678038417003,kappa_f,0.00014074945202142758
TATASTEEL,2026-09-18,20,15,0.0008776127509116857,11,4.244711291218991,3.258009730292457,1.195792387758488,6.500852152753871,3.801756101539635,1.085730806813619,1.9959347952180906e-08,1.3844993647610082,3.558177676235383,1.9251566924703631,1.5193470248316738,7.815039847331876,kappa_s;kappa_f,8.676894235264002e-05
TATASTEEL,2026-09-21,20,16,0.0011632787994817495,12,5.751262469743223,8.059152881524682,1.3634713705483819,5.0523037941332225,2.936976952960358,0.9265503341556909,5.401925447510026,1.365611639943059,4.578677803954999,2.5849413544270607,1.262467887104144,9.40337096523405,kappa_f,9.821323073201963e-05
TATASTEEL,2026-09-22,20,14,0.0017430487421795126,11,4.305805505376261,5.963565039843368,1.932256240900304,1.381636539783098,3.1522886829112355,0.7238193567922989,11.919446376500815,0.705566102062126,3.389391322262921,2.3135926933131508,0.8989326354026159,7.375146742926678,kappa_f,1.3031638158645222e-05
TATASTEEL,2026-09-23,20,15,0.0008442758374732169,7,4.908251041272776,2.849935520777437,1.9473668265954722,6.283424860435625,1.3743064896222945,0.41998280940690624,4.129109988459316,1.7344242692754148,4.432881615606178,3.0087492464924273,0.5017711716824287,7.376719959670225,kappa_f,5.8292711214063707e-05
TATASTEEL,2026-09-24,20,14,0.002366270076478501,9,3.8570705549993436,1.8120414770450566e-05,1.0666624884165141,2.3686242797465598,2.865054482643366,0.32677792670503353,1.3597577756344403,0.8181415225009069,1.4573406846173311,2.48430858152546,0.36923441955075004,7.226062304725089,kappa_s;kappa_f,6.805335037570522e-06
TATASTEEL,2026-09-25,19,16,0.0011164688904907818,12,4.8453957636916005,5.5765438160182,5.212260940627283,1.480961402126867,2.5827265949957265,0.3870210075896561,8.123193109524026,2.367083515260555,0.6775481753732497,2.851863764892278,0.32657387462992327,8.665512710442947,kappa_f,9.948252528225706e-05
ITC,2026-07-01,17,16,0.0008510078138392799,5,4.471315047076846,7.943337295809956,0.6741924169744106,2.5879976043952198,2.725698835081956,0.09764240941012722,7.645864760975092,0.7054780980128121,0.5273875764451508,0.8312704250695997,0.1133446130752469,6.405367339465902,,8.097921322015444e-05
ITC,2026-07-08,19,16,0.0009077318023069634,12,5.059858534012438,2.6638085734031427,1.8612381351182916,2.2451015494744437,2.5040582708908072,0.36319769832126686,12.453378954281625,0.4586716609380045,1.3401350639278866,2.63475310466153,0.5207446175448645,6.904610073953567,kappa_s;kappa_f,3.630222191317229e-05
ITC,2026-07-15,19,16,0.0007034382563209779,8,4.25173579879938,3.844450446333685,1.1864729487526897,4.395183436775629,3.23303166774263,0.565593526960342,0.49303886917582673,0.9249404183555291,5.029989570977813,3.255106816669603,0.7617402719355478,6.479650043384515,kappa_s;kappa_f,4.567716494948879e-05
ITC,2026-07-22,20,13,0.0008948355515784524,6,6.829898734538979,9.526906089870192,7.344052710762181,4.657411760468616,2.638982804475315,0.1653644559558456,8.26275021465652,3.343094260369323,2.055456750044087,2.7786493449473832,0.24008352160472624,9.60483792733031,kappa_s;kappa_f,3.9389332375857873e-05
ITC,2026-07-29,18,15,0.0008018183132134293,6,3.0657131617890974,7.290372652016737,0.3449672448127683,3.807202284552092,5.174576114078242,0.06902688675518433,5.274820580325468e-09,0.40522734187863174,1.5276155983581008,1.6956771638212491,0.10726594886467566,4.849412865096709,kappa_s;kappa_f,4.343589453290075e-05
ITC,2026-07-02,17,15,0.0007778856258748902,4,2.6508975640679004,2.9675253916394695e-06,0.6174066627444962,1.8322551450151332,2.2799759800995116,0.3138349639860935,6.247700091131275,0.48776073657028907,0.3009728662295694,3.0634465965511066,0.5410383841049754,4.719831334009097,kappa_s;kappa_f,2.7276528151280537e-05
ITC,2026-07-03,18,16,0.0013152601687724435,12,3.820100548046387,5.151173166240142e-06,0.6674202057480951,1.9706401896015877,1.9620616425525355,0.33074187661910376,8.47226665644148,0.4834309314401206,2.7030904864065484,3.28241490151508,0.4051820675243365,6.676789853739626,kappa_f,0.0001290190307375108
ITC,2026-07-06,17,15,0.0009053970841135057,8,4.0566644447805835,1.315124464440487e-06,0.5028607129762777,1.8405982750015117,0.6359224738187637,0.25688839217071285,6.72509906237639,0.46455416702820507,2.1371312896316352,0.9745477873045483,0.40593242787587946,5.183198979825401,kappa_f,5.7850098235512955e-05
ITC,2026-07-07,20,15,0.0009060344494153203,6,4.373984663351402,3.989939045823121e-07,0.7024007245617455,3.05891986768065,2.5637692924853033,0.20895845960411574,12.244627244797723,0.4587038265821769,1.3939256286575392,2.178748253933072,0.05491291548947446,4.852712941131314,kappa_s;kappa_f,8.076423582196708e-05
ITC,2026-07-09,19,15,0.001411232863282286,12,4.315474133747223,0.0028805006738661376,1.0560364672256992,5.92617912991202,2.65184771929288,0.3891013668220185,5.7422381694038904e-06,1.0302069953884843,3.927214002907439,3.073365946305006,0.45364135135547956,6.511664533024881,kappa_s;kappa_f,8.028830834622591e-05
ITC,2026-07-10,19,16,0.0007708714917854786,10,4.259235806292121,2.4759692580121193,0.7392235966765994,3.3414558486987556,3.465048113203283,0.1684421476042744,11.40115536012581,0.6884477046130626,3.1889161748534764,1.394249555605873,0.2541804299954019,6.545782691696767,kappa_s;kappa_f,6.19407421603602e-05
ITC,2026-07-13,19,16,0.0007094777770584299,15,4.3502386512453155,7.307505597805662,0.7382820936953977,4.660631126312428,3.1475002052780967,0.2601160622811836,3.6698073670713427,0.6628488636654791,3.1430000924064743,2.4157980665360768,0.39279230761340456,7.08819008107382,kappa_s;kappa_f,5.562568130927463e-05
ITC,2026-07-14,20,15,0.0018512362366524238,13,5.119806879990888,8.241327099567773,0.8328321697381738,5.013624905121586,1.7863563785127061,0.17443134537925664,6.00629790969076,0.8200489153652089,3.589194724218453,2.5992975531347584,0.3003624291503828,6.578841419429173,kappa_f,0.00012818030867256698
ITC,2026-07-16,20,14,0.0013274776440696317,12,4.443905364173968,3.155317822134407e-06,0.7435269851647517,3.320711090600774,3.030361258945443,0.3788683820150988,11.4468147424941,0.9041062418297818,3.1554762449558735,1.8228416669796914,0.532496520729715,10.396207830318717,kappa_f,7.776806041040083e-05
ITC,2026-07-17,19,16,0.0007812839593013071,10,5.121677283753468,9.68118322427204,1.4068471154172997,3.8243519506415335,2.63187838783281,0.26181757128256955,11.656478749315394,0.978905840336501,3.4996238708005905,2.923281558472607,0.3258346792571108,10.256558601776002,kappa_f,1.9679961176849903e-05
ITC,2026-07-20,20,16,0.0017619380273662369,11,4.6394304356490395,0.00016957066019074318,1.5335520622910277,8.387111918091392,4.763119652589213,0.2775309869541023,5.754051257438937,1.5058990826248493,1.0374217237765944,2.315133586382844,0.33869035418128857,7.350066539977242,kappa_s;kappa_f,2.3970233586951542e-05
ITC,2026-07-21,19,16,0.002162298536357559,14,5.709029522206422,7.379563607010795,2.3135118343342223,4.856678809612648,2.30538180389011,0.37879073707112426,10.415973947490258,1.3876985811090117,3.3525813614441593,2.625030072043533,0.5443824708382531,9.960467326877287,kappa_f,0.0001896322669972983
ITC,2026-07-23,20,14,0.00125909679327836,10,4.234108782598046,3.1555750033015695,2.1831441783134813,5.856492069936883,2.9900496810587693,0.4319358830606288,10.126212159138314,1.1320102822592863,3.0981334996142316,3.1987501300572556,0.5506285662545726,6.866639066413352,kappa_f,2.0015291830011075e-05
ITC,2026-07-24,19,16,0.0012600157241952842,13,4.0135348523221825,2.254033331513207,1.152052145622945,2.4854029161374562,2.7649120646785326,0.27492270057187357,8.592666364152409,0.78214365062563,2.7756593778750114,2.716580367965779,0.2830341802344821,9.345000959419371,kappa_f,0.00012059781773312368
ITC,2026-07-27,20,15,0.0010132548792252396,9,4.255467151549135,8.634869514523302e-06,1.4149214237557266,5.497821830376747,1.7650774079503844,0.4043557070299003,5.7502873893611195e-06,1.2399607444529868,4.544711222218972,2.626072250690889,0.7058743173755062,6.3475532700114226,kappa_s;kappa_f,8.740888358159458e-05
ITC,2026-07-30,19,15,0.0010309163921072685,12,4.253626602368204,7.168549487346354e-06,0.08406189597567051,1.4827947606481364,0.7610977194729691,0.8984451640352523,11.254170639419726,0.47310846085043723,2.3870118051303777,1.252742522174314,1.4759149592018361,6.230412638626872,kappa_s;kappa_f,3.070947845914759e-05
ITC,2026-07-31,19,15,0.0007082156870724338,10,3.3061726958407367,3.699806281303278,0.19043564194791843,2.3255074896400583,3.645359847997839,0.41893903914508807,2.69906874314265,0.42056941111463964,1.991350783444985,1.4030473231752016,0.6823029792426596,6.554393612689919,kappa_s;kappa_f,6.835218548185279e-05
ITC,2026-08-03,19,15,0.005577096733555925,14,5.093101571720288,6.56225125043287,2.715025105821679,3.2917864752324864,2.3837805375034704,0.042425909150376105,11.164805432745547,1.3389309056168146,3.543663915838536,2.1187964915224757,0.42852197507263123,10.173882990957638,kappa_f,0.0005485765126754145
ITC,2026-08-04,19,16,0.0009064919058998762,5,3.0958519442878902,4.928052618584356,0.9528087225036826,3.6227829656632413,0.81226901247734,0.09444053293355112,1.105520643918112e-06,0.19899307792048518,0.5792476886843736,1.2088880186643847,0.0586775601661475,5.779054144808562,kappa_s;kappa_f,8.319492411238652e-05
ITC,2026-08-05,18,16,0.000779870622994439,12,4.4405704051753245,2.1598390027577352e-06,0.605376554734703,2.2756827859241286,1.990109457274597,0.273558934830976,12.475097076565305,0.4395934341402598,2.75845225713592,2.9927949823528888,0.3589794899840074,6.276455277472841,kappa_s;kappa_f,6.097994603194382e-05
ITC,2026-08-06,18,14,0.0008410537206849494,5,3.8669825725401914,3.552597682698888e-06,0.46642731786435,4.06741588379394,0.7737984111172007,0.0013898137680054944,5.787716489680576,0.4901659806514843,1.319269604578546,1.687350211976089,0.13761726663982055,5.717570576645272,,4.172365510196033e-05
ITC,2026-08-07,18,16,0.0008493125273258774,10,2.3271500621657246,1.1077811308268792e-06,0.13480557534452953,0.5676120306378154,2.350795099296961,0.30242684022566513,6.01477610047354,0.12888078768830075,1.7104769727930402,3.7161297710609045,0.4336025896162775,4.601184078912282,kappa_s,3.973639479790201e-05
ITC,2026-08-10,19,16,0.0014691788699031803,14,4.537557490432052,3.856602610596838e-06,0.5438881623505495,2.6340431789733034,2.625143762854216,0.2847864010969372,6.399059336924568,0.4516550198340914,1.6870592813591838,2.5812617539429983,0.4299374720950774,9.444593044367439,kappa_s;kappa_f,0.00013907696367657595
ITC,2026-08-11,19,16,0.0017098501114793006,14,3.9111357118636847,4.7351591638476656,0.5209964091496623,2.6324029168941903,3.0311961334780246,0.31346679226093277,9.125069621644545,0.4229291873619898,2.069035337679898,1.9547448858994247,0.46170222827248,5.965665231554525,kappa_f,0.00011564465558218362
ITC,2026-08-12,20,16,0.001110715391365773,12,3.845097447425237,6.7238838866150115,0.5060349639957714,2.952660092089628,2.342016774729672,0.22839980485286682,3.076900465762076,0.45591564379698374,1.3402130525832203,1.870466085356926,0.2961880442871872,6.343547629460651,kappa_s,5.764841816312868e-05
ITC,2026-08-13,19,16,0.0006769416742715857,7,4.7880419124887785,0.963594086695986,0.6843861485640886,4.694747528803959,3.3436537419182533,0.24346879820010903,0.0008882431576688887,0.7613970557292844,4.984621772966828,2.750895095237947,0.3492689492701635,6.579090528475025,kappa_s;kappa_f,6.281379158490754e-05
ITC,2026-08-14,19,14,0.001308013682953483,6,4.272603830687692,4.763315531196826,0.9163762281983343,3.289199979590878,2.3506438663248663,0.4051323379297907,8.875087387654713,0.44109260924384786,3.856166550834147,0.9335050181573856,0.6239950559822803,8.88624877700593,kappa_s;kappa_f,0.0001302719940464831
ITC,2026-08-17,20,16,0.0007304979852601514,7,3.8669931367136776,3.5165851914652766,0.7214343505103754,2.652643564847577,3.0715718135549928,0.220678006971841,4.375580479276305,0.5516611289835665,1.5335474905338389,2.2739893298962173,0.24356460980278627,6.519657708930516,kappa_s;kappa_f,6.400135641594347e-05
ITC,2026-08-18,19,16,0.001671745229013422,9,5.561640383705573,7.948442811096131,2.0314827876537453,3.67263992687106,3.025323423495302,0.24791861317561256,8.321949258229731,1.0361230840152635,2.2354573077442055,1.9031289863925025,0.4175543307283934,9.418234137638422,kappa_s,0.00010870055413627461
ITC,2026-08-19,20,16,0.0009053827518224492,12,4.065972149348234,7.086609106957647,0.8543577112525345,1.421271585641509,2.914385294182614,0.23049573103583407,1.9523829845009821,0.45496265197880914,2.1236627681242313,2.3617895628090038,0.325503117423418,6.868352291893328,kappa_s;kappa_f,5.433913185712129e-05
ITC,2026-08-20,19,15,0.0008159432712613853,9,2.9827487349637045,3.3793310834611585,0.8190769457830931,1.435108063039987,4.856869276414709,0.10945027861950499,2.543194906223789e-06,0.10083269081046661,0.8354458165570322,2.4321050203961345,0.10966773868082785,4.398958093654474,kappa_s;kappa_f,5.999218206892941e-05
ITC,2026-08-21,19,15,0.0008398022273792783,11,4.411396828645176,8.105466975197444,0.8383657037043558,1.935471046147267,1.8068488286068924,0.24981543983114685,6.701726734473012,0.4242516855480948,2.1095348059248127,2.4084965543276113,0.3207999540416757,9.460059455745132,kappa_f,7.373490499867485e-05
ITC,2026-08-24,20,16,0.00109247986205167,10,3.1747701483417305,2.8437946954492386,0.7968042318771642,2.8490405335646276,3.1497895266685814,0.17741088700347662,1.1469424379129123e-06,0.38394155991366435,2.2384454217048364,2.480189653368238,0.5946281387152138,6.142037319093711,kappa_s;kappa_f,7.643120930721486e-05
ITC,2026-08-26,19,15,0.0006671638857480629,9,3.568260758072672,2.1416001310115007e-06,0.5787833088038655,4.072856642885016,2.089640498396746,0.12008775390572982,6.248014397161007,0.6476993856129345,2.0761948048389245,2.7398800449114016,0.17893863971583335,5.389941734923522,kappa_s;kappa_f,5.782986731611608e-05
ITC,2026-08-27,19,16,0.0006586767123998689,11,3.8705989242003915,7.695500119438468,0.6138235269927884,4.892094978582041,4.207382506350967,0.09456847697679632,5.1051869743195475,0.47539977969950786,1.185936780574535,2.1312720935072793,0.09771812245729788,6.036424850106258,kappa_f,3.173494390581999e-05
ITC,2026-08-28,18,15,0.0021291733411900834,10,4.003842975623817,8.232664951590305,0.7848401261952604,2.0403168964498732,2.718186870931223,0.14135606317518024,5.9910102901794975,0.3987058314412171,1.4222146269164035,2.9050512529110555,0.426160452425534,6.147893538476589,kappa_f,0.000148343405782399
ITC,2026-08-31,17,16,0.0014694606672785275,10,4.757894206363039,4.36660626252211,0.44921948989970795,1.5064000477740969,2.905343843236529,0.3381125837412865,12.403338102478223,0.4290121974827153,2.7309935639665257,2.2695082569628204,0.509609295271108,7.353141513554048,kappa_f,0.00013780051450038152
ITC,2026-09-01,20,14,0.0026728985323100497,11,4.771733005158525,3.2344302815307504,1.12978051755714,5.045297607396565,2.794146999878155,0.0009705998263303014,12.46896773747756,0.7246110962553918,1.7941288918172233,2.7230316291285934,0.3024262976527212,7.638857495731466,kappa_f,0.00025187159124281846
ITC,2026-09-02,20,14,0.0010080723483192008,9,4.963598292142704,7.819904159213265,0.44594245032854113,3.111357651701326,2.811413475172979,0.2185834707124465,6.2449552224958875,0.4417267207575313,2.4194513875785817,2.682615948069489,0.4169799359981994,6.439666601715656,,6.114868744923276e-05
ITC,2026-09-03,19,16,0.0014290286248102681,12,5.490193676801777,8.885698755906615,3.694331629958216,2.4005208952565162,1.1719777118114,0.35168670693213155,5.761613410327731,6.652250323689771,2.2171279110559676,2.3989046513858723,0.41032286140841234,10.012396214981697,,0.00012423574332418963
ITC,2026-09-04,18,16,0.0009939844678723741,9,2.7708584862906145,2.9357731712309487e-06,0.23404639874422772,0.9621879002888689,2.4343071325790655,0.13393213256966427,3.4649189470423867,0.33774082041518527,1.2508705659105015,2.4949179158259973,0.2339205501653187,5.054995311079592,kappa_s,4.455378092316177e-05
ITC,2026-09-07,19,14,0.0011281213725911586,12,4.5310648090390675,3.7659621110352326,0.496052704014718,3.058813884826817,2.3786050032596395,0.242661699921349,4.979064150891199,0.5544134777637975,2.484197751992367,2.645235564922231,0.31062120086800743,6.343890272589779,kappa_s;kappa_f,4.915879188937839e-05
ITC,2026-09-08,20,14,0.0015824099956836105,8,5.567959766385722,10.928701948845227,4.5920934364497565,3.318383920609497,1.5197797591039026,0.1523451075319405,11.170758116695463,1.6248301534260947,2.14595231092549,2.963263185197147,0.25103709584817835,9.196727795654967,kappa_f,0.00010173112977205387
ITC,2026-09-09,19,15,0.0017873462859247767,6,5.546785803394051,5.954248178267536,1.1771007382161418,2.6906589620212356,2.5230176197845595,0.25078362401907883,9.008402596677115,2.7533981266676406,1.5091343017502603,3.191042402008456,0.3533977806946317,9.765099400489582,kappa_f,0.00011440600416874657
ITC,2026-09-10,20,15,0.002623283988008904,13,5.2701685053914495,7.451867026365607,4.680394516234543,4.232465055255929,2.358272481366547,0.23082744288894258,12.46003712138013,1.9415404330967656,3.1793500623732864,2.061436269299217,0.23009608491121814,10.223116734730077,kappa_f,0.00024270927567569605
ITC,2026-09-11,20,15,0.0007095604596004445,9,5.5045098582171,14.68176449401831,0.9158167731330946,6.465239613939426,2.938491806477746,0.24168257232416798,3.3530522271276073,0.695510207801313,1.4034302659585967,2.8936766368065365,0.2812156633229125,6.26737879614817,kappa_s,5.328432856880304e-05
ITC,2026-09-15,18,14,0.0004954884093267898,3,3.823261637133546,7.538832538202374,0.7260318839228765,5.681790643993235,5.888877439694531,0.16832605047529195,2.7503693544872476e-07,0.7566727647985687,2.5483792619376713,2.4077359435797567,0.14756082068031362,5.241953378694694,kappa_s;kappa_f,4.68651070953494e-05
ITC,2026-09-16,19,16,0.002346490927286015,6,3.784922122403796,1.0342948258673559,1.386901095224858,5.731227427654085,2.8818795244257274,0.21249489130838026,3.2039487061309844,1.280687117021014,2.1839635284561245,2.7519007675374345,0.19964450339018475,6.863815792560348,,0.00017659993945510436
ITC,2026-09-17,19,15,0.0006360543214392798,7,2.823167618769125,1.3553140973954214e-06,0.5900951118316489,1.2666996089832994,4.453361285077811,0.09052599400043038,4.8808479321438085,0.35769920799808824,0.9199440536376127,2.7130059761045926,0.1360403662420656,4.7151623661500635,kappa_s;kappa_f,4.201697356368537e-05
ITC,2026-09-18,18,16,0.0006126771967233309,8,5.225862558561365,12.500552799334558,1.3504035818572913,5.8199883776412555,3.4782048016527742,0.17425042356507042,10.742209748212694,0.7080098976099294,2.7990784185193425,3.026119733667678,0.1577147461673316,7.115405658044361,kappa_f,2.4224781114842936e-05
ITC,2026-09-21,20,16,0.0004859467636098721,9,3.0981924982253943,1.2134980622058738,0.8996387114379176,4.87613461299973,3.301620666924637,0.14189612917366107,1.454764556345431,0.6941649251943914,1.6361472474845855,2.521716550525176,0.15169009951769258,6.669626189935248,kappa_s;kappa_f,4.470547410686127e-05
ITC,2026-09-22,18,16,0.0008915352223543007,11,3.644559204041125,2.0095545931658254,1.098955691874266,1.8225180570724993,2.9500223397765843,0.1307365241955213,11.217987080476558,0.5904695921241409,2.2578027286818854,2.4697422092708274,0.14883554185982178,6.183317035994459,kappa_f,6.232673374890628e-05
ITC,2026-09-23,19,14,0.00114775509601588,4,3.635016394043844,2.173674250393053,1.5068239544325697,2.55140773211734,2.665054038681768,0.11395067941030729,6.247903546782046,0.9281966508435702,2.2662921679249597,3.09316945761437,0.14592879956079607,4.962391091135932,kappa_s,3.16941189772448e-05
ITC,2026-09-24,20,16,0.0033583748437395226,14,5.33630827962441,7.839616429445358,1.6629559973694825,4.657675534296433,2.2945176126738995,0.17116252940091758,4.926065243252861,1.0290812562486147,3.5615151266918024,2.578583103435152,0.19628248488823172,9.781144751855011,kappa_s;kappa_f,0.00027396585857436236
ITC,2026-09-25,19,15,0.0007661152566260257,9,4.809918983397498,8.005597378653185,1.5066688095621772,5.449434719249609,4.760204137686529,0.06858264541848842,2.5499209310405098,7.564973000335089,0.7142607236426195,1.913833940136017,0.0818542328834149,8.457990077156003,kappa_s,5.7357734350173186e-05
COALINDIA,2026-07-01,18,14,0.0014840801234700107,10,3.8623251940817758,6.2704881014048475,0.8817196690195008,7.070416383556825,3.6212324906091093,0.4018118451677987,3.4737872862611407,0.7386037343625698,1.9715148399328957,1.8740023222240738,0.5833421361529432,6.591739783292193,kappa_s;kappa_f,0.0001411877420343841
COALINDIA,2026-07-08,20,16,0.0008892421019556592,9,4.0677059582239705,1.0457475099201474e-05,0.39380346138743694,1.2603380203196208,2.2458843369674155,0.5516224502722463,9.420717826422855,0.5104321281613691,3.7309198328417637,2.47093012796313,0.9578931667704637,5.936898823240665,,8.438642669762427e-05
COALINDIA,2026-07-15,19,15,0.0011894253070983784,7,4.208316077703093,4.775489103689207,1.2309329697669191,6.125429170516343,5.807870932520219,0.18839586095894542,3.9195277225566567,0.7549673911432633,1.646834502510493,1.8467839265669133,0.26899635674493605,6.334372378051867,kappa_s;kappa_f,4.26182787401396e-05
COALINDIA,2026-07-22,20,14,0.0014307311757608752,9,4.237423505665494,1.3456107076592616e-05,1.44254356074344,5.605592369446537,2.484925261063942,0.5076606948190063,1.1300733356885502,1.2243517879653565,3.1989054658650526,2.6649978305176365,0.6780165248029703,5.329691245259267,,9.542443418547857e-05
COALINDIA,2026-07-29,16,15,0.0008447325653967027,11,3.931307960470128,7.866430248526513e-06,0.6306559238589116,2.4818355060014747,4.788402401815786,0.2567892146297704,6.113149368330277,0.4261321536218414,1.7238496669655188,2.520079146922707,0.3423555090271058,6.40802021008231,kappa_s;kappa_f,5.015959259788247e-05
COALINDIA,2026-07-02,17,15,0.001368779447764318,9,4.316573437885481,1.2647743991811744,1.132401288390231,3.3342663980606226,2.0772402581501135,0.38871162135693293,6.238847918571771,1.129293316300494,2.2541297211132747,2.9898185573190528,0.47796022517712133,7.630339014539658,kappa_s;kappa_f,7.885503657515357e-05
COALINDIA,2026-07-03,18,15,0.0020683020082632574,14,4.575763776530182,5.724136832075366,1.4829531232047577,4.651654889442078,1.3944009473614905,0.26459324035019566,7.626257344989101,1.288173802511953,1.920374464377339,2.537076690568833,0.3431204406820413,9.649851193973374,kappa_s,0.00015624804307489944
COALINDIA,2026-07-06,17,15,0.0006857643537386708,2,2.4135550473760867,7.46220154820541,1.259404013160316,0.9426487333918665,0.21411672295948625,4.7250029516047284e-05,2.897786991695739e-06,0.057621207929434703,0.009621692556344819,0.20526639000689073,0.044153974314943945,2.4135550473760867,kappa_s;kappa_f,7.898647984373405e-06
COALINDIA,2026-07-07,20,16,0.0017609115032259704,11,5.887069591040147,7.528640020513237,3.668806347518914,1.1666277980129365,3.322978971170861,0.26353353013258457,10.958044179439074,1.215611566754141,4.5215089985637995,1.8105007254211285,0.4265417199892002,10.066084499146607,kappa_f,7.972097311429675e-05
COALINDIA,2026-07-09,18,16,0.0011571340071690704,10,3.6497422144166167,1.0247449002990674,1.002428641642227,3.942272804968419,2.5634731976068235,0.34340717591244035,3.7128954678250867,0.5931898221096333,2.0622679753423343,2.6238142052416964,0.6292941686719493,5.197648193149609,kappa_f,6.720260379637828e-05
COALINDIA,2026-07-10,19,16,0.0006300497188177812,2,2.891486405924086,8.735539141460837,2.336496088308488,0.23956411316895654,0.6327449394420936,0.23275019001309447,1.2866928074117823e-06,0.10422057833469933,0.4074889236679402,1.000039408321215,0.38621308891070094,2.891486405924086,kappa_f,2.171771671088821e-06
COALINDIA,2026-07-13,19,16,0.001651428971652181,12,4.932809845638193,7.834013628428751,0.5991654518965779,3.348835234982508,1.8719779833610348,0.6600510748145285,2.4702853654773205,0.8162036027022782,2.126401008656172,3.088441896781882,0.8300215066863115,6.718999723028202,kappa_f,0.00012210798773402282
COALINDIA,2026-07-14,20,16,0.00302836174335219,15,5.003731226654204,3.422641001044834,1.293754552885315,3.4554530953219995,3.356086846290883,0.4193168984259414,4.174724108964723,0.9253802296601241,1.6588128628449548,1.8259997937058585,0.612656202136578,9.1114007953802,kappa_f,7.712070916603749e-05
COALINDIA,2026-07-16,20,15,0.0014635243824293383,9,4.073964369928299,4.71935142758703,0.9606595300951015,3.821404419587373,3.3018558851737723,0.5076995849457399,7.0939882548775985,1.0672340715955362,3.4553184128666112,2.383817207628427,0.698539950259919,9.588827317569317,kappa_s;kappa_f,0.0001316484068177256
COALINDIA,2026-07-17,20,16,0.0006297907981162855,2,3.243013221260737,9.87459306693167,2.5595541309073195,1.0532347315855262,0.03199870352320611,0.008988617288474832,2.1700227357257518e-06,0.005385871561632061,0.02057875725411762,0.03775984013838807,0.012471395237878546,3.243013221260737,kappa_s;kappa_f,1.25504329327405e-06
COALINDIA,2026-07-20,20,16,0.0007531910370555346,11,4.011452203463042,1.724925655185702,1.0705779577455519,4.337498982285242,3.4255412349851007,0.5155068904490553,5.6591963435437265e-06,0.7532505757098318,3.5188910039699337,2.543083376929687,0.6556069124510279,6.487182864836871,kappa_s;kappa_f,4.568375171842419e-05
COALINDIA,2026-07-21,19,13,0.0013365111964177287,8,4.632085212029899,0.38554041045547116,1.1636021413171376,5.950752456023022,4.380887720620028,0.34174229829142844,7.804439161130269,0.7542789864872715,1.9095288834004442,2.5060294780621595,0.4061540479433983,6.32618026872108,kappa_f,5.9242977056475155e-05
COALINDIA,2026-07-23,19,16,0.0007959424868541523,7,3.7620816704964275,0.009507756487273866,1.2277733214719824,1.2621474921445301,2.253632729457655,0.2770770105901105,8.365566914608898,0.7251125796730437,1.6380390741725135,3.6322381413173703,0.3426193507882431,5.1617993520385115,kappa_s;kappa_f,6.6700477709909e-05
COALINDIA,2026-07-24,20,16,0.0006662734382500504,12,4.6401039273568045,3.9667616051891628,1.20563911042681,3.463487124579989,1.8398445143046105,0.5152382556781592,3.1721190795882066,0.699162851851846,3.347753492124125,2.3478312606659344,0.6665092483934562,6.98899180965325,kappa_s;kappa_f,3.4943050965836756e-05
COALINDIA,2026-07-27,20,16,0.001962927258958596,11,3.928143389687863,6.048144548962034,0.29639482967973063,2.014898760006066,2.7180046522004404,0.4942796727049254,7.642905540450329e-06,0.13451126392868243,1.5024951615097035,1.8888417126594104,1.2875060805721783,6.838017197081314,kappa_s;kappa_f,0.00016587230069509346
COALINDIA,2026-07-30,19,16,0.0008299739731406823,3,3.7501780456169653,10.495734319468413,1.8083543274638105,3.0286070546735333,4.612817779689439,0.4568614223835531,7.7112873539260685,1.4225270770025937,0.6179743783664939,4.856247920394416,0.8955308821859553,5.816983403981926,kappa_f,2.790422711388828e-05
COALINDIA,2026-07-31,17,15,0.00045162998118310416,5,3.296904889447098,1.6778533087347114e-06,0.3691796709541929,0.8111379240614118,0.8092935483910317,0.24105773575237305,7.768648416287773,0.1850299016695106,1.7110474698961453,0.9657685745466532,0.22651339296952178,4.913167591825114,kappa_s;kappa_f,2.5846506931268064e-05
COALINDIA,2026-08-03,19,16,0.001000386419951874,13,5.1427080007572545,8.282781050389598,1.2220816660952254,4.595947604766264,3.2166564170589473,0.16217323675456727,7.10030037623441,0.8468596757146091,3.636342054733666,2.820166031068658,0.4414647066444383,7.225573566118395,,5.13095280262534e-05
COALINDIA,2026-08-04,17,16,0.0009054828615436808,7,3.126921036295729,3.744602326021763,0.3512122090214096,1.1260313723530633,0.7917345599846368,0.020509618740166508,2.1208727371286518,0.16984666807610127,1.6741700287466887,1.0815460470629308,0.21539436439949222,5.182975694803338,kappa_s;kappa_f,7.265287334116792e-05
COALINDIA,2026-08-05,18,15,0.0003991416237856021,8,4.192008937592336,8.117708805541488,0.6310039582895732,5.392193878548391,4.174160038025535,0.4024689638906563,5.10162251541969,0.7129689554761339,1.2110766690408976,2.5316855423654334,0.4902932706837133,6.1621500295868055,kappa_s;kappa_f,3.730557425418577e-05
COALINDIA,2026-08-06,18,16,0.0006924492468956799,7,3.4078142843686354,1.995813331490126e-06,0.8018688072735963,5.985845726227348,3.608422871696919,0.3327856207866011,5.625607252260319,0.7647725119150074,2.0263735411768664,2.4157271194017707,0.37817884007080593,5.723717378566968,kappa_s;kappa_f,5.4999557018769346e-05
COALINDIA,2026-08-07,18,16,0.0005363571968589931,10,2.7220221609048916,1.2182832804796817e-06,0.6561414457113243,1.9974325107221667,2.503201731450517,0.21680395297535482,1.9772584746404727,0.5471059587145233,1.4811327290467866,2.5630304315169785,0.27900184639816816,6.238195174874391,kappa_s,3.524887073009153e-05
COALINDIA,2026-08-10,18,16,0.0009370766175131568,12,5.828997574550331,6.7467069048843005,0.9713186501878504,1.5634917841003073,1.8698097937252316,0.6346252893691702,10.54671673592513,1.3121651567452077,4.251460854789995,2.0684494337366157,0.8739341955661925,7.764146289960599,kappa_f,9.24234067721559e-05
COALINDIA,2026-08-11,20,15,0.0006413444145477455,7,4.613521427330953,3.814328084945503,0.5306420453045109,4.764651687283281,3.610580052200204,0.24724549471678603,0.7982883795960767,0.5164113283166095,3.18493787609282,1.4146702630222943,0.3258812362098734,7.282087154238654,kappa_f,3.4490511914609745e-05
COALINDIA,2026-08-12,18,15,0.0024285359249189564,12,4.31908001186706,1.6687398352033256e-05,0.8549118643021248,3.399548959324089,2.4762149607855433,0.35686503428285055,6.472535741142256,0.5428482853127379,2.747381455406619,2.374423407361168,0.5298718117804857,9.154874090864848,kappa_s;kappa_f,8.409103797261432e-05
COALINDIA,2026-08-13,18,16,0.0007575377637299747,5,4.089000847941904,6.392521153841813e-05,0.673221173520723,3.7380930250506506,4.069359777479903,0.2512488528339904,7.741834571076204,0.7406962549814078,2.138253222974251,1.5519636664556096,0.3738558977237125,5.9884268867796635,kappa_s;kappa_f,6.199135189953681e-05
COALINDIA,2026-08-14,18,15,0.0012616265531249903,8,4.681999902435966,7.823717741784133,1.7813685200880056,3.708465946171124,2.589114110661047,0.2290302684294486,9.280601538064056,0.5285306587836057,2.7345106440483393,2.544179058525251,0.20301832231046088,6.866076564616815,kappa_f,7.283305607063209e-05
COALINDIA,2026-08-17,20,15,0.0009450117505712927,10,6.107786062692247,7.964207518287811,1.7578002727031246,3.7210100954237983,1.291723665021654,0.2913629654713566,4.876891277200955,4.32103093264802,2.0496676993108256,3.048337479795311,0.3818146276228832,9.213385857744793,kappa_s;kappa_f,5.878313107297265e-05
COALINDIA,2026-08-18,20,16,0.0009481207969164738,12,3.87600824544168,5.088316983593632,0.6426866898401414,5.494024007735963,2.3152081944283274,0.3558557293427272,3.3032202182425863e-06,0.7755698675786676,3.474412640986473,2.7248820281821633,0.4819476297994456,6.834808093055069,kappa_s;kappa_f,2.8011534564655548e-05
COALINDIA,2026-08-19,19,16,0.0007548956996081133,13,4.573692433322018,6.6570193426479225,0.6020168965858439,4.258087189516543,2.9379016782660097,0.23169916690964426,10.302701052724508,0.6662068651256394,3.081540330488197,2.7901878224870003,0.280838678426773,7.869109164916582,kappa_f,6.529366513001596e-05
COALINDIA,2026-08-20,19,15,0.0005168970567097477,10,3.9939337369332226,3.4855202032191297,0.4779880830136274,3.492046054140305,1.817416339179266,0.30091811604420227,12.120392672356722,0.5756539588959662,2.364779975481758,2.4313011926880104,0.46595773539139745,6.1451047525750395,kappa_s;kappa_f,1.838614980922764e-05
COALINDIA,2026-08-21,20,15,0.0006076968474469344,10,3.5763752932503836,6.532348671875216,0.8852274669270535,2.470113466850812,1.7292807892093944,0.1468835881460604,2.8891149207613402,0.8587996760145375,2.316714169459525,1.6908739070677257,0.186170287652704,6.217278287875087,kappa_f,1.9798908299851798e-05
COALINDIA,2026-08-24,20,16,0.0010013899402925492,10,4.230485130389763,0.00011226326740398918,1.1602961241457095,2.0278586376371255,3.360439058872495,0.09083317115894021,7.653843110480215,0.8686405275785263,0.8007305850637003,0.3040346927095614,0.07848378442902365,6.96951327343756,kappa_s;kappa_f,4.683550580858995e-05
COALINDIA,2026-08-26,15,15,0.0007685025103968522,8,2.730733661618165,1.653347647234682e-06,0.39239522558715545,3.005086442812995,2.5650914219284116,0.18617445260807516,5.892749753341002,0.38539687939031886,2.3282288219278353,2.986317412693922,0.3114709004538023,5.241309861064586,kappa_s,5.946629523935064e-05
COALINDIA,2026-08-27,16,15,0.002077218076449614,9,4.001221239021952,1.5563086682490734e-05,0.3328263481941077,1.324758589910652,2.9164269612335065,0.14075698550676563,5.840501788604602,0.39930834744774946,1.8499292259836744,1.7495276498112513,0.2699613519084525,5.331343940561229,kappa_s;kappa_f,6.629829093366194e-05
COALINDIA,2026-08-28,18,16,0.0025168037371842535,13,5.685597642665503,5.670642111630723,1.588863546192636,3.1133490995284046,4.585600047804259,0.26139735128867075,6.738534305608837,0.7371731844325047,2.8145004393815203,2.2523867131218194,0.3593873620341174,9.333166380784805,kappa_f,0.0002192577310397622
COALINDIA,2026-08-31,19,15,0.002147415129901593,12,4.4441612964655715,5.510992897872335,0.8614284543451898,2.2098745935207473,0.5208554215421524,0.07523266139238169,9.847226782192815,0.5333227236047584,1.1022574238328486,0.7750347596117628,0.12334560295453145,6.818355947617865,kappa_s,0.00020928938496853284
COALINDIA,2026-09-01,19,16,0.002802094683887097,10,4.864797884598544,9.845172630514405,5.628576038853971,2.873051988509186,2.9501023043500636,0.02473871798389308,8.635369638668243,0.734781958008357,1.4914893401743168,3.0597466080444384,0.5317360317614572,7.132392443095753,kappa_f,0.00027185754640574435
COALINDIA,2026-09-02,18,15,0.0017897184105812058,14,4.509869533578325,0.14639584482521606,0.8389823183844664,2.8304031139029036,2.7565490294364863,0.35406903246999005,12.382867732959276,0.42305482990799315,2.44041254895157,2.6469206332252115,0.513062751614253,9.32401304102963,kappa_f,0.0001662521600081274
COALINDIA,2026-09-03,18,16,0.0021764636515411886,14,3.54144603061566,5.809256961818647,0.62496816633016,5.3382641187445286,2.9354594666136142,0.25560121167153815,4.2815519203075105,0.4508989435207126,1.3283932993456435,2.3852014797702266,0.3613741805168986,6.524507632059026,kappa_s,0.00017861026750175734
COALINDIA,2026-09-04,19,15,0.0003640866979869885,5,4.1918417543455675,9.501483701612138,0.7851357460319471,5.9585768486437125,0.8898181011064903,0.29595314301719183,0.9833705104944643,0.8097722078766343,1.5121276054873547,2.755485066795999,0.3757180724661824,5.161887252227263,kappa_s,2.359588081720656e-05
COALINDIA,2026-09-07,19,16,0.001000043738580492,10,4.968935876404366,8.403710430573067,0.6131032500370126,5.205192536460204,4.556835188347617,0.21827438495012516,4.561019656374089,0.6565473210889694,2.158999058331931,2.228723980802758,0.27613895643307906,9.02229172800586,kappa_s;kappa_f,8.9490754333333e-05
COALINDIA,2026-09-08,18,16,0.0007439073169384522,8,3.553193161994113,5.6377041701694e-07,0.5234175095891187,1.7501881944342057,2.6427636588793715,0.29017667751348164,4.518437418101537,0.5976396789416238,1.7487862527604707,2.7687642151578813,0.3771556870696647,6.565043989997128,kappa_s,5.1102681087398854e-05
COALINDIA,2026-09-09,19,16,0.002116227564917576,12,4.027428259380471,7.917650821198663e-06,0.6491383971539697,3.7272427885703303,2.995151058440375,0.3148106366394665,4.970375642757034,0.5007402741874885,1.9669717400497795,1.74335596695841,0.5016519051629057,6.358945256679391,kappa_s;kappa_f,0.00019024738238703019
COALINDIA,2026-09-10,19,16,0.0018192706735802825,11,4.669237672082711,7.189029009709252,1.3547011642396585,4.135161459684197,2.409225822697433,0.24449861584326088,5.368180941223306,1.1720503986709285,1.913547568496784,2.953445300282855,0.32352543345646206,9.647228044131232,kappa_s;kappa_f,0.00017746330550973545
COALINDIA,2026-09-11,20,15,0.002624872342601751,14,5.509465015330823,8.308334803410924,0.9675908754978152,2.350193260749774,2.406217761176967,0.27442755416392167,6.230419170643322,1.2683885259912027,2.4422318024454874,2.469158119324441,0.43773039522410784,9.292248709823534,kappa_s;kappa_f,0.00019078742814239826
COALINDIA,2026-09-15,18,16,0.0015138661544485982,13,4.071520644615573,3.615815818314161e-05,0.43161767742675017,2.4954188630385135,2.825750819804902,0.4721328269608268,7.54338569440247,0.1849480710507745,2.7580278665622573,2.8378794332878847,0.6624839806302556,6.432150246198857,kappa_s;kappa_f,0.00012214588008585482
COALINDIA,2026-09-16,19,13,0.0013576176651031691,11,4.366630919335896,1.3780184715983523e-05,1.0866421109983007,3.827510575455278,1.772956392903633,0.331725445281285,5.756852659457364,0.7730385630479878,1.9546555542511967,2.3489328871355903,0.5126161715975253,6.336396879285408,kappa_s;kappa_f,8.566246542144598e-05
COALINDIA,2026-09-17,18,15,0.0014134930209019011,8,3.4008788470504423,1.339472709324097,0.8688968101248982,6.131520100488512,4.908590702190236,0.17984905683721195,1.029090468129823e-05,0.6358403078566826,2.1936195177313498,2.2135603128408263,0.1392220993855379,6.591203372511319,kappa_s;kappa_f,6.376146098343942e-05
COALINDIA,2026-09-18,19,15,0.0008217537045958789,8,1.8502065681101127,4.627378185517728e-06,0.4559356492840923,1.443518790764931,0.48863363369046064,0.1787502290317775,3.5767018739377923,0.09297836097691142,0.42041137281600616,0.6709046282618454,0.2458360288700659,5.873955593299752,kappa_s;kappa_f,5.5392861051701105e-05
COALINDIA,2026-09-21,18,16,0.0012584527516697223,13,4.351303609393101,8.030331308724843,1.0378312153125364,4.470960907644828,2.486263718439548,0.2514671210891839,6.4154425596795,0.6984737985749588,2.7613459666641758,2.1609812226007747,0.3328749571069537,9.98815133182584,kappa_s;kappa_f,9.907219914518208e-05
COALINDIA,2026-09-22,19,16,0.0009507890615293107,10,4.135310397216354,6.422315386936319,0.8538084714280381,5.7801087555866575,3.0148362963172954,0.21894498157688302,1.9972364861014622,0.611929438974317,1.8581483110385815,1.9489785056134519,0.29437013644171617,6.951482919963592,kappa_s;kappa_f,7.542388544543087e-05
COALINDIA,2026-09-23,20,15,0.0016957081025431224,11,6.447125356802575,11.899388179455345,6.300894044433727,4.413935563862955,2.871861870740727,0.17128797131105902,4.53426872789557,6.135838726602296,1.4928305689816321,1.868418477351916,0.3014609690758118,9.029137386329827,kappa_f,0.00016093591221220255
COALINDIA,2026-09-24,18,14,0.0008502338777247685,8,6.290472293746437,4.748058521740477,11.33403873745915,3.920423296747485,2.677178716297107,0.12151108187746676,7.810045535868641,1.8033684496870925,4.054876573976166,2.2997692871542594,0.19061957412002783,9.490802061093351,theta_s,7.404774996703676e-05
COALINDIA,2026-09-25,19,15,0.00044074033431802597,7,6.369276429868504,10.97006678941992,2.7945352990900387,4.028098467537974,2.7683660320836445,0.03857242295555803,8.16755475499422,11.102878324070026,1.49281375820099,2.9103374764359717,0.07945123472326138,9.171309048635653,,4.2501788163352094e-05
VEDL,2026-07-01,18,14,0.0026037126210598704,11,4.991349533150394,4.73750511436549,4.5323211553195195,0.9563960569964431,2.871883809934249,2.0944659766274496,0.010826300923113763,2.1900214839162753,8.901395539084147,2.398567186424811,3.9586917378370545,8.612716273290298,theta_s;kappa_f,2.340127154214092e-05
VEDL,2026-07-08,19,16,0.0017981164141121482,15,5.174584720363881,4.486282488613824e-06,2.517078642776172,6.7936515950093685,2.9554031348942322,1.8263387539415183,8.743180331951237,2.450162342455541,6.048101550414627,2.4125630654753865,2.8819251734865436,8.676749095105054,kappa_s;kappa_f,0.00011355643366757983
VEDL,2026-07-15,20,16,0.0009675935073014606,6,4.526099701284701,8.382432721333561,3.3702977215924466,6.869356010816161,5.808417637273507,0.013978450915325838,1.8969909984284659,1.1245228552540798,2.678009061223582,0.13623611791367876,0.18972310136984483,8.398243363307996,kappa_f,7.447245498555315e-05
VEDL,2026-07-22,19,14,0.000804496576197799,4,2.4736007498526544,5.4886923033748225,4.688026079304584,2.331080882034983,0.3161786377219278,0.2606742089449525,1.092735644192544e-06,0.2185609703250062,0.11653978715147861,0.4387769261672948,0.34030621684201856,4.813888957837424,kappa_s;kappa_f,5.099858701798122e-05
VEDL,2026-07-29,12,16,0.0017073789190648887,10,4.90940999352844,4.461764793180857,1.995489656786472,9.381311096775034,4.3195736561266855,0.9366156264671395,2.6026617322830603,1.9655974962754916,4.024479029550331,1.860420509106143,1.5042811119286452,8.438404656169384,kappa_s;kappa_f,0.00010716353079326998
VEDL,2026-07-02,18,16,0.0016940133067018083,13,5.03370318614437,1.7117347558937013e-05,2.0250914432691554,6.078287456572746,2.3317836478117173,1.3199136884452323,5.319394241744888,2.401289414939291,4.248846804599668,2.671668065283582,2.250711212475257,9.469813527673857,kappa_s;kappa_f,0.00013972174011243942
VEDL,2026-07-03,16,16,0.0009943325732335352,12,5.522582687252516,2.3820183542104862,1.868338483313695,7.045805319879495,3.370119420885063,1.332119810294207,7.326921102174286,2.28927103193677,6.3829480443112345,2.055080431284849,1.9954871491766752,8.879667902949414,kappa_s,9.804435816543875e-05
VEDL,2026-07-06,19,15,0.00047112758584814924,6,5.073673262211607,4.0511603884851866e-06,2.009753000549871,4.771146615887559,2.4026361023219884,1.8206882944627556,10.076080370991372,2.3276434110324544,4.817851796095937,3.7102081616419404,2.3253741170297744,8.720109226321684,kappa_s,1.9979938649843608e-05
VEDL,2026-07-07,19,16,0.0017706542998983383,10,4.514957438174069,1.442595198852814e-07,1.2942968996451019,7.16757905526543,4.116969400473748,1.3070143744075993,7.413903117469236,1.2275490849432606,3.11594378544625,1.384864585247262,2.142300642625287,6.584320874206348,kappa_s;kappa_f,0.00017529548992030117
VEDL,2026-07-09,18,15,0.0017335378629789026,13,5.036416846343254,3.006309735292996,1.8396942276649235,7.04578838856383,3.1911563881423968,1.6973265204029213,3.187885957055896,2.3639395361441364,6.29449771007898,2.485666842318725,2.303453671521143,9.178060967042185,kappa_f,9.340179390338716e-05
VEDL,2026-07-10,19,16,0.0014641561249243349,9,5.152522085651623,7.487377327011573,2.364520181298838,9.922293308760747,3.269220597865547,1.6178550893317831,3.926693927670067,2.37263676917852,5.895203726223153,1.916425537881822,2.278387888015644,8.949466659201917,,0.000130320440907439
VEDL,2026-07-13,20,16,0.001216703458803653,5,3.555059969081542,2.0477529769635794e-06,1.4562963805478981,2.5439114099781497,2.299181370519213,1.765470333845927,3.3677604012459614,1.7884982692160418,6.581738857942508,4.176165473337487,2.240411970397581,5.6881998354775085,kappa_s;kappa_f,0.00010754051491485396
VEDL,2026-07-14,20,14,0.0007492146000614712,4,6.566784124937185,6.447312575066392,2.99176612427999,11.50426076445394,3.645992705132326,2.00056468981894,4.511697363704936,3.0614591857014046,8.170977134776795,2.760311641630592,2.6852253924954113,9.134477101879835,kappa_f,5.9067738707580886e-05
VEDL,2026-07-16,20,14,0.0011150074902088677,7,5.67435401222191,3.7918838259918726,4.650085610277164,13.638725607837218,3.158724255417967,1.6085963629148048,1.8180928453559861,3.686004746513502,6.210936648910753,2.528418591188467,2.0626635488159186,9.87547370485602,kappa_s,6.59309968625752e-05
VEDL,2026-07-17,20,14,0.001220305027616293,9,5.511082472815675,6.969060955170418,2.2462508771493273,10.43448541298358,2.235807810218309,1.6160087254599151,6.247939699573795,2.4290629595238853,5.141255115599143,2.3492776377186617,2.1505526043737975,9.151998064597432,kappa_s;kappa_f,8.536595664940857e-05
VEDL,2026-07-20,20,14,0.0007679758314909743,2,0.05314006685319994,1.6167642016284844e-06,0.022972419045335535,0.13757505939584647,0.005212901985257368,0.00903949834387563,2.8421709430404007e-12,0.015613361492439637,0.09080056799202829,0.0019477388653390548,0.013521733452984463,0.05314006685319994,kappa_s;kappa_f,2.0208065945958404e-06
VEDL,2026-07-21,20,16,0.0013717583432630073,8,5.349828541694553,1.3531999103477688e-05,3.556379024767151,6.606513371523004,2.4227317848114405,0.6303183153320207,6.359387398902072e-07,1.731141930762793,1.9563858039742597,2.50861670730516,0.7343544429640187,7.377847662226433,kappa_s;kappa_f,9.326238811861905e-05
VEDL,2026-07-23,20,15,0.001112694581516455,4,5.126136413347323,7.183050803865086,2.163346425798494,6.299500999680219,4.498232205622922,0.5396730235951417,6.062570422071748,1.3237690379738205,4.39565641332843,1.2433288634992126,0.7441778834446954,7.877440475177068,kappa_f,6.737555531331004e-05
VEDL,2026-07-24,20,15,0.0018738622916146391,8,6.162499257270107,6.106313413180674,4.557287598180929,2.6623892779635474,3.016146944947219,1.1561286626996286,13.704909057161057,9.254009615182916,5.950855228891237,1.0087228528193832,1.5958572681790624,9.51911374185411,kappa_f,0.00017874516999150016
VEDL,2026-07-27,19,15,0.0020163362772332013,13,5.4123791518313205,2.757404536317634,4.641322127767044,8.234479082200867,0.9402133808136403,1.0299443354761872,6.083104521298518,2.275713382956855,5.031178317977479,2.5695662801120553,1.3548485598795097,10.672552529258581,kappa_f,0.00018109111860518945
VEDL,2026-07-30,15,16,0.0005894325789100555,4,1.268021531308542,3.2925609484469467,0.5583715317550497,0.858361616194065,0.41450744208713886,0.39703090041845557,2.3227489087673803e-07,0.07577318248943943,0.22388414452925343,0.5665317769483061,0.6251326079759294,2.197608124536598,kappa_s;kappa_f,1.389765882611391e-05
VEDL,2026-07-31,18,15,0.002275317661257581,13,5.9581929055811385,9.930966351924397,2.3828633145953,5.605190477413904,2.2158368863209703,0.2551989459433166,9.511725979769409,1.4411224682227142,4.121451259418345,2.7895294894547655,0.12932612383319175,9.791960048234913,kappa_s;kappa_f,0.00016896394030365075
VEDL,2026-08-03,19,16,0.0020037896357330068,14,4.727651427541781,5.794665830899813,1.3183710247760088,3.527997170286944,2.6421590882632904,1.090805546577256,0.06240233797949113,1.1905702206220503,6.033584148279281,2.4949312143945357,1.5533863189351491,7.42361606246531,kappa_s;kappa_f,5.9159200824747925e-05
VEDL,2026-08-04,19,16,0.0009981319689000307,12,3.64371730431305,6.90866214008295,1.092738153782294,1.4246418633206592,4.148396328672932,0.0014125516176143951,5.822725022142095e-07,0.5104948311702886,1.0462144838778116,0.10738974504184046,0.12679456116235666,7.654453891439799,kappa_f,6.862214713920572e-05
VEDL,2026-08-05,20,16,0.005052556298042383,15,4.678805366578767,7.571428883535254,3.551232235064531,1.0330588198312423,1.405880750097523,0.018738088830276382,8.243161182442819,1.6924125593864676,1.8202999937632867,1.3198478099324418,1.237418941392693,9.389245145760652,,0.0002705126697112358
VEDL,2026-08-06,20,16,0.0015661669529607029,12,5.893841416946319,1.3919761750146193,1.4412999362969021,4.627543623715214,3.169046560913452,1.2984466185560908,5.934172830611287,1.4688875528136405,4.544362723779899,2.8947741193289174,1.9539085018541993,8.35237305106917,kappa_s;kappa_f,0.00014616704905077277
VEDL,2026-08-07,20,14,0.0028612330735882634,9,5.43109096624129,7.608610207577467,3.0701903060916798,6.1118847565367425,4.400487342849749,0.9386034272747155,8.946497209501723,1.6486395694719103,3.684891236203563,2.3393069716732438,1.2780365212222147,7.810655242056358,kappa_s;kappa_f,0.00024152731795909705
VEDL,2026-08-10,19,15,0.0014376786975683338,14,5.55619296824915,5.517460095271208,1.1309043043303815,0.9514752323810316,3.445887048699828,0.3523598281596444,2.37882782068851,1.994938370970155,9.120323198413882,1.0284436321992287,0.685473775818211,7.8333380148124085,kappa_s;kappa_f,0.00012278491294609364
VEDL,2026-08-11,20,16,0.002641643563909853,9,4.664003530690061,8.803547174548568,1.1980014348951282,4.8152027655412315,3.707099353142419,0.07091961659782758,3.0453735488433615,0.9958566372542255,2.6254797514058543,1.6421123597779737,0.5125829281924208,6.745916490051897,kappa_s;kappa_f,0.00018754345312790724
VEDL,2026-08-12,20,15,0.0014851628063224979,4,3.999913212003314,4.183174208849586,0.6346028203913827,3.6792693097270828,3.4115766034978994,0.03987859890616091,5.011694069402836,1.0609316582494213,4.828768111125378,2.0070720335204855,0.2405473604548165,5.614902944674784,kappa_s;kappa_f,0.00010248739960447653
VEDL,2026-08-13,20,16,0.0015516467914705222,7,5.837066379459596,15.220374987210205,2.269275620676441,5.900549645680115,0.45489869457912224,0.000773774147839281,3.2461006373937984,1.154112799115518,3.801384626299823,1.1117146286036013,0.3647545014926177,7.5618450883233885,kappa_s;kappa_f,7.925046127358584e-05
VEDL,2026-08-14,20,15,0.001567689478116001,14,4.63414084804709,6.962035515636312,0.5532378140983014,1.5097961147287724,1.1290297687628792,1.0477057991208503,9.622847449508754,0.09555097749305064,1.072226549498139,2.1170109562855224,1.4724215632147435,7.3861063383681165,kappa_f,9.699585384356931e-05
VEDL,2026-08-17,20,15,0.0014395915181219558,12,3.7791169108332774,4.5753455874798,0.3488088448633937,0.9987460689198164,2.9622612709316405,1.3175487057455002,1.2900259758197308e-06,1.0395196499066737,6.2702830372435,1.8476121272000254,1.8033410912604562,6.7355016701212485,kappa_f,5.415912852529698e-05
VEDL,2026-08-18,19,16,0.0017425671951841056,12,3.9371018299098886,4.414474313614804,2.0604971249174473,1.809604624970624,0.5002101940851087,2.518837123627491,9.0469775276906,0.9621535641102489,2.5356811339139513,1.6286023464889374,3.189064558018465,6.609956636899416,kappa_f,4.916229062252599e-05
VEDL,2026-08-19,19,16,0.001402496417015895,8,4.747232916337782,4.702393487093191,0.8612220575270259,5.115524706571881,2.8748805847907,0.7400374739754023,12.005799454285919,1.0853181135997765,4.090735371754797,2.2731512066384876,1.0317231381270164,7.4889411167382915,kappa_f,7.880476057605485e-05
VEDL,2026-08-20,20,16,0.0022715192118537048,11,4.440740620686974,3.622179878753366,1.8277312098086154,3.293937242044402,0.9169944550893541,1.5075708686485232,0.00021260483960361398,0.8260764484380898,1.8583599660215848,1.7428987526345119,2.412078605114342,7.0917515597553935,,6.819739984347374e-05
VEDL,2026-08-21,20,15,0.0014263374173829097,9,4.720635799916927,7.856538351397715,1.815130079108434,5.120573004020797,2.864311311612962,1.0825287080607027,5.557960117968628,1.3411840731176428,4.643911792489836,2.8129158949622854,1.5305260594008494,7.872344290212463,kappa_s;kappa_f,0.00012023766190198963
VEDL,2026-08-24,20,14,0.0005452329356512143,6,4.061559629618404,8.684171274677315,2.051794752396852,9.21287281042085,5.451535467594153,0.47891032910576314,5.394840627559461e-07,1.3476413871728996,2.810741336171332,2.172632050141974,0.8438629891765479,5.844279942880576,kappa_s;kappa_f,4.737438037991581e-05
VEDL,2026-08-26,16,16,0.0035202606301811584,8,6.282566757437199,3.323396200992521,3.690983314684738,7.791950332895739,4.601079897064992,0.013302340733870318,3.219783323602425,4.343292336291328,2.076214451242466,1.5242256876293259,1.5809395771777097,8.505805033276477,theta_s;kappa_f,0.00019299045970179235
VEDL,2026-08-27,19,14,0.0012181386022307333,7,4.532554916708212,2.8245371722226196,2.0350192315177336,2.795694092546306,2.4162353707416075,0.6465672296836279,3.8126330949894256,1.3360183403577424,4.5607647139833,2.5908535421992447,0.23069708757123353,8.314193801075232,kappa_s,0.00012092582049495629
VEDL,2026-08-28,18,16,0.0014600662530517112,7,6.3171774974936925,8.002736698828857,2.8274721011782407,8.24310055203266,3.5149494491757487,0.47581073118435774,9.482676254094791,2.688374980451915,4.120813828631975,2.741347188759206,0.2389916057914565,10.150534813516588,kappa_s,0.00013985651742733584
VEDL,2026-08-31,20,15,0.0009372951309889578,11,4.203677725600592,4.370126767128113e-06,1.4245549573209906,4.963827195439912,3.390389553505497,0.9639941758697961,5.671073228796786e-06,1.009904549003055,3.177109746742741,2.5252011326292405,1.7857112673926139,6.604064688798938,kappa_f,7.192566254354718e-05
VEDL,2026-09-01,19,16,0.0014824819572748175,14,5.231815063426506,7.966615348291128,3.5021545671779495,2.129627294326223,2.6890214315547976,0.5169510571735869,0.010956086217887129,1.5297174023248625,2.1014018623773447,0.4828121901604082,1.2545683974717794,7.7724296859339415,kappa_f,4.1321990371755504e-05
VEDL,2026-09-02,18,16,0.0007301874670118719,7,4.066994426624215,9.218182128734043e-08,2.049644230558235,9.711394937438625,3.141577499793397,1.1619635397748822,3.890901267344777,2.0850446700567193,3.1616438100561224,2.5719630005527216,1.5315576925027758,7.789735598470467,kappa_s,5.19680949419767e-05
VEDL,2026-09-03,17,13,0.0007166905179183525,4,5.008114145322687,4.008871299848516,1.8882662611730754,4.555673668319522,4.32703139024828,1.0682757354560137,9.84955018214509,1.9897954285507304,6.295967323206536,1.3135448962818586,1.423573641967135,6.1691034027547795,kappa_s,4.5677006357982e-05
VEDL,2026-09-04,20,15,0.001958319256320864,8,4.848035492178125,8.681438277317062,0.9201325070552655,6.549950997708613,2.626485872943084,1.285117898214892,0.8543980121969912,1.5291356200837911,1.1857809811659337,2.38004724913017,1.706311808316109,8.306891773840938,kappa_s;kappa_f,8.185845117334584e-05
VEDL,2026-09-07,18,16,0.0010000067845674586,11,4.463116414453918,4.234029994165667e-06,1.1292486212556052,7.082151424635717,2.788779284344133,1.1600036240918183,6.9387660427768205,1.4005587573590135,5.494335469057198,2.43884295104232,1.6023578355480872,7.953741088411492,,9.934828063384751e-05
VEDL,2026-09-08,18,16,0.0013521395972311814,7,4.5848559133099505,7.917068362672808e-06,0.9079479968410926,4.043025946772386,2.3741663359334315,1.1633989795192612,10.745241093078004,1.0490087465343687,4.341454828516481,2.152088085491907,1.564967445002926,5.838440261521932,kappa_s;kappa_f,8.910619176165954e-05
VEDL,2026-09-09,19,16,0.001281533404153176,10,4.022412802443144,2.6435169999672326e-06,1.6999141213224935,3.007738837078102,3.3271776009552236,0.5500566228720685,4.414561233217392,1.1296646543613065,4.233019296320074,2.064522859033203,0.9904321389072979,7.916655613933149,kappa_s;kappa_f,0.0001269812480713462
VEDL,2026-09-10,19,16,0.00280548075290064,13,4.777238357106107,3.0029398307506927,1.7983597511934915,5.297461636322648,2.4530057406484755,0.8667054894120388,4.322811862435655,1.7331396879106442,4.819067582242306,1.9874999408083853,1.1729778186046624,7.554763423724549,,7.934337736654204e-05
VEDL,2026-09-11,18,15,0.0008408543416410982,7,5.21668714710905,4.321069024615229,1.302357116432205,7.651898884566689,3.758864100734288,1.632647731354072,7.724635064685966,1.7701122060979617,6.243189590392756,0.8137472711199423,2.2921316172895434,7.459569124933522,,8.240835218264076e-05
VEDL,2026-09-15,20,16,0.003379633172779275,14,5.936642474668493,8.078849610557825,1.4878343804726997,7.526962284432158,1.9412782420709678,0.49640184381836483,5.67788284974022,2.10939886183369,2.9119692428200246,1.448350782174578,0.7699595709809284,8.442186305200822,theta_s;kappa_f,0.00018552185831273134
VEDL,2026-09-16,19,14,0.0008654390497365719,3,2.358002692794262,6.598681494401246,0.004027196184439157,0.12592729209179837,6.88364137920888,0.00030713588615152894,7.2105201809335995e-09,0.0011302649716813384,0.003849289648554688,0.00028637281322546615,0.00032687535427644576,3.0154990131865427,kappa_f,1.9588954937560087e-07
VEDL,2026-09-17,19,15,0.0008869072769433501,8,5.456861137588989,9.576201959727094,1.2634873826294735,4.019286976530667,0.2645387191587416,0.324416755670678,12.481108935105336,1.2605696576171288,4.254242048910095,1.0506171834072768,0.5354041309790147,6.93084921761092,kappa_s;kappa_f,7.817734086238716e-05
VEDL,2026-09-18,20,16,0.0012617286559513826,13,5.21432062399335,6.584011855754593,3.175250468311477,1.961467647835629,2.990475793995973,0.7872832481490094,8.56829151476555,2.086572438908739,4.454418878520627,1.2480357011705503,1.0075421266731635,9.179801446585191,kappa_f,0.00012034079952066932
VEDL,2026-09-21,20,16,0.0021862995923332424,14,6.423205954309354,11.096996678663174,5.051916251256878,4.809815771813048,2.19397038499415,0.9027992254319761,4.039626221265218,4.620395072908501,2.4334332164700747,2.205136516117805,1.0643673106732618,9.671319877056703,kappa_s;kappa_f,5.1786784378173804e-05
VEDL,2026-09-22,20,15,0.0016298974129642383,10,6.028432196801314,13.558770100486477,4.4279353854616055,5.782569421866763,0.8002516007284499,0.5095974443564599,6.285901341084057,4.088331625173015,1.986340129731091,1.9706077473833035,0.6507122887685128,9.034394873240345,kappa_s;kappa_f,0.00016032717876280408
VEDL,2026-09-23,20,16,0.0006461463826022056,3,5.279521783989354,5.573648795265471,3.289091768865413,13.520567988906562,5.817450571669462,0.00015266311579708206,2.78646083984313e-09,1.7078392524453607,3.449655001671035,2.0568381190758274,0.09442135382025851,5.8386767166670195,kappa_s;kappa_f,4.224707023152993e-05
VEDL,2026-09-24,19,16,0.001372800562826502,10,5.7352720141395075,3.628165211181411,2.8643879319259975,10.759257207591373,3.156652065939207,0.563859879236619,2.8487397409097097,3.2659367473200973,4.0793678722470865,1.9704236943707134,0.5486026853413563,9.086508803821198,kappa_s,0.00011734365426693794
VEDL,2026-09-25,20,14,0.0008746108982247792,5,5.438330089345685,3.4407886637491316,3.9147157568131568,11.733153415093199,4.924278811755196,0.2606857161752102,6.0782523583449315,3.3447834224249418,2.455781177526384,2.371463492650749,0.3270482945683767,6.747472006573439,kappa_s;kappa_f,4.308803043579358e-05
MCX,2026-07-01,17,15,0.0014519277376284525,7,4.853802711972406,5.744202445537489,7.455737825719265,4.58207254154886,1.4466664602027095,0.07833715546127085,5.24645913086991,1.4856054305848865,3.1819032155842795,4.392189651297722,0.9765304165725803,9.167798606026183,theta_s;kappa_f,0.00012342263050622707
MCX,2026-07-08,20,14,0.0020956848335826847,9,6.885626662077998,9.60381981462347,6.50048076807394,10.620095330892728,3.276542703998415,1.7372936185966024,8.190286729447614,5.71141635822536,3.534768426264324,2.5682565879255477,2.749175721721408,10.379283601316928,kappa_s;kappa_f,0.00011047111864578331
MCX,2026-07-15,20,15,0.0010078060306193126,7,6.0146641800470215,4.838156613118372e-07,4.508684606348928,14.363471079167494,2.763378774550576,1.4369583570618596,0.1088142569041537,3.8000788201711875,6.636364142491232,2.7823806113782856,1.7680681329944736,9.147751844661007,kappa_s;kappa_f,8.189660555052262e-05
MCX,2026-07-22,20,15,0.0019048470686892204,11,6.062296588188071,1.416436469625637e-05,2.557682640991292,7.490911351780435,2.5182366220869605,1.711364333967074,11.0404828231066,2.6683809358546897,7.075499829197806,2.6539226703877765,2.1855336527168214,9.237098331238743,kappa_s;kappa_f,0.00014380817073264681
MCX,2026-07-29,15,14,0.0009136524106256881,9,6.836178376649006,5.2164037188148225,6.113234566407931,5.017625215670824,2.9943455474316654,1.5369672460787562,9.630801967432184,0.2995038663979972,3.532940524562715,2.0644170795013888,2.2991985836769704,8.762460036875627,kappa_f,6.706337481206953e-05
MCX,2026-07-02,17,14,0.0014915733091629,8,6.455948279709824,10.827405823178298,3.312630621654201,8.01602021376803,3.514667722401549,0.917272434303438,10.065028642456957,8.23095686070296,4.349241339347493,1.8910650384938335,1.7811337698689906,11.134793875619922,theta_f,2.5364028963453973e-05
MCX,2026-07-03,18,15,0.0013443901539777283,13,5.93086544120111,8.022207069029648,2.449320619009951,2.5004192768511855,2.0986286638102563,1.8179654375734002,3.0810889214862467,2.592138652336553,6.761257262600732,2.885368933587948,2.903252085820374,8.909189361305584,kappa_f,2.6535538513423147e-05
MCX,2026-07-06,18,15,0.0006467305769530002,10,5.023922754238789,2.447608559647919,1.5416479284283637,4.351417666061837,3.589046250182786,1.0675123623882743,4.248683086999177,1.7532603981084547,5.474024982222581,1.8287240180041389,1.8639178071519322,9.186725177555708,,6.190404861519227e-05
MCX,2026-07-07,20,16,0.0013486556753139539,12,5.936271415996851,6.589350568979899,2.7330189732819576,10.87789523146624,3.6123820982918575,1.461010290163094,4.0215107932137055,2.983302172704273,5.262335274660775,2.2358008271702543,2.0380229418381703,9.947660820814678,,0.0001071828154463226
MCX,2026-07-09,20,16,0.0022425961728617565,14,5.121915002196677,6.9186372554932545,1.2212249964699942,1.0127353782998332,3.200416975273481,1.4001323774465915,3.7795478035073673,1.9972449115863853,1.4589926056910858,1.975224926653266,0.9671816995830578,7.911829765036717,kappa_f,6.60383158808211e-05
MCX,2026-07-10,20,16,0.0016348963102851036,8,5.520097975478921,9.252082406874251e-07,3.6247780374197185,12.073465787150266,2.6921392925883714,1.3993150749502665,4.551413559105677,3.9717091494937966,3.150793933296998,2.513266586526864,1.745837874919279,9.779862796956817,kappa_s,3.246490303359978e-05
MCX,2026-07-13,19,16,0.0013332481334685502,8,4.88206661625969,2.5014012441815225e-05,5.667040593702851,3.5998544719147336,1.7115861141391324,3.1567293717564606,4.643488539741597,0.5818556123233862,5.341764026849882,0.7817326162898863,5.006223207251455,7.290153609938053,theta_s,0.0001235713036786064
MCX,2026-07-14,20,15,0.0016706416213711328,9,5.730492302006745,8.008618144492274,4.820869868281147,7.584304851052975,2.9039962187105246,1.133511071731375,4.000624093915863,2.6200531759293715,6.090105121025266,2.2587438240589535,1.719867091808871,10.735509711385584,kappa_s;kappa_f,0.00014512985060776925
MCX,2026-07-16,20,16,0.0014478871385254137,10,5.564472454081844,2.309333496246265,4.777422882720618,9.922942963726062,2.5552372415499764,1.4883312580873909,1.4482322467780993,3.907669037604788,4.539123876315927,2.7215409330837814,1.9363199538191433,8.434755915106264,kappa_s,8.329136885294481e-05
MCX,2026-07-17,20,15,0.0009889430406615535,8,6.815154459505219,7.334653210476056,6.9240008490197456,7.60037529954478,2.9213766133799703,0.4706255127873332,6.226859377032699,3.1786382421456647,4.543131723454628,2.765937952913324,0.6290494538279789,9.787216519480321,kappa_s;kappa_f,8.967861852979394e-05
MCX,2026-07-20,20,15,0.001926887543160263,13,4.95899093627189,13.599541910801904,0.34642877805732764,0.08489561586351144,0.7423921695652581,0.002811976273246616,3.826227436856905,0.9288210238513512,1.8150700856564153,0.06764236608657681,0.05169809777559875,8.102524158382119,kappa_s,6.351270322392413e-05
MCX,2026-07-21,20,15,0.005153754429507452,13,5.703663222306973,4.258475479186277,4.266210112238465,8.577843153237897,1.173414713181108,1.7796851862169314,3.223210176450664e-05,3.861596115955768,6.969450094251966,2.5482166087162437,2.3730121840570386,10.2183680458658,kappa_s;kappa_f,0.00033051424659370776
MCX,2026-07-23,20,15,0.0006842612870808388,5,3.795378918258956,1.6819205370666168e-06,1.0759298970990319,1.2300796290006932,0.2935490557939191,0.11238309941896338,6.189393443283593,1.360309047189554,3.391427661605941,0.34072997789908976,0.152715735701903,4.208475769372194,kappa_s;kappa_f,6.479765991399499e-05
MCX,2026-07-24,20,15,0.0008233693174545441,7,6.61705039781309,1.2089383338072999,5.861424935544368,14.100866357014885,4.624313648597694,0.5077092227911535,12.396700872678029,4.71813582276069,4.919082221366521,2.378916850299596,0.5946317851577275,10.213841745325634,kappa_s;kappa_f,6.102563111224225e-05
MCX,2026-07-27,20,16,0.00047203133577618695,10,6.737411372147854,9.174064721098492,6.691065758675168,5.714806199244217,2.906639626322916,0.7696571130673117,8.531165527160784,2.5657059671324958,5.972315429713297,1.7247095965490786,0.4209295707439433,11.199368056145632,kappa_s,4.372987420222607e-05
MCX,2026-07-30,18,16,0.001097992980196242,15,5.026150455159049,3.964962256982961,1.6990001386168676,5.233172019521722,3.123016066162722,2.093738536804939,7.703472974158281,2.139629527411358,6.663566024234334,2.8592673439956027,2.8679858954541197,8.306129136588577,kappa_f,8.489093501913222e-05
MCX,2026-07-31,16,15,0.000826558777780664,9,3.7873200160725884,4.873456187028559,1.302050987475125,3.4623150135785954,1.1795965102901593,1.4436585086823328,8.661164935475085e-06,0.7215256396845118,2.4727737531108325,1.891555896742248,2.3368484606661983,7.41040316945115,kappa_s;kappa_f,5.5521450917224674e-05
MCX,2026-08-03,18,15,0.0011393123142148355,10,4.691298942394055,2.9794384685846076,0.3617018618425437,3.6962643931942036,2.6136501594491834,2.532439457895083,8.770706021234954,2.1432494109601863,4.008915782974889,2.1624870458350376,3.4867211978374333,6.95277684000085,,7.977958840121651e-05
MCX,2026-08-04,19,15,0.0012353080127680829,11,5.104535365691369,4.472926702513702,0.5879157138129545,3.4771429296812784,3.4404375697102587,2.153187610804742,10.236335376235871,1.840093952662549,5.190224340050546,1.356477462245056,2.910875375684274,8.274756148909045,kappa_s;kappa_f,0.00011620687416881523
MCX,2026-08-05,19,16,0.0014144508272690445,9,5.258722848081924,8.00614226000226,1.9621721895479642,9.469370662497177,3.000133573587415,1.735615986596235,3.5786862644078825,2.5023958199566545,3.673983636877037,2.8361648404023816,2.2967741945841587,8.171049629065845,,0.0001287064800433533
MCX,2026-08-06,19,14,0.003263229059899778,12,5.741713475238338,3.952046428593965,6.271626876412415,3.1324941174259178,1.7551037833017205,0.325452827134287,2.842208856201931,1.9478534609637776,1.2785222794678535,0.9371846603171059,1.4101031085345792,9.107103714459644,theta_s;kappa_f,0.00023310803910231307
MCX,2026-08-07,19,16,0.002385166026453055,15,5.004046407777604,9.567958457082021,2.301060441558196,0.529361652970159,2.5955754875385146,2.2652884785422596,10.647505274259299,2.0037019143001857,0.6452411001228737,1.8126663970857408,3.3058299346322393,8.188045483674118,kappa_s;kappa_f,0.00017862021848498834
MCX,2026-08-10,20,15,0.0012690450116586624,9,3.9790224673049,2.031975109186062,1.1897282046783997,4.1735494415127405,2.661324308576463,0.5484314076311901,6.2182831707619695,1.0015928167849502,2.0409008983374646,1.4324277241183228,0.6573374510396393,5.598110741942044,kappa_s;kappa_f,0.00011154709722460839
MCX,2026-08-11,20,15,0.002200593576287265,6,3.6398974820237116,3.411636660916569,0.7754887834827396,0.06726812130755183,4.794581229646148,1.3697252853929118,3.5178485759956857e-06,1.3429674193809262,5.094065202181967,1.968616636395819,1.975311611139439,6.081978739570002,kappa_f,0.00014885753880922127
MCX,2026-08-12,20,15,0.0010207727161979908,8,4.018126327614328,8.280865108671177,0.0037420003612900375,0.18910752934151484,5.206953091275834,2.3653035107600216e-05,1.652479575398047e-08,0.0008604362155701928,0.0030222499647134526,7.662248975495722e-05,0.000205364921238127,7.501828030874888,kappa_s;kappa_f,9.08738926787534e-05
MCX,2026-08-13,20,15,0.001317074895472048,14,5.21400863737456,7.575997971799794,1.8126241505672729,4.714996137996169,3.4015558117677496,0.8364556770280378,3.553187228010004,2.524389661102176,6.158879057211763,3.0139006795885988,1.1657250874876073,10.362044787515494,kappa_f,8.153746245496084e-05
MCX,2026-08-14,20,16,0.0018582342133725538,15,6.946270529919255,7.927201130556208,4.915946833421516,3.8348293555091386,2.7076995687102805,0.9775230761252376,11.868824263712437,3.1696695396546186,5.906343981808487,2.458969487597099,1.5210980739459223,10.29056149125275,kappa_f,0.00014573040761280695
MCX,2026-08-17,19,16,0.0009129491526781835,13,5.723399812205555,6.755736861295672,2.3375116978623955,4.1687768468607915,1.072316981572549,1.3808714472239916,5.461515495523521,2.61481913080106,3.741508828345574,2.0156170816001326,1.7272235711618888,9.302268656597901,kappa_s;kappa_f,5.796698524738813e-05
MCX,2026-08-18,20,15,0.0013847725948517536,12,5.007006617215336,7.056375077978018,0.6585616472439518,0.5687074393527175,1.3181865854192518,1.8738041070090077,11.004823407540028,0.05631794531146713,0.15762842253403347,2.448605818448545,1.8507143136488837,7.814757381024898,kappa_s;kappa_f,0.00013083148098836771
MCX,2026-08-19,20,15,0.0008039168870425496,9,5.10916931606536,6.66555447318552,3.226437348654073,4.855365949518997,3.378025170182535,1.7319093683423894,6.247772192399955,1.479700259656541,4.277270553991537,3.183475649647292,2.253782994073796,8.8564671777737,kappa_f,8.029549203408771e-05
MCX,2026-08-20,20,14,0.0007689903567509438,9,4.965071133978052,5.607182368935495,3.6413331964599878,5.180947984096833,3.0465317688569677,1.3412175859820175,5.297011243843843,1.4505374128722146,4.306070002797838,2.7133433556007773,1.7883151463067253,8.048999028085436,kappa_f,4.708546482636868e-05
MCX,2026-08-21,20,15,0.00043560331208443616,4,5.038818335192001,5.9506204556983295,4.670668236974466,5.325515307718243,4.345859099793684,0.7492474774881798,5.764891115037374,0.9808489245728145,4.291548414865285,2.017922353546786,0.9891853066219203,6.2787120256748805,kappa_s;kappa_f,3.821909653775482e-05
MCX,2026-08-24,19,16,0.0004541109032499043,9,6.1202248516854025,7.849812521855304,5.245574778921006,5.763951136738713,3.4311605507521334,0.705479922736845,11.11789709750959,4.791826260825541,2.7415564439437956,2.4975041910290594,0.9039976420250535,9.583929873438999,kappa_f,2.3708259025090003e-06
MCX,2026-08-26,14,15,0.0017357995433895114,8,5.724677142588973,7.886132021868031,8.770461030050532,5.0838751748851605,4.006768573202475,1.2656161314012404,12.490423456193229,3.797850830732017,1.5129725324548846,5.125241703000402,2.629652625973469,8.253029893851622,theta_s;kappa_f,0.00010026991900979063
MCX,2026-08-27,17,15,0.001554852800698509,10,6.167561150944924,3.9077209732464446,6.007497844855768,5.043019609244861,2.2690626112011825,0.8273640880751683,10.056585446778769,3.037309295548984,3.3977233682074592,2.3768224856475073,0.8064387580537677,10.166097115411828,theta_s,7.162615559939424e-05
MCX,2026-08-28,13,16,0.0011777244581544504,9,6.31141263238592,4.463634029858349,6.334723632601395,1.5153570037360267,1.5840145050722763,1.2929386084106405,15.785713418360187,5.920141123196446,0.8376404509920865,2.6527532117656274,1.113801382404172,8.837156459023445,kappa_f,1.4086379138098697e-05
MCX,2026-08-31,17,15,0.0009136097689316082,5,1.526453029549187,3.250827641695154,1.9938441105947229,0.6645009220342288,0.14902151402540942,0.08356339027257906,7.639871835607437e-06,0.11030412318546667,0.2900451655172738,0.13895043237320404,0.2664446970979013,5.7861812380505295,kappa_f,8.333246748278011e-05
MCX,2026-09-01,16,16,0.0015182614914650923,11,4.632881635053793,2.4414188970074147,2.3779049895599265,4.846496021250607,2.7962603112798545,0.6080380166430079,1.612856834753984e-07,1.3738541243561326,8.065864631208166,2.571225092110298,0.8030437465406264,9.374232806107257,kappa_f,4.933441777775537e-05
MCX,2026-09-02,17,16,0.001635990704380032,2,0.006230637779334762,0.003265403364450137,5.109152558802066e-06,0.0021733823419278764,0.0037505735908509585,0.0006643197566334224,1.0109246773026825e-10,0.0036926287455760765,0.017586621796930046,0.005942408922408271,0.00027726386540782855,0.006230637779334762,theta_s;kappa_f,1.3360393285796746e-07
MCX,2026-09-03,18,15,0.001662152483538788,12,6.060636736898953,2.0476075499488857,1.6542973039209932,6.698030405265877,2.655597512445272,1.2136288218845022,7.7655273195901335,1.7174784643886354,6.16078603893859,3.4308242262661803,1.7702634689514674,8.291017702433477,kappa_s,0.00014699603114919405
MCX,2026-09-04,18,15,0.0033385300408692756,10,6.367524316631009,7.588676830385978,5.448873152916801,5.8840461390792225,3.5446302437742236,1.0035310336304304,9.698132426528968,4.79775288660967,3.726271898829874,2.1726765709447804,1.3027007647566022,9.205208815413236,kappa_f,0.00028191896710816865
MCX,2026-09-07,18,15,0.0022655470725952876,10,5.016093526440216,1.6105173971959275,2.3163952135672754,4.589878952362115,1.798971331265459,0.8983312061287549,9.663388512126005,1.5551071984914318,4.475399585751585,1.9100327909883714,1.8754239792630594,7.640044738561284,kappa_f,0.0002251293690408349
MCX,2026-09-08,17,16,0.0022138693857945233,10,6.619558665429434,11.302147764021505,11.960051299037106,8.792030657763245,4.191942116575407,2.027418016236352,12.329931720073356,3.9866182997149897,1.2744256910787577,4.462387944078362,2.634960131382508,8.933491981483636,theta_s;kappa_f,0.00019208611048962976
MCX,2026-09-09,19,16,0.0006167676996654783,4,2.0191806478713725,2.1494407712449775,2.023332085837789,3.0401782036564824,2.1665694837428084,0.6331622310947878,2.5517258215266185,1.4249914531752341,0.7037877094365026,2.7768584616526995,0.9242232154855595,4.0318667169717815,,3.394100171576892e-05
MCX,2026-09-10,20,15,0.0020115847569812145,9,6.667967473968149,14.258067072280362,4.654409956822368,6.5503817016408155,1.6670518976921653,1.248093830503232,4.050144655365125,4.714699825415078,4.900360312088053,2.645515081385586,1.7272897259637907,10.117454434269614,kappa_s,9.37257559789715e-05
MCX,2026-09-11,18,14,0.0010081291530071132,7,3.924457774742529,0.12680698423301173,1.1619802841813178,2.4261664639944716,1.0122536030199267,1.1671127361903908,2.892296659297381,1.896784023473362,3.6244544144981123,2.275997426667841,1.653587442077733,7.823769861766626,kappa_s,9.596304996084201e-05
MCX,2026-09-15,20,16,0.0019904261321606314,14,5.417179031881415,3.238146194649513,2.0461070014261367,6.8919624534214154,2.863266971647087,1.1653459481088695,2.6944752518599167,1.9086264418283092,5.520973485781991,2.6681812525147115,1.6220227599189072,8.313382075275095,kappa_s;kappa_f,0.0001293120378493681
MCX,2026-09-16,20,15,0.004468908447186509,9,7.154534686777154,4.854954411420131,9.90416046584264,8.433576076553685,3.336696703628058,2.7458818861016416,8.352311879004569,0.9452197403175977,5.160993428838154,0.9768827731404666,3.532775835825358,11.217067167200726,theta_s;kappa_f,0.0004314444658705492
MCX,2026-09-17,20,16,0.0019150365778185564,12,5.273951811687931,6.166690066783147,4.0894685459676445,5.574583362702654,2.6717585848707373,0.9514073968309893,8.993269337421001,1.5112572337705856,4.194897460474006,2.8536286877184294,1.3345869168873017,7.871765669534606,kappa_s;kappa_f,0.0001604178674048651
MCX,2026-09-18,20,15,0.0016437851249124992,8,5.506269030055925,0.4351257933576669,3.0775439598404217,7.1309165338205585,3.830184973638606,1.891165739814408,0.6692801233151844,2.299572151818585,6.82914488594811,2.8327627776381954,2.341168784383658,8.754097890365728,kappa_s;kappa_f,0.000124008081016492
MCX,2026-09-21,20,16,0.0006659747149852141,3,0.41059395434418916,3.726862134811881e-05,0.16159870820241018,0.9087139985184454,0.3444629338721006,0.28105080965205115,3.000302228883811e-10,0.19704075867717297,0.44342991960039413,0.5526208491700833,0.37381080043076187,0.49876208004291056,kappa_s;kappa_f,5.168699395252381e-06
MCX,2026-09-22,20,16,0.0033667459574284434,14,5.362349494159376,2.1653673518622814,2.6101093679567513,5.061842769579484,2.146252505565432,1.4727154346643747,7.612089858863804,1.8824723372051908,5.286164890791624,2.186109370137361,2.0716941138142717,8.493068777033983,kappa_f,0.00023187856340524653
MCX,2026-09-23,20,16,0.0012109363358027265,13,4.766025080018084,6.603776027671179,3.3305017728321897,1.3085447575642828,1.1273464291675637,0.9053799395045947,3.478028528292043e-06,1.3939138184766915,5.007262143547577,0.9562278226146723,1.1786827511358466,8.58460928461258,kappa_f,8.605373225378495e-05
MCX,2026-09-24,19,15,0.0009412956842472966,9,4.866790366274255,4.639764128455681e-09,2.2137134408402686,6.456377821176203,2.9744990422541697,1.3813832981907694,2.7613974827257532,2.4609521799014797,7.318756963460441,3.0103965194923985,1.816635619959443,8.35232998964689,kappa_s;kappa_f,4.967957902831874e-05
MCX,2026-09-25,20,16,0.0028288172173728883,14,5.19157428840881,0.9720866159031996,3.8882126295313473,5.7204192074847615,3.055643601667018,0.7050292212368963,0.012740944940638599,1.6042393112278535,3.160793900837957,2.2878296408323475,0.7590511775463233,10.240799448488518,kappa_s;kappa_f,0.00021997494451620912
ETERNAL,2026-07-01,16,16,0.0013739626404775422,7,7.533783786008602,5.697542674153319,9.16618056744446,11.660052400364224,4.080970978677431,1.2104350261561503,12.057525824983504,4.784434648181032,6.621375350840517,3.119923453622493,3.274967675026807,9.22480735535324,theta_s;kappa_f,0.00011614532004569937
ETERNAL,2026-07-08,19,15,0.004376383159864191,12,7.12812111186125,4.867472518435257,7.185888769703695,17.738336437442086,0.29215997059570764,0.5298972011736038,12.463588814769942,8.764007072995181,5.118895492385233,1.9944139172008253,0.2115965895593903,10.333790857809745,theta_s;kappa_f,0.00011771360633282615
ETERNAL,2026-07-15,20,15,0.001165482787283881,11,5.030642436550154,6.092382696704739,2.529632423431926,0.7738427802245084,1.449521509765883,2.2698963767245175,12.033326163429937,0.30932916146008327,2.543555997312674,1.8530788569134218,2.785457691963473,6.605606236335059,kappa_f,4.023831717761919e-05
ETERNAL,2026-07-22,20,15,0.003735801478554374,10,3.8636539437312236,5.849510418120737,1.9999867173688641,1.9469320403154509,2.81197301669203,0.3553914121991786,7.117180835791714e-07,0.9855546669353925,4.091300579855165,1.5299684818966761,0.7231110988144813,5.944941048403825,kappa_s;kappa_f,0.00012161411265356825
ETERNAL,2026-07-29,16,16,0.0013678420533906875,12,3.723809097067768,5.142489688277366,2.7672979803531046,1.26549475481502,0.9402964674458063,0.8908721655416858,5.430502980088965,1.8395222071733808,2.67392275799373,1.7519882801959143,1.32062915899736,8.115149856109095,kappa_f,0.00012439993437072063
ETERNAL,2026-07-02,16,14,0.0015761013610741136,10,4.465574853012446,7.378910352134206,1.2270724137371891,7.7878906939123445,1.0083173120186313,0.3054330886313741,3.906066730507973e-06,0.6457098288835454,1.8156794413766653,1.0854651363231407,0.8151278625512792,8.291784479641018,kappa_s;kappa_f,0.00013694102788109957
ETERNAL,2026-07-03,17,15,0.0024595102630893847,12,5.445087220458351,6.784806586597329,4.651425637950437,7.786272499838915,1.635793063805167,1.2108467090815567,2.3439344172807886,4.241027999436586,2.7993458288533537,2.6727279206112255,1.7259852046741722,9.361890503146995,theta_s;kappa_f,0.000160360356236091
ETERNAL,2026-07-06,19,16,0.0014856213376491637,12,5.124934665880433,7.443424790634625,1.7391056707508565,1.779714864385095,2.5355275095627547,1.6944601311872707,11.37873125928438,1.6440792978438517,3.38173403531572,2.2642599245630173,2.5991512801898886,8.083979799762531,kappa_s;kappa_f,5.672155393973027e-05
ETERNAL,2026-07-07,19,16,0.0015440983800910496,11,6.718602179134296,5.894642452723994,8.614962669092947,6.10508447497083,2.1502857419891503,1.448417725434303,6.93195407089563,5.816480972441686,2.0377318008870833,3.5205322260431897,2.0440043134233945,10.449650553537706,theta_s;kappa_f,6.13602778210961e-05
ETERNAL,2026-07-09,19,14,0.0014407800625947135,11,6.3181915056328375,5.473124634727776,7.1065435716402465,4.830178668829691,1.6296292104052894,2.340992983267394,12.25276446831086,5.646591872276737,4.485244525038676,2.7381052302641136,3.979677126860619,10.001368715659208,kappa_f,0.000135727280250504
ETERNAL,2026-07-10,19,13,0.0017490620408594374,10,4.6810956902968215,3.5903375489543916,2.870705410848152,1.7204169845763968,3.6278407501807477,0.23689311034239235,3.1717216022362162,1.3463654944113594,8.719985109719609,1.350630231143695,0.6663175222549906,8.101539647862358,kappa_f,0.00010706426866110858
ETERNAL,2026-07-13,18,16,0.0012049022667138642,13,5.213329125048546,0.2595375379588294,3.0704061306342854,5.558991168022075,2.689804931978392,1.7328763778980636,5.758564055915198,2.4023758063397196,5.421730595552621,2.8956636649894287,2.363191046785568,9.028682799928594,kappa_s;kappa_f,4.943326249423705e-05
ETERNAL,2026-07-14,20,15,0.002779076353351264,9,5.664710432513164,7.867535318176561,2.8648399918161465,7.627162174940752,4.229215697018857,0.8605928527480473,2.090175780853138,2.82893944313752,2.3554032229519897,2.13811643556531,0.6699042316871875,8.852110386845057,kappa_s;kappa_f,6.889402136995388e-05
ETERNAL,2026-07-16,20,16,0.0013519923417030565,3,4.649810332672324,10.414703670482837,10.256321494959375,8.521112148130609,0.7338198772259821,2.2053317432826574,1.163570406248482e-06,0.27595477249400485,1.2082798174086458,0.9403112072421185,3.228757893266379,6.434598907361151,theta_s;kappa_f,0.00012208951996638
ETERNAL,2026-07-17,19,16,0.00078220951582624,5,1.1449180264536105,2.7411034211338583,2.336419892313671,0.3671065528998039,0.004872745007504786,0.00037885240229372844,6.511789703012028e-07,0.00394191364116625,0.014930384834382693,0.006415998609814677,0.02186098114803059,1.5020693046513698,kappa_f,3.182471829249727e-07
ETERNAL,2026-07-20,19,16,0.001161597726350489,11,4.100574327854772,5.353305675932392,1.9339067707183235,4.409024909156949,6.383516778573853,0.9371037658178373,1.2348395372896448e-06,1.92392655455612,5.169787273140341,0.8339901023141798,1.2396551733605676,6.132789533932365,kappa_s;kappa_f,0.00011423446752265249
ETERNAL,2026-07-21,19,16,0.0009232190357500287,5,3.872084277899254,4.947321935075459,1.5032799630796807,4.519835599225258,6.1299619010976425,0.6073423603403671,1.2394712811669706e-08,0.7162598913970042,4.023350006912305,0.7471365758368129,0.8113554855782601,4.069781955831924,kappa_s;kappa_f,5.330781953933998e-05
ETERNAL,2026-07-23,20,15,0.0011232144244412825,3,3.93072599897492,5.375278906200419,9.39253610414995,3.8168789062274806,6.74065768952909,0.0018389947941474106,3.7256811928898514e-06,1.6540693347531983,1.6205000549189243,0.912712043996928,0.11735446864469079,5.199122996287502,kappa_f,9.28012161773629e-05
ETERNAL,2026-07-24,20,15,0.0022169611739903273,7,5.195822033729971,6.59439983222032,4.690688696495401,12.537387469520121,2.297254839303077,0.3056891988131142,3.428764681956409e-06,2.4909202782540523,3.949818822324273,1.4963916627123472,0.4527440901420484,7.801843499015007,kappa_f,4.453073897704501e-05
ETERNAL,2026-07-27,19,13,0.0010210233253802672,7,2.1663866835992662,1.1927904375348444,0.9826790138631325,2.2874593452964262,0.6499960834478888,0.21477855475828445,2.6900206115954006e-06,0.49455122451561784,2.5674456624395843,1.1748139606581771,0.38220804176387535,4.472258629939516,kappa_f,6.709384024838178e-05
ETERNAL,2026-07-30,18,14,0.0019884399162109806,12,5.196357368095285,6.072296077112624,4.174129708856195,3.1634282564013265,4.162961731317803,1.4149501579724424,2.6615262012086305e-06,1.3533040889081587,3.290142679336445,0.9993780894915157,2.5827417904775753,9.516861454035505,kappa_f,0.00019034058349583086
ETERNAL,2026-07-31,18,16,0.003253274569168044,14,4.355406369169951,4.693313972126134e-06,2.105756408768962,6.092229916031593,2.467440666326069,1.0375570858028322,4.215044193715652,2.086914569870189,2.9685374728818883,1.941000876568251,1.350817014174371,10.619453236875025,kappa_s,0.00032274011731712755
ETERNAL,2026-08-03,18,13,0.0034240233071955234,10,5.734344652398216,6.177006916815801,3.463115078120477,2.824345102368876,3.064991476448806,2.2509018614685887,4.242312586697471,1.9928062920316503,3.841920079586597,2.186417186940412,3.199366950475549,9.60929399633149,kappa_s;kappa_f,0.00020002479593118298
ETERNAL,2026-08-04,17,15,0.0011478235302858804,10,5.998681413831248,11.605490362546957,4.267579062221742,4.410160997732214,1.8772727741474267,1.1560715017145529,12.309828139742585,0.8323311645860931,5.162872036061944,2.28077906702661,1.9714172075971708,9.684250198469092,kappa_f,0.00010527306241149884
ETERNAL,2026-08-05,17,15,0.0006573399369227862,9,3.985612854030081,10.338379311942136,2.5724122410177843,2.759444792719409,3.4228693542500617,0.0069129553637810575,7.026679380572887e-07,0.5102424788871307,1.1084360896001284,0.19406280932001924,0.16277700341932322,7.628491785034744,kappa_f,5.7419080532778105e-05
ETERNAL,2026-08-06,19,16,0.0015841755298947671,15,6.695462730345697,6.961103319958166,7.5817415061966535,2.223287562973916,0.5807512252820244,0.9254342414005633,4.108501717927872,7.522674969747593,0.866973523101533,1.416485900927733,1.1912193305280174,9.563746316121014,kappa_f,5.970510203935132e-05
ETERNAL,2026-08-07,18,16,0.0007948768531015246,8,4.63964415406572,3.5182169106917627e-06,1.282085705913515,5.133946209490589,3.3313522356568224,0.7566099248842515,11.225234645657052,1.1922345009403195,5.463519946434266,2.958720617347164,1.0042788772684765,6.558063522265945,kappa_s;kappa_f,5.9750487886406746e-05
ETERNAL,2026-08-10,19,15,0.003249357073749301,12,4.925022052412347,7.611226938447821,0.8602752631785928,3.9487354219864432,1.4760927091361915,0.8053200920006687,1.070308791106811e-05,1.050794867877363,4.595127051991701,1.4830916637986762,1.2872204073137377,7.617823161878045,kappa_s;kappa_f,0.0002475384507444811
ETERNAL,2026-08-11,19,14,0.0009105149512329487,11,4.378327878127373,6.892860902999791,1.734619697503831,2.3173442299811478,1.3863354755143085,0.9724831005058316,6.159290003356302,1.1575696721980941,3.446962343085433,1.9998696702892313,1.2308888154926918,7.827205374634785,kappa_f,2.8919983492557764e-05
ETERNAL,2026-08-12,18,15,0.0011607351025484003,11,5.100307186081438,8.204041877135637e-05,2.338243448173682,6.826541059255365,2.705708444850733,1.142164155647087,9.927532509335594,2.1354122793103443,6.903407200317034,2.739575799543807,1.5310430455425337,8.51340726987526,kappa_f,7.241103293772252e-05
ETERNAL,2026-08-13,19,15,0.0006022124890425805,6,4.163898137180989,5.856635642231822e-06,1.7211337025505564,8.903149411346753,4.841236757094583,0.6876932088837184,7.600087105319309,1.0909848551295829,3.8217878666185765,2.4334608857641182,0.7728386566374752,6.2568445990642765,kappa_s;kappa_f,5.3160867240515416e-05
ETERNAL,2026-08-14,20,16,0.0013261994174867304,10,4.772252727909929,2.834332114449074,4.169166969005151,6.322287819544279,2.0150494624570436,0.6390336242376757,3.6971014560251962,2.0351947704353037,4.002765791143878,1.7648805163504884,0.8843749749290968,9.450424888491462,kappa_s;kappa_f,6.509432885146139e-05
ETERNAL,2026-08-17,19,16,0.000766238342604922,9,4.9531648593904105,2.730726562205632e-06,1.4006781462951279,6.122305151606049,3.1655289869056995,0.5840816002433145,6.247966240896988,1.2198544754734058,4.602001835530857,2.3753805765272658,0.8091271713035231,6.8541514512858335,kappa_s;kappa_f,6.775641843394036e-05
ETERNAL,2026-08-18,19,16,0.0008648855680539105,9,4.213207794907199,6.757578644790422,1.8130775974884417,5.256846165926595,2.3635778966146717,0.8675400666768214,1.3555805189469083e-06,1.6574100739696753,3.3959226190126195,0.10821556315923755,1.1039082673334144,8.532947191686397,kappa_s;kappa_f,5.561537698695572e-05
ETERNAL,2026-08-19,20,15,0.0008532388776031984,12,6.947628485464628,10.00537806125272,4.8494957296507515,4.83521118215362,2.3939667200028802,0.7335881737007849,9.652624985597852,3.1295207464103676,4.5888230272294175,1.9873299025711426,0.7962594504342212,9.976278082190692,kappa_s;kappa_f,8.20818652870238e-05
ETERNAL,2026-08-20,20,16,0.0006621589449852716,10,4.774741148218762,5.386676957045811,2.519988881889379,2.9737980048304857,3.208739959472776,1.0399537508667167,11.242997735654143,2.23381541350644,3.9503794904585305,1.6939067253407005,1.4423385181910877,8.581829846351273,kappa_s;kappa_f,4.1067571599038926e-05
ETERNAL,2026-08-21,19,13,0.002374976435906443,7,5.333369013118865,5.900777313586614,3.6641804013008974,2.940574907770312,2.8222741377620872,0.3028720591322125,3.822555127702921,4.999706524075318,1.685860374964458,3.545251151046302,0.4010115073476915,7.726010658990856,kappa_f,0.00010360647450185709
ETERNAL,2026-08-24,19,14,0.0006027263502784164,7,6.671789708954541,8.22413403708213,6.057625995830175,2.813444257806082,3.2618115894273574,0.17765996853351035,11.882238899619091,5.1892975534017545,4.257070243904013,1.3486299306344747,0.15073801664202416,8.818436061078817,,4.589939374996998e-06
ETERNAL,2026-08-26,18,16,0.0011256770883561042,8,5.121073598583115,6.587057880870802,6.672653448914096,2.357070386115307,1.6012237699593839,0.05896407779078459,9.185427782416728,0.3305102550423934,2.5951068001018376,5.038443292924959,0.8009336249862915,7.616886552768993,theta_s,5.740007834442403e-05
ETERNAL,2026-08-27,18,16,0.0010244657721700916,12,6.218337681519591,4.382532498369839,6.803499386039974,5.015815354656025,2.1447882587350424,0.2780772195267751,9.251487114537433,2.7584634107186443,1.8243727041450186,1.6246227373025486,0.6953672061212106,9.257344817567116,theta_s,4.794200620327296e-05
ETERNAL,2026-08-28,18,15,0.0011862307097846548,10,4.52955224146537,3.102254334963698,1.6631916826774835,3.7364715763435736,3.660230493724008,0.599009143333058,7.720270677893889,1.889930572390793,0.8181156296403138,2.64062249771225,0.7503741035221944,6.747900322523521,kappa_f,8.510541063599616e-05
ETERNAL,2026-08-31,20,13,0.003809571360361589,12,3.938981079206691,0.5581588808247027,2.050648558529894,5.595903010504138,2.5419906261920104,0.2583718761985283,4.410256979170413e-06,1.2264151585224599,4.415720340032174,2.497168349120611,0.9451989834694003,5.986946471868778,kappa_f,0.0003345790054814935
ETERNAL,2026-09-01,20,16,0.001486946273524376,10,5.004641834764134,4.825973982539235,1.601320315262015,8.759998147918648,2.745379496106959,0.09114088477544993,2.224786329960836,2.230822461717552,4.9796083022992885,2.3334086848020674,0.4495374455730434,7.477100021406526,kappa_s;kappa_f,8.446894478653664e-05
ETERNAL,2026-09-02,18,13,0.000682778181445784,3,3.0636954166004817,1.0434234063438907e-06,1.256152708678624,4.487241226604026,5.408232253985903,0.7445505865426187,2.284572531152662e-10,1.330947959816841,4.668895334398627,2.763906037594955,0.7144103153623559,3.4425865944958063,kappa_s;kappa_f,5.816821651856213e-05
ETERNAL,2026-09-03,19,15,0.0020675426878337777,11,5.256972828414112,8.581401049817767,1.1218928543103213,0.0743742180243552,2.309866001746033,0.5955526180854054,2.533408834982997,3.224704953480847,5.162566279234895,1.298696335229236,0.4563700238568307,9.730631891978996,kappa_s,0.00015537415328900584
ETERNAL,2026-09-04,18,15,0.0035875599875376083,10,7.145546536895704,9.71283052277354,3.6386298987142434,5.060553156074102,2.1606822639363736,1.1266925667218868,4.149766380972986,11.866469903816876,2.685885168237678,2.7551258058250316,1.4109330384846244,8.651833878094317,theta_s,0.0002623327565732755
ETERNAL,2026-09-07,19,13,0.0007337467915437818,9,5.892804429285764,8.980204627438372,4.976471825457748,7.339344510038302,2.5506963222684496,0.4248456311643099,2.7391650795413733,4.674632653435413,2.78550134657078,3.029777024724182,0.5947102821397348,9.849776955683929,,3.106898481702912e-05
ETERNAL,2026-09-08,19,14,0.0012095239247682827,12,4.474364636107117,6.775698183683954,1.6252000377181672,4.3265716949452875,0.9699974296591594,0.37709212462559316,4.813864559272981,0.9836295071639083,1.215324585440463,2.1783535419862727,0.2852265665404572,6.808981929783621,,8.724900034277373e-05
ETERNAL,2026-09-09,20,15,0.001809779366017481,7,7.795472519872646,10.728091803452816,6.542952050351653,8.030696533264248,1.9931210563749793,0.040661469462197085,12.47622188114165,4.493019582683568,4.921977795631135,2.483117963578143,0.41434922037652533,10.249723427334859,theta_s;kappa_f,0.00017153309238996414
ETERNAL,2026-09-10,18,16,0.0010450889604067715,12,4.6077319999319855,2.1768661125659214,1.8005899567944454,4.6149197609910875,2.6269353494920376,0.3427998421248535,6.090351868344024,2.3331179253586205,1.0167572738273143,2.641089402146216,0.45725609648051596,8.909002820994196,kappa_s,3.322188944206335e-05
ETERNAL,2026-09-11,20,15,0.001638860596263851,5,2.8156988389385305,0.11770361715618272,1.9487561327652787,5.033756052230084,1.3444352167467417,0.008766381713223428,1.7070356150838961e-06,0.846531781308605,3.32215416947912,4.581827819815844,0.21329335875293765,6.144676405581231,kappa_s;kappa_f,4.3772812723729976e-05
ETERNAL,2026-09-15,19,15,0.003936661715708209,10,8.059013274747556,7.009629218638262,8.557827686951798,18.530512877384325,1.107667468341348,0.3630797242486553,4.609915972120502,8.018513634581446,4.495021683683094,2.924996833710972,0.8183166941218897,11.079946697166507,theta_s;kappa_f,0.0003827715866212087
ETERNAL,2026-09-16,19,15,0.0027655982901452813,12,5.242646679188743,5.920884354166775,1.8365614228274902,7.154005475439852,2.8638268312115542,1.0638076922414892,5.896450822754141,1.7567873562795207,4.896866669743208,2.5713932898463563,1.350469128415083,7.796227570195764,,0.00015255581161266896
ETERNAL,2026-09-17,20,14,0.0013934083661247742,7,6.699472852499841,7.889145169318635,4.2025681154466445,10.19962753614003,2.295183075364354,0.5173216020997521,5.125659279764244,4.721745443146875,3.6242401612149777,2.4933588540124103,0.7380001832324374,8.917185313706641,kappa_s;kappa_f,3.106867212339208e-05
ETERNAL,2026-09-18,20,15,0.0007050488530253887,9,4.939103113709534,5.84905535894594,2.7931103553083285,8.176670424156221,2.946773566814887,0.35573720307145473,5.9457988574555305,1.4527067428755243,4.048946080112963,2.5316709752817834,0.40890268885977726,9.097110701164913,kappa_s;kappa_f,5.972996287247707e-05
ETERNAL,2026-09-21,18,16,0.002181176573126695,10,5.922837492542732,7.683561188872117,2.551464573225432,1.939909843761851,2.924840511167593,0.6593860913591618,9.164464919392207,3.2553001850928887,1.7091003386401127,2.4221434951612437,1.0213872179216201,9.501345078171664,kappa_f,0.00015835308356491494
ETERNAL,2026-09-22,19,15,0.001831905007215878,5,5.405951178479594,4.159715419817779,7.1325054849243505,9.7208823207629,4.732184657986201,0.22180135985363725,1.7259549824899523e-06,2.785671992881222,6.451014464647876,2.4662967951484314,0.1704895171895353,5.989729565568634,kappa_s;kappa_f,2.783502647884942e-05
ETERNAL,2026-09-23,19,15,0.0008119553017132912,8,5.224820895228799,5.25342272682147,6.295248842617912,1.049650795455954,2.623526349176709,0.6752038203747743,0.0001713630340205441,2.795219368692322,2.199578469302482,1.714706589882467,0.7195933705939459,8.371914000906768,theta_s;kappa_f,6.7554324137130166e-06
ETERNAL,2026-09-24,18,16,0.001167311733096765,10,6.688999135002637,9.37009439829351,4.831196751743467,5.531097957924828,2.7915988702700414,0.3561268063956678,7.8449184406712185,1.8071704323759454,6.594284234156683,2.3804612262641136,0.47697918006617335,8.996759581971181,kappa_s;kappa_f,0.00010200752215199752
ETERNAL,2026-09-25,20,16,0.0012610074527446896,7,4.830676105975084,0.9724738352219173,1.8362478710678742,7.369682283675438,2.9185296388742286,0.06914228180512103,2.808338599891158e-05,1.964838866380957,3.8510227213582224,1.2762503795125766,0.10419325628560461,6.841108163716244,kappa_s;kappa_f,5.776283294262703e-06
HCLTECH,2026-07-01,19,15,0.002741021905854731,14,4.63294533557464,0.6580653934983127,0.505741288513609,2.477746963114801,2.0117955130995497,2.3267077501828797,8.203289752243258,0.25760774481109133,2.009959650070633,1.948394780199877,3.6017685571195845,7.123716315200442,kappa_f,0.00014004971306102315
HCLTECH,2026-07-08,20,15,0.0027998855388801504,13,4.005501133271471,7.803449552007965,0.500657369842728,4.729018993666376,2.902006376564194,2.473684999652666,1.5020730920189584,0.3771659299019241,1.5070689229770624,3.0407399075621564,2.8392582957870656,6.525478468319265,kappa_s;kappa_f,0.0001485585875858667
HCLTECH,2026-07-15,20,15,0.0025697861350608363,13,5.919706426180783,7.324035965298608,2.0166356109675676,4.123546570410028,3.154556294763228,1.0766425129492088,2.1010052057643023,1.8427200860880788,5.573543641725905,2.326163370765105,1.5733838483341,10.48361819133259,kappa_f,0.00017525208997357447
HCLTECH,2026-07-22,20,16,0.0008370053583281753,9,4.953220122911073,3.3257565146271872e-06,3.011681902338982,6.051874294095348,2.7424103875944983,1.1425033796764907,6.148482550052693,2.0778716951389593,4.174050398536643,2.999178514986959,1.4872471747250722,10.039688333707248,kappa_s,5.366549453351553e-05
HCLTECH,2026-07-29,15,16,0.0007483586992059228,12,4.137655679649322,5.962192179850536,1.2693630131083218,4.360648518586477,2.5798921847965577,1.1130917403093488,2.949281101971506,0.882835580234825,2.2207383370294096,2.9898878797011905,1.4792973552939142,7.579728833793617,kappa_s,5.472330331716686e-05
HCLTECH,2026-07-02,17,16,0.0010255687522392916,11,4.073017789921665,5.212854112812693e-07,0.9934764053902145,6.562316622443744,5.827512769980039,0.6075762748756914,2.3799083237463492e-07,1.2435376141225811,3.662384491776134,1.976411323421033,0.8292144164547648,6.77766149806304,,3.1910871619444166e-05
HCLTECH,2026-07-03,19,16,0.0018263540996937254,11,4.404390338171424,2.043660927597557e-06,0.6456132134934417,2.7499350288229283,2.57125964161965,1.1467589723478064,7.462496964247457,1.0054680826589901,3.4968388487517337,2.407610503780857,2.2122387859328176,7.843737758371264,kappa_s;kappa_f,4.028118527347655e-05
HCLTECH,2026-07-06,20,16,0.0017609723745219176,10,3.232359885824645,5.464932776341399,0.7318053138641829,3.1478316910204787,2.9959501996355926,0.601771364408131,6.601046820264855e-08,0.888500205058193,2.5719030551836397,1.4714756108396403,0.8305122417949065,4.970030372132148,kappa_f,0.0001548762862044427
HCLTECH,2026-07-07,20,16,0.0015170251769419372,13,4.558870617220279,5.400758564274206,1.5383214365026676,0.6355293226965126,3.0458676432480436,1.7387379214840353,11.301385816323721,0.8156228742487581,3.8446293247251764,1.0905667121867972,2.677364397759832,7.252801789923692,kappa_f,1.6576033810658834e-05
HCLTECH,2026-07-09,19,13,0.0026771365210554376,10,3.8422999850486685,0.00017815332667936445,0.22516023579754327,2.390191968586402,3.363105168365889,2.265937359248233,5.650128140067272,0.07688783231886517,0.9944599542622866,2.055080699528931,2.4707678090541227,7.235543735080822,kappa_f,0.00025523721348277156
HCLTECH,2026-07-10,20,15,0.0025082899263928773,11,4.163017761148944,3.9876307233689943,0.31687903956030355,1.0452872164580416,4.904746654087962,0.010803069157445114,3.425022512715259e-06,1.4549766294235065,5.6741413759164985,0.4438474016361301,0.9331566403870584,7.057097283491899,kappa_s;kappa_f,0.00023969027055393893
HCLTECH,2026-07-13,20,15,0.001767336686875637,9,4.381357413269802,5.4467554982323385,0.08124668116698291,0.2367231609585757,3.076422891221193,0.0015074078025415854,3.0635049267852787,0.9337490641626129,3.4091387569548393,2.218291596040033,0.3376449664165273,6.69296454367702,kappa_s;kappa_f,6.0013471970323104e-05
HCLTECH,2026-07-14,20,14,0.00146917439864557,10,5.242775680479744,0.3011078437647612,1.817914837106186,5.72079507604161,2.3986721433982403,1.4011796649956876,5.766401273892736,1.846999797574192,6.317720757254748,2.957650629873909,1.898879752858368,6.802279149609246,kappa_s;kappa_f,0.00013879150517317226
HCLTECH,2026-07-16,20,16,0.0035356162446778363,8,6.973508362461942,8.325575964107813,4.959109556937848,11.166205069263572,2.1577653223281463,1.0294485627014476,4.884064292136131,4.462361296822176,5.022440158554565,2.2548519153775235,1.2627649236491407,9.43363868140191,kappa_s,0.00035264374971645876
HCLTECH,2026-07-17,20,16,0.0008610532213255412,8,3.5045263254332983,6.761720871737774,1.5979310163049418,4.869126618209797,1.3797507860940215,0.5065218825330018,5.063282042527817e-07,1.0869663824901301,2.3993577365037257,2.4071216281277947,0.6942688539500775,6.342278005232033,kappa_s;kappa_f,7.008044880954512e-05
HCLTECH,2026-07-20,20,16,0.002623905280498801,10,4.090860388935196,2.299338861026781,1.4957714546421361,3.249388569782905,2.389921171949182,1.141872675288034,7.127388809123339,1.2322089913868974,3.8595456611805457,2.5335062432463578,1.7093122242006222,7.8469751048440965,kappa_f,0.0002570322097352859
HCLTECH,2026-07-21,20,15,0.0016138020908252077,5,3.512260462463017,9.253236338935267e-06,1.3236363499043606,2.476196333193929,1.1782844073010443,1.3342256121499334,1.2033378737896783e-08,0.6224301519614827,1.160011093432522,2.523479248428936,1.831057319017917,8.05834951678708,kappa_s;kappa_f,0.0001020019758143074
HCLTECH,2026-07-23,20,16,0.0007362737966338033,7,5.027622447970351,3.3152599346810385,4.620290724924826,4.434155384921688,2.48469341818694,0.6830943077014612,8.47637874600141,1.9925270506619102,3.471130369278222,2.59262442760065,0.9047937693745689,8.308032721372001,kappa_f,7.203440792874949e-05
HCLTECH,2026-07-24,19,16,0.0008203045055883947,9,4.996988113077448,5.447699258112195,5.1582801379680205,2.740241989470988,2.7739079470037353,0.03829120876087762,7.939849908976127,3.3991034200506682,1.7522239086570364,2.6367530813725306,0.13935139290177845,8.715254902156863,kappa_f,7.695442808086791e-05
HCLTECH,2026-07-27,19,16,0.0008810520486616954,11,5.7222687337655,12.202179682685339,2.646381662573943,7.654866551828913,2.931103390715834,0.5157174256643512,6.9709366928246395,2.0039821050028315,4.118357808243191,2.024666301357305,0.5944638962850339,9.614225661151039,kappa_s;kappa_f,7.84642795349774e-05
HCLTECH,2026-07-30,18,15,0.0020200034358690555,10,7.058539499687775,3.2105260277331595,9.16638504632601,6.9397047123559155,2.559656513491087,0.3454494962180077,12.49560230839139,0.8094954894428227,0.9258551995460969,3.4060802989818186,1.3635787430889599,8.69972052345423,theta_s;kappa_f,0.00015757306215258846
HCLTECH,2026-07-31,18,15,0.002440355836093181,11,5.1658276945142685,8.893052822502165,1.2590857306437753,5.142157206265068,4.137213502641464,0.6517931072962598,5.938835495985315,0.9427960756671395,3.3383028066170395,1.8614640841016286,0.9812010973514348,9.176969064355546,kappa_s,0.00022348077727276077
HCLTECH,2026-08-03,18,15,0.002070239736732005,12,4.865659829188651,5.43799513278822,1.3244929961229972,1.5170283555279886,0.5609274476375972,0.5563801577584979,11.728512650634428,0.6520164178552716,2.7890615830250516,1.5482266146118917,1.2329101316820534,6.667124662339137,kappa_f,7.503994066820896e-06
HCLTECH,2026-08-04,16,16,0.0009692951415070886,11,4.407080319595711,11.923292763597651,0.8246884529040627,1.3206770282437723,4.164381961383458,0.8789548863666996,2.5818880034453393,0.683158287835943,2.7685025637063596,1.8856717089311683,1.344315139387519,7.042183699757087,kappa_f,7.462321708563528e-05
HCLTECH,2026-08-05,17,14,0.0025585088592447337,10,4.726564639479649,3.87595308484795,0.8561040876563996,5.916075612818348,3.2213812052112787,0.6143193477225508,4.099680420929062,1.0356677556156695,3.250904204692154,1.8358157257852983,1.1182951396809,7.3557777102583,kappa_s;kappa_f,0.00013817123344760096
HCLTECH,2026-08-06,18,14,0.0019401609311770513,12,3.8698387150638225,5.356207622419422,1.5222973133203768,3.546330313368519,2.005629496693012,0.6770631652450882,9.21814306806823e-05,0.39336929963119094,0.7565769744735928,1.1707447370940158,1.2800658431575622,5.809228422448085,kappa_f,8.644718714705796e-05
HCLTECH,2026-08-07,19,16,0.0025231950317895517,11,4.316224100157818,7.29132035089853,0.9718135586295681,3.0270770036843637,1.4712330463047754,1.4427974445146485,6.949085970060137,0.6811202440066579,3.5881572877563013,2.463977824320251,2.503867009277818,7.397221018293476,kappa_f,0.00020927151100759477
HCLTECH,2026-08-10,18,15,0.001498195695812019,12,4.241879511223628,4.140706725020728,1.030686141622272,6.641691605283207,3.1762476094555394,0.43127312617157954,4.522590294157295,1.2142789200788522,4.064243306392053,1.7301899215054501,0.6305030883832587,7.879813478346685,kappa_s;kappa_f,4.8159804034235334e-05
HCLTECH,2026-08-11,18,15,0.0019087939005282663,11,4.4372909513652825,6.070768428145127,0.6780334310034395,3.683312543577357,1.8051436021432004,0.8025574506047725,4.159722900709539e-05,1.3828217259536777,4.226406409399933,1.8730029956862628,1.249533577595216,7.338483368119067,kappa_f,2.145721025867734e-05
HCLTECH,2026-08-12,17,16,0.0012861668230686053,12,4.676729858950038,5.118088865983175,1.2257250519730998,3.1694637530814624,3.4786668813658648,0.0011320877415045678,2.5163012631779225e-05,0.9001685992492031,3.2978858132098097,1.3095598466756166,0.31663158471469965,7.596266934406357,kappa_f,7.621459756171974e-05
HCLTECH,2026-08-13,18,15,0.0014154260800107803,12,3.864274449943742,1.2974975890145402e-05,0.9559341043161744,3.9233412575038207,2.486379076729712,0.7126499913697875,5.286427371757108,0.7597084851228485,3.589573885500205,1.9283386698972702,1.0336303411680088,6.45903030795522,kappa_s;kappa_f,0.00012353448399395235
HCLTECH,2026-08-14,18,16,0.0011137719343314307,11,3.8791530884183154,2.2698798467502e-06,1.205692771721651,2.9161836260830647,2.9842224159213315,0.5436132500202561,2.7394086943182367,1.2247462990246443,2.122944365233888,2.450865909212587,0.6933117957075161,6.819442950968168,kappa_s,3.61778530709241e-05
HCLTECH,2026-08-17,20,14,0.001287568695361577,10,3.891361243185999,1.5291298283514987,0.6512255121849746,4.250673415585354,1.967746252861735,0.8646747891034805,8.418438877488907,0.7879596574827605,4.454940811007498,1.154321276831789,1.2434785222295415,5.751311212755131,kappa_f,7.750418781867201e-05
HCLTECH,2026-08-18,20,16,0.0009622873379073627,11,4.569192620256702,1.7363362826808615,0.3070771807557234,1.0565737899684216,2.6289434430943954,0.9274527713184461,12.158421135597774,0.2611243178832506,1.7483318119409685,2.753494953874915,1.1838676103146226,6.006976314735342,kappa_s;kappa_f,7.937053712265261e-05
HCLTECH,2026-08-19,20,16,0.0032532085098710938,13,5.490646107807229,7.00429871074339,1.2779617960195853,2.2321857038427835,2.2984119882078256,1.1691389463187833,6.6248266971793806,1.2133691702695233,2.5186607755505745,3.0408035660923804,1.2763095741062003,9.72683248683922,kappa_f,0.0002099610779631102
HCLTECH,2026-08-20,20,16,0.0010671387989025238,9,4.748186680569841,8.442198194539506,1.700056539093651,5.769494301694427,3.1520879938068043,0.376313269189266,8.19559828630205,1.6360351966964803,1.106114075853616,2.248181970206402,0.453763380728284,6.808932929084455,kappa_s;kappa_f,3.278958860260619e-05
HCLTECH,2026-08-21,20,16,0.0016068763154300993,11,6.100532033700512,7.566633732098349,4.678657636247924,6.701646496525106,2.5859245210178012,0.420525505905828,2.329301756849198,6.005534274496588,3.615890023731789,2.0715430601050393,0.39843364461562647,9.997179120714263,kappa_s,0.00014274393479188222
HCLTECH,2026-08-24,20,16,0.0008249832896430862,9,2.138773412791599,5.826613423387528e-05,1.0505435141162094,3.101421849918321,0.620360870047951,0.7319695675874975,2.684846676917788,0.14940788898098858,0.5686963753198875,2.215348183020584,0.8063466418864735,4.968219894739309,kappa_s,7.184763995923046e-05
HCLTECH,2026-08-26,14,15,0.0007632820252689737,11,5.495621945812293,10.815043448947648,4.37037780969573,3.772985990017122,1.6314381703389993,0.6940288786881179,4.0714078864439935,3.5958021792564514,1.7099251876592816,1.8084073378546015,0.9217125842874249,9.5985390327469,kappa_s;kappa_f,2.5168490505737156e-05
HCLTECH,2026-08-27,16,15,0.0006843033330983865,9,4.440790825474184,3.5051294531875268,1.654045716609089,2.7916266459971655,2.3912994012030073,0.42890943131335413,7.772105657663461,1.0050166508797416,4.599663773990352,2.341303617856462,0.43622356099992377,7.9641006325362405,kappa_f,3.297727606522852e-05
HCLTECH,2026-08-28,18,15,0.001698845956692744,6,6.0075543491651135,13.680561087279049,6.593662123067643,4.519771988781081,4.98559255379441,0.30890997826520133,7.239878400629106,0.7069471851976399,5.622012549644106,3.6695369474558577,0.5579396365861907,8.90027704748146,,6.421275067846157e-05
HCLTECH,2026-08-31,15,16,0.0007104814567290609,6,4.977931234708066,6.677875668702368,5.611776313123653,3.9460093673515093,3.825385217080816,0.7567290153476729,12.442746576218855,2.0695231084347636,1.5152442175595735,4.0441490155169255,0.9894602897815675,6.8332646021916,kappa_f,6.874444487492144e-05
HCLTECH,2026-09-01,20,16,0.001747822000333021,13,6.919607727986252,4.770753985990864,7.854292899770533,1.57864843902043,1.5601247965667926,1.191309784722399,5.416656521500478,2.963397504092863,1.0814056547912116,2.044135383597615,1.356645580745802,8.944820303493515,theta_f,8.506222174680354e-05
HCLTECH,2026-09-02,17,15,0.00227028183981628,11,5.5920212634332485,6.397243708425291,3.68233804206311,5.008946321494497,2.8869941444573417,0.5564127252475275,5.367572601053759,3.5066451594009242,2.610451950723463,1.9274630848097143,0.7232897811808595,9.900743175308522,,0.00019956159650994561
HCLTECH,2026-09-03,17,15,0.0011031031521468234,15,6.152009341026087,2.988080878453858,7.159096329123221,5.6743166421555005,1.5277854057037228,0.7221647586772844,5.9030377585856995,6.105349215123851,1.0694453805847897,2.6085146385578084,1.1323115949668334,9.404510925419167,kappa_f,9.521872016524362e-05
HCLTECH,2026-09-04,17,15,0.0005672541031320825,9,4.670747315602812,9.229910028633347,1.0151414166788504,3.899926539390646,3.4507812843080616,0.49299322629337927,0.2683383986361463,0.8703932865241849,2.784998154078342,2.0238344444991796,0.7433905492284743,8.43217485230966,kappa_s;kappa_f,2.384354036795292e-05
HCLTECH,2026-09-07,20,14,0.0025262054113912792,7,6.1864020604205585,6.173200472444401,5.488564771860824,9.115257899889109,3.2741537783027845,1.193384750353686,12.478966284993316,2.7156384546650174,2.0716067187434453,4.880592837731012,2.3021128228786623,7.822188601973932,kappa_f,4.734393639406085e-05
HCLTECH,2026-09-08,18,15,0.0010588258463048255,5,4.173382892102088,7.397937693554013e-06,1.6248153656586453,2.810386546361004,0.35495863977796205,0.3185176525139847,12.349534109381224,0.07848108592308861,0.46393546197365954,0.6071708824845303,0.9303242263030642,5.7544806684543035,kappa_s;kappa_f,0.00010537789908741458
HCLTECH,2026-09-09,19,15,0.0030152288437074685,13,4.2113771357717695,3.1159639508615555e-06,0.8510498976436098,5.245650941229586,2.6475655022641598,0.8894521159081639,6.246527317624483,1.0639878508707423,3.4085919399044906,2.298547186957145,1.2610827230672472,7.746971605091233,kappa_s;kappa_f,0.00021855193576748302
HCLTECH,2026-09-10,19,15,0.0025848364349826797,10,6.072125186618704,12.570182534471627,3.4687871792932876,5.73510094852087,3.597218302928126,0.5918836131577414,3.945465773388391,3.4625999447391727,2.75671390807852,1.870407738445244,0.8916590518845802,10.179714905541887,theta_s;kappa_f,0.00022627086461570823
HCLTECH,2026-09-11,18,16,0.001902836735119299,11,5.697378259096667,10.349253106761088,2.017241104891611,6.765153873007733,2.963037496257936,0.5701464543153189,6.7937445976764375,2.206821660748503,3.624977597840991,2.525750111804628,0.8151238167415666,8.928927877851685,kappa_s,0.00012030465638147685
HCLTECH,2026-09-15,18,16,0.0037618883016254864,14,6.613018795700823,7.841593578480506,2.9854128333803818,5.621400944122726,2.5929866323205895,0.9726898876795422,7.8831611065366785,2.8872211513857877,4.608449265378185,2.6252981917587284,1.3838748162298389,9.769618406533537,kappa_f,0.00025411951911653765
HCLTECH,2026-09-16,19,15,0.0043703418209711225,12,4.683926499746583,2.481958389902238,1.3228320253829329,6.337440158885908,1.2887723060343181,0.7613867921191393,0.9551008057741992,1.1853165244451802,4.027925810142595,0.849555413939282,0.9100599245743287,8.968044654977415,kappa_f,0.00010244969415480407
HCLTECH,2026-09-17,18,16,0.005104833369068255,15,6.8683294327333355,8.235873188396475,4.772992480635719,6.917860031742406,2.690216378342792,0.7919918112178695,9.465758800698008,3.870551509637299,4.767045078231787,2.5640446366381293,0.9850881998969239,10.636124989468332,kappa_f,0.000293779779116537
HCLTECH,2026-09-18,19,15,0.001083693662060435,9,4.029700438898983,7.101786271945798e-06,1.4112114309561843,7.128854758383424,3.068652417893473,0.37732253640236285,1.4513856783082701e-08,0.8607228081930558,5.486759111728427,2.5480407313862354,0.591952345812718,6.15306383760368,kappa_s;kappa_f,4.126147010119897e-05
HCLTECH,2026-09-21,20,16,0.0007739413943776356,4,1.258883462920471,2.145511789231647,1.0668744917625785,1.9780956841864485,0.18045786412293374,0.1840165794059455,8.525391876901267e-07,0.09521748774292216,0.24135803131631706,0.2143027920385372,0.2532182097910818,1.8102240721672065,kappa_f,2.5383211371724076e-05
HCLTECH,2026-09-22,20,14,0.0011888999873717356,11,4.7258791921832675,3.4880150636240614e-05,2.771614561407313,5.923846510401628,2.406877325703325,0.549421890706966,7.393275325284776e-09,2.3237875027513124,5.160121754469678,0.7824796643721932,0.8329843636806513,9.95935417306605,kappa_s;kappa_f,8.459639478549329e-05
HCLTECH,2026-09-23,19,16,0.0034293463906097913,14,6.372697582889229,7.456020270858838,7.221245051574331,8.348500246587216,3.124566513670855,0.142036799360803,4.26217679276691,6.704054144536418,5.215686001064439,1.9163974998345892,0.14892673421949065,10.811356217013326,theta_s;kappa_f,0.0002513223345286487
HCLTECH,2026-09-24,18,14,0.0014231666125732205,8,4.845428517731744,10.231198582346735,5.72711511289809,2.2454320463171547,4.585530870289025,0.2967977448523597,2.5854341832487253,2.980640011569741,2.698202704795337,2.345783304894936,0.35671169654349,8.827488343267543,,8.499801317636557e-05
HCLTECH,2026-09-25,19,16,0.0008817885126185678,12,6.487863644075199,7.387594374295478,6.342649358391416,9.767380376004414,2.64079917563786,0.4403709303388205,4.47698674423995,7.305959134209884,1.727542261973471,2.2847747877836326,0.43878555395053065,11.275598226846048,kappa_s,7.244601248697954e-05
ASHOKLEY,2026-07-01,18,16,0.004036584416812968,12,6.0236075513968625,3.2866818454584523,4.231170697063666,7.9483346627256894,3.4740408864356827,0.8364221242617397,1.736844354712146,7.132659705346273,2.176150095241801,2.3719426630683356,0.9383857099984285,9.10646243820133,,6.0717286678277534e-05
ASHOKLEY,2026-07-08,19,16,0.002455335274242397,15,4.4979778396938475,6.744551848835267,3.0915842710063286,1.9734994144035767,1.198151894975199,3.2781563661277966,8.43408642644816,1.132726672759365,1.7921936698793894,1.7749972532556622,4.403064146776355,7.5365365271829985,kappa_f,1.9957683196128277e-05
ASHOKLEY,2026-07-15,19,15,0.0017328270525817332,13,5.130582856113342,4.7122331968679365,0.8127376592848117,0.5917990595311395,3.216084925802016,2.224004503713689,4.260504432559123,1.0167445074261687,0.3038305669372849,1.8632643011876133,2.7586492405424035,8.97063161643558,kappa_f,8.083368771196592e-05
ASHOKLEY,2026-07-22,20,16,0.0009145858923191926,8,5.25209508186192,0.0004465440041094837,4.850955800789688,8.891036563100105,0.7175146946556377,0.16238996584202667,8.649565751104243,2.383939730333597,0.31221418235523135,2.125987124214871,0.24554584907335975,7.209371082101372,kappa_s;kappa_f,6.977653975888528e-05
ASHOKLEY,2026-07-29,12,16,0.00013100350983026137,10,3.3897700715267516,2.361844986448236,1.5897776729298867,5.809850113611271,5.6876199586246825,0.069735202021661,3.403446768857066e-08,0.7905614815587274,1.452372826027844,0.21902134578631122,0.31058066467662293,5.8879637510464296,kappa_s;kappa_f,8.8819667873514e-06
ASHOKLEY,2026-07-02,17,14,0.0015686652502771728,11,6.289440315468798,7.080138099673185,4.071775343447451,7.329672671432478,2.228235916921445,0.10640419857505083,7.642904488210661,3.208304123998736,3.7358292773901223,2.6036700594551716,0.968167346052752,10.216097461072064,kappa_f,0.00011180676680584418
ASHOKLEY,2026-07-03,17,15,0.002183554282734722,11,7.370319904177405,7.604904638441392,5.883638835927559,3.1946971574929393,1.8432145214410227,0.9954336094444036,16.361659323140156,8.441979031945584,2.4844559306366256,1.795070164203269,1.35493912501599,9.436986511148161,kappa_f,0.00021165268627317598
ASHOKLEY,2026-07-06,17,15,0.0012928098069033014,11,6.477844337782852,9.6158112506981,3.920632694403921,3.8865703308927686,3.1095418993075463,1.003624760289157,8.067339639022245,3.3996272943285555,4.7720392963816,3.1458621509969382,1.3581084192638628,10.28102156739972,,0.000102813008046898
ASHOKLEY,2026-07-07,20,14,0.002757324358440851,12,6.1963141574977385,9.89460928406848,5.548112290008126,5.9441691612991905,2.251436250435861,1.2176280310493401,2.5898662053557366,6.06199985591065,3.26466813686672,2.128442364696924,1.5060644355436588,9.297197900858432,kappa_s,0.000213490208539903
ASHOKLEY,2026-07-09,19,12,0.0033169911142412727,10,4.0501813532686315,5.1411088293207285e-06,1.0544194238660087,4.537115504033603,2.5182917028188854,1.4237415898493986,0.7417214732281971,1.6087624270780192,5.063553106970745,2.1222089365697894,1.938668095225344,7.456887510671793,kappa_s;kappa_f,7.27122883811401e-05
ASHOKLEY,2026-07-10,19,16,0.0006915175480562773,11,4.538624504233438,11.434023586838405,0.9052582153895663,0.36102488144362943,4.878045200945187,0.0014414000556256259,0.7109719026842907,0.07891028033170411,1.3775670454639837,0.0069170956703626385,0.033741621180949366,6.927670626076496,kappa_s,4.43928116676197e-05
ASHOKLEY,2026-07-13,19,14,0.0010655341190457528,2,0.7951291371878574,1.878099033157305,1.1716566005378448,0.7866906264410538,0.025690444273138713,0.23148436250946303,7.103230288407758e-07,0.23665144192314713,0.727358684046461,0.03471828053334791,0.40358544343345715,0.7951291371878574,kappa_f,6.8825857289910725e-06
ASHOKLEY,2026-07-14,19,14,0.0009502600470891222,12,3.880272743411273,2.2369016399181874e-06,1.387546778157895,3.06215050053371,2.0322706553311063,1.2827006429028414,4.33785312945732,1.3676670321698263,3.6621576769371758,2.7551672500322653,1.6423302381334357,7.6289942940965085,kappa_s,9.162980770024043e-05
ASHOKLEY,2026-07-16,19,15,0.002585658843985161,13,4.688521951005103,4.030223665897781,1.0345790048620656,5.035275332994546,3.053055847552142,1.7808573139928283,7.7982069806469685,2.077616987046139,6.107713082825326,2.7521306777462726,2.398997371755282,8.14959909815158,kappa_s;kappa_f,5.43082074606128e-05
ASHOKLEY,2026-07-17,20,16,0.0007776937017805979,14,5.770952535663842,1.1791066173116374,2.5592847145319166,9.860373490781175,2.0610448315527483,1.4645741393875622,0.434370592405509,2.360449767499383,5.832629852320787,2.711559134947851,1.9640503233765645,8.931215219399643,kappa_s;kappa_f,7.054095711555523e-05
ASHOKLEY,2026-07-20,19,16,0.0012029024930314293,12,4.9572773708678355,4.26753779672757,1.091555458668161,3.5929862351699686,3.2094650502387236,1.145579983631075,6.22125289248342,1.6484923715813893,7.7859645941031195,2.259878071392854,1.4744797761871662,7.690738709967878,kappa_f,3.2494633629859835e-05
ASHOKLEY,2026-07-21,20,14,0.001046935788944345,7,6.664271911560909,0.13252510172252413,2.6430274508489804,8.234456060313539,4.479002291761255,0.9751262075646264,9.752343689702844,1.765950927453073,5.857228570673824,2.2857446395006393,1.3488677751011582,8.276788350853076,kappa_s;kappa_f,9.907571443229621e-05
ASHOKLEY,2026-07-23,20,14,0.000997490703180474,10,5.109200229142152,7.570432521864392,5.742549588678465,8.342505352548903,3.391156079361921,1.1260958281923255,1.2344453671754412,2.119572049581702,4.7524261943883275,1.1826250370293212,1.3831236516131005,9.18430100298399,kappa_s;kappa_f,5.724505275344618e-05
ASHOKLEY,2026-07-24,19,16,0.0007934229024642095,7,5.6372104348422525,5.995402598941305,5.7022512885824845,4.597518511200074,3.6939164092458605,0.08370221567077098,2.82661138647764,3.453195197146172,4.953280830297431,3.269576302747198,0.17023341654882485,7.968751586758558,kappa_f,2.3492780396742303e-05
ASHOKLEY,2026-07-27,20,15,0.0005527336294608126,9,3.5336138622915314,1.9543318443244235,5.174123998537945,2.8377975300526677,2.864719140496086,1.166287302633107,2.989182945611901e-08,1.7187425544737263,2.3218186449757567,1.5619726915632393,1.45259945367759,8.50620776897645,kappa_s;kappa_f,4.039802020453691e-06
ASHOKLEY,2026-07-30,15,14,0.001431511336168874,12,5.05253033951166,5.768512886563936,2.143024514341094,3.2306329005150443,2.7837302860769952,1.5103266049587658,12.419750879611374,0.7048311740919355,2.74098911229302,2.7748471714596348,1.7547626207643017,6.844226354248896,kappa_f,0.00013704901170169125
ASHOKLEY,2026-07-31,19,16,0.0022145654653752444,14,5.761562649768556,9.650211568476248,5.396526369355925,4.284122908455362,1.8646590166334234,0.061962075024598384,6.3116198592907065,0.5602630966349734,0.9601358493555447,1.9829279502292358,1.5677304390402518,8.729446468102408,theta_s;kappa_f,0.00014063319337528348
ASHOKLEY,2026-08-03,20,15,0.001055956592172422,13,5.7211149900015,7.31831309303651,3.7031828285854034,6.053281737850442,2.0850911822264457,0.01144021147435661,9.816636976915584,0.45140948444499374,0.9540584604934621,2.505715825127422,1.1178751281221349,8.489272886510976,theta_s,0.00010066417319173253
ASHOKLEY,2026-08-04,20,16,0.0016891011388801395,12,5.578658014317427,6.27015266797067,3.965869719628766,4.592890723910846,2.522886005646666,0.0011575276584898403,8.89202890600335,0.2966957352208382,1.7548155501890879,2.178259294424639,0.8392655671154108,7.6322271734083,kappa_f,4.435783949374738e-05
ASHOKLEY,2026-08-05,19,15,0.002275892878527907,14,4.562820652048797,6.58240883194239,4.130764906476245,3.613949815728863,2.5518038667212384,1.3169387242577324,4.013995997042155,0.7358156349195523,3.4209335848529525,2.4836629297571324,2.162913177559543,8.054622502726287,,6.242033349687388e-05
ASHOKLEY,2026-08-06,17,16,0.0004077944215234122,2,3.8913874781979727,6.881349970720327,1.7255405588567074,6.759089385212602,6.93050728109163,0.24725559058496507,4.20006724510813e-07,1.0227976104387313,2.465404087381361,0.3977643968135097,0.1938886689980821,3.8913874781979727,kappa_f,2.6929261873444884e-05
ASHOKLEY,2026-08-07,18,15,0.0012262642779976,12,3.7916422882367806,1.4215033239395325e-07,1.09024141644434,4.6869403032374315,3.0375643585275203,1.1128811310082587,3.6956052251496168,0.7652823843930889,2.847012101766269,2.510226692969294,1.3062955258723776,7.329290369305731,kappa_s,7.250656498977086e-05
ASHOKLEY,2026-08-10,19,16,0.0023348849091346397,11,3.9356831213764365,5.683013750306131,2.316984023831964,5.433264980879789,2.5274118367373912,0.0020592720174614433,8.462218134914758,0.13771324982882935,1.6557069812620782,2.453004475331769,0.6462759854778399,6.529541305357175,kappa_f,6.631508187527908e-05
ASHOKLEY,2026-08-11,19,16,0.0008635546929977286,12,3.762995258212972,4.382142028438391,2.5069963547725225,3.3827595114079103,1.5761205550853818,0.11005694695043736,8.329683414132205e-07,0.8334280789667526,3.066234802291717,1.4437460756395382,0.28245381914995393,7.193847340598929,kappa_f,7.408930647698848e-05
ASHOKLEY,2026-08-12,19,15,0.0006466922756792551,9,2.5387402473128624,6.257620492892027,0.5063954848312865,1.5938210813475586,6.451523683670471,0.22811752512142242,1.3051365854721553e-07,0.23174805078882343,0.5733197565458514,0.14145358981881312,0.3193298722460707,4.86162386533923,kappa_f,1.0793262240578363e-05
ASHOKLEY,2026-08-13,20,15,0.0029337076141273057,8,4.46164273192376,10.04732046423062,0.008495563997301041,0.07623349284343242,2.9105788417883303,0.00029254105958906437,0.0029435981769925235,0.0015665204353859097,0.0065116016549047195,0.003932545835771961,0.0004684979188289695,6.593473401429881,kappa_s;kappa_f,9.147782763692597e-05
ASHOKLEY,2026-08-14,19,16,0.002499552113067467,14,4.684072144727291,5.001259625740975,0.08466367732271837,0.3411257114245489,3.610339352988876,1.2813028676160296,9.766804627644806,0.22002795327597147,1.6679693911307893,2.073324285693701,1.5909894067913868,6.748536088881452,kappa_s;kappa_f,0.00019382452931071287
ASHOKLEY,2026-08-17,19,14,0.004064182152856209,11,5.408044916089928,7.456110262344513,4.404400099297922,3.2718479517386876,2.56072856393355,1.1370353256899024,8.905500251533983,0.6364440201935732,1.151488573471276,3.123724185578481,0.8239719644003416,9.391956246106425,kappa_f,0.0003541214422266544
ASHOKLEY,2026-08-18,20,15,0.0014225072963645839,13,5.389054566840606,6.912456591373822,3.5926499133733723,6.919579105347662,2.702154428158549,0.16905313555859108,10.333025899093592,0.9206377038165221,4.51293633263973,2.672801951811964,0.1891622385942331,7.440518661976947,kappa_f,0.00011890724921133898
ASHOKLEY,2026-08-19,20,16,0.0020386126558529943,12,5.966578448464466,5.4915925982021525,3.5890677143312475,2.2156830855343506,2.82469599161219,0.7155368977662274,12.490216262705344,1.986795144399536,2.827160208355886,1.8948331423887512,0.8216055356748161,9.396725033175748,kappa_f,0.00014182963204968516
ASHOKLEY,2026-08-20,20,14,0.0010848870114536155,7,3.776699641500945,2.127157310500367,2.0345541573842025,3.874985056206847,1.9204613240107404,0.7118437046037859,7.910804444892051,1.2763377062754084,2.4861412887877496,1.626681516804867,1.005763957121599,7.7538228839945615,kappa_s,7.520168448053258e-06
ASHOKLEY,2026-08-21,19,16,0.0007007225288620975,6,7.632085430998989,10.220297778111876,6.836754466181354,3.269562758912935,3.709259738166665,0.03769315166099917,15.590169532647927,2.8529701864455914,8.568293111552265,0.24536037567553362,0.07414839101258952,9.520470646294514,kappa_f,5.733100167827729e-05
ASHOKLEY,2026-08-24,20,16,0.0005683799955734366,8,4.363990148590441,5.269097713214773,3.5191768951934055,3.9452322910037783,2.662486841297274,0.30608085694805964,2.5170470137074736,2.274360505198674,2.7342992003488984,2.6262662018750604,0.388957804944832,8.26562100531623,theta_s,2.2429255578219095e-05
ASHOKLEY,2026-08-26,16,16,0.0008218833113550281,2,0.6134159039858436,1.5653031361692822,1.1141989328582067,0.2657990287864944,0.00502281030700491,0.01497652950336191,3.731493830372301e-06,0.0029777738237081186,0.015101601823053201,0.00638519864600573,0.001094299095594664,0.6134159039858436,kappa_f,6.202870111139897e-07
ASHOKLEY,2026-08-27,16,16,0.001380337676745485,14,6.178196642604023,7.83971745898576,6.28424309295505,0.8031845851133068,2.0618754908450607,0.8544406721606089,6.8855924265482855,1.9947183690886034,1.3589210510925398,2.486724095915329,1.200495587630025,9.271205322914687,kappa_f,4.4596685000669514e-05
ASHOKLEY,2026-08-28,18,15,0.0008770399744925679,6,6.119517255601813,10.442969422366936,7.211026921511534,0.7768904577868594,4.01739741768543,1.0969956761889443,11.34977063841632,1.9694544939784067,0.9630592397718369,4.5132953985452495,2.3793305009459327,8.003595522101785,theta_s;kappa_f,8.41466057501008e-05
ASHOKLEY,2026-08-31,17,16,0.0009120774924146984,11,4.581022527559929,3.118767128277545,1.3624259145509154,4.053104057872321,2.777450497445308,0.9155003736383682,7.081934908582058,1.2919342039223336,3.167460786901887,3.359398359732426,1.174330640842188,7.367957962280343,kappa_s,2.5930711709345176e-05
ASHOKLEY,2026-09-01,17,16,0.0011708153305906507,4,4.000451559815303,8.019144470206424,0.33461079499700264,4.294972227977214,2.0482343754133137,0.9554604938111966,5.499437311731018,1.1481711579453857,4.772920785014292,1.939382095205458,1.4333328188234067,7.666040782192771,,0.00010064457798399573
ASHOKLEY,2026-09-02,16,16,0.002194129789310947,10,6.657652935253696,14.822130893351352,3.390911996929804,7.067079194799522,3.2152133339632893,0.8844355029254614,12.391914582122162,2.3800099670815036,5.400696110596494,2.901901745361354,1.1429096130749556,10.075217218248863,kappa_s,0.00021161734685506972
ASHOKLEY,2026-09-03,18,16,0.0010830962820621113,2,0.68496920260669,1.136286221474477,1.8387238681505353,0.1385102654712984,0.00970212657445968,0.0005639737180407793,1.441252877043553e-07,0.002285596609694074,0.009426059811349141,0.011309861125484932,0.016574507406188932,0.68496920260669,kappa_f,2.308309318300051e-07
ASHOKLEY,2026-09-04,17,13,0.0026344332834162087,11,4.593884636423339,6.884917235019593,0.955864247041309,5.480108691114905,3.6465667791220815,0.6394172741197994,5.822067186020535,1.0339081106625274,3.862954860815575,2.513165660159357,0.7641711619932356,6.768457820832267,kappa_s;kappa_f,0.00017855039679234071
ASHOKLEY,2026-09-07,17,16,0.001548997283933598,10,6.161759546002502,6.495139779019052,1.4448200249852756,2.143121501371202,3.740436535979856,0.6205825817311936,12.432568946595651,1.842315706801321,7.818319185909399,2.0789822590913047,0.627698559003632,8.185326031043905,kappa_f,0.0001463999644907806
ASHOKLEY,2026-09-08,17,16,0.0005862113559052204,1,0.0,,,,,,,,,,,0.0,,0.0
ASHOKLEY,2026-09-09,16,16,0.0016142794973543664,10,4.605296581809896,0.00012927627687275844,0.8541766484116674,4.7093870089384104,2.8179193464169607,0.6630839165666278,9.067056675792536,0.9300109855425558,4.377558439665098,1.8754712126624056,1.0535345794188875,7.289978430571658,kappa_f,6.353091551819078e-05
ASHOKLEY,2026-09-10,18,15,0.0011855207948300076,11,5.183379008124882,7.667621397496319,1.1598351318586508,2.1290415622162735,3.3438534558450432,1.2967310445018505,12.359517990392696,0.8689434688078288,4.55239442794651,2.280456254375064,2.009099962284509,7.361896028614764,kappa_f,5.257662040073375e-05
ASHOKLEY,2026-09-11,18,16,0.0007705676815241559,9,4.313222250274475,5.160003781795115,0.603543579224936,4.22027450255613,3.4818898954028996,0.9894394448386645,6.247087437336705,1.1563962165968196,5.135441490508748,1.7325279758500016,1.3737101480991485,7.139818450297814,kappa_s;kappa_f,7.589427693568778e-05
ASHOKLEY,2026-09-15,17,15,0.0012029141154567865,12,5.595746964094344,2.730245806897337,1.301951425943779,4.906663058095843,2.7929905183235286,1.7886257316491792,5.431478813107584,1.1083885183996092,4.895139958739543,2.915075179140283,2.3574238259824862,7.34820354327487,kappa_f,7.416459997707197e-05
ASHOKLEY,2026-09-16,19,16,0.0009349264258743222,11,4.845046655107424,1.7690039552320513e-05,1.2220662165117997,4.340193549581795,2.8173673520524463,1.729830143106573,0.019419927604914733,1.2607880397237818,5.656176316656969,3.7076829935699527,2.4051253428834807,6.936202648882646,kappa_f,9.193772168821911e-05
ASHOKLEY,2026-09-17,19,16,0.001240832544013229,10,4.566850413086379,1.7180782734271816e-06,1.2837301031140984,4.3556207842540715,2.5797000057229194,0.8830343850572062,11.425334631868203,1.5758694061988208,4.295302148992088,3.4814254259292507,1.1392202602095782,6.728689089245219,kappa_s;kappa_f,9.435121326137417e-05
ASHOKLEY,2026-09-18,20,15,0.0014858590458442901,13,5.033614313933782,9.075921708331014,1.4738864694854503,8.24873325626591,2.860887638748721,0.4085056529111315,2.6317215755672363,1.262037320722556,2.0039723861346435,2.000649882747746,0.49724777739103376,7.2423006242390215,kappa_s,0.0001291875677055462
ASHOKLEY,2026-09-21,20,15,0.0009438646035695969,5,2.7231098101349116,6.7372255150666085,0.0007394528552680782,0.037376702763437505,0.033013634091262345,7.133478725148405e-05,1.2736478538499796e-12,0.00026661012156847796,0.0011025435535714223,3.220519723341059e-05,9.417071550954503e-05,4.796769441822503,kappa_s;kappa_f,6.257517605598104e-08
ASHOKLEY,2026-09-22,20,16,0.002519639978811717,14,5.397939697030791,5.256054430608129,1.7689601144164122,0.5906987437099016,2.471535192091273,0.5357266180010998,4.458180414684473,1.467621882691504,0.5749910475676191,2.6906056402975884,0.713796690370764,8.36523618486834,kappa_f,2.938265554619946e-05
ASHOKLEY,2026-09-23,19,15,0.0009111302599997091,8,4.486964551729912,8.103618165580148,1.3937797929594078,7.73934311089511,2.1982211032451415,0.0005888781120075559,3.62521147069147,1.4875103032298216,1.6552787305499193,2.2590279830575413,0.07296094933497987,6.259375534388583,kappa_f,4.24291937377347e-05
ASHOKLEY,2026-09-24,19,15,0.001925122911293812,12,4.946062919824493,6.965121534402737,2.8263177263696164,5.165418716401568,3.3943762512979845,0.07752634581460727,2.2682703981757868e-05,1.421971933146248,4.1395540421573385,1.6077106233649177,0.06153050375373814,8.97822510749003,kappa_s;kappa_f,6.270764156552657e-05
ASHOKLEY,2026-09-25,20,15,0.001127515382490455,11,5.739125635180841,6.825327400476855,2.9919918030134527,7.743726070895436,1.7967122945403435,0.49314602328753465,7.0289774757332815,1.6744134169661127,4.180786404880329,3.00040644753304,0.5915169760722159,8.64876879773146,kappa_s;kappa_f,5.533151809649435e-05
DIXON,2026-07-01,14,15,0.0014711732003575737,13,5.250953303642534,7.664766513016627,1.3361178869267647,5.955958059651737,2.7468894259584493,1.6710167820822481,3.4603712125739676,1.5891671752982472,1.9879594885157168,2.728516181141149,2.6442133673253916,7.953793256264714,theta_s,0.00012136055705326315
DIXON,2026-07-08,18,15,0.004346933463198464,14,6.474327606704851,5.501211708307403,4.576390869567207,6.290962258748605,2.30299497255135,1.8005800646512975,13.714956940386628,0.927052026535292,2.6375418430207334,2.7433062115728686,1.9761183301632683,8.946939012586668,theta_s;kappa_f,0.0003847158494536722
DIXON,2026-07-15,19,16,0.00226245835056779,6,5.994133890781341,1.788369914379473e-06,1.5096568010167424,7.881089438090937,0.678458571560276,3.2500523654856224,10.22154879958584,3.3990019248358925,6.163958855772826,3.19303895949904,3.7193889041369363,8.407372213598366,kappa_f,0.0001621463051565456
DIXON,2026-07-22,20,15,0.0008450822340505827,10,4.96496174421442,4.29769896515033,4.7132290063952045,5.284715896792783,3.307970640981022,0.9358614220762144,3.758210105875099,2.4333094765876235,4.670135677546506,2.135063065123375,1.209049827174419,9.630334728509512,kappa_f,3.315180611714128e-05
DIXON,2026-07-29,16,15,0.001647935203206706,10,5.0374135298670755,5.7040922703487595,2.587579142497501,2.3207760580654946,2.669865990595088,1.9561848628816874,12.480133442007446,0.35313624813983346,1.176415459694084,2.3783891624879407,2.792043675190654,7.2193754086348685,kappa_f,0.0001291597486918119
DIXON,2026-07-02,14,15,0.0009915191776602714,8,4.761596100174286,1.2018113082490345e-06,5.2576646856540385,9.966822185418737,2.9916128585925086,1.6818341330414444,4.72666395390385,1.5578504109091913,3.304544536218541,3.534159718913309,2.9070127877619316,6.781269732739694,kappa_s;kappa_f,6.477482166804076e-05
DIXON,2026-07-03,16,15,0.001993717953438031,8,1.4323511893439411,0.7928843976811626,1.3837574324604418e-05,0.18805669765048627,0.2564710404455959,0.28090826372447175,1.697626927921192e-08,0.20119965069544288,1.8662095066249682,0.9944434727843682,0.7823455660083205,4.545243530979071,theta_s;kappa_f,0.00018709757383345406
DIXON,2026-07-06,16,16,0.0012856850921911579,12,5.28711098319876,6.5517831800205535,2.541995223059278,7.662312332486003,2.8047148757987994,1.746945821788962,7.788561174705318,1.8502403871450384,5.681673479494796,2.3404284720135076,2.203558254738031,8.377336751130544,kappa_s,0.00011521626020054038
DIXON,2026-07-07,20,16,0.0024442876266432267,12,5.3993396179296,7.311102846089668,4.82278434705681,0.7820311747648803,2.552866490261339,1.5215988578462647,11.495473464953719,0.10918858315674299,0.9645928405082385,3.10167295135326,2.630300221330009,7.650161397421644,kappa_f,2.2556191791373113e-05
DIXON,2026-07-09,19,14,0.0021832659490141253,12,5.126043919383326,5.512440274912933e-06,2.8656432977732917,6.362896979396375,1.7677124386254803,1.6042435681079859,8.453808168458469,1.8056508881133508,5.356616177275086,2.670698370621497,2.243276270801287,8.513104633440026,kappa_s;kappa_f,8.423351716860651e-05
DIXON,2026-07-10,20,16,0.002099574316921001,14,6.404817632832859,6.240567332432038,2.6335898914000184,0.5007081688206164,3.3092384741612233,2.9924989942774283,12.42280043480417,2.4083183498293197,0.963575310430828,2.075307008901145,3.988622418643665,9.389818797516712,theta_s;kappa_f,9.180461149507204e-05
DIXON,2026-07-13,19,16,0.0007892701869575661,9,4.718797846946341,5.084270143281664,3.129455430818318,4.891056965087104,3.3452588667120167,1.3556033741014537,2.3101867618890992e-07,2.018970295737735,4.713068446464431,1.0310229968573261,2.0421611492907923,6.524804386329984,kappa_f,4.9144055783186e-05
DIXON,2026-07-14,20,15,0.002987641267403194,12,6.716281818926825,7.562174419558032,7.386239846353428,0.06454491257175562,4.965637539803847,0.013658327317844795,12.496022584283962,4.687841775777002,3.80650424590716,1.6258249273813317,0.9492088785600918,9.609888222913268,kappa_f,0.00018879755847948324
DIXON,2026-07-16,20,15,0.0022819525805950047,8,5.015599301969246,6.848003776273054,2.695695271252844,4.218546777382631,5.057565560764708,1.126184264757407,2.0825635994579166,2.3196430688771223,3.143802984794947,1.7593442416643355,1.44532808442575,9.388971998521813,kappa_s,0.0002142150478123277
DIXON,2026-07-17,19,15,0.0016057452035962044,6,6.715630520961365,5.120474993539446,2.474152548210344,6.342532011608139,2.1414951558475073,1.9314043835214283,14.920473145860958,2.0067470946078863,8.925580580280199,2.2806944716831916,2.3382437020394047,7.657411551164048,kappa_f,7.541826217492202e-05
DIXON,2026-07-20,20,15,0.0005904442731438054,3,2.351171242725146,3.350733157520102,5.049408658505632,4.641070842391156,0.3453822648602163,0.517726721045897,3.937770394202289e-07,2.6013700046522246,0.22057226571824984,0.8567482188635045,0.48433221279127237,2.711261563792925,kappa_s;kappa_f,3.608141850733641e-05
DIXON,2026-07-21,19,14,0.0006207086361740102,1,0.0,,,,,,,,,,,0.0,kappa_s;kappa_f,0.0
DIXON,2026-07-23,20,15,0.0012746228444067355,6,2.571740803832327,1.4356625136713319e-05,2.1118535414269726,1.5588131659480098,4.709626130307644,0.15917661390789434,4.227445060678292e-10,0.436587139350308,2.175967394406465,1.8404431506040795,0.18442256764431852,7.174077275677677,kappa_s;kappa_f,4.568632754080207e-05
DIXON,2026-07-24,19,14,0.0013380761905265953,3,7.407305810027376,9.516574089951705,8.30126156113448,19.242263482327026,1.2363429604580585,0.541775400962895,4.1637614138778645e-06,3.5906932942460337,5.962254763678924,3.0235094427294107,0.5869975121528159,7.827418269951819,kappa_f,2.9903640967246254e-05
DIXON,2026-07-27,20,14,0.0017775086287273687,10,6.266503639103247,5.203991605100573,5.616346015321123,2.129523331190868,2.557041124522554,0.5965232556300715,1.146258039150439,6.656395563776453,5.111752494894198,1.4483743363704527,0.7129327656241919,9.004561622792664,kappa_s;theta_s;kappa_f,0.00015931759581637233
DIXON,2026-07-30,17,16,0.0013507797841997536,13,5.430225715579391,6.667315079832877,2.8313536393488805,1.108537444591544,3.3394972097484743,2.7522113995111916,9.686915420404144,0.9782039307111874,3.796932579780551,2.2366835373910208,4.113676709327777,8.838259160545633,kappa_f,3.979804277307714e-05
DIXON,2026-07-31,17,15,0.007698968972283696,12,4.304283566339967,4.936173017244828,1.770837406897702,3.6544161882837116,2.306560363239032,0.003123593307232081,4.762382504331823,0.9333672793910879,4.879907016373656,2.043009195212261,1.9430121661812287,6.75792890983777,kappa_f,0.00042456889634072837
DIXON,2026-08-03,19,14,0.0017705957871523613,7,5.761058564868577,5.146916413315859,0.5440534331422543,4.393333515649215,3.5088322675087094,1.3613473899075252,9.656027293754303,1.1260010797047335,6.595475553401139,2.503504675042139,1.8204261639931325,7.927976459973777,kappa_f,9.360507827644768e-05
DIXON,2026-08-04,19,15,0.0021869417148338175,8,5.372022362093263,6.29875894837315,2.1967994676150484,9.381053001240645,2.1904772654454585,1.7209912616498677,3.085668471828628,2.3795260468275687,5.978779178463691,2.8379090439200634,2.3751737919230047,9.184831034339485,,6.176923745893678e-05
DIXON,2026-08-05,18,16,0.0014557353520395341,8,5.660210366925773,6.163883927712277e-07,2.309332887457348,8.70374202464054,2.5343251268040303,1.2514783325732957,9.833273835305565,2.0213732411167262,4.9292014858099655,1.8213290752093414,1.7348260531804742,7.891046050916309,kappa_s,0.00010993862328479895
DIXON,2026-08-06,18,16,0.0011776487540635246,5,4.364486956000558,3.014531202438775e-08,2.6825093314501034,11.157789296194064,2.8973778021975187,1.3156398268206646,1.5017302956721323e-09,2.3842781644068034,9.105852509892408,2.922485067899495,1.6860295773647045,7.162226151751468,kappa_s;kappa_f,6.20874271800994e-05
DIXON,2026-08-07,16,16,0.001218550712785791,7,6.3689117971022,9.404005611882896,4.681542368815186,4.17009206179935,3.3742035033133875,1.963910280430635,4.824887970756522,6.706656170968831,3.520586056137831,2.4654920581232234,2.5825889887599645,9.370675456341951,kappa_s;kappa_f,0.00011992801862114829
DIXON,2026-08-10,17,16,0.001965687197755122,14,5.664015084227608,7.535071025875414,3.848085198673539,2.5888525290363735,3.0162835315777796,0.9065835001911938,9.333516115133515,0.9068309426433874,3.4475543028721223,2.228674897124025,1.20387264379168,8.797786339156048,kappa_f,0.00017257760428020024
DIXON,2026-08-11,20,15,0.0012902663929838275,9,4.3720222098424815,2.16159024546414e-06,1.7632504951320018,6.146507492563376,2.192308048411453,1.1425452932976934,6.171462694965138,2.675158711063753,3.856263790482599,2.479391307417973,1.4864793484075578,8.035025796796655,kappa_s,6.177291798474711e-05
DIXON,2026-08-12,19,15,0.0009169659370340903,2,4.367030720776126,9.274196497855378,1.8793240278911942,9.206257297824353,0.5988767679670586,0.7646949138690192,2.09593942201991e-08,1.6052758933462319,2.957942099161718,1.7914806351218315,0.9657502417095798,4.367030720776126,kappa_s;kappa_f,7.060929533046051e-06
DIXON,2026-08-13,20,13,0.0009286104761914432,6,4.157174231290094,4.976192487851092,2.671133557137869,8.811279097883958,5.589896566831113,0.5273827707604988,6.32996012939202e-07,1.925960004323674,2.305507516939695,2.1879371601014355,0.5315050853771726,6.153615942195756,kappa_s;kappa_f,6.721078357178163e-05
DIXON,2026-08-14,19,16,0.0009172191785166763,9,3.503849538500143,1.7856146214967339e-06,1.3241435640932668,2.675191459564682,2.4814037429499054,0.7368722198542774,5.588836787744411,1.4494638540007725,5.129252356445022,3.249361261615158,0.95963909388006,7.713187789252816,kappa_s,4.860767589987913e-05
DIXON,2026-08-17,20,13,0.00096036293720655,12,5.08530910262165,6.292156747578428,1.6487644457911292,2.8584354648813153,1.2055319124500912,1.1483872706564537,10.405053797154036,1.3433396619918305,6.035990079504094,1.934054713731053,1.5524567568570609,7.741783474771034,kappa_f,9.458313162349517e-05
DIXON,2026-08-18,20,15,0.0012347289251124793,13,5.25314145198948,6.177360877520531,4.428777242989231,2.10593512551889,3.942683509693712,0.2148793593427925,9.360777784258248,0.63395419129107,3.054900243395625,2.828608091776789,0.3519661222051351,7.269618587494403,kappa_f,5.321819139626088e-05
DIXON,2026-08-19,20,15,0.00088215706587193,4,3.272368648895713,9.551479783970692,5.225348638991102,1.025699243009881,0.09403946859855128,0.07980990633153931,1.4829064376442602e-07,0.03480721086393623,0.09574736108625626,0.12016588512181725,0.09850923629512676,5.208434648559479,kappa_s;kappa_f,7.070473085050598e-07
DIXON,2026-08-20,20,15,0.0009317825007995016,13,5.344004066447245,2.1651772340364186,2.3817660870507513,2.6121721815402976,3.279009509497972,1.5563434434912442,8.094600295004795,0.9031369892361676,2.934816615159915,2.4756255855002607,2.0097745191575425,9.270039239864387,kappa_f,8.090809926543049e-05
DIXON,2026-08-21,20,16,0.0016186158332963617,11,3.718240581492189,2.4523048206999434,2.6720397926368036,3.2633664103254736,3.035082347126381,1.0334290557052848,1.5715720280695678e-08,1.3650421562304291,3.467493386279809,2.116977581295104,1.4997786507959023,6.197359873735388,kappa_f,1.5599509244388016e-05
DIXON,2026-08-24,19,16,0.001661078851871411,12,5.718328099856262,9.460590690067654,5.889905980327029,3.3346046311214765,2.4574925036893065,0.5078831930571983,5.819971934315374,3.225092736273425,1.2330810998279906,2.6638841128278288,0.7044362040378518,10.835955111529099,theta_s,2.7814959732345166e-05
DIXON,2026-08-26,14,14,0.0006324175123845229,1,0.0,,,,,,,,,,,0.0,kappa_f,0.0
DIXON,2026-08-27,16,14,0.0016106488684565648,3,0.464279613667978,0.15709047240182317,3.21699275929177e-06,0.27663391923787195,0.11875640950701127,0.02299952481513598,1.4469119755676587,0.12128741008088428,0.12186633020902349,0.09794114362191042,0.11710053498352457,0.7454736582426664,theta_s;kappa_f,4.305871502483481e-06
DIXON,2026-08-28,16,15,0.0015550263360849031,11,5.279554956385261,5.1743663364354795,2.8966227880675017,5.257246759209272,2.5032722093130135,0.37861218182897316,10.150446093475207,3.133441466973542,4.031410101214993,3.066432865381583,0.004612548693475937,9.300310597614377,kappa_f,0.0001491130790461767
DIXON,2026-08-31,16,16,0.0017207132697269509,7,4.6784452012141795,2.257468647568345,3.3252891191245837,5.1568360349169735,1.3472145257884176,0.017233757514529824,4.0993418437551554e-07,1.3605577129452922,8.29922631394743,3.891323797703137,0.501177523222097,5.976152041841986,kappa_f,3.628004787201611e-05
DIXON,2026-09-01,16,15,0.0018126465749684045,8,7.138701126698697,8.287126771774943,12.739800829290031,6.530216042777702,1.049109568226807,0.5364332649506731,12.496039784748971,5.812491301775416,2.6927803163486215,2.336456159273902,0.9304315224313594,9.047988761046101,theta_s;kappa_f,0.00010212546753967083
DIXON,2026-09-02,16,16,0.0006539411450659446,4,1.9521810494725005,1.7478509661827957e-06,1.2343117350577315,1.8855368617527377,0.9340098264671018,0.11450397107327981,1.8103706265844104,1.6389411883704497,3.2987226401870813,1.142774980340091,0.044351329450880814,2.867925816676019,kappa_s,5.640961510437216e-05
DIXON,2026-09-03,18,16,0.004877043541981971,13,5.452408615267956,8.027754614440228,3.5298754207224503,4.11922395890309,2.121102956954644,0.3258818663188634,6.181313312936254e-05,1.6114850082028045,3.6381511457139237,1.6387956876508123,0.9584520038524027,9.379202324661179,kappa_s;kappa_f,0.00046965082959934696
DIXON,2026-09-04,18,16,0.0006973129879153083,8,3.701764858582332,0.863873060575143,2.604056176152603,5.5785203393143465,4.284705639687684,0.6057405830537932,1.0399203473454577e-05,1.867667085757609,1.0621519031184086,2.0704513005740175,0.855258792680738,8.926202013753086,kappa_s;kappa_f,6.730589056208353e-05
DIXON,2026-09-07,19,16,0.0027027862623079206,10,5.829183330641665,3.4469697345336545,5.780286291560563,6.906088368083518,1.0258256981405465,0.9570952461071164,8.101029556805642,2.884238510174859,2.9860351539232317,2.4851102916928483,1.5065072987655657,9.277434035276997,theta_s;kappa_f,0.00026913508800064214
DIXON,2026-09-08,18,16,0.0008729197490753975,10,3.2901821640481566,5.488059159089954,1.256401096368196,2.0077978186268832,6.735186414794921,0.0011292426529434629,5.6774948937743375e-06,0.6323710851553495,1.2635504559763433,0.10903197096346573,0.13324701314409038,6.249394779613441,kappa_f,6.486462251741856e-05
DIXON,2026-09-09,19,15,0.0014992883447234654,9,5.314391859207408,6.07490774619238,1.9841323929291124,7.210357464451998,2.562660832102743,1.1078997877568337,6.266554300374411,1.8381430280301863,3.5614826430538464,2.8581860346555885,1.3372952676382004,8.673965854065388,kappa_s;kappa_f,6.327131508875213e-05
DIXON,2026-09-10,18,15,0.0011479437305029377,12,5.646607064206432,7.548225332778573,3.9386490892943273,7.132684829084828,4.185233171552321,0.33130292647726645,4.680991056105199e-06,2.877786905165913,4.091517963070857,1.6223005577009721,0.30150130668647046,9.51373756781724,kappa_s;kappa_f,8.595325123442513e-05
DIXON,2026-09-11,19,15,0.0006163813817565362,4,3.553633022593172,4.330386829852644,2.3934967385767436,1.9086312912524876,4.674836170318158,0.5369727778811391,5.190844788119588,0.7964869773612584,1.1101058919104192,3.6640609919995977,0.8842012881593049,4.772309644391193,kappa_f,4.171790212781931e-05
DIXON,2026-09-15,19,15,0.0030897731631858044,14,5.5033928608778355,6.5498478559793885,1.7838924294700809,4.930755221214322,2.8886978043453113,1.1563610062923468,10.2322224048234,2.2094466129428127,5.950933692400345,2.6988515913614637,1.5353183500347698,10.684056122891299,kappa_f,8.326298891841305e-05
DIXON,2026-09-16,19,15,0.0016627607968415174,7,7.085651062075239,4.469183929952451,3.4087237869010303,6.358522372506226,3.4122252839802965,0.30068017736711417,9.197059747860814,2.9455285994143607,6.087470734017784,2.689408840921058,0.3614402312497824,9.233899045822268,kappa_s;kappa_f,0.0001130000732489447
DIXON,2026-09-17,19,16,0.002084624344940595,8,6.309421479698914,8.221937627145039,3.9707034133526724,7.709191100696639,2.4585251149835496,1.2021202002940954,5.6677944115790524e-08,2.585554811723426,5.975860017287983,2.61673984260051,1.87333474204745,10.386847625874505,kappa_s;kappa_f,0.00015659836490768
DIXON,2026-09-18,20,15,0.0007948561564144221,9,5.702609639475066,2.002399304083765,3.4084552972973006,8.843095082074388,2.9493290506104657,0.7920305149524545,6.901113991004401,2.7595874126515847,6.402275233484564,2.775878907809369,0.9346216442017345,9.77012645808706,,6.847508700666546e-05
DIXON,2026-09-21,19,16,0.0005240466580353251,6,5.512123152620113,11.493562332118337,0.7639616592688068,11.1931529067832,4.37007889307897,1.1497682260979982,8.776457290458968,1.2810063869150556,3.9687386338594797,3.036580112710095,1.4967842687497552,7.656564451383631,kappa_s;kappa_f,2.6355310748725513e-05
DIXON,2026-09-22,20,16,0.0010139661694840668,11,6.034769542383468,8.375346267352565,1.9695660329351616,1.9557484963905138,0.7852991383100791,1.060088137079407,11.32445258392432,1.2468888491166066,6.593894640123904,1.02433371405204,1.5096871061314376,8.573196776519355,kappa_f,5.624970967748233e-05
DIXON,2026-09-23,20,16,0.0008185038383233064,11,4.937162503312677,4.809064548702242,2.0034500474034815,9.208431227462778,0.9819017853655847,0.4525774172443323,5.911071105716525,2.610192821750359,3.4305597708779167,1.803537966354546,0.48219778929338286,10.345553514300217,kappa_s,1.5197880910583191e-05
DIXON,2026-09-24,19,16,0.0006710882875855998,4,4.3315936378032704,5.344364580268413,2.382317968475181,6.6942021968686705,3.0716591110552027,0.28724528137668215,1.0705843500602441e-07,1.4415757785310264,2.6172061422454904,1.2204938150037434,0.3288352140998126,6.11771432569273,kappa_s;kappa_f,3.0177323145756294e-05
DIXON,2026-09-25,19,15,0.0009594818106599297,7,6.085549865079098,9.390818132235808,5.737711834586383,6.903970867866004,4.377839256916336,0.2021155907444887,8.207725461819981,1.2718087827691051,7.659270018579791,2.8641415078415324,0.1731622088189122,9.016449671559254,kappa_f,8.08854109861899e-05
ICICIBANK,2026-07-01,15,15,0.0007848528879596557,1,0.0,0.0,0.0,kappa_s;kappa_f,,,,,,,,,,
ICICIBANK,2026-07-08,18,16,0.005210906107894745,13,4.170540182436756,6.573929996557604,0.00028118305359256697,kappa_s;kappa_f,0.9933183401964776,0.23049040285862418,2.1729331585106935,3.9092860773223825,0.994651386592522,0.638929037458384,0.4503243843632492,2.8643524702889835,1.2717556718541978,1.2246254270461996
ICICIBANK,2026-07-15,19,16,0.0014845411719550897,12,4.575426541438395,7.065522325260822,0.00013240707556393702,kappa_s;kappa_f,8.338508300560475,0.841987094925499,5.523173754767361,1.0109723724215611,0.43117601943830863,6.50042457575778,0.605152169324747,2.589734428094065,2.426988437467555,0.43406889859040887
ICICIBANK,2026-07-22,19,14,0.001075445616333402,8,5.9787985748582635,10.29811634287866,9.644318346853234e-05,kappa_s;kappa_f,10.9624136392131,2.054860829794221,3.7305906256642762,0.5645312431741341,0.3193825806149142,6.440021708718649,1.7221711818251624,3.603874308498768,1.761666235130228,0.41205996730444666
ICICIBANK,2026-07-29,15,16,0.0003647879485325411,10,4.6649333515500935,6.8472649071982525,1.5881322010667025e-05,kappa_s,3.2903339410456525,0.38190332972039936,2.4852603099437482,2.9075590379845506,0.3347680787208146,11.959575969960145,0.4378922355658317,2.1411530911808256,2.640729333337121,0.5387088604079693
ICICIBANK,2026-07-02,19,16,0.000450337291032712,5,0.4371593459825933,1.8831092448499114,1.4643648894931984e-05,kappa_s;kappa_f,5.599423662516756e-07,0.12052143381086122,0.05569313467768122,0.7129195614626507,0.23891713069554105,6.322611536546674e-07,0.055426174235766956,0.22930158554997648,0.9874417779472111,0.40479024140897746
ICICIBANK,2026-07-03,17,16,0.0005268251899916435,9,3.721755084252374,5.961129415498138,2.1281702963824468e-05,kappa_s,0.6111419672366285,0.32908831428060453,3.549077940896333,2.865371727758057,0.515622987728795,5.4276246980836085,0.48604698279650926,2.4451488335562974,2.717233457280826,0.6825125655823041
ICICIBANK,2026-07-06,19,16,0.000539308903342043,9,4.539557392569774,6.6574086378007085,2.302484696952811e-05,kappa_f,3.459461767718608e-06,0.3345349818499196,2.4326111698987445,2.370107400015144,0.35249542653172333,6.247963089234023,0.5334155881022742,2.4618812219237793,3.252809214389813,0.4495735535060743
ICICIBANK,2026-07-07,18,15,0.0006142153740358342,7,2.343133872672841,5.221585554194729,3.199145980064882e-05,kappa_s;kappa_f,3.554314889364022,0.6309980394131939,5.251104045836936,1.0793345712697753,0.005116672052132256,3.5254338051632015,0.5013935854578577,1.1594715121042949,1.0416452262468943,0.17051251918794041
ICICIBANK,2026-07-09,18,16,0.0012678613170533223,12,4.3958632371696424,6.93263142218589,7.146129885101716e-05,kappa_s;kappa_f,6.048612104640432,0.2537393675765671,2.147686982651308,3.2194664797569557,0.4456079669570266,1.053132327737111,0.5267315572073734,3.7340372444733236,1.990786354739346,0.6681990350802781
ICICIBANK,2026-07-10,20,14,0.00044549163335585296,2,3.2257768963177096,3.2257768963177096,3.725708984924123e-05,kappa_s;kappa_f,1.234763402635508e-09,0.5236739183230856,2.2686909176737453,5.1124524033862615,0.03361541257360984,7.067208909310926,0.25678350240601344,0.027396325674587274,4.741496276366822,0.0543726975510761
ICICIBANK,2026-07-13,19,16,0.0008836495161173557,10,3.0743901888320977,5.998613494919457,8.39337228869788e-05,kappa_f,5.389726415992627,0.940126984817516,2.808599968551229,2.853629840606085,0.44405580586806004,1.462518323336326e-06,0.11098505392036474,1.413989759711091,0.6699016636310708,0.7285863971272131
ICICIBANK,2026-07-14,19,15,0.0006756532051806768,8,3.3344439915311455,6.671601912513947,2.3070604981858915e-05,kappa_f,4.967282132392443,0.7848936676957436,4.051242241835686,0.20873030727134334,0.1720607572241762,8.848028326280916,0.022727917794557295,1.3372318410200523,0.6853502134234469,0.15380425977528223
ICICIBANK,2026-07-16,20,15,0.0014224027505514933,7,3.1180232608826906,5.249414667526135,0.00010100054319294675,kappa_s;kappa_f,7.9267565633832495,0.3192037144232545,0.07157252050183378,0.1827906002340951,0.14156275295865023,1.7703521493217522e-07,0.2887156886290268,1.4283928327457653,0.33281439546542124,0.2244088814980767
ICICIBANK,2026-07-17,19,14,0.0021896185753312422,13,4.29809989127658,7.0975600514626915,0.0001452351803416926,kappa_s;kappa_f,7.882899813244203,0.7996881785882874,2.8991992057288245,1.3302225182891632,0.3195285437071283,0.6937215959471601,0.45474072147766453,3.1053539099896024,1.9326896639216333,0.4313407413816768
ICICIBANK,2026-07-20,19,16,0.0008594921454403899,10,4.652718164032878,6.982339703600544,4.668479386298421e-05,kappa_s;kappa_f,4.219386658721069,1.1519846791596666,2.6703211815486334,2.8476026946738826,0.33638805512290415,0.46495767819974,0.6542713934751718,3.4637285710674535,2.838392810315242,0.42577039770570746
ICICIBANK,2026-07-21,20,15,0.0009173203551909345,11,5.164273761607172,8.218909605370902,7.403344092485678e-05,kappa_s;kappa_f,7.347503706126439,1.722685338615227,1.8068081155902054,3.95765756833521,0.09956925580936103,11.269275383758592,0.5316913077467932,3.1867766033876634,1.719035027841533,0.07862429779589553
ICICIBANK,2026-07-23,20,15,0.000929316492103022,13,6.510393349345884,10.22138564776294,6.174232161562231e-05,kappa_f,6.072615632016605,4.708023592481423,4.560400494204885,2.2803244387871593,0.5616468845308126,11.041161758572159,1.2170880289392025,3.157898830324857,2.794886089123859,0.6812430711422724
ICICIBANK,2026-07-24,19,15,0.0010500165610313156,8,4.623845428056457,7.649016861450279,9.716660835957245e-05,kappa_s;kappa_f,8.585145124370218,1.3895551064337557,2.682645490999332,2.243151916287882,0.169401902848877,7.2022634116333,1.0772731428993487,0.8990717271548041,2.820019031055666,0.23173293853767932
ICICIBANK,2026-07-27,20,15,0.00046058340960004955,4,4.96368861907613,5.433045661928824,2.1253858739019125e-05,kappa_f,4.468149456592274,1.2288877483821121,4.1834639517019445,3.1815755619244586,0.7874395960053611,12.464178047084035,0.5399983985902025,3.459378024881259,3.511024926737414,1.1870732834139885
ICICIBANK,2026-07-30,18,16,0.0011025644655852135,12,4.094142901693795,6.236299368565013,6.16714803238507e-05,,4.364824462754768e-06,0.4188650237255612,1.8783379929097768,2.4245000392525737,0.3413457325082554,6.221255469259631,0.43629939267486806,2.392522135928039,3.13367157668349,0.42981039186908326
ICICIBANK,2026-07-31,15,16,0.0004805744946740832,9,4.393906250466941,6.8923681106678325,3.230411410196299e-05,kappa_s;kappa_f,0.15020714580345107,0.38133789305930227,2.826497559011471,2.3848352178056302,0.31747938210129445,12.442578104533075,0.44294056307684065,2.360893304108791,3.402175028876048,0.4970045763168308
ICICIBANK,2026-08-03,17,15,0.00046461604480137756,8,3.184280575161666,5.5965490950938115,1.1710865627516886e-05,kappa_f,5.426992000678865e-06,0.38595350384650545,2.4019326037468405,2.485528309510755,0.3024408497345518,6.244418296578659,0.34921130757685304,1.974841769898085,3.274871821740921,0.39410303878821457
ICICIBANK,2026-08-04,17,15,0.00022635312106009093,11,4.46531813585576,5.379902849962627,2.1668865313319557e-05,kappa_f,5.131491928205481,0.1542593371539004,1.281861585248353,2.8516216475941465,0.31212342177045505,7.482691168522017,0.38417732768195223,2.394712346464387,3.2735785982188177,0.47818324141121427
ICICIBANK,2026-08-05,17,16,0.000919394013193349,12,3.0764001692335134,6.4577627195510905,5.9549382111435045e-05,kappa_s,3.347938195119582e-06,0.6151426745504004,3.022320283150821,2.3552427242928933,0.3258294741186154,1.992699773848977,0.7448072927627765,2.774040770427715,1.9316055978451252,0.4193609608172421
ICICIBANK,2026-08-06,18,16,0.0006810925307940702,7,4.308758966653844,6.124675409879374,6.177376355626964e-05,kappa_f,8.973377414963643,0.5610919228175939,1.9290292283255626,1.7994051451200457,0.25129459733067916,2.3235018439101385,0.14378647390160548,1.3911057201019355,1.8139251800902807,0.31543812272182614
ICICIBANK,2026-08-07,20,16,0.002034888077242796,9,3.902589445891749,6.269712880486446,6.592653794051245e-05,kappa_s;kappa_f,1.99839547541103e-05,0.5121860901364357,3.120331916485224,1.5840159551692026,0.22125024393015386,4.140510113118695,0.4737738832681739,2.59149225435854,2.5069621052248103,0.4026386160514245
ICICIBANK,2026-08-10,18,15,0.0009323376662092976,9,4.574554846623332,6.545008121597442,4.416931818757811e-05,kappa_f,7.286284918946791,0.7948005402290019,2.454750012621085,2.7679486339020274,0.39916934141625604,11.97763212576913,0.32173656132382233,2.647806107654587,1.973376581713964,0.6109110366615176
ICICIBANK,2026-08-11,17,15,0.0005873450971784555,6,2.6968927484166545,4.792712685649548,5.501364525912632e-05,kappa_f,4.184855511951497,1.1786325701702165,4.261980638208905,0.7380539825539265,0.169972255656332,1.7265257419296631e-06,0.3548743942989707,2.0859467752333054,1.742440253445975,0.13683560696500452
ICICIBANK,2026-08-12,17,15,0.00036123233090252523,7,2.827443065685475,5.472526203296413,2.2051978789491443e-05,kappa_f,5.928827803482749,0.03629927303520502,0.0857569904915722,6.087563106204741,0.00030823158707223193,0.5604578182351219,0.0014342566144986968,0.11337944630370167,0.001478386608077753,0.004433387069894046
ICICIBANK,2026-08-13,20,15,0.001088094242868887,13,3.964200948218343,9.335249780428313,0.00010497207966015352,,7.390941983986647,0.9319554296798784,3.8454477305628227,2.6175751276932364,0.2733248405652229,4.10447102485028,0.6948284604619022,3.050414930389567,2.672032246212779,0.3766703794308115
ICICIBANK,2026-08-14,19,15,0.0003187082776510692,4,3.3268629245273083,4.259660849857845,1.9142801404966952e-05,kappa_f,10.158862592304153,0.5232207464386684,2.896916637816327,3.320197325214558,0.04763941861296978,9.634865936192227e-07,0.2713063531340514,1.054629065766978,0.8912172482355533,0.04701015051895696
ICICIBANK,2026-08-17,17,14,0.00046739995420259147,11,2.510530033122743,5.894041727172398,4.053682496977932e-05,kappa_s;kappa_f,5.031823974377403e-06,0.4571256105468182,2.368668675371322,2.3146614059188058,0.22569018474989522,1.555104428525981,0.3086480862483745,0.6709666562988663,2.2405294989743747,0.2905781973493017
ICICIBANK,2026-08-18,19,14,0.000989860350223669,8,4.131878670064222,6.35323549939539,6.336654279208431e-05,kappa_f,5.648997109323626,1.6039900735726027,2.4795323374898737,3.02153296083982,0.3036597683745296,5.461979259990812e-07,0.4363031613257741,2.201717812299704,2.132562907337642,0.43961378318472766
ICICIBANK,2026-08-19,20,16,0.0006025629245179479,14,4.467050800590636,10.23275457318598,5.926144638971817e-05,kappa_f,7.676128343013616,1.7977787502552371,2.4697640112862715,1.8831096973648183,0.3004387912544463,6.11490871473205,0.32755190207815366,2.3952795636330553,2.808767362314956,0.4119267584583963
ICICIBANK,2026-08-20,19,15,0.0006285326824934549,12,4.775853220564185,9.571973709390123,4.307635639748224e-05,kappa_f,6.922947770645042,1.1468534602862515,2.020361797833471,2.113451948963683,0.09438899722002267,8.741378594207703,0.30613479942082905,1.684029516257176,2.578818011854809,0.09859679350171488
ICICIBANK,2026-08-21,19,16,0.00045109250520332524,8,4.615193038060208,6.764409418343098,6.016157801056366e-06,kappa_s;kappa_f,7.205835086245482,0.387501376058296,2.2684742878708373,2.7705804666808582,0.1919762835200462,7.878788793925885,0.5778837852950799,1.9179230886079637,3.2780226023255983,0.25289048413610826
ICICIBANK,2026-08-24,19,13,0.001374282681694806,12,4.429612477446227,9.180253721726345,7.734031137095741e-05,kappa_s;kappa_f,6.250792497305467,0.7973656369769313,2.4571070593642057,3.316662724619163,0.11290272206654012,6.212370132148438,0.29876005693797414,1.8455548095406233,2.6737136350816493,0.15323253194975894
ICICIBANK,2026-08-26,16,15,0.0016592692361318473,10,6.359773062733368,8.53638999256208,9.740048597250322e-05,kappa_f,2.769598056893851,7.408057225751024,2.25429617701623,1.846805998394134,0.14270726968394282,7.265244480118129,2.847385325976801,1.5950384129154496,3.288077429992984,0.09551241766535867
ICICIBANK,2026-08-27,18,15,0.0006418169157760791,9,5.025500185925351,6.626109210485354,6.174720524042884e-05,,6.351875183740723,2.6603520113347576,0.733383530936826,2.6946956099917565,0.21725310004515613,10.40710874453664,0.5849837622610551,1.7865266005793317,3.176615497043951,0.16543642729772381
ICICIBANK,2026-08-28,19,15,0.0007296909008496904,8,4.363072819176043,6.751314523291148,5.750833190731311e-05,kappa_f,8.032848007221935,0.9459333071228829,1.4245912316767402,4.220827925146487,0.0019178058422790638,6.33675874439632e-07,0.39219994051314816,2.2169328093507183,1.6004025461427833,0.18764316477876733
ICICIBANK,2026-08-31,18,15,0.003349561800420713,11,5.678133067479414,8.81665317084869,0.00031554333026042984,kappa_f,12.168014836810444,0.48432248153172036,2.6319154287836874,3.2093500720953503,0.3350253936869898,9.737442354959178,0.44279582616046986,2.470434259868858,2.7506177211871723,0.5613434684034484
ICICIBANK,2026-09-01,17,16,0.0013163040804076045,6,5.926725418379336,7.33185430858956,2.059064065657902e-05,theta_s,12.506690197342168,7.514999325894321,1.9217449870960879,4.379964577024969,0.03011303107042982,3.7219700999662324,0.8659324483522606,0.6984343107906867,2.452121742772001,0.12449241258998711
ICICIBANK,2026-09-02,17,16,0.0008340452957566824,11,4.579231861220336,9.07703241941279,6.722944205886719e-05,kappa_s;kappa_f,5.263280055920992,1.1119088830208117,2.1621370606320838,2.7729631407774815,0.218183987870949,9.490230604190037,0.5214768595574061,1.6220301731115052,2.3806402740310313,0.3115938772841239
ICICIBANK,2026-09-03,18,16,0.0022119027187835713,14,5.013273957068252,9.181270862113447,0.00020080487839918126,kappa_s,6.240401472709424,0.7927541440404587,2.448434526774469,2.033660869315086,0.2008134131714571,4.854778187892119,0.8607733220968987,1.9246339853887995,2.3912161199646813,0.25805030108652066
ICICIBANK,2026-09-04,19,14,0.001223537915396031,8,3.4051649955340357,5.589964241590153,2.9296017301046065e-05,,2.7584277226821996e-06,0.7307440503074496,2.866928189067218,2.935705566817212,0.12809641132944305,8.19898743859023,0.4960031380286475,3.1117589343461285,2.143882870147893,0.16838432153735472
ICICIBANK,2026-09-07,19,16,0.000931552257495014,12,5.5091271811183535,8.740055900988617,7.794126134548778e-05,,10.13908719564655,2.139331944884837,3.065300382654223,2.2539899406266324,0.06592122261673788,7.401344842876352,1.3307559619165377,1.95291504160477,2.675914598388186,0.17077835931506666
ICICIBANK,2026-09-08,19,16,0.0005258973340230273,9,4.86348156622384,6.5817818523042915,2.146340850940761e-05,,6.815382259288537,1.0733974260639916,2.163314579469536,1.7605291057789088,0.10473281472392097,10.012936568066547,0.3857769073401448,1.7339761872952248,2.8951117885530584,0.15071705902217108
ICICIBANK,2026-09-09,20,16,0.0015424076102982355,13,6.115375351625245,9.330612327252476,0.00014637754586243387,kappa_s;kappa_f,6.2199295765669955,0.898967043944246,2.877898365347227,3.6902507761883347,0.20358423680432441,12.49250116476918,0.8054782222186265,2.886370198488989,1.9888317418586348,0.33646375357413416
ICICIBANK,2026-09-10,19,16,0.0016762220545456664,12,4.0175590936087335,9.5481142133746,0.00015585610369681828,kappa_f,4.019850282688287,1.528380901294992,4.362406466890139,2.6141062452593644,0.16633011197425593,6.612255544934506,1.150735085423622,1.8051668208646183,1.9482999954443423,0.28234523603052847
ICICIBANK,2026-09-11,19,16,0.0014610044384536953,10,4.875901739899891,6.375803342167561,0.00010195476600092027,,8.91829314744739,0.7391263864513019,5.332918147282731,1.4221814084025572,0.09712993760677072,0.37235755730043607,1.0794268868899395,0.7486750074924879,2.2873429031230232,0.13023403908304393
ICICIBANK,2026-09-15,19,16,0.0024573179315282995,10,5.331239781928651,9.558786847646617,0.00010057266248050117,kappa_s,11.03555895589233,0.43351009547240893,1.2227586662724956,2.591077497585503,0.22331073138311355,2.9052030533284134,0.8646995194602727,2.5916344529032944,1.4340071449816942,0.27579166429786117
ICICIBANK,2026-09-16,20,16,0.0010143097648332006,8,7.947045727494009,10.282382673218216,2.9804812241693637e-05,kappa_s;kappa_f,15.027691243815243,1.4228725099791004,4.015353058895404,2.8613922719037213,0.27218667085563686,8.729214747783798,13.84444769574852,2.789651786427984,2.3212782334815474,0.3265485457177987
ICICIBANK,2026-09-17,19,15,0.0013938806197450247,9,3.3577891321777775,5.3288775359725475,8.44596860756924e-05,kappa_f,2.473941187247439,1.1781431784191396,6.036287036195921,2.9728182953007662,0.08707327686514874,1.3349370581394737e-05,0.707395435463545,1.975559526535195,1.8716689201468852,0.09956074504866974
ICICIBANK,2026-09-18,19,14,0.0008522510293873613,9,3.920455106097461,6.165664175993904,6.611599543760718e-05,kappa_s;kappa_f,8.880510353195989,0.824276433303549,2.7207457915497777,3.785205703505412,0.0006593483712211089,1.0586607569251782e-05,0.972840520147699,2.8792402223068825,0.1247042708032649,0.07189098315644643
ICICIBANK,2026-09-21,18,15,0.00045852855434278656,8,3.634348409084227,5.76386102271535,4.204840031442954e-05,kappa_s;kappa_f,6.8498221497700085,0.9928118715586782,5.48056261991716,4.743208782577856,0.09151600242041504,5.283739094252837e-06,0.6378481593578486,2.029233992173051,2.3610123997064494,0.08977990705723726
ICICIBANK,2026-09-22,19,15,0.0004944550464470667,12,4.47152186093201,6.616878008482319,3.2237488941302115e-05,kappa_f,3.5511233134291498,0.9497256094961232,3.8514663272595864,4.064673013945843,0.14429348562951333,3.027893039006331,0.35331850112322183,4.564098912399373,2.911009056202329,0.18262362185880837
ICICIBANK,2026-09-23,18,16,0.000504223466405725,12,4.293502484291814,9.405993094884728,4.9091667704234915e-05,kappa_f,5.3370708092070025,1.6573347308064634,3.889487108091168,3.2204987352876486,0.27195918285420784,10.036587030426382,1.0420136193073013,1.59707007181956,2.850195901018751,0.3358643151236053
ICICIBANK,2026-09-24,19,14,0.0007621140122232007,7,6.146024958093459,8.79793623690324,1.8980936936293562e-05,kappa_s,4.2264681862722515,3.3885757804338867,6.558857669664216,3.086942812568927,0.1794873815296163,3.6149561496610216,11.1401770973168,1.6831417459081814,1.7203870590333958,0.15120246200140058
ICICIBANK,2026-09-25,18,15,0.001182046853899704,8,6.406042714539191,8.730773477976983,2.056946825671705e-05,kappa_f,8.750024283290372,1.4473537712576356,7.503709124060716,3.201968158324124,0.08732702129385395,12.457548308397794,6.545457158311055,2.2280183608271886,2.777443827646902,0.13577630009066335
HINDUNILVR,2026-07-01,16,16,0.0006008760227915415,9,5.85716124582616,8.01026131686257,2.0482890296373713,7.62483808879405,3.3655712981818446,0.0014312534396773643,14.953472534474104,0.28276951004230977,0.5068516534643054,2.5251802919199364,0.574358857450921,7.539864059874323,kappa_s;kappa_f,4.6469992901934e-05
HINDUNILVR,2026-07-08,18,16,0.0006698372715918012,11,4.307936089940447,0.009077206652658987,0.5055038776347648,4.3333560678277525,3.375922974277067,0.5417682951861564,9.234318668898993,0.7584410356840972,2.700181032742763,1.8705903616365345,0.7054830923892619,6.874018384521103,kappa_s,6.0592592240303286e-05
HINDUNILVR,2026-07-15,18,15,0.0009477115863601761,5,3.7162707220148046,7.230453483225602,1.3575441414854084,3.351417035016113,6.085324495478076,0.11895875257061704,4.909926332175019e-07,0.45825268984583867,1.6243814170090238,0.5161384851440627,0.18648797080799429,5.734060013402024,kappa_s;kappa_f,7.731820733600779e-05
HINDUNILVR,2026-07-22,20,16,0.0004186182058474318,8,3.0244294340329034,4.277089606430062,1.4452885160885087,7.642642435261561,6.345423101706739,0.2557508033959406,3.88144485441444e-08,0.8789752842550704,2.9611531084796856,2.0640591491144784,0.32899392183200626,4.030791272078436,kappa_s;kappa_f,2.6313446997394533e-05
HINDUNILVR,2026-07-29,18,16,0.000357271308296274,1,0.0,,,,,,,,,,,0.0,kappa_s;kappa_f,0.0
HINDUNILVR,2026-07-02,14,16,0.0005155023238362933,13,3.819989818790363,5.180753140427333,0.9849735170565201,1.6797437034404825,3.39309698286593,0.2771958989854548,0.08143480873340248,0.043494337790733084,0.36065467032992643,3.0650480115812795,0.6808801826810233,6.9712595833947,kappa_f,2.619375796516978e-05
HINDUNILVR,2026-07-03,15,16,0.0005426961228944729,13,4.4280423716223645,1.4041234852196904,0.8323706372571837,3.4326165844327683,2.772040479754068,0.27805247971422087,0.0814538035018062,0.8602393604158733,4.47538237508299,2.86951909726886,0.6201626680070421,6.719694639139464,kappa_s;kappa_f,3.0401026768562623e-05
HINDUNILVR,2026-07-06,16,16,0.0006121055906768367,12,4.656956174663675,6.946511485405683,0.7702930061907701,3.34320816845304,2.973706615989874,0.5333952964020227,11.507497186459076,0.585261341503738,3.5134337553484363,2.8427019924038888,0.7004312739815448,7.391981010162845,kappa_s;kappa_f,4.588554205548997e-05
HINDUNILVR,2026-07-07,18,16,0.0012473795239283242,13,5.386389926507712,6.344901446370843,1.3243969008742522,2.3461360606996156,2.377956944750189,0.15258637171172618,12.495236980714477,0.6498349413516642,3.8948781597958924,2.288974220391322,0.36026055171865956,7.435428784210261,kappa_f,2.0163761220492798e-05
HINDUNILVR,2026-07-09,19,15,0.001131080806277579,12,4.457359697977539,5.8349280289435725,0.6044468667261247,3.1905470799052016,2.930968125124102,0.5032173548698067,6.2966858789556905,0.6445834499683398,3.7542146821561015,2.567204270277119,0.6975932576437679,6.693230679931258,kappa_f,0.00011083072945356864
HINDUNILVR,2026-07-10,18,14,0.0009826174822409554,12,5.329258272512082,8.0393328818175,3.3193137300767903,0.9553024468168865,3.4100931317752936,0.3995614373021495,8.182745432320662,0.9144132736666436,1.9347552590335106,3.294595875615517,0.5574244533233707,8.679975990902902,kappa_f,3.867293422576772e-05
HINDUNILVR,2026-07-13,18,16,0.001164023445780755,16,3.754717422776607,5.791208251371325,0.7943067661833627,0.055928330863536505,2.453692744805907,0.6053838615209515,3.3948931683537373,0.10640503277708539,0.3803401211561668,2.033938161003747,0.9060665650776181,7.42151987318633,kappa_f,5.206906318395857e-05
HINDUNILVR,2026-07-14,18,16,0.0017694368317363745,9,4.3793293117034615,3.921887464802399,1.4378482347929626,4.90133387170538,2.638127942754541,0.23075039679161524,6.247279208686485,1.021850230079938,2.8396301869878546,2.2386210246952825,0.23556228956740166,6.1076242755707115,kappa_f,0.00011775103162312266
HINDUNILVR,2026-07-16,18,16,0.0005443806195916131,3,3.9340388968090987,10.310246828314632,0.0025162026162571073,0.019664265715499497,6.9600842694988785,0.00011889298993222911,1.075079580914462e-09,0.0004194081703252639,0.0025889628066213533,8.481926622588842e-05,0.0001291470667781347,4.0096176597646895,kappa_s;kappa_f,1.1915073072665035e-07
HINDUNILVR,2026-07-17,19,15,0.0006845727195971519,6,2.8987074661830903,2.780101937105428e-06,0.7739562930721513,3.4348897886749135,4.818909774247894,0.6675926622931897,5.273279903406092e-06,0.2873531870839684,1.2668425904904694,1.680402998228305,0.9259086020164903,3.4813200764529517,kappa_f,4.653188143982059e-05
HINDUNILVR,2026-07-20,19,15,0.00043104255764206834,3,2.908099868529132,9.144905339591304,0.8032392836903123,2.1879277078240515,6.462095199367557,0.18054819725987298,2.6454085563418293,0.3346946839641928,0.6273227426698318,2.003684004776925,0.2553720121355323,3.814453589044352,kappa_s;kappa_f,2.9029244304488338e-05
HINDUNILVR,2026-07-21,19,16,0.0004885817325373311,8,3.490296578492285,0.0002044960091787118,1.3610298681777921,6.263871564572307,3.759392611615607,0.25829815103795695,2.548786487581742,0.7113520033844278,3.766722191345754,3.0158892922992444,0.31843602789551095,6.747227500171392,kappa_s,1.5102582996027666e-05
HINDUNILVR,2026-07-23,19,14,0.0005975439227592747,6,4.346974249788321,3.0265042113477296,1.0383016818134638,1.4285675168525351,3.214532958144596,0.584025970030554,12.428878604252116,0.6057259171225994,3.039783904811941,3.4634804258904857,0.7867352611458035,6.696144764341688,kappa_f,4.158909599487153e-05
HINDUNILVR,2026-07-24,19,16,0.0005605296736704682,13,4.807546745432939,4.573299639362261,2.0119810076210403,4.706623922681452,2.32262626607835,0.6207699172590724,5.882913437903705,0.14870191982009642,1.8780289022225989,2.968468616337855,0.8111769533877479,6.654924532497524,kappa_f,5.066491162664089e-05
HINDUNILVR,2026-07-27,20,16,0.0012397618083314005,3,2.03627775821238,6.269348943410245,1.0479188346857413,1.0686252819702147,0.24430121925676634,0.11425545384484015,6.349692789342498e-07,0.12320963682405625,1.4607309603016512,0.046847604231041284,0.46496593092042504,2.723111797086171,kappa_f,0.00011508870699607947
HINDUNILVR,2026-07-30,17,16,0.0003774139707431303,7,2.318769416657156,2.4844926030101204,0.044378771401554995,0.042713480098934734,5.804257362125339,0.020020341535977537,2.1149031692275653,0.00642205291044895,0.3557023373246584,0.08498519324157394,0.04663722955420324,5.920159494021733,kappa_s,3.5833614049617395e-05
HINDUNILVR,2026-07-31,17,15,0.0003823880244223264,4,2.646218341709433,6.8456178402746515,0.8726307971372714,0.8928099597897584,3.4801604769008696,0.00020145186169344057,8.386605721000251e-08,0.12835224860080768,0.4101663905889632,0.0802175301613812,0.053938620536756854,4.897154158721565,kappa_f,1.0437651332548465e-05
HINDUNILVR,2026-08-03,19,15,0.0006870953078880868,9,4.239988304334727,6.54713214208811,0.5929443379373057,3.4611215768185044,2.7563427055936365,0.28649599925276775,6.247997793397694,0.5849020201926782,2.1774028393195195,2.711033389376455,0.4442546224741606,6.009925297433379,kappa_f,6.751842372283538e-05
HINDUNILVR,2026-08-04,19,15,0.0025381313410324687,8,5.312592674161421,8.656124150591168,1.3511266601540246,3.9311499771192864,3.507944998302693,0.34857985412154247,6.940078999232872,1.081188868711544,1.606329387936929,1.8908960628564344,0.5479097578643393,9.95138433244839,kappa_f,0.00017754572154802086
HINDUNILVR,2026-08-05,18,16,0.00108899310851615,8,2.5847710797149706,2.8677574328309916,0.6546977616729774,3.281300117101916,1.407743149098692,0.008331326345188718,9.789346879784944e-07,0.5799148480341905,3.1960865545953836,2.1475690257185316,0.20904684637215487,5.478662548835092,kappa_f,6.16692686038864e-05
HINDUNILVR,2026-08-06,19,15,0.0008920999512136973,8,4.116594360050979,2.4416101831453076,0.4233531445781803,4.264572359429294,3.2536082075312907,0.2845272113399851,1.924803274100384e-05,0.5205856184619797,2.1941648831841656,2.2390078670378237,0.36194406782853095,6.386278303988221,kappa_f,7.024956993871177e-05
HINDUNILVR,2026-08-07,17,16,0.0005282424068115423,10,3.572807341763511,7.722871585977562,0.2583224685671125,0.8731542633701688,5.6041908558047036,0.00039719792234478314,2.1468485495766334,0.15311024806132612,0.8275722147796225,0.5838495414294128,0.07659915682813234,6.056672174140852,kappa_f,4.415566296487564e-05
HINDUNILVR,2026-08-10,17,16,0.000886211135819289,9,4.262010969371598,1.4124173652874106e-06,0.5754697148569886,3.8522423431713015,3.0254827476452917,0.39343536188026307,5.870573641563649,0.6379987421254412,3.1703069678855966,2.358081514954665,0.5075578857428692,6.371720354750739,,3.197496828195477e-05
HINDUNILVR,2026-08-11,20,16,0.0010223224603767254,11,4.343947749916264,7.30806510418347e-06,0.9129274120341944,5.354700961612557,2.9281729339380074,0.4516102431022687,5.246754714793838,0.6553204005206591,2.7287735234233934,2.5928973550678385,0.6942596404512188,6.829105894018109,kappa_s;kappa_f,5.031287041462043e-05
HINDUNILVR,2026-08-12,20,16,0.0008418472131116957,13,5.083934205345917,10.776781450035426,0.538895556314366,2.2650039797934522,3.3437085759388165,0.2903022072133147,11.347654600612824,0.6309006460121716,2.894963594325932,1.948733291546807,0.4303756389810871,7.913849579537649,kappa_f,8.295386736437041e-05
HINDUNILVR,2026-08-13,19,15,0.0010287496086565549,13,5.12031875512052,7.7502163426766675,1.1652125765482744,0.971669668688935,3.7541947436546677,0.2676221049689081,11.492367376732183,0.3778352303919192,2.4160612871157086,0.8737540843579567,0.35353986649815883,8.942177303698244,kappa_f,7.790229105652754e-05
HINDUNILVR,2026-08-14,19,16,0.0007660003372900662,14,4.163714496408934,4.837761593989853e-06,0.5807046885704867,3.596422417481994,2.2051133041847453,0.22735395701192299,7.0340087276577385,0.5602807512229846,2.5816789919959415,2.268861188840948,0.33250274386534195,9.532160270133158,kappa_s;kappa_f,7.588418065375283e-05
HINDUNILVR,2026-08-17,19,16,0.0005083231013827264,8,4.081443518231028,1.3564287513507356,0.30775826643578746,3.066130893763785,0.9287839773407371,0.0016350064252922095,1.7714542375202313e-05,0.40814140360224316,3.5683352742613206,1.2858088580899083,0.08379998824193335,6.089366667126897,kappa_s;kappa_f,4.995644523700057e-05
HINDUNILVR,2026-08-18,19,16,0.0007983859657806546,12,4.24263216496305,1.205972449724868e-05,0.6474918217039776,2.1923274310934975,2.2453112667122825,0.3293674585631249,12.242933230696291,0.4447416914361505,2.8468439735958033,1.7218684485649893,0.4650782939629625,7.231894153100895,kappa_f,3.470931591392746e-05
HINDUNILVR,2026-08-19,20,16,0.0011809645402136866,11,4.748592902830541,6.976224180556042,1.8936674553498247,1.7134855877720163,2.701984054759653,0.22182476454145444,6.561680539766174,0.5126830106248481,2.453288370355067,2.2443673863979456,0.3357392968773197,8.936789226761423,kappa_f,7.077496763753001e-05
HINDUNILVR,2026-08-20,20,16,0.0007130637653029966,11,3.213880532731466,8.873948164733747e-06,0.6924867502345528,1.7097658920261614,2.6344547379914776,0.12426051964229193,5.868999790568777,0.4621473723932513,0.6644178806247654,2.806590713605107,0.18196207188493735,5.814710121428792,kappa_f,2.0747679659599105e-05
HINDUNILVR,2026-08-21,20,16,0.0005919145755556981,11,4.302349497623402,5.386529263503549,1.6442568512820812,1.6732515326813058,2.6682516125231728,0.23218802056157972,8.73187670039023,3.0409158942774708,1.3517589146851432,3.3736094918802593,0.28743608916488905,8.396121975519911,kappa_f,4.2311023040697885e-05
HINDUNILVR,2026-08-24,19,14,0.000502426664088737,4,1.4785354497758552,0.43889007266066127,0.31991577675802224,3.7747008949795626,0.1882454050702782,0.06702391416654895,2.5509088175112993e-09,0.16538315656249553,2.6888717831325133,1.5070429336351523,0.23443412816677323,2.0769713985186153,kappa_s;kappa_f,4.688112761902811e-05
HINDUNILVR,2026-08-26,12,16,0.0028010837046871795,13,3.8050013065026533,2.039309143503462,0.5286916063648424,2.4128157058297495,3.1878308669181035,0.25044955364715904,5.267169422199348,0.6599606987313662,3.3033876788689023,1.5160554312411052,0.36632454764595357,5.624202305789475,kappa_f,0.0002490193180542627
HINDUNILVR,2026-08-27,16,16,0.001478949054942671,10,4.61338661691215,11.530120593795967,1.6272229469953412,2.0975770548201647,2.414020894198497,0.27196807237739834,11.80214896873542,0.6569241255809664,0.8379028233765471,2.7712800769321695,0.4147320659700379,7.78237375060039,kappa_f,0.0001210867904499033
HINDUNILVR,2026-08-28,17,15,0.0004234453733409648,6,4.027184205814855,3.2833405857975038,0.5685344874955666,2.589812701573761,2.3731783922225214,0.214388506075019,10.29654365765073,0.5469559006493101,3.1151803011694095,3.082277463086519,0.2931907925984384,4.8216175056198605,kappa_s;kappa_f,3.8675102294254886e-05
HINDUNILVR,2026-08-31,15,15,0.0015173826123170552,9,4.075780973782527,4.744201763884348e-06,0.6516327088634724,2.782147461311834,2.826579889011896,0.18246548380361588,8.333514858636484,0.7336402433197906,1.9774456000224792,3.0139490816314343,0.2605434898514476,10.043733074127118,kappa_s;kappa_f,0.00012108709453191959
HINDUNILVR,2026-09-01,17,16,0.0011399140858068364,10,3.3306592367872585,1.6653999885818394e-06,0.26200674595198004,1.0863254813888847,3.0521240686678364,0.22767353639969448,7.736070433844274,0.2569788620040249,2.362866665089129,2.6342364315497373,0.20295118334351991,5.23582663204711,kappa_s,0.00010221686888593176
HINDUNILVR,2026-09-02,18,16,0.0006110985952810136,11,3.448024378956825,9.518711888034659e-06,0.6541878172614821,5.31264726484159,2.7606839881206304,0.22085196629979953,2.346227563888098,0.6747312038831669,1.8267080183467943,2.767605626410027,0.2739899077841961,6.049671681791519,kappa_s,2.796230615904514e-05
HINDUNILVR,2026-09-03,18,16,0.0010382097268425987,12,4.5378607440388885,8.115202606076299,0.7398508452552298,3.113271812166686,2.2551013886494555,0.4751104633570439,6.281858202344651,1.3105465411023296,1.282436797258812,2.8186033859975006,0.6689637828898408,8.224117113293376,kappa_s,6.748235932757681e-05
HINDUNILVR,2026-09-04,19,12,0.001923418541543031,6,4.776427114738605,10.431333198943095,7.281450191441252,1.743056836282312,3.464871884028461,0.21047332499922242,4.055964103810666,1.949339364042916,3.2115811330888078,2.8315503689508557,0.25362530168339803,8.323231120706783,kappa_s,9.822144293554925e-05
HINDUNILVR,2026-09-07,17,14,0.0014834529471265015,8,5.253888741703849,5.885494190854569,2.103518918373981,3.5944340204575527,3.402584230343533,0.41045537843233737,12.449927256912662,1.0246493804160488,3.109677259091889,2.685578281982063,0.3849901557031804,8.154427254985332,kappa_f,0.00014088704028317233
HINDUNILVR,2026-09-08,19,16,0.001496169792586784,15,4.015068213420594,5.021010415614384,0.6795934433794527,3.2913146343844524,3.4271589170382075,0.14555987354665112,1.2269891165317404e-06,0.43740321553676587,3.5951103912581037,2.0789433796268,0.1767435121307434,7.222855021637504,kappa_f,0.00010046901663507131
HINDUNILVR,2026-09-09,20,14,0.0015940954560532523,9,3.460525424727221,3.7854208834176006e-06,0.8002300457440514,4.3593121443442255,3.038590268693605,0.19222932274068733,1.387295994178503,0.48323099664995717,1.8123313003958985,2.352639245399873,0.1962973126817493,6.348493795038916,kappa_s;kappa_f,4.219459432380215e-05
HINDUNILVR,2026-09-10,18,16,0.0014695959164144753,11,4.939442001239671,5.7558326459162235,3.43219372046822,0.938226804404839,4.052947959813514,0.0065752656824557675,7.357252590087447,0.8110428553972813,1.1044013256994059,2.595651454376154,0.27729008452280546,9.061227457493468,kappa_f,7.233663128128126e-05
HINDUNILVR,2026-09-11,19,15,0.0007119972869960153,4,3.994092000852035,1.4855559907744933,0.17532240728866755,0.6632148441313204,2.6151398017699803,0.1681511139379657,12.17903037994397,0.5253750868463831,2.348470304610014,2.586760406838632,0.21277734887849678,4.687782414955463,kappa_s;kappa_f,2.9786114241831235e-05
HINDUNILVR,2026-09-15,20,15,0.0020105050455001537,6,5.403164334404627,9.573334815251592,1.5283229169238237,6.622261159213009,4.546276976769882,0.18486906916649645,2.110104351681197,1.1954791587426108,2.354659373548178,3.322956878621149,0.12482394855078371,6.715822573675186,kappa_f,5.920214653589752e-05
HINDUNILVR,2026-09-16,19,15,0.0015292748240628515,9,2.981639526956421,5.6898473738214825,1.7105378382921876,3.2893899983434807,1.2810148842453322,0.20664180668888,4.034005280928454e-06,0.5543556466251767,2.2418512843338094,1.9805106285316119,0.2933933405425465,6.77269139180653,kappa_s;kappa_f,4.6367700574763415e-05
HINDUNILVR,2026-09-17,18,16,0.000617623234298515,10,5.062373977951795,6.704455639277976,1.483310520833506,3.3942740203538193,2.392197350668748,0.1391963778665715,7.896467938297954,1.1982788990352522,0.7684719838296905,2.5813687680883155,0.21852186606156038,7.362502551221937,,4.4630645665521304e-05
HINDUNILVR,2026-09-18,20,16,0.0007726877747751527,7,4.546852271710589,0.42010175289238916,0.6746154868015761,1.7064736923957646,1.4639008059511196,0.17115737085009938,12.424289047421244,1.2042880039672272,0.5814026616372976,2.5134048630268504,0.17223981835960234,6.640313119592672,kappa_s;kappa_f,1.285890515510574e-05
HINDUNILVR,2026-09-21,20,16,0.0009482178588062571,6,3.0561360213498627,1.5148113696739074e-05,1.1956663015617366,2.6049360700248503,2.7042385554285353,0.0788731827948746,9.096948240324071,0.7900247248067798,3.188463971750073,4.885956578799997,0.11807653599011086,4.960441517628352,kappa_s;kappa_f,1.5504189483941944e-05
HINDUNILVR,2026-09-22,19,16,0.0006206842729408828,6,4.171019451658134,7.250574498282107,0.7634928911011283,4.635951507804938,3.784757749234525,0.0858887277500524,1.2947700547272234e-06,0.7671802871052142,2.0894217570837883,2.1505233161937602,0.08101284209716314,6.672785836735418,kappa_s;kappa_f,2.7572119020887885e-05
HINDUNILVR,2026-09-23,19,15,0.0004280370727787679,9,6.2544012965050335,5.8705648282293055,5.671303817504556,4.929308369038058,1.946390484209029,0.2233806786379553,12.4887493761636,1.980721910266253,3.412295816004911,1.9630929856466017,0.23124697309529788,8.939594604648242,kappa_f,2.315025530507216e-05
HINDUNILVR,2026-09-24,19,14,0.000861628640881681,9,4.083839950396348,4.760930632910203,1.4238809594337667,2.2017085844534203,2.4756718283890815,0.3922461108976313,6.24776061063542,0.632796369232832,2.2057507430645273,2.9221605209534154,0.5161747711496212,6.226299934613522,kappa_f,2.5868493900473542e-05
HINDUNILVR,2026-09-25,19,15,0.0006464546425329578,6,6.979870824830472,11.36856595717215,11.277122994424992,1.2923694293595114,0.37893475887711725,0.22316265877755911,8.422575977046987,7.902282451063196,1.0885354706956591,0.27578363370180714,0.27879899033356004,9.445336994798705,kappa_f,1.1974871720451781e-05
TATAPOWER,2026-07-01,14,15,0.0018358858846236079,8,4.587790306501875,0.3301166183089297,0.9173987995239469,3.9517421391083163,2.542358075148731,0.6349111869627335,5.492609510459831,0.658013185126419,2.9923952874629363,2.6496007028262225,1.0197575848406757,6.613087256886431,kappa_s;kappa_f,0.000133302837119074
TATAPOWER,2026-07-08,19,16,0.0011739864236860226,13,4.949187288713263,6.834229373433502,3.480032208925312,3.4198510477275135,2.73500094549005,0.9063096174209078,6.7520738024841425,1.9680843647964568,3.201437150811787,1.880864409457088,0.9744682407652582,9.200398921549981,kappa_f,7.392050831943092e-05
TATAPOWER,2026-07-15,20,16,0.0009011136294963006,9,3.792196294243462,8.45073681927904,1.1330128544500941,6.466556380138591,3.5681854895366056,0.5616642696342533,1.053926252906436,1.085655050880238,1.8760811457731705,1.2948606314219018,0.7159653566903226,7.781579691010329,,3.530920153097612e-05
TATAPOWER,2026-07-22,20,14,0.0021401222026441328,13,6.111443598691054,7.736152939172637,2.05740457689696,3.8375406193761576,1.1866458268715177,1.0910659076150722,12.477848533679033,1.8221248346325685,6.536849594189888,1.5641219464802143,1.5371891872106436,9.897675080601765,kappa_s;kappa_f,0.00018853730549087512
TATAPOWER,2026-07-29,17,13,0.0013585044068323104,7,3.138858713420212,2.718669282166175,0.3546501547061305,1.314564538891485,1.8409972489198472,0.6110024570622032,0.11358763866302635,0.379531198488324,0.5050769164382094,1.7726072463726112,1.0925869568810742,5.1362980915107155,kappa_s;kappa_f,7.569605987107586e-05
TATAPOWER,2026-07-02,14,16,0.0014513386072248767,2,1.9400900876574576,1.7650960355706085,5.87184084704384,0.2050047038106655,0.01259071572814463,5.815490918581885e-05,3.9908169213731526e-07,0.00820632498978524,0.04636254068733958,0.016907679696735123,0.026988475260400602,1.9400900876574576,kappa_f,6.964242399633714e-07
TATAPOWER,2026-07-03,16,15,0.002853812446904214,14,5.268219046608044,9.882122646136024,2.0662345303400915,3.9294488615273937,4.449581499978471,0.5328273613835546,5.111662925248068,1.8237340957379131,1.8426515103208398,2.2562369737421903,0.7880389410002968,9.4556754090182,,0.00013257906243543298
TATAPOWER,2026-07-06,13,16,0.0004571727318569027,5,0.3560776168657237,2.7158204574107003e-09,0.1351241488504238,0.16559637969208385,0.0024771231329476784,0.008098900150986715,1.471708142020134e-07,6.155216570979949e-05,0.00023743120730346234,0.0018545196677743903,0.0020623593326398737,4.81087844954513,kappa_s;kappa_f,4.3410716399172426e-05
TATAPOWER,2026-07-07,17,13,0.0012077789528328372,10,4.773399364031261,7.695047908020662,1.1403943192104846,5.5689915256207305,3.243598291346942,0.6650080959236886,5.8989355317396095,1.2387380366394702,2.4310308977275854,2.5152928640894063,0.8742455621722481,6.941200213960663,kappa_s;kappa_f,4.888209787624366e-05
TATAPOWER,2026-07-09,20,16,0.0017827672748229498,9,5.513243795498226,6.057233949405122,3.8320163755707246,6.694404910397935,2.9654805713123586,0.4824984195012576,8.22651725227721,3.9256497878945407,3.1897087626325735,1.5264742808367049,0.7441630940618804,9.569053900797414,kappa_s;kappa_f,0.00017161789158525896
TATAPOWER,2026-07-10,19,16,0.0007851812269736976,6,4.409619043464217,6.565601606133026,0.4153645893063498,4.220501150568355,5.496021327462465,0.5102479277752473,2.8310225540709784,0.5115846055539053,3.457546732644606,1.5817660280673917,0.4431113728626028,5.953868711596915,kappa_s;kappa_f,2.2488057875070058e-05
TATAPOWER,2026-07-13,18,15,0.0005395990669569231,6,2.3871719003649647,4.691337838048744,0.02005085312056305,0.2601178315031911,5.8124283190043915,0.0005912650053663898,4.993230540151217e-07,0.0036068689937502896,0.009994395439584025,0.001739933536863636,0.0005419952202909695,5.069834682226977,kappa_s;kappa_f,4.276921836879495e-05
TATAPOWER,2026-07-14,17,15,0.0007252622444833025,9,3.42817197682463,6.84785852303101,0.155941338136463,0.872894955063322,1.5181636690035814,0.00038198515991197087,1.353431446915465e-07,0.019164754494764846,0.03560761647556632,0.02758616207063308,0.004147370210134782,5.127139226643819,kappa_s;kappa_f,2.715497157626946e-06
TATAPOWER,2026-07-16,18,15,0.0015682952329044981,9,4.288137945752296,6.773440915871015,1.6728081531250183,8.63873682337822,2.673858853399592,0.30209867169577603,1.0629071276468949e-06,1.555588478373624,3.3493232606519463,1.4295352607057836,0.2604904548436602,7.546401565847746,kappa_s;kappa_f,0.00013704654015319652
TATAPOWER,2026-07-17,19,14,0.0010227048489345812,8,4.629023373511661,4.764685456848383e-06,1.5361104373269057,5.48562287862853,4.256733029576813,0.6193281843667147,6.603806623629275,1.432033214488468,3.722142256139546,3.1676245195186876,0.8925910212883856,6.765556177029663,kappa_s;kappa_f,9.242578164940182e-05
TATAPOWER,2026-07-20,20,15,0.0013576414737969515,11,4.363679965408437,4.439725505546679,2.42428725031868,1.7771696383314555,2.4105633974665777,1.4771994625392666,10.860957565111587,1.1334824942710742,2.9482134369934645,1.6287580881130095,1.8900883237811472,6.003073268211917,kappa_f,4.216912710480877e-05
TATAPOWER,2026-07-21,20,14,0.0006396707179282694,10,5.040277932728063,0.323954349822559,0.7395362745054708,6.766787707623479,2.70569256880201,1.4065987727376872,8.808219893274952,1.8224314155546324,7.678753654245072,2.8603906328692226,1.7856338547355288,7.347889139766047,kappa_s;kappa_f,2.072488863881603e-05
TATAPOWER,2026-07-23,19,14,0.0004787202516880703,7,3.5866027597294505,5.210689256222939,1.9595969766451726,9.185174975833155,0.8919479705115516,0.05369944470484006,1.9153709729380353e-09,1.38687980221561,4.1109510738062145,1.8397521795290728,0.0759227177599846,5.69704817613786,kappa_s;kappa_f,2.2019087749892063e-05
TATAPOWER,2026-07-24,20,14,0.0011998127083819486,14,5.37533759693048,7.023456821958856,1.610808885260937,1.2572334777142953,2.3364839722195985,1.2633986119447926,10.554647082399942,1.0448724301214096,4.635467183771627,2.946147140184696,1.6111208995315613,7.963004987678957,kappa_f,7.724352631229437e-05
TATAPOWER,2026-07-27,19,15,0.001970155197561124,7,2.3080809585162823,4.459044159420435,0.003798123400955141,0.13424472615803884,1.6337954956404017,0.4390898782806455,5.1583956661716e-07,0.009833995090261349,0.30641730863748756,1.5797357739882751,1.0376513155849802,4.744920661705154,kappa_f,0.00012621348949143048
TATAPOWER,2026-07-30,17,14,0.0010357368577034818,12,6.02780982521012,9.673722524000233,1.3419720378716322,3.9284776828388512,2.8446116408584268,0.1630325445870382,4.6935820936395665,1.985988988670682,1.9387632332892237,1.9769779785751878,0.31824226147139345,10.196593592529512,kappa_s;kappa_f,5.347086883837485e-05
TATAPOWER,2026-07-31,15,15,0.00044914900653657757,7,2.2567089426063442,3.175979643595076,0.0035669725100365454,0.1241792452556561,0.7644493851691272,0.00028398705705354,0.024111938928834675,0.0067229835255169235,0.027039383201588052,0.0008135967581587855,0.0015650083964853234,3.8630891352621703,,9.060623490620323e-06
TATAPOWER,2026-08-03,19,15,0.001074000984912414,8,4.0597956950568275,4.360537816957928,0.1255029502014492,1.2121804500419024,0.2268848586034815,0.4503343737940484,3.4884730721598043,0.477202793298408,1.0753202808178628,1.002955130880294,0.5254608927846749,6.422287039822399,,8.190212016245097e-05
TATAPOWER,2026-08-04,15,16,0.0006027270691860412,7,3.595661736913661,8.782624305301486,0.029522634880152335,0.15441300225668408,0.936804651703071,0.0005764429401243776,2.1966980118385653,0.026441148307484674,0.5630488552662438,0.005527130975041178,0.009545852363078255,5.835211489875803,kappa_s;kappa_f,2.9504670446541567e-05
TATAPOWER,2026-08-05,17,15,0.0010334191922341993,12,3.7559940453059117,2.7013986407808943e-06,0.5253014781487668,3.09561348969165,2.696460048114765,0.46301085986723634,8.33315871989683,0.4592933906007777,2.8416970181299765,2.6349491358277772,0.6282055278615191,5.920531808856377,kappa_f,0.00010292309407654234
TATAPOWER,2026-08-06,17,15,0.0006820005246505453,4,3.2318884074835488,2.4060629044697635e-09,0.8588607348118018,4.475543624987974,3.1105784896309023,0.5179381897964379,6.112141467261126,0.9026139890386491,4.423012844153797,2.493991351908501,0.683568942610822,5.754810837627906,kappa_s,4.546509456172256e-05
TATAPOWER,2026-08-07,19,16,0.0008315792920266266,7,4.050583914045113,8.448286905604618e-07,0.6123753686799827,5.050717045076269,5.249655060915158,0.36135979138431173,12.358957900986859,0.6439494163560702,3.4963320759252365,2.040655233545379,0.43844187408022045,5.409372438577424,kappa_s;kappa_f,8.122618893955931e-05
TATAPOWER,2026-08-10,16,16,0.0009916898150528427,6,4.757246481299612,10.826166638618044,1.3362206373727394,5.046853238468945,3.39673604029498,0.9863383894937143,7.5019029479162445,1.5670949350678773,4.173907559318022,3.4226292089601458,1.2468211539749137,6.944365450692833,,8.372894673886778e-05
TATAPOWER,2026-08-11,18,16,0.0006295276618578686,7,3.198837285032579,5.967445322691182,1.1816551156306658,5.9368768768244005,1.0826365351514715,0.3130751206824287,1.881529598790621e-08,0.6947920614816903,2.275530005516834,1.4292540486787768,0.3639796739932746,4.285692360647621,kappa_s;kappa_f,5.177717718823807e-05
TATAPOWER,2026-08-12,19,16,0.0022433976095210537,11,4.075560543960213,4.022581507001632e-06,0.9444896919504501,3.253004558576081,2.5290593067689695,0.39760540821576024,8.288108358071495,0.7344775150541033,2.8042691579437076,2.1806103937812025,0.6385187324645141,6.385733027427348,kappa_s;kappa_f,0.0001907562882638436
TATAPOWER,2026-08-13,19,16,0.001346877268578869,12,4.475307732980154,6.0337170403045715,0.7634665470744371,3.4957591034046214,2.274526355706967,0.5676443207104755,11.951981547861111,0.4872748092950667,3.8327866454937176,2.6404990065771097,0.8072082481614147,8.124729664136407,kappa_s;kappa_f,6.896885159276352e-05
TATAPOWER,2026-08-14,20,14,0.0031672004172998243,13,5.1035750718266755,1.8199210792439473,2.5158081836241672,5.312658586894679,2.1587004026289387,0.3964933492730468,8.322401331809342,2.4274208687815704,3.7294009293237704,3.0886805602912224,0.45820713496751714,9.254377014245776,kappa_s;kappa_f,0.0002611878212344281
TATAPOWER,2026-08-17,20,15,0.001541825754007846,10,5.122990972049131,9.072159533166074,2.9015726230064494,4.734394078152075,2.416670492252446,0.46174519725760066,8.248335206170081,1.5348446876801933,2.479922242734245,2.746055224513962,0.6274121328379272,8.410728343190868,kappa_f,0.00014959801870891107
TATAPOWER,2026-08-18,20,15,0.0008731903159668884,10,3.971448000460188,3.6355216481642887,0.6635822307871205,2.1640251090673432,3.5298642862238414,0.17795543237558642,8.565638687230148e-07,0.43752071829740724,2.2594664974087246,1.2658420461101496,0.2667227880118417,6.057514900775022,kappa_s;kappa_f,7.068606748154187e-05
TATAPOWER,2026-08-19,19,15,0.0008890140939391363,12,4.130043691650217,1.2915915540489493,0.5944752048801054,1.7708764049811525,2.471294592303051,0.24491185603927815,0.76055594835996,0.5508926110305283,2.7137266061150656,2.2394763156402067,0.3429683435830821,7.26794409804693,kappa_s;kappa_f,9.79445964582827e-06
TATAPOWER,2026-08-20,20,16,0.0014880656250206858,14,4.620764608559816,5.746802542904893,0.8754039355476316,4.522778867914048,1.1899736352328398,0.15194473257688168,7.162072847673422,0.6953898258314603,2.7570423117967446,1.9444009001505673,0.13282194795951752,10.212567214350019,kappa_f,0.00014186991245238294
TATAPOWER,2026-08-21,19,14,0.0011435318797798138,8,4.839085521288677,13.692278354924664,0.9395887406994096,4.149596406953144,2.847772012801072,0.30017411328588234,6.012466069503551,1.1516686545588453,0.7901271101280036,2.7578112107173594,0.45536901444710665,6.745576639069287,kappa_f,4.186775838161457e-05
TATAPOWER,2026-08-24,19,15,0.0026905009314859385,14,5.925167015571972,9.491062403441289,2.0244789570151087,3.464428053388173,1.9143732730739131,0.34516826423846214,3.772774608733899,3.486954802515518,2.452798299328186,2.2771654652155253,0.6182824463024633,9.736999553845441,kappa_s;kappa_f,0.00012831917263418213
TATAPOWER,2026-08-26,17,16,0.0015128675363585684,9,5.557892150117791,6.755925002761618,1.5485570975552267,5.016460018344678,4.225650425024774,0.047875289013535015,11.80224105222328,1.8863700944598136,3.1339433011684577,2.4940251417296895,0.353760889141248,10.268964967014348,kappa_f,0.00013371187258843218
TATAPOWER,2026-08-27,19,15,0.0010111037594438153,4,6.448096479960162,10.350518619856308,3.883925731802493,1.5291996058319048,2.4888936791016385,0.39748454648891707,8.31432827206848,7.747545270554847,1.9466695834967573,2.4521621729765304,0.5387359555025373,7.601407121038646,kappa_s,2.6350904245295032e-05
TATAPOWER,2026-08-28,18,15,0.000876715472786489,9,4.191082882440252,7.658696152305021,0.8423544527135713,3.8281966991164493,2.7469636860774926,0.2596008845871165,2.2645498644693585,0.6267736908269604,1.7586097273145844,2.2414834489219597,0.27057925922659753,6.254219094370189,kappa_s,4.624398202087831e-05
TATAPOWER,2026-08-31,18,15,0.001651503283696686,10,2.372019096999892,6.492670891589114e-06,0.3728574593592173,1.0284898029458986,2.208432546305775,0.27648357349261,4.424439586647187,0.48994734415792707,1.3946704696652592,1.2374768945798267,0.34148050313266837,7.0142595801143095,kappa_s,4.872123922711495e-05
TATAPOWER,2026-09-01,18,15,0.0006119403170353275,7,4.098355647469392,2.715251964968296,0.9337216161313439,6.592912286274137,2.548358742961757,0.4506585879326634,5.803141659216326,0.8506168405989296,3.544895090508003,3.382011238424854,0.5882775729257264,6.476412727564326,kappa_s,5.5904991143315274e-05
TATAPOWER,2026-09-02,19,16,0.0008435872440436099,5,3.844504642055722,9.179744898129266,0.7057180298618417,5.709020098715225,5.613994811857935,0.2495900624829831,2.547615745146005,0.5624650336647543,0.8148566798204264,2.208869939522816,0.2944125445543445,5.933581973411904,kappa_s,4.1756344797687036e-05
TATAPOWER,2026-09-03,19,16,0.004120787626846996,14,6.960575553754252,8.585883726353943,11.565514815535305,3.788488614752324,2.471660697618656,0.37621295647931724,6.901346056250456,3.945399889162116,2.7035660011406573,1.0602344553119365,0.48264274346823327,9.741872974999396,theta_s;kappa_f,0.00029400438811247494
TATAPOWER,2026-09-04,18,16,0.0007605232182861112,5,3.8396352640026863,2.7252733350024982e-06,0.6998046487969409,2.3036779100763676,2.7216860252017945,0.3530617249329106,4.5614328510652715,0.7921557372193545,3.817021258358716,3.501742593544967,0.45109530315495244,6.753267117063662,kappa_s,3.9822243637543204e-05
TATAPOWER,2026-09-07,18,15,0.0004777409994477669,3,0.2842345508974589,1.74483982000595e-05,0.22521461202070947,0.6680433268023807,0.3254698056130483,0.148073123729287,5.1453952210067655e-11,0.03566642803136044,0.14349742486088424,0.3157599692045019,0.24303428553427564,0.2854773493317502,kappa_s;kappa_f,2.334591429307834e-05
TATAPOWER,2026-09-08,18,16,0.0007672991956405326,4,3.9468863876063205,7.9482016310383505,0.6489022173351773,3.695265468220977,4.928132182838464,0.083112047953713,3.902956797649935,0.48035318943903854,0.44768352511134557,1.187967281516649,0.04241128487001644,5.7854164049183305,kappa_f,7.494847778567195e-05
TATAPOWER,2026-09-09,18,13,0.0014651443621912597,7,3.2160039159177156,7.0165994934257014e-06,0.4490095423767656,2.2972188519265204,2.2219269320407147,0.34157928945299976,4.143984905913298,0.621975641726732,3.105155105280151,3.1554275060877224,0.5175235771141986,5.0937165944684795,kappa_s;kappa_f,0.00012025513645120872
TATAPOWER,2026-09-10,16,14,0.0030369891005378766,13,6.077530731663124,15.195218866173397,1.741963386366355,3.7860092874883273,1.0153738070332452,0.30213516010310393,7.90879902749646,2.6692285677482093,2.265202356188781,1.5107611770377352,0.3730593982176417,9.814319415697895,kappa_s,0.00021809913724051217
TATAPOWER,2026-09-11,18,16,0.0007267216679355189,8,2.8559269129423224,7.150635390473781e-07,0.5556567667044819,1.595297581218833,2.6192009038077217,0.2876810089343418,6.162765505193688,0.6285368253472887,3.488650626200997,4.994201296894371,0.3893164243533763,4.793381740013954,kappa_s,6.460076882608314e-05
TATAPOWER,2026-09-15,20,15,0.002744387387919839,13,5.230368010548792,8.13663248399788,1.8004003019429038,5.5891664803929935,2.240995174042016,0.4337564129889925,5.9102426307704174,1.9866723378394218,2.353038907352659,2.1075150323779335,0.5879682199125205,9.58051040282326,kappa_s;kappa_f,0.0002377932124002671
TATAPOWER,2026-09-16,18,14,0.00131866079813408,5,3.7223014404996615,4.360469709752124e-07,1.0193501499942563,3.476477336855799,2.577149420898367,0.424718610295974,6.811223370138965,0.8253842556230302,4.051502133583651,3.308504353680215,0.5566370622371377,6.155705417368591,kappa_s;kappa_f,9.398840789454359e-05
TATAPOWER,2026-09-17,18,16,0.0033385863546012847,11,5.697073475682649,5.885177953702568,4.41980024521538,0.7505921031068676,2.2793444628537705,0.5559043770450118,12.490392020741881,2.192605285628841,4.899549023153058,1.4080063643114862,0.9729787649376366,9.897987796457624,kappa_f,0.0003164990433515949
TATAPOWER,2026-09-18,19,16,0.0010219191027712145,10,3.493541679553467,1.1934684330583423e-05,0.8034871154211178,2.4205419047810866,2.675053235524269,0.37210047314897765,4.083265944506242,0.6838656648090684,2.3314760394128524,3.1639286078349302,0.4797906645007056,6.619458181273093,kappa_s;kappa_f,4.718947095045116e-05
TATAPOWER,2026-09-21,19,15,0.0014503113940982294,12,4.162474292694091,1.0795428536879506,1.1429325592026358,2.2079388438933276,2.7013078682843705,0.5660410387207291,6.46941726389315,0.7500605449501305,3.3709768201305823,2.4649168651708457,0.8049162456396901,7.580878822730655,kappa_s,0.0001381409970725605
TATAPOWER,2026-09-22,20,16,0.0011408481015542326,11,3.531907465069123,2.014936458039074e-05,1.3152269432787094,3.821420542952545,1.8105130834275935,0.35391614926011683,5.711030963724417,0.8697282974728651,3.0746072722158972,2.6242626924704924,0.37288265412671506,5.899093837907641,kappa_s;kappa_f,5.9018822437979356e-05
TATAPOWER,2026-09-23,20,16,0.0013544715286987533,12,4.420498570302531,6.939686144513306,1.2792818179050558,3.5509926595712957,2.115024445595998,0.34048319055685927,6.088356083882441,0.7932082108875564,2.6404283969508917,3.2511946148562254,0.4704490455065418,6.5941739244990245,kappa_f,6.163459411795175e-05
TATAPOWER,2026-09-24,19,16,0.0023314376962715842,15,6.786117459851221,6.602593637719627,5.828001575831495,2.829114744640669,2.409216793184925,0.46099008038182576,11.659396685180393,6.035308369190405,2.8562761429891164,2.2706920438992304,0.5016901144234099,10.059582783682115,kappa_f,0.00016861871891628516
TATAPOWER,2026-09-25,20,16,0.0011875731838614921,14,3.653058989293054,2.6307317013727456,0.6478800024743185,1.8363766321713006,2.2912889291209653,0.21422615636059558,0.050297675094943095,0.27586185154132714,1.8059538753214774,2.82192781893674,0.33352546605198524,10.174345737173416,kappa_s;kappa_f,7.554809317216284e-05
ONGC,2026-07-01,16,16,0.0004571431390590958,2,2.358451033831612,6.76283347878622,0.9571290031419473,2.358389723601645,0.7668934605724926,0.1111520534119497,9.304163199885807e-07,0.34111940521633466,1.1632055003388606,1.145784408624141,0.16182199000634157,2.358451033831612,kappa_f,1.8961176734964347e-05
ONGC,2026-07-08,20,16,0.002693389184190435,15,6.497632297761556,15.237118288001657,2.5651186004609148,5.498081860811192,2.6953493843853806,0.6803117476876288,6.14601301812713,2.941612270037332,3.388791317892454,2.1898932187699813,0.8848709415696691,10.301895778791266,kappa_s,0.00015595917291252176
ONGC,2026-07-15,19,14,0.0017087197687312573,11,5.533452706184492,11.35524527855881,2.43831204401064,11.48506987531853,2.926314777660774,0.45689623370872207,10.840060187486335,2.292603301246381,3.5491607439314174,1.7138294843733362,0.46718178391879384,8.400806538388332,kappa_s;kappa_f,6.37942937007994e-05
ONGC,2026-07-22,20,15,0.0012107239001785729,10,4.891112339596605,2.254594283377399,2.2202378285526354,8.63432691189387,3.256888521295737,0.31085898800653833,3.1521329070269504,2.3886029124282047,1.8159658725253367,2.7087248903190324,0.4796597354952214,7.833918463613729,kappa_s,2.6310601278476753e-05
ONGC,2026-07-29,14,16,0.003088991284067663,7,6.226853623747448,1.4733055417513123,2.4390070267981208,7.276309907208084,1.958133991061504,0.3211768266328309,1.5407877861945063,2.7647614766209596,2.428280689405929,2.567908597359322,0.8367463034427203,8.40559504529971,theta_s;kappa_f,0.0002986741242087315
ONGC,2026-07-02,17,15,0.0010476719250670096,8,4.69915244259455,9.29716831758954,0.07316401816430045,0.17712294880034996,4.138866128097554,0.08852055207346639,3.6142232561435064,0.5188038190761177,3.0391696784714357,0.08812140550596836,0.11187892042687564,6.489719385985848,,5.0151855917903625e-05
ONGC,2026-07-03,18,16,0.001589343303044646,9,5.634431108901232,4.085631375649125,4.964652286320893,0.6832705923311639,0.19637231866578175,0.19070299978418398,8.011898190103357,0.30912331437325824,1.3008085634673872,0.5271491943856578,0.49945305963590614,9.146443306574964,kappa_f,0.00015560979048429404
ONGC,2026-07-06,17,14,0.0008039289273151715,3,2.7166460870383977,8.240580200083636,1.3339005768125345,0.9011016410669956,0.293874528652462,0.004236401139878413,2.3918107245890496e-06,0.29109121366671753,1.0777934008935484,0.7038101925549205,0.07468840170773094,2.8650733712011323,kappa_f,9.713989144813427e-06
ONGC,2026-07-07,17,16,0.0007144997427996399,4,1.5761333676802227,4.162290165347034,2.1041678968210644,1.0852017710700252,0.34305354333218263,0.0007390597813451062,6.901462974440165e-07,0.2834342245245438,0.8810231849761987,0.6233416058236199,0.10189948972207952,3.1061568769894508,kappa_f,6.971713079781036e-05
ONGC,2026-07-09,19,15,0.00037720097474084707,1,0.0,,,,,,,,,,,0.0,kappa_f,0.0
ONGC,2026-07-10,18,16,0.0010023554095309202,2,0.21971813719968872,9.832828986588993e-07,0.2573906983770162,0.45972438120760195,0.19136780205676462,0.1568735940850974,7.92677923300289e-10,0.01955195911786567,0.08459708874509442,0.2994470816764241,0.21616118619468394,0.21971813719968872,kappa_s;kappa_f,9.846019790680583e-06
ONGC,2026-07-13,20,16,0.0012979257491969958,9,2.545616136352119,3.5783550682566556e-06,1.2816573507890865,2.410820819916906,2.1776326927582303,0.45098721068059394,2.8136581169496733,1.2351183039420648,1.8498253370057567,1.066962712342121,0.5318411251426013,7.276239401740933,kappa_s,4.5002416505829975e-05
ONGC,2026-07-14,20,15,0.0009376347726258692,3,5.655051880409226,11.112697818932322,2.7502777713614863,11.205616307006288,0.6156040941238046,0.4545342673366589,6.147907774196458,2.0831448302780524,3.099593228375775,2.17359060878574,0.5039859486533589,5.88643733122613,kappa_s;kappa_f,6.037984556881261e-05
ONGC,2026-07-16,20,16,0.0007784138587649221,12,5.115858583336834,1.2618304909397968,1.1865080818784706,7.309006237172347,1.70877939826148,0.35841285721925936,5.134033392741512,1.1369282238498468,2.102972715201615,1.888934475973493,0.41815399030197625,7.2907060149767835,kappa_s;kappa_f,7.633833338589963e-05
ONGC,2026-07-17,19,16,0.0012049926438977218,11,4.930819675391888,6.511628057013787,2.7762439912896135,6.057281630982042,2.8679858039870156,0.22519452996000291,4.648814847740823e-06,1.670816567664694,3.9236083443029193,2.308457100438997,0.32510278698495576,9.782902509683774,kappa_s;kappa_f,5.4896898366062555e-05
ONGC,2026-07-20,20,14,0.0020436786718952727,7,5.363857289428453,8.32518641423506,5.788196031526989,4.751215635768264,3.4255931504616735,0.4074761555636842,0.060535829823803594,1.1901857177128063,3.645178638976543,1.9530321838425713,0.5203148612121813,9.891073365871117,kappa_s;kappa_f,0.00016866657736814812
ONGC,2026-07-21,20,15,0.0009250727873546145,9,5.704807088564757,13.663971925609827,1.871371483313415,9.09985007787503,4.261284943865057,0.29796269864060215,4.513556513502968,1.7959104797816319,3.3495465560458726,2.158609989106271,0.35860095424239175,9.623822661637869,kappa_s;kappa_f,2.765096727970289e-05
ONGC,2026-07-23,20,16,0.0008543284648316918,8,5.469109036519374,7.47699165199037,2.320649136532474,3.4051898690228954,4.606310565334608,0.09632461894409701,7.609038201646948,2.0894406754517667,0.9906562457468437,2.582726969091229,0.1263238472336715,7.638747601271427,kappa_f,6.4735134057934685e-06
ONGC,2026-07-24,20,15,0.0005239097629689738,11,6.548694924907302,3.142559335475674,6.1125076179803735,5.441735483788905,2.8077673913094854,0.00016245357733881278,1.424553839952846,7.141651679949245,2.3784088816322093,3.6138004499655425,0.0526871047129398,9.751659217204416,theta_s,1.0905906040961514e-05
ONGC,2026-07-27,20,15,0.006480033512598143,15,4.787076846986062,3.088555173607915,2.2302225118268573,5.170010627464743,2.7237114938282203,0.5240996761506006,3.665542992870109,1.581223507149984,3.531991026335392,1.3552743256430007,1.1896645530144743,9.582458869971578,kappa_s;kappa_f,0.000443327412274124
ONGC,2026-07-30,16,16,0.0027423566046851358,14,3.7915817760134836,3.0178766970289743,0.8046855297645066,3.8344645053876567,1.430142251666017,0.30095393469404463,1.6790247336473385e-05,0.44558639988840665,2.351068248603627,1.1194197812315931,0.6113306672883672,6.085498010838023,kappa_s;kappa_f,0.00011307127886191768
ONGC,2026-07-31,15,16,0.0009613685997251723,9,3.6456707903340844,1.980782421640015e-06,0.3292720900761236,1.0885404210559262,2.479524166009613,0.6277330715456036,4.917877647001853,0.6065372783362057,2.9317051826161356,2.489944714719324,0.7833420550964922,4.770724304712775,kappa_s;kappa_f,6.726682390482291e-05
ONGC,2026-08-03,18,15,0.0007119526952088854,9,3.2352659248692097,1.8777223266201926,0.6179605578381855,4.779587300842884,3.164230478143135,0.48419255571019315,0.47098155414447973,0.6938756486511686,1.8269831905682992,2.3191581765753577,0.5948460186408497,5.891407775599531,kappa_s,4.344678600134511e-05
ONGC,2026-08-04,18,15,0.001203767039278589,5,2.8928294372981282,2.486982600196532,1.1472810274149556,6.112085389896112,0.7118485714125824,0.42299419593686405,1.2863106135796443e-08,0.9675666555668283,3.502804966430008,2.2118017538241093,0.562866228200825,3.232024204039101,kappa_s;kappa_f,7.969613551335746e-05
ONGC,2026-08-05,18,14,0.0008495010021547023,5,3.895862912513885,10.856043837147913,1.1085605257221085,7.127940077870226,0.935110979196148,0.5936943185494225,0.7436434696674423,1.1680332331265737,2.773396708494446,2.772572437351138,0.7716698284035112,5.777137852116759,kappa_s,3.6707483942253864e-06
ONGC,2026-08-06,19,15,0.0015814144342741617,8,4.738397319041359,7.8908909721411735,1.6649329450549677,4.680112162573447,0.6385478788281764,0.33122856453996374,10.338548087999602,1.1423470137348315,1.351439916742652,2.8870362652953787,0.2532553517040994,6.163357817675061,kappa_f,0.00012018624237581906
ONGC,2026-08-07,19,15,0.0019316115166397197,9,4.353789914503559,6.6088174506130155,1.1504764367131293,6.7498178630038215,2.2174534474738103,0.6168679334489804,5.916285173692919,1.0409028908864182,2.874468582364905,2.7515746520075313,0.9328885851618958,6.311611866681422,kappa_s;kappa_f,0.00013590383629292807
ONGC,2026-08-10,17,15,0.0006318765041396782,8,4.533248080766655,12.12329708361658,0.00995346841795701,0.17456698932829726,3.4586492078552995,0.00043434144790659786,0.003808725258164003,0.0008005809246220963,0.003409357029266591,8.756426448363122e-05,0.0006045219543483471,6.390664863470411,kappa_s,6.293302376203286e-05
ONGC,2026-08-11,20,16,0.0016396158852115593,13,4.180377618703979,4.3997163166054065e-05,1.0543659588647116,4.594404546644096,4.682661918219756,0.4064506453772729,7.325062718128802,0.6339111745543319,1.9127032519883724,2.007431891868591,0.5097636417553923,6.873831949902001,kappa_s;kappa_f,5.046355420456196e-05
ONGC,2026-08-12,19,16,0.0012880198084262212,9,2.932234247661567,3.6142172810116335e-07,0.8019188529217027,2.683575913930219,2.8306227829303836,0.364381930718739,5.378307860977217,0.6470849446064765,1.9523139790218549,2.443760861102393,0.49094450331092326,5.802528792039407,kappa_s,7.245851630470934e-05
ONGC,2026-08-13,19,14,0.0009737427502731323,11,4.355309142436919,1.414407392985595e-06,0.8441654026001552,4.001634695154316,1.2652631605178357,0.4253363632985369,7.830614676203896,0.6799245143133787,3.345776908008977,2.4527576904879367,0.6560067859282809,7.284457606930615,kappa_s;kappa_f,6.607566112261766e-05
ONGC,2026-08-14,20,15,0.0012354152813631764,9,4.324689033206983,2.748102572525113e-05,0.8432297660978221,3.564269572843279,2.5464672164933333,0.23407339926296972,4.622765872386564,0.5076633382341688,2.2101945077482927,2.4001814837100097,0.32728154591792474,6.970293226418708,kappa_s;kappa_f,5.54742632584706e-05
ONGC,2026-08-17,20,16,0.00047632345902727107,4,3.3493281587080435,5.340250518561678,0.5603313179007408,3.5433700914768984,4.881308555215608,0.17055194055139364,2.922031231211011,0.5076113453722472,0.8631999412147469,2.5349565298835453,0.21273823864412256,4.873445515994561,kappa_s,2.8387209141738756e-05
ONGC,2026-08-18,20,16,0.002927394687986395,13,4.931820897897562,5.690353599370907,1.849319856662294,2.191129214318332,2.743521555643984,0.2726933874655172,11.281614518232765,0.9798340440055553,3.4818386325987984,1.1430205334599055,0.3208707933849173,9.468909600921135,kappa_s;kappa_f,0.00028861164130301225
ONGC,2026-08-19,19,13,0.000894561038691702,9,4.828052515559307,7.7580883241642065,2.070588303177126,3.17406067443973,2.6161630598158405,0.3475799399470826,6.681969305595471,1.2078646518629428,2.600366223422756,2.6754799950892165,0.500079761745511,9.81380786250952,kappa_f,6.298929148146229e-05
ONGC,2026-08-20,19,15,0.001177229668825792,13,5.895251242628193,5.50265963033778,3.5257711277375154,4.113564768910281,1.9148368003588778,0.13886965461497544,12.089307633888758,0.7008251395558072,3.2053538407257154,2.6540962888881667,0.150707155901544,9.91383998327794,kappa_f,7.500145800404126e-05
ONGC,2026-08-21,19,14,0.0005782384503041464,10,4.8502079831342035,8.428758744509107,0.8407955633531918,3.4741608683083625,4.128503707650099,0.22332902747140465,10.271218276574468,0.38762473123279606,3.5000008786656727,2.6282475278710824,0.28696845991746156,7.814263105731804,kappa_f,4.2451879897978904e-05
ONGC,2026-08-24,19,16,0.0006354028534927135,5,2.920224915033944,7.490329238761884,0.6169937686443734,3.7199161773220113,6.49751550973229,0.2210646681377512,1.2378412961311369e-08,0.37079496370694165,1.9607563637971253,1.5623197705396463,0.39494393130135386,4.499137530093217,kappa_f,2.494395564687612e-05
ONGC,2026-08-26,12,16,0.0004650839813319633,3,2.0718272352029214,6.218482975919943,2.0291858757123244,0.1773750128015532,0.04598481068003624,0.007814803031766708,5.387291182046283e-07,0.04494122204043019,0.2938477415011844,0.04253297432048342,0.11722735872586787,2.4131023869273798,kappa_f,2.6245054887043848e-05
ONGC,2026-08-27,17,15,0.0009141016518972129,5,5.1877061241712505,6.656675128240915,2.658460297949577,4.416414553938392,3.118415411967363,0.3808426859459121,12.478690983651902,1.636791180132016,1.1071077932101723,5.117454990804754,0.8030923280506537,6.2304239505467285,kappa_f,7.531792998713058e-05
ONGC,2026-08-28,14,15,0.0007741934624293066,6,4.714932364870445,12.544795590264476,0.7103369123755432,5.068290942146717,2.6170276782965947,0.2506591663211178,5.110795905689131,0.7566486447953528,3.202413934639337,2.1145052865336167,0.29442493030787986,6.651902441956852,kappa_s,1.819101498620366e-05
ONGC,2026-08-31,15,16,0.002188505525328443,11,6.778971999759233,2.265133257351181,10.142424593252764,4.330726490221335,1.7001554954231244,0.3025056523402672,12.15616541964627,2.3124662330393764,1.8840287899373682,3.2390633067405643,0.5235725866433649,9.057939151395377,kappa_f,0.00010358934043359219
ONGC,2026-09-01,16,16,0.0011639954461918234,9,3.1838342291925468,1.8837653534831134e-06,0.41911590759618994,1.725802057224727,3.061772547205276,0.26944289418912437,5.159932612876983,0.5056051719783964,1.302810231287922,2.6357411467910836,0.3753818481521109,6.290628897523048,kappa_s,6.309598240127404e-05
ONGC,2026-09-02,18,15,0.0014474752497518745,9,5.477524691878884,2.9083506377188746,1.7962777661466514,3.135158311813835,2.520913247826504,0.11549792379473567,7.0090539400643,0.6436809919511055,0.31086334754674483,2.6272556028446283,0.11647383243012802,7.4778666427569105,kappa_s,0.00010201175624694153
ONGC,2026-09-03,18,14,0.0010271823228680036,8,5.226079657791609,8.172112802491716,1.3275380633523888,4.224710932790457,2.9127913262412872,0.090601475414871,4.887495398183196,0.5517753838206729,0.7399484169143951,2.240837986361412,0.09497521812705689,7.689455485235599,kappa_f,6.928965699548985e-05
ONGC,2026-09-04,15,15,0.0009355687976706515,8,4.983772478867478,5.816054919336355,0.8397868278418599,1.675591872071562,1.7445903816156814,0.3646153530005225,9.250755977354144,0.8642063428528426,3.0481623839031737,2.9329412610297902,0.5488692702834994,7.607816110194845,kappa_f,7.743886342359031e-05
ONGC,2026-09-07,17,16,0.0008577295654721284,10,3.359225401311078,2.3679676176537843,0.5233276524013984,2.178570994189837,2.283585508602109,0.28651073363668866,5.076579238019134,0.580123587246618,2.221347876828359,2.9087148256417494,0.3866732864504513,6.5154541376154524,kappa_s,8.194061610946246e-05
ONGC,2026-09-08,20,16,0.0027068063172704764,11,4.596648421367566,1.6250667625253836,1.6578316140996157,4.646994641656101,3.356870936071058,0.24189624555667533,7.976641933289334,1.0830835564554302,2.1715566885690705,3.1586715803321592,0.35002997030660343,7.7508122651095555,kappa_s,0.00022710315526000904
ONGC,2026-09-09,18,15,0.0023814659617533086,13,5.109126203217761,6.497050489637081,2.1174970361809375,5.008362812264341,3.357398320820985,0.06931076440711464,11.819445403050599,1.238432681176699,1.5530031930716515,2.732860011054002,0.18495476740683736,7.395704376688045,kappa_f,8.638811606220213e-05
ONGC,2026-09-10,19,16,0.0007328433664835738,10,5.064301449139927,12.905438210072143,0.42450768124258587,1.2917750176746727,4.319443752586695,0.0002818865192887042,4.511885533527147,0.4703377827691692,1.8746073936237484,1.2619222223645676,0.14885865720709224,6.4224082525797845,kappa_s,6.058593705665595e-05
ONGC,2026-09-11,18,15,0.0017032765319182936,7,5.274851341430508,12.483158120431206,1.3308373084137186,4.263724930875156,2.967178264404074,0.1640242634830806,5.49628846677523,0.47790022508707364,3.599663559079399,2.497995142686613,0.34670962907043623,7.178586217027284,,0.00012749546025304665
ONGC,2026-09-15,19,16,0.0010650079221501266,7,3.903212190016,7.8655787601767155,1.5614653286921536,7.657096654596439,3.0596164373755235,0.21693523039971693,0.0009817578699369278,1.0522970532975222,2.271791975865658,2.1672429730503158,0.18653186707990876,6.761714424002068,kappa_s;kappa_f,7.856897996301026e-05
ONGC,2026-09-16,20,16,0.0010785771768594074,7,4.893784514403537,11.941733162853858,1.300412588477714,7.696201849335243,3.054400353427006,0.22640995228743027,4.4804264186320495,0.9993060846869696,1.476012655275328,1.6865670005986497,0.2493691291564567,6.860467003746321,kappa_s;kappa_f,6.443796146974874e-05
ONGC,2026-09-17,18,15,0.0010082403132436095,11,4.018176529735931,5.7527123296097216e-06,1.0457395207569613,1.4063817941056715,2.151474119726007,0.2243718799360087,11.286688503409401,0.7705675720103682,1.99846812271399,4.568341103703279,0.405721441671155,5.3059983086382045,kappa_s;kappa_f,4.322226421734059e-05
ONGC,2026-09-18,20,14,0.0014320944572312757,10,6.1589821983379425,11.88062552126843,2.4334328487756434,7.084619864375993,4.313567362969775,0.21253852801263687,11.640360109437788,7.5651455978847455,2.241940389663332,2.0250573566304144,0.24003114920050206,9.997257786418764,kappa_s;kappa_f,5.169538570588177e-05
ONGC,2026-09-21,20,16,0.0021075354099017655,8,2.478886037423244,0.0006637435526251068,0.9022319213272414,1.0162137041394095,2.207271430588916,0.10490142195691225,2.3798569896046082,0.45239302981758767,1.216627655428105,5.058043882209205,0.14970807578688616,5.7262378985735465,kappa_s,1.852301283803738e-05
ONGC,2026-09-22,19,16,0.0007219871422303379,8,2.7860178700054523,7.143997020619963e-07,0.3401202302463445,0.960561506055023,2.4482409635269873,0.08286624289073352,5.838903475090425,0.9049389705063768,0.8261243826628069,2.6019602816810266,0.10666305132697976,6.16188942554668,kappa_s,2.2733120012673235e-05
ONGC,2026-09-23,19,15,0.000751038379734801,9,4.312641065848908,3.587072673028047e-05,1.0425793841385635,3.327795049088482,2.6595331765136585,0.17391310121637743,3.1378966973372817,1.5828781821880282,0.5093900642440343,2.2627963210350197,0.20659430054658512,8.468054557180059,kappa_s;kappa_f,8.371978123464133e-06
ONGC,2026-09-24,20,16,0.0016975996372835748,12,5.773938053748335,7.197114281213425,3.0359440384494727,4.603058258667449,2.041910222374842,0.2659221952800541,11.777226654521566,1.0417399577115525,2.264422872632572,1.8957004453205681,0.2188645616684266,10.084515632807884,kappa_f,0.00016418424320319494
ONGC,2026-09-25,19,16,0.00060118280417256,5,5.82162816054543,7.121627511731667,2.8315427447424977,4.155185818743959,2.508645696042908,0.13183552355504563,1.5168696839167568,3.5060570008292156,4.061511346380186,3.5448423861494236,0.16674322993043378,9.655313705132672,,1.0226263044202529e-05
SBICARD,2026-07-01,15,15,0.0007024133513417617,9,3.715588272481879,7.3962041575725834e-06,0.8984688708233597,6.447632727502246,3.1371405335982647,0.5191226821517233,3.8065433422988577,1.3596764550490001,2.50937230167544,1.7491436555659186,0.7746878502494833,5.822583363876822,kappa_s,5.402490626487213e-05
SBICARD,2026-07-08,20,15,0.0054519201020105,10,4.8362952615648025,2.5486844043634385,2.0505958488471325,7.785183658722685,1.4969443933086874,1.0770894466952772,1.813253420881603,2.4280314140733785,2.955283873770196,2.712514766936416,1.05326299042531,7.402686474408764,kappa_f,0.00011864456125865435
SBICARD,2026-07-15,20,14,0.0016417820238114158,12,5.122548700046922,3.334625974283913,1.2599518476238394,3.648594145129249,2.8878784300900016,1.2174986555038094,6.681037234244659,1.1401346389905291,5.507815771066358,2.589453045365193,1.740380704651358,7.778240429773188,kappa_s;kappa_f,5.418453551760626e-05
SBICARD,2026-07-22,20,16,0.0014045186697938404,12,3.7430467852008267,6.0533545022731445,1.6918163032522568,4.502996712180417,0.32217936931352575,0.8883490411751521,2.5493374362639543e-06,0.6575748062441694,4.887769208176646,1.7583470658621674,1.1747894528640686,6.257008227878725,kappa_s;kappa_f,4.281227254948616e-05
SBICARD,2026-07-29,14,15,0.0013612963473713987,12,6.312074768286916,9.532198764156501,1.2483326525011704,3.4588204041175707,1.8022490429505817,0.9693538592890076,11.975877959297037,1.5417237364728764,5.566742835919248,1.7846237536036482,1.467648386233483,10.009020659268229,kappa_f,0.00010018179947414961
SBICARD,2026-07-02,16,16,0.0011622143365683738,7,4.993281520598393,10.386090710278962,0.9375492063320713,6.473489939742584,5.481996235659301,0.5152430446073095,2.8505578756590104,1.378418083118882,3.02240682151091,2.080994143028497,0.45873965978144815,6.460667018110897,kappa_f,0.0001114153976856855
SBICARD,2026-07-03,18,15,0.0012407845517774844,6,4.6048745231843,8.16087834698467,2.591530722038392,8.693375335675041,5.442356855321775,0.5844807318524683,7.65713661305781,1.9261762552268067,1.2643319306350103,1.6496145004104885,0.3770310931705936,6.167937549324974,kappa_s;kappa_f,7.582692082929343e-05
SBICARD,2026-07-06,18,15,0.0023257646787499045,13,4.98762027456392,1.6633034180380253,1.8019668574816892,5.540565164688978,3.4746776489512774,0.29474092729543355,2.9095184611158014,1.6387672036794623,4.042552433228611,3.0865895228315,1.2489129943884723,8.255095141634094,kappa_s,0.00011447768682851028
SBICARD,2026-07-07,17,13,0.0007009073176798542,6,4.984835913668784,13.263719817592197,0.01350496040945066,0.15253616761147074,3.791878105236729,0.0049672177086782,4.24543206349876,0.5302327830860103,2.6917196912233425,0.05701153020768124,0.19123570305594262,6.11906779930823,,3.6935401281298214e-05
SBICARD,2026-07-09,18,15,0.0013106884782395918,9,4.028883612045976,2.9064085538266227e-06,0.9811410682110504,4.619313938745951,2.8482680536846856,0.6466387481919129,4.243366968185702,1.403242900531437,4.217238068909727,1.9704714764861357,0.9155005114096892,6.6744342363707,kappa_s,0.0001254782444898093
SBICARD,2026-07-10,20,16,0.0007000468315506185,7,3.4863503748638083,5.232545560682826,1.8845614240486217,6.641029031405866,0.030975571570889038,0.018915130140447746,2.8644940641697758e-08,0.843756686755718,1.7469582256192595,0.31219080335722793,0.16248133848315316,5.154057961980161,kappa_s;kappa_f,3.998493418398881e-05
SBICARD,2026-07-13,19,15,0.0008181856458099609,11,4.430208288476321,1.306411457591139e-05,2.0482583398996983,2.6822320357421874,0.9656767604559215,2.1958155988092805,12.088221225877295,0.7624013232323539,2.8874151905432592,1.708582543245023,3.2320723106978533,6.67300401725212,kappa_s;kappa_f,7.566707414533459e-05
SBICARD,2026-07-14,20,14,0.0031299066012128313,10,5.320716253820194,14.011524091297916,1.7944771954300405,8.05259978572337,3.6563465933231503,0.8113479358929776,4.398421724341782,1.8946283101033639,4.096681646668587,1.5996489590989307,1.1177826437177973,8.430138792481296,kappa_s;kappa_f,0.00014527534202515326
SBICARD,2026-07-16,20,16,0.002147525923173259,13,4.646468325308131,4.632095951871904,1.2735961406387082,6.322013823436139,2.9866048864672177,0.8818645101688991,0.8235059999965273,1.4264083911376892,5.984021282042735,1.7006752062789077,1.4282492613541573,7.5255917465153965,kappa_f,0.00014493327637466087
SBICARD,2026-07-17,20,13,0.0008841603659812699,11,4.3775283966059675,0.0007020790511198527,0.5804244282224811,3.4769732062053453,2.897639917217965,1.3921076484068637,6.581924145427153,1.2197432645155293,5.60335741403694,2.7322067403578014,1.9103247039107851,7.1708000888186385,kappa_s;kappa_f,7.34149150773887e-05
SBICARD,2026-07-20,19,15,0.002791957566793137,10,4.78346681605318,7.11964112762563,0.2865614219747366,3.480570951666742,1.2897230558970583,1.122199772356754,5.875157194123795,0.9316539552039497,4.821455099683305,1.8037643834485866,1.1980541400020392,6.209888267445289,kappa_f,0.00024069744516949697
SBICARD,2026-07-21,20,15,0.002384089625789192,7,3.2289674180256545,3.3258965560608704,1.0090096305168195,2.7023732414748673,1.8178369430712726,0.13427447337407947,0.03871137164239258,0.6328851989209513,3.6114934561262837,1.940760172708464,0.2948238293606229,4.507925713170973,kappa_f,0.00021636892741275183
SBICARD,2026-07-23,19,15,0.0014649285590039706,9,3.8663323799356,6.506089548210264,1.8626665742646367,1.1172440940743775,2.6977271327720764,1.16823693928856,0.27328674219465476,0.22883125403451116,1.1813356652086247,3.2124631965335846,1.508939432377388,6.240325099943692,kappa_f,2.5778734787893897e-05
SBICARD,2026-07-24,19,15,0.00230508535490841,9,2.165075433531296,4.220278770999829,0.006873967808932549,0.1855103037386842,3.549098935710192,0.004059924061678478,7.449985517382629e-09,0.0002457799868382508,0.07219108125313109,1.9692060277359755,0.0200202900674471,5.4822333058474655,kappa_f,0.00013715543220573206
SBICARD,2026-07-27,20,15,0.001703845019575863,11,4.962425333540976,7.879362406719935,0.4735267542999469,1.0073511581012113,2.3379679725280402,0.29463048393217117,11.095987598793224,0.3675112233627406,0.3481242173924175,2.621451845705416,1.9045295404155187,10.284132193621346,,0.00016059645147543608
SBICARD,2026-07-30,18,16,0.0017193374472561293,10,4.925284760969056,5.463633009549099,0.8851708362371153,3.161533725939747,1.178933477739672,1.059196401760686,3.145973394991134,0.4981037483937899,1.7375857263695342,1.6363115624037283,1.0512644145801728,7.729354277430171,kappa_s;kappa_f,7.5568509599235455e-06
SBICARD,2026-07-31,17,15,0.0010104306778938891,13,3.2644880672676315,1.310871570403549e-05,0.7574711045111664,2.0489589652796742,2.402670703026969,0.606053706544168,5.955458152044615,0.823129510887347,1.3759079954053397,2.7500778126316194,0.8988143061614664,5.458388926553774,kappa_s,9.666083889577092e-05
SBICARD,2026-08-03,15,15,0.0004467591124330988,6,1.56905522994157,0.9112773312277671,0.14244246601138666,0.517818401223157,0.9366827016743908,0.6092794550092986,4.755089693505543,0.23458129603324784,1.0831234728485386,1.5520802363079944,0.9045033246354046,4.244317050317451,,2.9192828961400975e-05
SBICARD,2026-08-04,17,15,0.0008393015654971054,6,5.334950789864933,1.6848409116731204,2.8633793663544864,2.07094661557972,0.13042101023059338,0.14788580122670766,9.076558391996059e-06,0.05124318362142122,0.59815070070242,0.4539013246375484,0.07673435543581109,8.150357826030351,kappa_s;kappa_f,7.06736390724905e-05
SBICARD,2026-08-05,14,14,0.0005895135307445571,7,3.515262202503749,4.82303504305841,0.24164865359487064,0.13713426506676182,1.277922090527324,0.00041784126838838515,0.00979709430294129,0.0009228959756604205,0.0018964917258417202,0.0003766320868900941,0.0004260483057905162,5.889312887357095,kappa_s,7.071264609319252e-06
SBICARD,2026-08-06,18,16,0.0005522881947138445,10,2.995730249720635,2.7412076367318203,0.09176545088140906,0.04152155743919298,2.1263360704809373,0.0003684471870364445,0.009273464520566321,0.00123740516884574,0.006560820546418711,0.0006522015185946861,0.0006127975214855752,5.816750736247609,kappa_s,6.6746383825552844e-06
SBICARD,2026-08-07,17,15,0.0015473886150623188,3,1.8095221156555337,5.582042961954661,0.9395355290240865,0.8359482820668429,0.02375734438978805,0.013421571697300627,4.0978726190132875e-06,0.004757687799220367,0.018072871741434682,0.034714628480161824,0.01999107872521888,1.8095254912419425,kappa_s;kappa_f,1.0836061088408816e-06
SBICARD,2026-08-10,20,15,0.0008878180417867739,11,4.160863837293043,5.85190475454257,1.4451893115637955,1.1622041261773421,2.7727372512692448,0.011403105414270137,7.199635430055196e-06,1.100094271046045,4.122772290036998,2.9134903992112053,0.4829922708295955,7.097196061333778,kappa_f,3.030253460973556e-05
SBICARD,2026-08-11,19,14,0.001551622954548627,9,4.34762109236811,7.387078988436599,1.6506233747832981,8.023149316766364,3.337763596798462,0.3297168751405178,6.241456851447047,1.3788495076825131,2.1447445337769544,1.7252723262208853,0.5449981891017404,6.991658393450447,kappa_s;kappa_f,9.249455290882315e-05
SBICARD,2026-08-12,19,16,0.0018319232109605401,9,3.5306388255468315,3.0275051490258953,0.7764684716752976,4.888325268329669,3.1543947219592408,0.1406092120249852,4.221124573433599e-06,0.503984527727528,1.5620600194942913,1.31363554988017,0.21646987055078126,5.166004903668101,kappa_s;kappa_f,0.00015339662900571154
SBICARD,2026-08-13,20,13,0.001377205847693482,8,4.106037112548158,5.706457638865459e-06,0.5623743299656886,2.5446902579497315,2.8891308152769275,0.9565097097265438,8.727325694020731,0.717049773334425,4.423804976199495,3.993751614876217,1.3762766931652672,6.363774806184782,kappa_s;kappa_f,5.392223010106567e-05
SBICARD,2026-08-14,19,15,0.0026771874512514005,14,3.649610666614806,8.17140206876843e-06,0.858945724816969,3.8755660264333827,1.8385250428633335,0.8391824266943548,4.143081956470136,1.1179882743113918,2.831930418235849,2.3768745044672412,1.1625964401173816,8.291870016793936,kappa_s,0.00018850927426844683
SBICARD,2026-08-17,20,15,0.0019208305493543369,8,4.33666235903459,5.440688676827676e-05,1.3292578008897165,3.7180641408730506,1.6579522932640602,0.9089397805394519,6.961515840747247,0.3896920929372264,3.664462206451123,2.778333601091539,1.4796014130484867,5.380544604034174,kappa_s;kappa_f,0.00011772398396560097
SBICARD,2026-08-18,19,15,0.0027891257401457,11,4.619143436526811,6.806855247566123,0.9190756283698378,3.5344556732829764,2.020436321282264,0.8228133873666256,9.87851110811463,0.8480820233789401,3.5258870315485895,2.2799695887831186,1.1135985908235648,7.684762870160613,kappa_s;kappa_f,0.0002663979271446018
SBICARD,2026-08-19,18,16,0.0009076048664622585,8,4.498717582116834,6.844228240352672,1.1797668213929338,4.614754985717338,2.5416625507649337,0.9817972826029486,1.572866512589144e-07,0.7240428875304838,3.740174689415975,2.999986113185238,1.3756230199492974,6.528014128422732,kappa_f,5.783999737448255e-05
SBICARD,2026-08-20,20,14,0.0019670641564745427,13,5.501387586402574,8.006981587691454,1.603010480094962,5.117870754196459,2.5084540717709958,0.6424129773292846,7.4098744373814505,1.1162540979425568,3.557398245741867,2.4127590456906676,0.8367137559452826,10.061274044755764,kappa_s;kappa_f,0.00013190509028481248
SBICARD,2026-08-21,20,15,0.0013170410273014882,9,5.374680520230262,7.102781932679651,2.1647395259552624,4.67656265393534,3.510562855200276,0.35864163352567335,10.240277156463797,1.6172260605844346,3.429021664111885,2.214426674134409,0.39241443441043866,8.945106532882724,kappa_s;kappa_f,8.548992994800815e-05
SBICARD,2026-08-24,20,14,0.0021341317641919047,12,6.1063289146046476,10.278565166558774,1.8932790326313538,4.015793144612069,2.476325443252666,0.5798397837395103,6.562148727671229,1.2190347807404247,4.915112805585382,3.954902116696786,0.8296944274830922,8.637439249500185,kappa_s,0.00017976199161580126
SBICARD,2026-08-26,16,16,0.0009387943044697916,5,4.583060688166189,2.5766694586657266,1.3077059222865883,5.413656420591856,1.9244632639184704,0.5519323541749455,11.206075456701743,1.2648789783612215,4.409848180995059,3.1027412051801164,0.6866952798803352,6.669136953293808,kappa_s;kappa_f,9.375571064287685e-05
SBICARD,2026-08-27,16,16,0.0007039995708791558,8,3.5335821078657825,4.250089383186177,1.2130883253154092,3.3105235578010754,2.164949190022816,0.4170845146176245,3.711774176284574,0.6892149663610333,1.6514664711393716,2.745943589105651,0.6881177325980155,6.320518159235596,,5.0155614555744154e-05
SBICARD,2026-08-28,16,16,0.0014247024434464587,12,5.4403668086807695,12.007287097850124,3.0912849662850705,0.8834769411829738,1.899103108244137,0.7778617361937991,4.510390804493481,2.1742889637084657,1.1950032789015992,1.866081262898628,0.9574788149576535,8.188231704091104,kappa_f,0.00013053780904721183
SBICARD,2026-08-31,18,16,0.005776344684829452,14,5.757801746041637,7.701479432361833,4.123522905194487,3.2987450284045643,1.2284497401777785,0.691411738282026,9.700078493892555,0.28134942006076363,1.8302988736105172,0.7562198661700181,1.4763673254335794,9.11233543458152,kappa_f,0.00038142975199471647
SBICARD,2026-09-01,17,15,0.0014640650160810378,10,5.097347821495735,6.249379697563517,0.8689928611887547,6.178175451865013,1.9838290677222077,0.7953703423308972,12.135005135804104,0.8076432439870912,2.7080618815372337,2.346086926227962,1.1028670074323708,6.897300988972335,kappa_f,0.00014414152579779135
SBICARD,2026-09-02,17,16,0.0021772516534890062,13,5.598374855510859,6.970335425185226,3.7149258386219044,3.060920988068984,2.25461676360512,0.7416327059659077,10.64440459992304,0.2776207869336621,1.7608259209787867,2.612827674664521,1.153782566123096,9.43460829892395,kappa_f,0.00021457681803895446
SBICARD,2026-09-03,18,16,0.0018356396735241865,12,5.1115027685665115,10.27970692725458,0.47597640506571803,4.651580545243973,3.148549562514148,0.7748244382646723,1.1176611316292506,0.35662746621133257,1.0330102141457722,2.2403388469620333,1.140497561549471,7.573981265977503,kappa_f,0.00016247809789862646
SBICARD,2026-09-04,18,14,0.002686287194541481,7,3.1259226224349344,6.797747983046898,0.8843689347235673,3.6771888726934208,0.21211228550442746,0.1374953514010427,0.2490553700753626,0.21988963413731444,0.38117625009276423,0.1686179551687874,0.18285423739572715,8.506192643610682,kappa_f,0.00010796393578657018
SBICARD,2026-09-07,18,16,0.0023355647661211327,15,4.554079792308748,6.598593577199684,0.2700706045537744,0.30535625034015385,1.654088145750754,1.5461800441501412,10.635381448628767,0.20993525959210407,0.3917733616390686,1.5805989651353005,2.1040784316344276,7.068590974277049,kappa_f,0.00020998407287227752
SBICARD,2026-09-08,17,16,0.0013174699710910617,12,5.518752004770185,6.772382046829697,2.381587019313913,3.221934840577855,1.1015053799731775,0.6850162661980934,4.7961284855865305,1.8461395898651167,3.091654276916045,2.9626181921486805,0.899686176187652,9.865428840057714,kappa_s;kappa_f,0.00012163447651537861
SBICARD,2026-09-09,16,16,0.0020554824267980877,11,4.70056696594878,6.220258037612677,0.29584685605958544,1.6201021026955893,3.2990770512559497,1.1011511719468448,11.66236189854774,0.9366173311052539,2.289056219598935,2.2309484482205586,0.9765321947038342,7.9428654446324405,kappa_f,0.0001535904178319369
SBICARD,2026-09-10,15,15,0.0011129376433408101,13,4.866953896540414,12.939928285235725,0.7533851323245122,4.985370111418467,2.6891582438003026,0.6889153932510415,4.1930323174071145,1.0205353576289857,2.451833990467304,2.0179149716908915,0.94579654469146,7.174051920922057,kappa_s,0.00010049240132367718
SBICARD,2026-09-11,20,16,0.0018405158415959035,11,5.29697221247825,8.04202332839258,3.9691115200880254,3.0151314883690827,3.00648647444719,0.02172312031108231,8.413499220707038,0.6314597321465486,1.8122314216656874,0.8486072858077427,0.6393568905147538,8.190120983580442,theta_s;kappa_f,0.00012283336574501623
SBICARD,2026-09-15,19,15,0.0032845849779715593,11,4.130578743820598,1.2501729876707461,0.7351847637099891,4.783693761548356,1.7111068190939878,1.3753247872344512,6.243658429383087,0.9577574175740924,3.4794952139962616,2.874933115596792,1.8183194730949546,6.721624310578415,kappa_s;kappa_f,0.0002193704451859649
SBICARD,2026-09-16,19,16,0.001672502851973546,11,5.899048499537458,8.884676703966697,2.9686369590468145,1.2027242316833382,0.7868983380716399,0.021849718769197744,12.490408230083116,1.5025692876336407,5.915005708252313,1.68857679175265,0.4171585510976663,7.8588434455687946,kappa_f,0.00016503524271498787
SBICARD,2026-09-17,20,14,0.002414544272142505,11,5.1286470581308885,7.411738265750387,1.796776888210269,5.196937567793385,2.7809087109886765,0.6989184483363002,5.635311293121168,1.5574391924839261,3.3688915962078587,2.8783861921804945,0.903782700004639,9.086975122608935,kappa_s,0.0001939422119600566
SBICARD,2026-09-18,20,15,0.0012004184342642092,3,4.789597507786086,6.5172640383494045,5.176151663532873,11.737725000895,0.9265863222735082,0.0064300600955980135,9.669435705461638e-07,1.880625072457392,4.856310471902687,2.1832090069836285,0.17737249600367955,6.267313409474343,kappa_f,0.00011601212161304404
SBICARD,2026-09-21,17,16,0.0009855557087273094,11,4.480974940320008,2.1786855803895833e-06,1.46583950172625,5.04932710805426,2.8152945322253538,0.607359233927298,6.493136500703301,1.5561363088094682,3.4044739654444216,2.623226286401805,0.7251818207960989,7.34465821745581,kappa_s;kappa_f,9.796761875508191e-05
SBICARD,2026-09-22,19,15,0.0008835485337009724,9,4.842141230773967,3.84238428120368,1.7690306763932104,7.299061920985345,3.2795691486247054,0.32711814181768395,2.4436471108250313,1.1618950149277385,3.746129612990946,2.300088859615588,0.35089527940411835,7.266602622750025,kappa_s;kappa_f,2.9574749763471454e-05
SBICARD,2026-09-23,19,16,0.000721304413657876,9,4.021626109485843,6.331261674930033e-06,1.4111488290241259,2.2910664725610497,1.7667024457109104,0.47022881242828074,2.397868381683155,0.9796486566027031,2.090040465535117,3.0599328708527733,0.6608640794446781,7.597599638880913,kappa_s;kappa_f,3.558207910349994e-05
SBICARD,2026-09-24,18,16,0.0008189150904595098,8,5.397042952144293,6.235376829795725,2.221775820141266,4.259147068453913,0.6763960598732672,0.6571974785446468,12.48963079294218,1.453883558819223,5.3261322835265865,1.961731615715189,0.8174460009308315,8.920684124332219,kappa_f,7.915927653160423e-05
SBICARD,2026-09-25,19,15,0.0008169690283173318,4,3.806994262378792,3.3467388221477066,2.3991787494475014,5.723458585657791,3.735551225434061,0.5701941550785997,4.055205369967341,1.123465983393369,2.8054506475711514,2.5564228623825094,0.7622145650013068,5.186408086703993,kappa_f,2.2566702628676284e-05
HAL,2026-07-01,13,16,0.0006077703099610515,11,4.575171466755239,6.233836231468186,2.1173053399191177,5.916818255348322,3.9872064189382175,0.5387278890828945,6.665179210794923,0.7735608837080892,3.530391072842471,1.2220357978714083,1.2191793703963836,6.70037085757353,kappa_s,5.895252791267812e-05
HAL,2026-07-08,19,15,0.0043341497814016645,14,4.607042653283616,5.769388699596336,1.547520538615969,4.502322050110773,1.659338923978718,1.0605000969215077,7.922303695222974,0.47290006950426094,1.984709966866598,2.1611935291770767,1.3788086962681005,8.073781514848216,kappa_f,0.00024686184841183744
HAL,2026-07-15,20,15,0.003236712196577575,13,6.440788503586672,7.150060784064991,4.313053534214692,8.232675360954602,1.7767043148516626,0.6728099374306568,6.5685010281643805,4.063954686636331,3.351692168125835,2.944900544650495,1.032510338154985,9.42992200326163,kappa_f,0.000203391886833115
HAL,2026-07-22,19,16,0.0012837849999323358,11,6.768666008001239,6.405938604935629,5.980607995714116,10.301201960802276,3.786379970210989,0.21395527743431075,10.67446033674907,8.93530202994123,0.9764992993652104,2.942048992864519,0.1870729837054237,9.819714623285831,kappa_f,5.560776872886989e-05
HAL,2026-07-29,13,15,0.0008104476119709988,10,4.89571072378811,4.370926482719986,1.8062895539060648,5.241340779108889,3.003601160632018,0.0038134084887000972,7.3892663453422305,1.384807259217363,6.993129969046464,2.299408310028813,0.8286950492440015,7.225174870018873,,6.023609076094983e-05
HAL,2026-07-02,11,15,0.000275581197596167,1,0.0,,,,,,,,,,,0.0,kappa_s;kappa_f,0.0
HAL,2026-07-03,16,16,0.003512258960973181,14,6.352132123402724,1.7556348438521803,5.59392428585061,4.55075274715969,2.040038368065715,0.6335824425125782,2.7340069223662122,7.344655313676654,2.150836926518336,2.0920964233111237,0.8412545160449172,9.334456397945502,theta_s;kappa_f,0.0002071579429659292
HAL,2026-07-06,17,16,0.002616964084472909,13,6.017392300796368,4.807739291150187,4.255216853842084,9.05768452032385,1.0912456853752315,0.6456561454358829,11.877032574657179,3.586718005746758,3.462108297369331,2.3010036509613205,0.7916798393596608,9.949012546038114,kappa_s;kappa_f,0.00016976041845874913
HAL,2026-07-07,19,16,0.0015091389378396759,9,4.547426546379753,6.457538886301546,2.303610106997329,4.795507133530018,3.372038073643848,0.5422391807531033,8.137794135956408,1.0830617212249054,3.143166329292792,2.4708917500938257,0.7790902585568208,8.814496988381805,kappa_s;kappa_f,9.093057366398364e-05
HAL,2026-07-09,18,16,0.0011908714144659538,9,3.7961588040153886,7.648327182657434,1.2791855526510163,6.329814964490867,3.070828620423698,0.500681445617368,2.7074861170635796,1.3894349835563635,2.0547058705424233,1.2780866481973725,0.5571749813133601,7.1203608597722745,kappa_s,8.51287769377076e-05
HAL,2026-07-10,19,16,0.002039943147800492,4,5.388215643181466,7.903047670660014,2.7530169717250237,7.5478174527676085,1.8420905575412323,0.7356255257831301,2.993316622890199,7.777269578181728,3.5892306196411425,1.7414490909195113,0.9594152679309904,8.26832830123575,kappa_s,0.00011278268585061422
HAL,2026-07-13,20,15,0.0009620624181569766,9,5.255288326470918,5.539576368184308,2.9379928224476277,3.449820977274463,1.8789830103349237,0.868083651146071,6.982068512238639,1.6341871059863502,4.130638428940817,2.9679735519888713,1.1260091562932144,10.095698035809743,kappa_f,9.46105935931852e-05
HAL,2026-07-14,18,14,0.0013618943404127785,7,4.920990094585305,4.747615222953357,2.781679805125006,5.423721398236723,5.2968339272261735,0.6501978387705368,2.757299387427839,0.9676811361041713,3.8321474942811244,1.7294748708766137,0.7680001523013729,7.754239190654772,kappa_s,0.0001066118950355363
HAL,2026-07-16,18,16,0.0021521597418202748,9,4.611385647884021,2.9861986057217056,1.6857460509316984,5.386240926531548,1.6218290751306332,1.2578489180483832,3.9268472457887906,1.1345875305463529,5.5957168694481325,1.453728895255681,1.7438616391316248,7.733693440042911,kappa_s;kappa_f,0.00014298379869031588
HAL,2026-07-17,20,16,0.0010306629110968908,6,4.464890027968381,1.5058113191912526e-06,1.5003728556242146,2.943978738430312,1.9978453740080888,0.6528768077811796,8.620250874885464,1.746339106337194,4.631660973206392,2.9564000115275326,0.8241373117391091,7.876273876621211,kappa_s,1.877177644926827e-05
HAL,2026-07-20,20,15,0.0006520913677670899,8,5.102446517854592,3.8151040247423484,1.575594889257225,6.056147009751998,3.2976624126187604,0.843733240088695,10.956141279998093,1.4697150461258612,5.5099010213115776,2.1034391759528672,1.2528111526552208,7.6425330803533145,kappa_f,5.0904803140874714e-05
HAL,2026-07-21,20,16,0.0009637205125380769,10,4.618425989143668,5.175502140630783e-05,1.9632939157208007,5.35987851738401,2.6475836357928157,0.747144943948167,2.9236925771912254,1.4446576133130886,5.221662573756114,2.5295216499941158,0.9343670355133107,8.270198693074532,kappa_s;kappa_f,4.154924129622388e-05
HAL,2026-07-23,20,16,0.0022806330087480754,9,4.691571269322534,2.2390094466705435,2.1370181189556776,4.663125803562462,1.1537703746610948,0.49869683475337984,6.006414198123956,1.959101785230979,3.711578690384795,2.137354764565205,0.684833516436939,9.807198392123814,kappa_s;kappa_f,0.0002089711393599993
HAL,2026-07-24,20,15,0.0010309798600620266,9,5.248166004800767,3.902936016508818e-05,3.811933379990573,7.429213533070232,2.5519276162706155,0.460539671197816,8.89238409624721,2.232427239123392,5.9914076989553795,2.6066838831777743,0.5441194001391179,9.309589200441744,,3.667846172117849e-05
HAL,2026-07-27,19,15,0.0005411047403626901,9,4.939981350365638,4.567593301186847,3.5912188875533277,5.347380068406342,1.9144342280291045,0.705481588102673,10.206728401557369,1.816236459044882,2.674361911231987,0.3748423619805583,0.8567444786022107,9.174907353190111,,6.231812462599139e-06
HAL,2026-07-30,16,16,0.0013875664329656826,15,4.33393500379786,5.305811810349502,1.4729768606309637,1.411984951462306,2.605475759744456,1.3194834470446077,3.2838437961914186,0.774542788313508,2.5099624761361574,1.7596318487028906,1.4974805816696626,7.408919690540246,kappa_f,7.86687408893766e-05
HAL,2026-07-31,17,16,0.000936642945151319,14,4.960443661585764,3.9807526280437635,0.1018936970525233,0.9285111983055891,3.311232539041778,0.7013228827231859,11.833975490401619,1.0200349365266124,1.8322090689501556,1.5913915884254293,0.9175691058624422,7.485896221372512,kappa_f,3.7500574024259864e-05
HAL,2026-08-03,17,16,0.0017719010154313884,12,4.44684505405224,5.158455516035769,0.7284272344326268,3.880300078441951,2.695354589792679,1.0719447625383078,2.116837499954727e-06,1.05879535553543,3.681328327138791,1.6054358747912716,1.801507146433313,7.166753205627577,kappa_s;kappa_f,0.00014734492138480416
HAL,2026-08-04,19,15,0.002811078707505108,14,3.980384627991436,5.303268580043499,0.4883290156013013,2.1579882372722583,1.7092066867627216,0.8407372186496844,4.62659845250995,0.6235806580259868,2.5345486036593874,3.0972755820046567,1.3236656687684132,7.389443013777917,,2.9756730468037326e-05
HAL,2026-08-05,17,16,0.0021217220447580353,11,3.9989645704296812,2.0691700324751316,0.4693257799195104,2.7591175028638917,2.238878219511166,1.1267964315225574,5.279522019002783,0.6460099876174048,3.215742842459836,3.0349619898376416,1.7617266835742924,6.7692090939106135,,0.0001858131267336036
HAL,2026-08-06,20,15,0.002242037692942007,13,5.309093400021901,3.988969036922894,0.7026031678412026,4.727353368587369,2.9783550082230237,0.7505474012842064,6.847092827475146,1.0110768373052799,3.524459146608078,2.328928173678455,1.4927625731780603,7.601424459449564,,0.00019848472121272547
HAL,2026-08-07,19,14,0.0016922563109407357,9,4.804345055696052,0.14665414289573953,0.6369119266187753,1.1086452821135662,3.101567754584412,0.6682735688862822,3.5316307283039805e-06,1.4719800113245938,5.840287983877614,1.8959583486919167,1.2258528467713892,6.504801970741117,kappa_s;kappa_f,0.0001009026823117281
HAL,2026-08-10,19,16,0.001279306879682611,7,3.430352093979819,5.92320033266294,0.4727228720935493,1.7329628405707327,5.861337136315177,0.1357267449927924,1.768396419521423e-06,0.42484410743036194,2.1137537139054237,0.734802806048662,0.20786377132541034,5.096190798854105,kappa_f,3.414183155299412e-05
HAL,2026-08-11,19,16,0.0011781375985824019,6,3.427620085207913,6.672289056643125,0.903434816848843,4.2238605640184455,3.5057531711813397,0.5578131356876798,1.295655849276045e-08,1.0498350231730158,3.115851539899447,1.3414635999872675,0.7484895687997613,5.645737546501075,kappa_s;kappa_f,7.073907176662064e-05
HAL,2026-08-12,20,14,0.0023015488498965265,12,4.755804828375676,4.437525022695135,0.22041057144178672,2.305179708506357,2.9808755795123307,1.9620916956810195,8.022168435547043,0.583818207635654,4.6958182992479145,2.5569223252739985,2.3903323315647937,6.988489565689854,kappa_f,0.00020786132665387598
HAL,2026-08-13,19,14,0.005345892467767545,13,4.511894685200517,2.2000420143480497,0.7751404174494454,3.768583903690568,1.2944830246758636,0.9589159757117267,6.248024007505487,1.5209385821689843,8.039922454600633,0.8812661194813041,1.5548350282951935,7.683817960288668,kappa_s;kappa_f,0.00011434085876641919
HAL,2026-08-14,20,15,0.002023194399785809,9,4.523605164662909,3.658643267989703e-05,0.759839896239936,3.691891634791488,1.7708973659872473,0.999084904779542,8.279548447555944,0.5008008703058073,3.490633532769536,2.707305176486854,1.4594500917076432,6.8431401398300515,kappa_s;kappa_f,0.0001702804615128636
HAL,2026-08-17,20,15,0.0008084949864446225,7,3.35496002354954,4.632002996639189,1.4472187032607964,3.6723463340531266,3.4954645849915615,0.11409785467821647,0.013477760120345295,0.5134407018199825,1.3881333179618016,0.8536246690691688,0.06407309068091527,6.019537662937568,kappa_s;kappa_f,7.095813345288425e-05
HAL,2026-08-18,20,16,0.0012491791512577442,10,3.9610794136195655,2.6668026417383475,0.5268578111389924,4.203056595640486,2.0715747933202646,0.6928904507854224,6.722614820375838e-07,1.077402923704394,3.5025793198263777,2.1065483390780844,0.9277772299973737,5.895852428848994,kappa_s;kappa_f,4.991210128662345e-05
HAL,2026-08-19,20,16,0.0013258732640401634,12,4.379505420372749,3.4682631992355173,1.1550497487394753,5.7318202795297015,3.2686909976289216,0.337454828433339,6.831914765323742,0.7526311725624242,3.9446291888526357,2.683631872160917,0.4274098427828712,8.184099427785934,kappa_s;kappa_f,4.4706275872463805e-05
HAL,2026-08-20,20,16,0.0011642520431385478,12,3.9517735803227727,1.5653122656360292,1.3821314490435512,3.5844346741106485,2.939404769188421,0.21751999074598533,4.025660148343491e-06,0.7830896145719681,3.7286783919145354,2.1563338269772583,0.35772538877149795,6.6152808788420945,kappa_f,5.0395170160148295e-05
HAL,2026-08-21,20,14,0.0007351216068089034,8,4.605386637317695,6.81428001097834,1.4572468400976704,4.370405638417125,3.249319828770865,0.21059040698881748,1.4981910823053113e-07,0.8432385287881365,4.722813130644585,2.4066977473264455,0.29232760292655735,6.957969874713914,kappa_f,3.634506538109151e-05
HAL,2026-08-24,20,15,0.001194201623842561,11,3.9855904255575436,2.087176891762965e-06,0.7944354720209028,2.2884242696187274,1.313792287576117,0.47918182150402855,9.704643364564603,0.5172084662808143,2.867712060422525,1.5474532809404005,0.8565267233193857,7.070849030149051,kappa_s;kappa_f,9.467131698046179e-05
HAL,2026-08-26,14,15,0.001611363106900489,9,4.775583570698111,4.4083540395504635,6.384939029882682,0.8890824861184221,0.862450921070431,0.006025469118610027,0.0001190645188238193,0.33726678617158723,2.4392980298666607,4.290295224754402,0.28614457615624334,7.892618935449319,theta_s;kappa_f,7.815723394033643e-05
HAL,2026-08-27,14,16,0.0009667256894667301,9,4.14491540612339,1.494460088125038e-06,1.0935854746834133,5.025161148694603,2.21495739020472,0.24789685230554223,5.429003409208962,1.051191490111703,4.623121672935727,2.735963456447093,0.4563069015243104,6.216416788380349,kappa_s,7.049709310289853e-05
HAL,2026-08-28,15,15,0.0007116282453134501,6,4.13223029525157,8.914001663756885,2.026405034867616,6.228299128404388,2.5561633346659143,0.7150312204073375,2.312995632311681,2.3247677795261286,2.9869829709422975,2.8910943013954125,0.9426345692346428,6.106406651563472,kappa_s,6.248798019493614e-05
HAL,2026-08-31,15,16,0.0014310525057327512,6,5.1630562955437265,8.011979157808705,8.608104939980821,4.041215848665969,1.7086484706606062,0.9522781318661403,3.0374518331655054e-06,1.6299902513264637,0.9351720393429139,2.636961345395488,1.1732624855830036,7.482117679216571,kappa_f,0.00012917953203123232
HAL,2026-09-01,15,16,0.0006510205658871726,8,3.4204843655282433,1.335011372560757e-07,1.0562421632741867,3.0382081629185667,2.6911176343732617,0.6301859151340865,5.954644146637964,1.127778066001167,4.710963940080853,2.4086669607310047,0.7983717590147177,6.280834827587491,kappa_s,2.0433344150220948e-05
HAL,2026-09-02,18,15,0.002754209879436265,8,3.1156855213993078,2.3546396269045786,0.5356679413429049,1.8260614711733596,3.238503790030837,0.4521012332252943,3.347359418981455e-06,0.6874866741319352,2.829010518207086,1.7721188205768952,0.8048728715549807,5.634561791559326,kappa_f,0.00023984522672790796
HAL,2026-09-03,16,15,0.002638870620992878,11,4.88215917017854,7.315959707120143,0.7141349378626837,5.346757793554039,2.757485272995294,0.5847735247013269,6.967727468348344,0.9866951022912094,3.4380730475842465,2.417797138379742,0.7839238740111265,7.899407678969834,kappa_s,0.00019749743599148254
HAL,2026-09-04,17,14,0.0017360767378231245,10,3.8314217820182868,4.985624133979627e-05,0.3284878046597539,1.006899926199269,2.755708807599111,0.9416291531615022,9.673320503657706,0.5975947942461858,4.642229788323998,2.845074445836501,1.3521669142867874,5.958971188175316,kappa_s;kappa_f,0.00016244503725429903
HAL,2026-09-07,18,15,0.001231021621998216,9,3.750786971010978,9.073453861745145,1.1840016099577677,3.7375815680009583,3.30744836034336,0.32328048950829513,1.6861386616550957,0.5770944066150241,1.4362964718855626,1.4138874675506126,0.37015592844869283,6.1013882577698455,kappa_s;kappa_f,4.668311453840486e-05
HAL,2026-09-08,18,16,0.0006545735321177592,5,2.5937006169523817,4.598661732208804,0.0009618146321574155,0.08377600354279892,6.7311594504917664,5.7973125623227893e-05,9.139089485188379e-10,0.0006840780552778147,0.001784330986055238,9.161185911049641e-05,6.348927698396345e-05,4.824887436803998,kappa_s;kappa_f,1.8486121010742942e-07
HAL,2026-09-09,17,16,0.001958823119147059,10,2.9579657802249546,2.8281030556484996,1.4075865769764333,6.7215308453175835,1.9962859757617202,0.45380583790738116,8.97198567884061e-07,0.6099168277500604,1.7480095691074755,1.4845342042516108,0.7944188523086431,7.665010903541449,kappa_f,0.00014060441159466884
HAL,2026-09-10,19,15,0.0018484334003491495,11,4.831009760742481,3.3416392258378735,1.6400978109435866,4.475978984197882,2.867386281116259,0.4849589971601711,11.862552490916404,0.9932696112924134,3.588932199270589,2.5469329280920565,0.7589837930152371,7.79378106237255,kappa_f,6.831312155957444e-05
HAL,2026-09-11,18,14,0.0013906526342427146,9,4.2353889925504875,6.929043461991631,0.6978333022482933,3.958228369552716,3.4748530419280197,0.4180388925699944,1.7619158768349177,0.8991759291228799,2.6350505034714793,2.240756324235557,0.4849877828579423,7.061735442916006,kappa_s;kappa_f,0.00012594444045917956
HAL,2026-09-15,19,15,0.0009502936746462059,3,5.21176626805714,14.94124836246079,1.5648159790564,8.495465943812212,6.089437515349479,0.6264239275494362,2.9925526521245818,1.285707587890132,2.662460311982051,2.354213759061376,0.746909180812313,5.992883819086427,kappa_s;kappa_f,4.071666571295318e-05
HAL,2026-09-16,20,16,0.0009171326855054767,10,4.875776215785532,4.171813083249794,1.0587045435297362,4.760317659634502,4.145772134352192,0.41845652765113717,2.3944238423504096,0.5646433289780689,2.911021873563165,2.5286402736099918,0.5972290645997635,6.877923840187553,kappa_s;kappa_f,8.689576835446569e-05
HAL,2026-09-17,20,16,0.0008305629266667013,8,4.009692642633256,2.5620285653274664,1.3191656178317945,4.739052715736385,3.4141847064980118,0.6020069989553524,8.550780339997159,0.9312072939401721,4.3846998847124485,2.870463756689123,0.8168963211834721,7.458635057121122,kappa_f,8.027213381113106e-05
HAL,2026-09-18,19,15,0.0020861526671603825,9,4.984091256732479,7.584486581265002,2.4578353207963914,3.699040298473836,1.3205877050947623,0.2818264492531102,6.391438030445064,1.14093558637314,3.362401362884916,1.8178137095173983,0.3706375378714275,9.302760322501733,kappa_f,0.00020056637565253003
HAL,2026-09-21,20,15,0.0021131131433851863,10,4.5425449141237,7.590296678067613,1.3957403976467884,3.7655337324493563,0.8181702949802414,0.8471591233196657,4.143512555287998e-08,1.1512068031192864,5.7909767835570705,1.9963308837081255,1.16071461560337,10.205034405908636,kappa_s;kappa_f,8.13135835468679e-05
HAL,2026-09-22,20,16,0.0011379652407413538,10,4.9378425537806825,3.1799347765489685,2.4396749389434618,6.196381955918302,2.065558078985351,0.17027756396144456,4.40979330019541,1.2079896305827844,3.0242396665475653,2.648193396275275,0.2416517669863032,7.754368287730469,kappa_s;kappa_f,0.00010123165491471623
HAL,2026-09-23,19,13,0.0010995686476559757,10,4.573767914369068,0.7482305997872292,1.3377019103589627,3.915236594490933,2.6231847087456677,0.3348167545930931,1.725640397864936e-05,0.785345741908234,2.16012653315882,2.1683027289542194,0.422238276826832,8.20567277656044,kappa_s;kappa_f,1.8558702551768396e-05
HAL,2026-09-24,20,15,0.0029511837910041814,14,4.434981526650543,0.033623785191040784,2.1091289820381784,5.500781038834187,3.17003742893072,0.18904489470722058,0.4256816685474486,1.3241226975196592,2.8908184560423242,1.6493283556961313,0.47927759845892537,10.160766036831829,kappa_s;kappa_f,0.0001552030665497449
HAL,2026-09-25,19,14,0.0014433351098514895,7,4.9452970183732115,8.351406009797278,3.65927690741061,2.3601955187677266,2.685574909623561,0.21398283702452572,6.953337303489239,1.446134581388777,2.071128544650822,1.0651438232209087,0.27562704745547423,6.68191483093805,kappa_s,1.1183140751678654e-05
PFC,2026-07-01,12,15,0.000324393056258717,5,3.7718777531477414,4.610946046173218,1.1029455966039405,6.802164247369163,5.354223083906797,0.6661383198652078,2.875061085088296,1.1630163523297001,2.0517332642925803,2.3041889852423862,0.8533187029561329,5.2556161976336275,,2.6901243730766383e-05
PFC,2026-07-08,18,15,0.0034616732927611076,13,5.91475748981917,6.781179311353185,5.340644575159468,1.5091412750642217,2.0064672836858053,0.9868046242340308,8.135200495113086,3.0509630525601246,1.9095635885000897,2.1319276778129677,1.1046522802673988,8.749249449134997,kappa_f,0.00011834350453164208
PFC,2026-07-15,20,15,0.004058755516594855,14,6.059283057983989,7.360833563708111,3.6105979043331926,5.825939419687719,2.548339248924532,0.8410009712052589,11.516815895377437,2.536621918736227,4.761510024472972,2.2964503465076285,1.1617840279074836,9.757160106160052,kappa_f,0.000158613231747793
PFC,2026-07-22,18,15,0.0010726411286099452,10,6.399298709265709,7.8625009496435725,1.420218854272972,1.2527270433763806,2.1673936358754013,1.0257702869240402,0.04528791576291913,1.4628748011922728,2.3030377731866345,0.9393143500495498,1.295295061895254,8.3774364649251,theta_f,5.732914893076058e-06
PFC,2026-07-29,17,16,0.0012353804648061982,12,4.159037096757418,3.5856531344080622e-06,0.42578474548696366,3.865130211434632,1.2224818966582993,0.9115564675398731,5.559535368635215,0.7823179264019373,3.3848032781647883,2.399825814918544,1.515281783223636,6.372370211309061,,0.00010654515724066232
PFC,2026-07-02,12,15,0.00028594808761088746,2,4.802190947500662,11.995176135739506,1.4710896314679889,8.101819173627469,0.26528348710615424,0.6660777733952151,0.5249244568774003,1.4224895906152573,2.895396625758317,2.650725143484587,0.8365567242304222,4.802190947500662,kappa_s,2.1994291734557362e-05
PFC,2026-07-03,17,13,0.001230650843829234,7,4.940217199308071,2.257686383059055,3.7770634061515906,3.2745930809375654,0.9463067386890649,0.005406167334974132,2.9302084446432177,6.223342578478379,0.840657307895563,1.0880181488489806,0.19533126789305566,9.479692069000636,theta_s,5.349489316906807e-05
PFC,2026-07-06,19,16,0.0023661254267427607,11,6.0137309787005435,11.570737634224448,2.768988770802355,4.5091455795342466,2.6027317432876824,0.7171692567481776,3.560014558073831,4.994728997453062,2.7872990415832106,2.111077111828471,1.1069193917588325,9.484633324317391,theta_s,8.099830475958268e-05
PFC,2026-07-07,19,15,0.0016670998866000855,10,5.658264107180356,6.331006633072755,3.8205550459150057,2.932480057470568,2.1035444171032394,1.3094856929084622,12.368212963123879,1.9418675981402822,3.351225923536802,3.114843530528672,1.702382284268205,9.45808502408446,kappa_s;kappa_f,5.70003853656647e-05
PFC,2026-07-09,18,15,0.0018451863585369822,13,6.210792516030233,10.629247628733765,1.652558718755623,3.6765848189802544,2.4208613526742138,0.6617716435376731,6.346149388732471,3.1183989744767477,4.42223276728091,2.8866176646567965,1.0599255098749198,10.123076823953598,kappa_s,0.00017864117225108514
PFC,2026-07-10,18,14,0.0006577293138109649,6,4.70843283300064,2.2517966029471594,0.6728903817794749,1.4984870153176857,4.821530748688028,0.45483646048328796,6.774334360254326,0.8603497237442235,3.012186087958689,2.788704704763606,0.6401651151291136,4.952490591322062,kappa_f,5.486916629239894e-05
PFC,2026-07-13,19,16,0.002029481126410474,14,4.425304542758264,1.3896830328188141,2.6572259728339986,6.024600167350171,3.0021764357970104,0.9830638072959396,8.17193903407369,1.2617193880620063,4.605291486656019,2.9102573283193096,1.1329978719421663,8.469886830915197,kappa_f,0.00018038995086541287
PFC,2026-07-14,18,16,0.0009068947895435453,13,6.0548588129290914,7.941660340385157,1.7137682954570916,4.426990077695206,2.661202994523043,0.5751558751540718,11.748104784508227,2.022276189073045,6.6712368457106574,3.0573007104275574,0.7785397105290208,9.59161552287701,kappa_f,6.973932197306169e-05
PFC,2026-07-16,19,16,0.0009919531204117778,9,4.432717348245822,5.916138789983512,2.5792796999738674,2.4314748130449844,2.7525061739256733,0.5355182474545191,3.749429133392823e-06,0.8565509481653493,3.2296864478537737,2.433075203022028,0.9015094458774341,9.707744940162362,kappa_f,1.8998708122908506e-05
PFC,2026-07-17,18,16,0.002667819507634269,9,4.879942609396547,6.022739380804547,1.43913635018933,4.7596133863709795,2.3234818364830674,0.3786135370172282,1.7954357591776215e-06,1.1025759152961179,4.097748475733874,1.3402524336185881,0.44653604198216335,7.890450285253982,kappa_s;kappa_f,8.624336421396601e-05
PFC,2026-07-20,20,16,0.0027904957711264514,13,4.949752967090671,7.007926516222247,1.0937647578182141,3.201188482595227,1.7410456956766363,1.1047437231920387,8.1645280683679,1.6486248791533753,4.0080348480319365,1.6098606569501794,1.1608681126230196,8.91887805274065,kappa_f,0.00022078150386592573
PFC,2026-07-21,18,16,0.0010300750603657524,4,7.534844631399967,9.038188567238576,5.356820801972299,15.174976990193056,6.1834786114485984,0.06216665738332957,10.234241693211672,4.060136854127565,2.480672892524706,2.6550128858827904,0.08994972072501028,8.150868635751086,kappa_f,9.340132873804667e-05
PFC,2026-07-23,19,16,0.0015066889505677761,8,5.632049534954804,7.761928418365888,3.9226473289274186,5.810855923202799,1.8501665146030788,0.32418681089094153,5.618571840961364,1.6903023360859697,4.578244869354567,2.413535664659919,0.4553510661855031,7.67767257387603,kappa_f,6.71126976197387e-05
PFC,2026-07-24,19,15,0.0010688141937480202,12,5.608439793879485,7.02868152190217,5.480238973545793,4.804063492648153,1.7371171043798812,0.7183080327634196,3.2181329813856174,2.189491159434005,4.634146815225684,2.6335391480748616,0.971112401415525,9.5294043234183,kappa_f,7.995803125625278e-05
PFC,2026-07-27,19,16,0.0012874157489923506,11,6.423102783144259,2.375529874954892,1.3446762287476577,1.444387295784086,2.899945912194024,0.11183083549172974,1.8781725659499484,1.555776417255224,1.2978364880895308,2.1958071776787014,0.11862246458240522,10.446384182004604,,2.2954142726360404e-05
PFC,2026-07-30,18,16,0.0011736302767244575,9,4.936365476160511,7.992999742724951,0.2181108823364752,1.7674221166953732,2.2928072351430373,1.0562442344665235,9.985402203293017,1.2655556942652626,6.037413476459136,3.3995001846514903,1.8503798327531369,6.949032074871998,,0.00010212949470947831
PFC,2026-07-31,18,16,0.0008961476072412157,10,4.7815698860075955,1.9846244732398581,0.6144548899093113,5.054738930660808,2.8522287472318877,0.5019063017783888,5.111828567627054,0.8298924317435408,4.0660941796819,1.934323210974934,1.0536687811528243,6.587696835868721,,8.664722536953068e-05
PFC,2026-08-03,14,15,0.0017072328578862281,10,4.322988713826072,7.037920894958916e-07,0.18574595844572583,0.8716025395150044,2.942584767967044,1.585488308122023,10.614224181475027,0.1600555708173408,1.0418561983971093,1.6181456643902798,1.7066724921286616,7.024151706933437,kappa_s;kappa_f,0.00015343213277789545
PFC,2026-08-04,15,16,0.0013302803188053082,8,4.439049990186871,7.090220966335111,2.348654511459257,5.039071680025984,1.732521379877174,2.0544383262241825,11.918916655118654,0.17309682757653017,2.1104782080733355,2.717664967521844,2.757408921094995,7.668695879972736,kappa_f,0.00010682048512457494
PFC,2026-08-05,18,16,0.0016242660384495795,7,5.44985676024358,12.89025298537399,1.094600082311226,6.4393547227353185,0.2240439606126774,0.1391640088677202,5.399667762336573,0.5890566950840134,1.7221528384269074,1.8973182814922884,0.05524630807798969,6.971405154038234,kappa_f,0.00013714943743795265
PFC,2026-08-06,16,15,0.0014677134401622329,12,5.197848931308384,12.477502582377868,0.9963680769322145,6.455498081847365,3.795268811606984,0.3376543695041948,2.9016381515810803,0.9483513077356622,4.129941578921164,2.132730617950899,0.4417297588415434,6.8246692648069605,kappa_s;kappa_f,0.0001352788412031414
PFC,2026-08-07,14,16,0.0008752525398951361,1,0.0,,,,,,,,,,,0.0,kappa_s;kappa_f,0.0
PFC,2026-08-10,20,15,0.0010671519864222782,8,3.1889977354359704,5.875374025145376,0.7994841917148316,3.7714937476496933,3.813811610147255,0.7201570936115762,7.823713410459732e-08,1.1224726666274423,2.8849464585689226,2.0428947238273256,0.9809765664075183,6.232189656082906,kappa_f,8.391262133515954e-05
PFC,2026-08-11,19,15,0.001166502102797368,12,3.4448390125577975,4.366088703777153,0.6487458513943059,1.577163956380194,3.396321041863434,0.6064299383136526,5.8358168590899595e-06,0.9588957898586283,4.59540599534569,0.809466043456784,0.869485352460683,6.556304697042161,kappa_f,9.473560339343318e-05
PFC,2026-08-12,20,16,0.0011252119351246733,12,3.5675212790084534,0.5381225308669677,0.5652880484184226,4.330514905566405,4.164089327210748,0.11157390077260021,4.438357219630465,0.8809801095741436,3.5887104795160427,2.0416392188352877,0.170490586928582,6.702810454490449,kappa_s;kappa_f,0.00010146532294566806
PFC,2026-08-13,20,15,0.0006227276072708659,4,4.0492125661044565,12.011582366123633,1.2820881501007657,4.0510863243449595,1.3874836933928907,0.3983447417248472,1.630549807174475e-06,0.6939993522990568,1.9396247381915703,1.453809997741943,0.5177901898256311,4.900083194732589,kappa_s;kappa_f,3.9241458642386194e-05
PFC,2026-08-14,19,15,0.0008172376010840248,7,4.192233599653221,0.5599991079761946,1.3123600712776664,7.435011351633219,2.726042241921769,0.46798484605902907,4.239122340266022e-06,1.099380076478203,3.5754937773371926,2.7750726910428702,0.6813660357840984,6.137383822235015,kappa_s;kappa_f,7.252074233001068e-05
PFC,2026-08-17,19,15,0.000865007642304452,3,3.4401652084842436,6.274405075101821,0.7427635261638865,1.9422185022262415,4.520847942536035,0.5574675716918623,7.795114843220251,0.18329114740641916,2.0616351606918553,5.012552967553161,0.8357434126997401,3.96744804576451,kappa_f,7.927098539393495e-05
PFC,2026-08-18,20,15,0.0018512446549728292,12,5.850534651403837,11.622226181704995,1.4125260826036425,2.8349138365060877,1.3068640746477191,0.8045984208540915,12.42154976855924,1.2483006332749444,3.7606636420875414,2.1239618213595572,1.0846006541104196,9.456907522685977,kappa_f,0.0001257859786390745
PFC,2026-08-19,20,16,0.0022855016686449178,13,5.057116270400973,5.5596270197189135,1.5248701081692726,2.840309831439801,1.7470791275672561,0.5518887031336541,9.60699127489808,1.1333195559233573,2.732046101568232,1.8974897091268037,0.7399493831225832,10.014716515947192,kappa_f,0.00012101705201539
PFC,2026-08-20,19,13,0.0007869831492173136,7,4.643056473798912,7.8617209546715925,2.4106455711378536,4.120065134022603,4.256591455686731,0.04843128420420027,3.8651043748844436,0.61351158542808,3.2757370163049107,1.0989947862747091,0.07821209554129349,7.574354509174626,kappa_f,2.0177047765913424e-05
PFC,2026-08-21,19,16,0.0007531751763353161,9,3.929064905992478,2.6766013867529637e-06,1.0647135307852515,0.8290296905759069,0.5889222494259929,0.23845049009060926,5.430655489751523,0.6803810195588182,0.8065289353745575,0.8986027127499139,0.3276336271034681,5.267029391345197,kappa_f,2.997512128805112e-05
PFC,2026-08-24,19,16,0.0008839466370309243,4,2.793198508700979,5.593185807149435,1.2098825891442804,2.0858606805715563,0.5001095237006595,0.2772773479093825,2.5800042381446042,0.17541301601092746,0.2474070963243098,0.8499943156051766,0.5543060767458268,4.062854883964479,kappa_s;kappa_f,8.03157242068583e-05
PFC,2026-08-26,17,16,0.0009977110790336092,6,0.6732091998266502,1.9361233598669259,0.2985320295947873,0.2668696503797001,0.15410572172741865,0.030690700162854155,1.066433881291573e-05,0.08507640603685684,0.017480307942543405,0.15993539136651513,0.11687575873090328,4.861985987514016,kappa_f,6.193769586606505e-05
PFC,2026-08-27,18,15,0.0007164217823623511,5,3.0001512107951602,4.953097095139469e-06,1.0254251634159144,3.6709729946212803,2.598698135732747,0.49688553655262896,1.500606976384427,0.9201335011884239,3.957359088500274,3.128148627260882,0.8806090244723883,5.026470301836696,,6.639752960970672e-05
PFC,2026-08-28,19,15,0.0013721513961258542,13,5.615088505370382,12.257090853432295,1.6077699383422757,2.0222362996535996,3.2488986581656514,0.24219265441628468,7.764633828338482,1.2616259705932265,2.1974944607209603,2.4585730060797397,0.16992092339342257,10.144778336168967,kappa_s;kappa_f,0.00010888430231088733
PFC,2026-08-31,15,16,0.0023361525507726243,13,3.863818373947436,4.838573658464162,0.6277111896271136,3.20322143127674,2.668184883217728,0.49810269400256113,0.0002693166125009583,0.47549314996824027,2.400475964849247,2.3228924566071427,0.9505993239047115,7.008260139884908,kappa_f,0.000160963233309587
PFC,2026-09-01,18,14,0.0011004708760399512,11,3.927664692629159,3.1142821078828185,0.6365460023928039,3.5592767723859704,3.2398019698147085,0.8004516789838624,2.7717354004863637e-05,0.7496603263933981,3.0711122994510047,1.6985612832835078,1.2419179758387706,5.977195755905555,kappa_s;kappa_f,9.495010330903201e-05
PFC,2026-09-02,19,15,0.0008928709654508481,11,4.723835923900011,1.431346738911543e-06,0.7039967857659879,5.579811381496094,3.683083119596353,0.364850514786657,5.0424357708364695,0.6531892259551267,3.5780914913501856,2.140275131104647,0.6075384567231137,6.52998422604606,,5.990068865877724e-05
PFC,2026-09-03,17,15,0.0033935185609263565,11,3.216222434834461,1.256498324053723e-05,0.29991164443193763,2.1390493757760325,2.3258631314687284,0.4279037245258095,7.411825898456624,0.27381007833660137,2.5007598822099513,2.533760842333447,0.8616933493808039,4.700539971383338,kappa_s;kappa_f,0.00013066058975450727
PFC,2026-09-04,19,15,0.0012096691683135474,9,3.6387723482857934,2.363731619325904e-06,0.8058687562056442,4.293784185477399,3.305986473986441,0.27520009184743444,5.433473832394737,0.6358457015103334,2.5424565639253824,2.6364510483645285,0.3878252253477683,6.4096871753304585,kappa_s,6.303615113312407e-05
PFC,2026-09-07,19,15,0.0030349684221645645,12,4.134709284904276,0.0002020509477222987,0.6933661325729921,3.1122910617165074,2.212537267781582,0.49151113271538704,4.3517550552610365,0.7381210641009033,2.7114857641568944,2.858011209050578,0.5386792900549255,7.848416969062535,kappa_s,0.0002525469111196092
PFC,2026-09-08,19,14,0.001041373244766172,10,6.346033301699223,7.937937835412062,1.5369572211180382,0.4196746811495107,3.0041896922584486,0.8656177878813182,12.098796816358337,1.9583969528793304,1.5340315227846502,2.4149144122326947,1.3172753915017665,9.560590119462713,kappa_f,9.044226457041098e-05
PFC,2026-09-09,18,16,0.0020376921927157624,12,5.0303549971948085,6.166838241316852,1.355982867720821,3.5916760318646617,1.273397233476256,0.44879690687882684,7.85150640348636,0.6293236727586944,1.8462441555748486,1.9307688849629643,0.7092125496633923,9.215002680349428,kappa_s;kappa_f,0.00015854748605327205
PFC,2026-09-10,19,16,0.0010814945734488046,8,3.880651122539513,3.4175383003542947e-06,0.8824328860162801,3.8861688373567147,4.682561104764714,0.37411268674927667,9.576568897445167,0.7492423412276321,0.5173342713843359,2.3622365999861508,0.38833491731132364,5.005743270558453,kappa_s;kappa_f,5.898414176565563e-05
PFC,2026-09-11,19,16,0.0009824995851620494,4,4.925713800253837,6.929321472171068e-08,0.8493679574551994,4.452127919575127,2.944083352120313,0.7095112840148946,12.398890101905321,0.9096942093810385,6.206730400585116,3.7593245333373293,1.0421216824543937,5.89533361162821,kappa_s;kappa_f,6.982860608666596e-05
PFC,2026-09-15,20,15,0.003412461075216011,10,4.837931421643185,4.9969940368396575,1.2360014325755657,3.839318077892053,3.8252381480481645,0.6841872704357896,7.905498571743712,1.3578167094588087,3.366764444120151,1.3946440023558229,0.5334935298263885,9.812953612002302,kappa_s;kappa_f,0.000334614945497279
PFC,2026-09-16,18,16,0.002706367840882602,13,3.8603397923554494,1.9398401821746347e-05,1.3250310709798223,4.014167812935273,1.6247616896886394,0.44185127079323594,7.315577899800589,0.44255375746092473,2.812610707059312,3.0461206425732295,0.901649759410962,5.759794395569484,kappa_s;kappa_f,0.0002293204490984033
PFC,2026-09-17,19,16,0.0012739272637454502,11,4.098082199654999,1.633647240141812,0.8296371203308014,1.8046413174171114,1.5916039006512834,0.2707380606017052,5.138712598607018,0.8055533726743065,2.4086762799604697,2.069610892279878,0.40279178802415083,6.430300615349822,kappa_s;kappa_f,8.087835532609379e-05
PFC,2026-09-18,19,15,0.0012386485402823154,11,5.912524036311918,11.907219847624457,2.4657749077685747,3.960463688314876,2.2783224678324534,0.5959151128673009,8.898844591016609,1.8545935432157616,3.058398277423122,2.629284761110614,0.7513662899785298,9.588064522581298,kappa_f,6.701069343666047e-05
PFC,2026-09-21,20,16,0.0012122815503355338,11,3.8730682407011443,4.454717498357134,1.1857521010130092,5.6398668778939145,2.820448836622285,0.380436338360448,3.6971515773492314,0.8183343225173543,2.9225450787956753,1.9480143817176219,0.4686230900901852,5.94928498282356,kappa_s;kappa_f,5.594699589649382e-05
PFC,2026-09-22,20,15,0.0007289599444860143,10,4.746413264315655,7.938201259209266,1.6237853796710273,4.84689463621086,3.056857957130376,0.2666212509963868,0.6375933319556593,0.8381876333827665,3.108826887592814,2.323536985961614,0.36995954005872267,7.859792993217445,kappa_f,4.4181104391715774e-05
PFC,2026-09-23,19,15,0.0010190311617017799,12,4.987724786611597,7.015861221936719,2.2657280548073757,2.4498996659184478,2.2927883874847783,0.22284056193079899,11.947017527639783,0.8584756596169809,1.2464448904305478,2.1186351997266004,0.30080007747012405,9.459705908834177,kappa_f,4.2786417122035e-05
PFC,2026-09-24,18,14,0.0007380326461360826,9,3.558466587542661,2.566081750110527e-05,1.7050383527888053,4.230038034622887,2.9947280965300074,0.3338500813043118,3.4506704942316446e-06,0.9450903705735801,3.30371290217318,2.3548526062813853,0.4943519343800772,7.465511506682954,kappa_s;kappa_f,1.2238086534265783e-05
PFC,2026-09-25,18,14,0.0008869844332113389,10,4.703248441276166,8.939360609022613,2.971497350902573,3.8846428773164994,2.2405424815800714,0.6572650668075963,9.773242763140303,1.16516661823003,3.795120250311676,2.67741937480281,0.8552446344630997,7.538864287316752,kappa_f,3.388173305176039e-05
HINDZINC,2026-07-01,14,16,0.0011469647500700001,2,0.6890704116220844,0.726068680758587,2.0521668413768683,0.08832560393686784,0.0021983780002616804,0.0006264439770724157,3.7011163200872943e-07,0.009921127321469325,0.03538590714627787,0.0024574146646334505,0.021273928116221086,0.6890704116220844,kappa_f,7.658213701394485e-07
HINDZINC,2026-07-08,19,16,0.0025220796556545636,12,5.210602317873247,6.1343089061693945e-06,2.356033565810347,5.503623036113181,3.318222492884648,0.4934679048622227,6.3220729912732025,1.2673133995071824,3.5895398156868286,2.0783551946599736,0.7258725772423706,8.647200464768543,kappa_s;kappa_f,0.00023585126710102492
HINDZINC,2026-07-15,17,16,0.0023244138817073096,16,4.800430402592342,7.05751383425331,3.16277534424663,4.50660090525055,0.7089514431596728,0.22634049184327876,6.45042112524335,0.7410581658720642,2.4189442270004013,0.873459917384751,0.7976091787830479,8.388697543776376,kappa_f,0.00011376846472700881
HINDZINC,2026-07-22,20,16,0.000838467699717434,13,4.886238673841169,3.022162258776082,2.8663185650835636,4.3541549246874345,2.65672022588131,0.7284462666788926,5.612063234852847,0.8390293222298741,3.6847688211867116,2.3667226446536382,1.136191799440716,7.691041231741885,kappa_s;kappa_f,6.179747577810218e-05
HINDZINC,2026-07-29,14,15,0.0014441070991498682,10,4.723997506105328,5.863814768039454,0.4557867049788933,2.640078708843551,3.270258123516448,1.2804045656987948,7.336311508019082,1.1240595242792937,5.1871642145373915,2.720692065695935,2.13209894771329,8.047370883125021,kappa_s;kappa_f,0.00013458913023509252
HINDZINC,2026-07-02,14,14,0.0008593198214493912,5,2.2367385751842206,6.289135812446187,2.012745834668094,0.8243432535307225,0.10247437680840443,0.16361218294183555,1.4118623887782178e-06,0.039846976277881696,0.12507455808521373,0.0914418740547922,0.04364115050424999,4.4271684842105445,kappa_f,4.4198780197017085e-05
HINDZINC,2026-07-03,18,16,0.0015605408210928682,14,5.459628188449524,10.987358316950955,2.9628548668697294,3.1775275413261164,3.351199654444774,0.9894432063813184,7.354902647717267,2.8142797655448124,3.334278688446533,1.6700490015125165,1.293399355265267,10.091955215274243,,0.00010000133966942513
HINDZINC,2026-07-06,17,16,0.0005792415634989054,5,0.6030426254239836,1.4833448904738589e-06,0.002854049512668322,0.0625819098318896,0.019527230074808166,0.008983973545365287,1.865184864662906,0.013462930662227146,0.41464643518464106,0.019773957968048483,0.019680813840414202,4.815715055832688,kappa_s,4.024579189614995e-05
HINDZINC,2026-07-07,15,14,0.00047817934260672025,4,4.689475690641434,5.066606996158933,2.9635496604619935,4.812714330277303,2.4311575957250833,0.2852915184779766,6.308939319708172,2.2621206207769315,3.4764776908114707,5.0827535392937,0.36178755519309147,5.916048256767934,,1.821384261754518e-05
HINDZINC,2026-07-09,19,15,0.0015911325624121471,12,3.2495193775936366,6.762883848724234,2.250971019066287,1.847247649601072,0.5815682981962862,0.8262668880577916,6.156654944078355e-06,1.2577239093964385,2.0063952547536754,0.9354792094192919,1.408232789786966,6.491383813734299,kappa_f,0.00011125937523985161
HINDZINC,2026-07-10,19,16,0.0026338652599801073,13,6.40692093119095,12.220820302601995,2.856025348929601,5.7373138253851845,2.2641830485684915,0.8464448136849378,5.249465549047727,2.398837342753193,5.355002985109139,2.0433471193586232,1.128077760637614,8.96261864277223,kappa_s,7.238789617249313e-05
HINDZINC,2026-07-13,18,14,0.0008613179124804363,12,4.43700717652629,1.2946057362938834,1.4578770978516087,3.1399751252020245,2.411299847243753,1.125100615491651,4.986292196491992,1.9404727386073066,3.9680217128032638,1.8939174589673693,1.463489689278238,7.907528840977821,kappa_s,5.478187333769703e-05
HINDZINC,2026-07-14,19,16,0.0006151319108441748,9,3.134880102393434,7.57638666204824,2.120032545832175,1.6209166114591025,6.498840527678454,0.003072847514494076,3.54742066832614e-08,0.5755394835628431,0.8042499874062612,0.15191811591405668,0.10257500599198499,5.335833146236199,kappa_f,1.932358488501522e-05
HINDZINC,2026-07-16,19,15,0.0016013274846589382,13,4.516166005208209,4.305821941464547,1.2631040837197496,6.959858412543371,1.2973025800019213,0.7602911161903503,5.380463971150572,1.406591748021004,4.119053742937833,1.9252593303066112,1.0604428496852536,7.737634983713433,kappa_s,4.0703227050562386e-05
HINDZINC,2026-07-17,19,15,0.0006886644873673688,6,6.504302042800478,11.46109040983432,2.6578005079038824,11.045474341474028,4.621562643501996,1.7173267762420503,2.2405115544924694,3.1090004201642216,9.209235722955238,2.133716542413132,2.276137638010693,8.197935229821823,,6.228785705573742e-05
HINDZINC,2026-07-20,20,16,0.0020864269384714223,10,5.177966848982039,0.8241573013125301,2.3394376481771895,7.138954081258989,1.6410064932085375,0.9641117169894584,8.049304049889397,2.333069661292779,5.586102903508548,2.11283963402191,1.17033674721312,8.799058986006244,kappa_s;kappa_f,0.00011718027493852262
HINDZINC,2026-07-21,20,16,0.0007677951158477901,11,4.496314341867859,6.847532842198895,1.2579270023812532,1.2182400596546152,2.3504945544264104,1.897829010997267,10.712870886380834,1.0060296819175787,2.096966328795117,2.4356443099437,2.6719755231038693,6.448934325393702,kappa_s;kappa_f,3.367057061210224e-05
HINDZINC,2026-07-23,19,16,0.002616479733388976,12,3.9313410622661307,2.7709107897067042e-06,0.26998406292980426,2.99650225942089,3.5275976065127987,0.1946124994829484,3.735872169560877,0.6949397618048306,1.7915925641197012,0.6119651715288015,1.6662169434752214,5.955101401751025,kappa_s,0.000259761202141353
HINDZINC,2026-07-24,19,15,0.0018865885554718042,6,5.903977237583268,8.061886274249336,6.086664085479651,3.901469092345291,1.9105093786739404,0.16281312991168737,14.591731726805659,0.8711532166963325,2.472225827326278,3.350062029190502,0.12816434926586684,8.291470331428751,kappa_f,0.00018055116994459197
HINDZINC,2026-07-27,17,15,0.0010451578969213398,15,5.473876047561953,7.997657572574153,3.9521745880408212,1.958123726007122,4.018841015077505,1.124186071595332,6.162765585356786,0.5346054689313386,2.588256399574763,1.6869847099042428,1.6485394988081827,9.79508968724379,kappa_s,0.00010139079305907786
HINDZINC,2026-07-30,17,15,0.0006393010288644098,5,4.145185214208388,2.4645039076176545e-07,1.4358333660507312,2.3487381744677016,3.076476677502111,0.859939825118309,12.128179433878593,0.8928725610640873,2.4029350189544805,3.46388478389696,1.4253080764917598,5.0415800937391415,kappa_f,6.219873481677282e-05
HINDZINC,2026-07-31,14,15,0.001122242844879065,4,0.019073050373191028,0.0021562821415392897,5.97494789200681e-06,0.05663825054300098,0.0018300557144028673,0.0004949219292350996,6.490807891168515e-11,0.0014172810620121656,0.020865572913471908,0.0013205170396974886,0.0014461081780852147,0.03802969106807793,theta_s;kappa_f,3.6726176477870024e-06
HINDZINC,2026-08-03,16,14,0.0019134330259107228,12,4.603624933790348,4.9391949583453005,1.7224969695256915,0.6076185414291532,2.65633081730725,1.2756464178776348,4.072979199657755,1.0865062535787122,4.6679979512722,1.956102946076662,2.288301710886284,8.152772470884054,kappa_s;kappa_f,0.00010927828082008461
HINDZINC,2026-08-04,18,16,0.0010633819200092343,11,3.819938266373437,8.415275942752487e-08,1.0305893822193188,4.3810117275831155,3.319179259315806,0.8632947470475962,4.724348394554349,1.2987144402953394,3.395642068499409,2.401055977932614,1.2516751948274545,7.3883821524177264,kappa_s,9.621498058338647e-05
HINDZINC,2026-08-05,18,16,0.0012197637989504696,9,4.490268400250378,7.052283059012801,0.5847848158226696,5.174269326542115,2.5636969142650985,0.8838475000346138,3.3033136815289117,0.9924873223756938,3.113786057824975,1.860054291842661,1.3527062589200853,7.615889557294749,,5.858657216020226e-05
HINDZINC,2026-08-06,18,16,0.0011347163666505496,6,1.937763539046194,5.657882379350534,1.5257817077019276,1.3301151485742047,0.650242509926136,0.6031265966969556,1.704588189710421e-06,0.0286099417322081,0.09876900793054677,0.9537340898417996,0.5160836331098446,6.1856429769235595,kappa_s;kappa_f,9.160859675467646e-05
HINDZINC,2026-08-07,20,16,0.0007633123253987511,2,1.8702987970837273,5.605059024231169,0.5298177983002663,0.9566387691014775,0.6955121421189765,0.4335339270871564,1.3361437289916012e-06,0.2329866683989077,0.6291128049674075,0.9302693706089615,0.6168216824806616,1.8702987970837273,kappa_f,1.833728601398788e-05
HINDZINC,2026-08-10,20,16,0.00296807613909146,14,4.74787218916707,0.3495973014237972,1.9228119501275929,4.789221223378958,1.8778775947032635,1.0145215575441988,8.248544709270076,1.0095796527314485,2.9111428690948076,2.6674714810488003,1.4582080645507784,7.396123309181048,kappa_f,0.0002825691206120129
HINDZINC,2026-08-11,18,14,0.0011836271355431369,11,4.232328595709504,6.5146638510236965,0.7492251181847855,3.7009627195596764,3.153607784154823,1.088534301237706,2.5820051483549378e-06,1.5524066574307818,7.411835815527757,0.807700844556824,1.432557059014361,6.125386385647839,kappa_f,9.033904192219254e-05
HINDZINC,2026-08-12,20,16,0.0017199258101164745,10,4.211893616642157,8.80936542705118,0.010815832278194718,0.528674985280039,4.090756887587424,0.27411940933515344,1.9192349788498166,0.07025156959224543,1.535146661308085,2.1947658510423373,0.2536608937455038,6.487858679145994,kappa_s;kappa_f,6.431063658264677e-05
HINDZINC,2026-08-13,19,14,0.0021726567649045193,13,4.7254122309211555,3.0291436128865072,0.5882642298191145,3.697183009425835,2.248556653058782,1.1188230110386375,8.154631162853104,0.46149134837681083,2.1594143637275445,2.592104985211699,1.5378273131779165,7.213934811404685,kappa_f,0.000183535374907983
HINDZINC,2026-08-14,20,16,0.002498534942238923,12,4.691872831331656,0.5544959927190298,1.1201354808215243,4.957493109163683,2.753319491111723,0.6887143620565346,5.650596369101162,0.9937090137379649,4.073645855216219,1.7773285034320718,0.953164793358373,7.384940363235164,kappa_s;kappa_f,8.645122769148673e-05
HINDZINC,2026-08-17,20,16,0.001675429556117335,12,4.811034216876257,11.840642236016143,0.125201830372701,2.4605478158706227,2.0826655273855597,0.3295572431801842,1.3564586168259871,0.11555562584364439,0.6002216289332767,0.974954416045849,0.7767544961792415,6.693548189956455,kappa_s;kappa_f,0.00010546990161294204
HINDZINC,2026-08-18,19,16,0.0011019483482169969,13,4.267414438354978,5.24052098480872,1.61837754943421,1.0880297009444737,2.8336989315149537,0.36389085362277585,9.55286964357018,0.8368873400052562,3.4115558444318097,1.006821524137718,0.39652951747217635,6.664989764138044,kappa_f,1.9020992733555534e-05
HINDZINC,2026-08-19,20,15,0.0017403765705165072,12,5.217756817808015,7.787443564157703,0.9517861182573142,3.0044441338609325,1.320581158707425,0.7464864860263289,4.98557942593187,0.6115721705388201,2.979835301797356,2.1848161347884894,0.959749060845629,9.172713572927988,kappa_f,7.090246173669106e-05
HINDZINC,2026-08-20,19,15,0.00131685594645675,14,3.8399382978202716,5.976242476397138,0.34276709243309256,0.46706556475185823,0.6126063939332038,1.4994398182681177,4.304613828957648,0.20871666009687878,0.2102278162300053,1.882981568437685,1.8751645364095666,8.806620709864802,kappa_f,7.92061395671151e-05
HINDZINC,2026-08-21,20,16,0.0003666592187768838,6,2.7354580272527333,3.077810296270325,1.931236730278505,4.3007871981009,5.2282657110594215,0.05458775219834118,1.7781108745396068e-06,0.7745549981972153,1.9138738531326842,1.4233223803107142,0.17496331377329266,4.080060484867359,kappa_s;kappa_f,2.687128190893319e-05
HINDZINC,2026-08-24,19,15,0.0013470272031497563,9,5.276866574554284,7.4643685762978125,0.5524582565498568,1.9014500309131774,2.1291738683915287,1.525160228555589,10.132601334126699,2.2468283037728085,1.1757235898163219,1.5683878726715292,2.8375326917918744,9.711086191754458,,0.00011072717861510765
HINDZINC,2026-08-26,15,13,0.0007567347334506582,1,0.0,,,,,,,,,,,0.0,kappa_f,0.0
HINDZINC,2026-08-27,18,16,0.0014269934129337125,5,0.7558506224475711,0.03799051647872065,2.534782272078928e-06,0.13285483230982464,0.04319821264054258,0.0020047127007975563,2.3419323627625133,0.009004950597906514,0.4195583590335108,0.05676861465249505,0.17198537099285827,7.9533212224200085,theta_s;kappa_f,5.631409720433986e-05
HINDZINC,2026-08-28,17,15,0.000467865752703538,6,5.858886303620174,7.490031691035256,1.4070823168016569,8.106012812825943,4.906227943295937,0.37277073661361193,7.104476693637881,3.7326154664353246,1.316457576778351,2.2060992230750536,0.527008966331852,7.850159540113753,kappa_s,4.671849789635691e-05
HINDZINC,2026-08-31,19,14,0.0017556632046424575,5,8.361292592417037,2.913390120921398,15.73865107924194,6.996603045687512,4.414738180204569,0.0008617603599643845,12.495858778303921,3.562599955428123,2.7728742491570975,4.989143401244081,1.1362449088313291,9.836639097546872,theta_s;kappa_f,0.0001609016207860187
HINDZINC,2026-09-01,18,16,0.003136732399832215,13,6.374297981978252,8.594452790776307,4.534564226768013,3.6114747414972057,3.506530811504088,0.15229391455343186,12.440508735879726,2.525023386567269,3.84103281424725,2.4925298385723815,0.6793112876865182,9.695347675419953,kappa_s;kappa_f,0.0003098788521502609
HINDZINC,2026-09-02,15,16,0.0008699666835999226,5,3.1294623126667016,8.978853104263177,7.044023073365219,1.2414331667811016,0.12194425714237411,0.15106968405244953,2.6370343952919484e-07,0.1257366743515228,0.6447300925381905,0.19765071500011366,0.2908273313577838,5.807522553869293,kappa_f,1.510367671482321e-05
HINDZINC,2026-09-03,17,16,0.0010105767270115773,10,5.148021723442394,5.8664289105106775,3.941889101154058,9.00355156088356,2.8874559768097585,0.8919553203810369,3.961170503485698,3.8522198815831326,2.289153462350953,2.6096759855918066,1.1434345575383678,8.883789496356075,,5.01382321733794e-05
HINDZINC,2026-09-04,17,16,0.0007491770658434587,5,5.1174060691737875,2.082605929487613e-06,2.8436534781277123,5.387246624341726,3.965937966710248,0.9913260295851611,12.054479250377863,2.5328787960572683,0.5550829671643926,4.726197371824114,1.702691757872214,5.77346876926033,kappa_f,2.9192204089948e-05
HINDZINC,2026-09-07,18,15,0.0011278515544548165,11,5.916826719381473,8.547251756616696,1.7735013905850627,2.537450018100211,2.3334233026879185,0.8210989026208071,7.882605219118884,2.6641377769265544,5.771697895614442,2.6063994736466976,1.0499665752277036,8.734736766707146,,0.00010617590368187696
HINDZINC,2026-09-08,17,16,0.0018341802934098437,15,6.7214099608854365,14.01431219150693,2.7560768090885603,5.152912932462636,3.315204570616592,1.101581949458173,8.121967522000634,3.51710666990814,4.530990270610441,1.9379955890266118,1.3279966698263677,10.072871690387313,,9.751544994807994e-05
HINDZINC,2026-09-09,17,13,0.0014906597328301645,9,4.0954006556466105,4.7632320026025354e-06,1.3945088191680985,4.2224010389084405,1.775320653881079,0.7983608141235723,4.114286907149299,1.647901479154397,5.405165548970274,2.459329829209657,1.0407338000785704,7.4521943726765025,kappa_s,0.00010812006065154278
HINDZINC,2026-09-10,18,16,0.001593685199734142,14,5.017087235253188,4.7248315940606744e-05,3.4704750039233794,6.43407133043411,1.8055267424208972,0.813411879505796,7.553582623146642,2.2971422792020517,4.882435705787782,2.2462037287465777,1.0448926008855635,9.924531014382428,kappa_s;kappa_f,8.189006020796691e-05
HINDZINC,2026-09-11,19,15,0.0014379214040228362,11,4.557837615891356,3.912897142299698e-06,1.01803456941371,3.1239054711442105,1.4284596867896207,1.1961360381925175,12.419123410982355,0.5939431239021337,2.1217895722313544,2.907794306504627,1.496914554417751,6.598995672776289,kappa_f,6.767371515391208e-05
HINDZINC,2026-09-15,18,15,0.00218002951155085,14,4.595383044775515,7.061843517774946e-05,1.91452870626205,6.184959149014643,1.0059956207144904,0.9193143755907395,4.903867688351797,0.639500892396392,4.678723750912472,1.8466902254844968,1.3813073743512612,6.97886833101866,kappa_s;kappa_f,6.897648389130864e-05
HINDZINC,2026-09-16,18,15,0.001034208172173927,9,3.8115167023496,1.7332152548732438e-06,1.4860228681504528,5.194933073562917,2.1808842061932183,1.1329535120936742,5.209345955924113,1.4557684621082172,5.515346843089398,2.523406888697563,1.5231135882024998,6.787355461269667,kappa_s;kappa_f,9.215846710381305e-05
HINDZINC,2026-09-17,19,15,0.0011811127240622021,8,4.908535472291898,4.400489798007053,2.010604317415033,9.149572977039004,3.4789471614696743,0.9215728947295403,7.546114998170779,1.8158908404142862,5.336542698661896,2.747171209464965,1.1836114002548628,8.28865477157902,kappa_f,7.983178027785951e-05
HINDZINC,2026-09-18,20,14,0.0025130263645916986,13,4.736978548093791,2.6350418192488405,1.9833040776830433,3.4975135972326106,2.700329076961111,0.5692593542953034,3.6577756405177526,1.191180602284212,4.6819001303405265,2.3366103315363564,0.7755213696557002,7.242420585218598,kappa_s;kappa_f,0.0002460976289472426
HINDZINC,2026-09-21,20,15,0.0008421731127457401,6,4.626429150769171,7.922141943587277,1.972741011018376,4.717508356627962,3.573609117836523,0.7348346601550382,6.676209363121188e-06,1.238740907525882,2.455738844455343,2.4911132556741915,0.9179659792565056,7.863157978826951,kappa_f,7.728269330190636e-05
HINDZINC,2026-09-22,20,15,0.0007685540681360902,9,6.530890282927329,8.368399668468724,4.402247450381085,5.590582847651154,2.435467917379449,0.3350091285049275,4.05887374664756,2.1189019423505733,1.5179216574677126,3.347988481844504,0.39327061110122796,9.128344532794411,kappa_f,5.774128994293158e-05
HINDZINC,2026-09-23,20,15,0.0017249110386019675,13,6.536883989593067,5.320271220465835,7.487155199757005,1.142277065125962,2.6807235114922925,1.086099074608833,2.879373513422535,3.9201534568789778,0.5410323258757764,1.9730811000071098,0.9749191468913767,9.037317001121616,kappa_f,0.0001315054822848211
HINDZINC,2026-09-24,20,16,0.0024815883256180684,11,6.402506325672615,7.415524317622157e-05,5.9495211527031735,9.201337320025829,0.9797104435916788,1.198192953595417,8.588696649235551,3.8772579488321277,4.420818888622577,2.160990713761044,1.3884695430943623,10.889659117091131,,6.926851306688145e-05
HINDZINC,2026-09-25,19,15,0.0006465423574182666,6,5.051804442626522,6.894111812801798,1.7235832283659667,6.22073513613136,4.42115894867691,0.8390526449117407,10.220112855850159,2.339589982097535,4.107100814971476,2.6393047303759585,1.0595875833975887,7.920687180252457,theta_s;kappa_f,4.287018574040903e-05
BHEL,2026-07-01,12,16,0.0012357041006554898,14,6.289352412747651,2.2504147019203042,6.61333418879495,4.407524935149207,2.531882981751393,1.8611528200963887,12.073634892544423,2.7372729334811665,2.3084882353177862,2.7746479873508707,3.480078566924785,9.710408172334377,theta_s;kappa_f,0.00010137232898185322
BHEL,2026-07-08,18,15,0.004263253183582477,11,4.8378737030492145,2.004764724006236e-06,1.1029371993029509,4.195780664955605,1.375619092885718,2.431307172828202,7.009560340741723,1.323703690854057,4.994725915371872,3.5102635875740997,4.2572978119079234,7.8065978612504034,kappa_s;kappa_f,0.00017015119223510403
BHEL,2026-07-15,19,14,0.0028418375721315065,8,4.418858599068377,6.9204231355293135,3.5798806133703107,6.674477483286373,2.121418393729577,0.010596264297436653,2.15961774507889e-06,1.0753472434498836,2.405715215515548,0.5818205482480523,0.20263037917972326,7.143721631096406,kappa_f,0.00027270169826393124
BHEL,2026-07-22,20,15,0.0008425357079138583,4,1.9905972882222343,2.3815680088843347,2.0856580382467333,3.8626596669480717,0.2659335526073653,0.09793394183373376,8.72266985751935e-07,0.4261555282181837,0.29162828334800395,0.36424830215042325,0.13743166218838598,2.83514994498475,kappa_f,5.892542190102381e-05
BHEL,2026-07-29,17,14,0.0007004689618115358,7,4.502253904832211,10.719523311267105,0.05943214053941537,0.33646016031753706,4.250681362984963,0.832499210552561,0.34220564612175863,1.076698990049302,2.11195498378744,1.2280217393506372,1.1606160360936812,7.238980767279371,kappa_f,6.085494883942386e-05
BHEL,2026-07-02,14,15,0.0007790341568147327,2,0.9467989140656867,0.5698213176636591,5.65010821240719e-06,2.890074259433826,0.039968234265522096,0.15862473344903677,3.1372238140647823e-10,0.08366818793470954,0.4147039184482062,0.057679085036826505,0.2792676660668869,0.9467989140656867,theta_s;kappa_f,4.110708399149071e-05
BHEL,2026-07-03,20,16,0.0027461074869868877,13,6.980728216231391,4.666215210565369,6.236799267884522,2.684799073502333,1.7126353817609998,2.0054464973253037,15.939867678480814,2.701155638166104,3.565296925002497,1.6769120246045048,2.8183286679853206,8.45299207454192,,0.00023058225003377755
BHEL,2026-07-06,17,14,0.0020452532974731354,10,4.939489258015128,4.236756272700049,2.678212406166503,4.56708398867079,2.5453175117057447,1.1139756918019037,6.997710864612287,1.8151418716287813,5.957600605271708,3.988196708969636,1.7899671794644876,9.319115257038336,kappa_s;kappa_f,0.00016287009960568814
BHEL,2026-07-07,19,16,0.0022270669125413534,13,5.9788766140152845,6.628048836269468,3.5233423660947003,4.803052090466544,1.0829324959115283,0.0015458201770610473,3.038247207598488e-05,3.3082515316910994,9.943166659550727,2.2751303109088834,1.0426496933124536,9.537466897129427,kappa_s;kappa_f,0.00017229307909572347
BHEL,2026-07-09,18,16,0.002841527456770655,12,5.388474472813865,4.8381729740226564,3.821653657564381,10.461463928753194,2.2896295350846163,1.435638220532105,2.917992117346823,4.4775834987060446,3.191745158819143,1.8099550944279874,1.793693445871901,9.324302676834915,kappa_s;kappa_f,4.664994750051962e-05
BHEL,2026-07-10,18,16,0.002430512068098591,11,5.711521935298606,10.010613398708314,2.1159722176709317,9.085809948673132,2.6824309661881593,1.9462249204218287,6.71474202924521,2.654440540130432,6.303728969721247,2.770841089394229,2.442549470680223,8.650753911963037,kappa_s,0.0002166922572941531
BHEL,2026-07-13,20,16,0.0012078860291607116,10,5.0912922481290455,7.711682633094709,2.2436140728308476,9.960992250581082,3.277337819582574,1.419320812082421,0.7118223842773137,2.4948104611494646,3.7938103977888105,1.9570879710129008,1.8297192008325105,8.621992949405698,kappa_s,0.00010860588815744701
BHEL,2026-07-14,19,15,0.0019969501095840844,9,4.425602639324506,2.0368376364962657,0.49293127774308554,3.0969234336513116,3.2763450224005544,2.007179928828359,1.699564210255744e-06,1.9504227085612889,6.80383475310799,2.897402118148488,2.9601084752655282,7.317022932394617,kappa_s;kappa_f,0.00019203575636847275
BHEL,2026-07-16,20,16,0.0026536056227254605,14,5.93203877023072,7.030611552832358,1.2926826523786297,4.268110918716756,3.035805792143553,1.9340940093156718,7.800753233474058,1.6238568655756227,6.17986861389018,2.4665465349739377,3.1002443815545213,9.205735801376875,kappa_s;kappa_f,0.00015177933234747452
BHEL,2026-07-17,20,15,0.01057247319663623,14,6.394354322754172,3.807077135278286,4.014474869643879,7.660317156131681,2.5437747824693018,0.5940907973249006,1.1321895602378618e-05,2.1034640705811953,4.913919270974138,1.2208033694957725,0.8757444203924987,9.784402731395096,kappa_s;kappa_f,0.0006471711439652323
BHEL,2026-07-20,20,16,0.0024896392258307062,8,5.674703114016012,6.819501433345765,8.913760407431216,4.98588514547572,1.5234257183116577,0.06699151443180568,10.534003645637561,0.8184690714258329,3.738889256872435,1.2940943537864606,0.20822456312261584,9.844097050811477,theta_s;kappa_f,0.00020578360421326944
BHEL,2026-07-21,19,16,0.001225193878005519,10,6.4403538877897395,10.310511952269064,3.1969275070780743,8.840965262613853,2.1004935336868105,1.0711543520175972,12.043480150401145,2.1529719092722157,5.305655481436463,1.2922338139751166,1.3075964656034647,8.712517972648218,kappa_s;kappa_f,6.973865561255618e-05
BHEL,2026-07-23,20,16,0.0016795219637413445,10,5.4222023065340546,2.1042387998452012,5.535567135509556,1.7901299289775263,3.9089128589702344,0.8473806960024355,8.41713983280193,4.589261237683807,2.358261908684689,2.7554077463172604,1.4122359979662285,8.877077641130262,theta_s;kappa_f,0.00016750525657014412
BHEL,2026-07-24,20,15,0.0013225500381461163,9,5.2681745713116825,4.684292095297959,5.5684328160853935,8.277894934743843,2.718571226286767,0.02000334720191673,8.03024509110628e-08,3.1189583777906233,5.985098655942497,2.33944241197958,0.059154205082132705,9.298304790045245,kappa_f,1.5232914414286484e-05
BHEL,2026-07-27,20,15,0.0017035959744840063,10,5.3886761088476876,4.886616764775354,3.501438615082993,7.000266933143812,2.525128480303396,0.7359771118670675,6.622394155262164,2.5692628527635715,2.1511242704513407,2.503730844131037,1.2007617473571437,10.167769718580807,,7.025514668674952e-05
BHEL,2026-07-30,18,14,0.00080998479672772,8,4.559244465451787,1.1023774746377057e-06,1.9565641430048224,6.885980125478319,3.194412223159704,1.565628371646807,5.695363861132666,1.8846165963197925,4.721122199581074,2.554544851574013,2.208305599547659,6.3544927491040175,kappa_s;kappa_f,5.3268278066188435e-05
BHEL,2026-07-31,17,15,0.0015925059772110045,11,5.524105434595728,7.385614705317323,7.674259023330189,3.8828762172085383,2.4752487483926715,0.5802722915628041,5.910213936033415e-07,1.6055765893735452,2.4453836574746544,1.6513154861574886,1.5825174353681473,9.73329322325159,theta_s;kappa_f,0.00013296273398973437
BHEL,2026-08-03,18,16,0.0025536606721146605,11,5.629334984549463,7.035388663248538,8.488832417352246,6.596971993235391,2.5427313484072576,0.17431265478512603,2.490513036690345e-06,1.2590936862371787,1.6822925550179262,2.1093239358404143,0.9687359606072281,8.21632444694929,theta_s;kappa_f,0.00024723563731056126
BHEL,2026-08-04,16,15,0.002695072801075465,13,4.759375419110524,4.060417182927267e-06,1.8830203324114734,4.662287164013675,2.903451385458041,1.7121175851927877,11.988048761654728,1.021147348825267,2.9324888007551024,3.016197235911012,2.7103350292778097,6.659445724607352,kappa_f,0.00023527182840412048
BHEL,2026-08-05,18,16,0.0013567445162239408,13,4.910212165889043,0.3911883353376844,2.259346660555572,6.712326252892456,2.5648834455436855,1.882523035735563,4.0082107240976965,1.7663919170304834,2.8044782355229163,3.2796854065324594,2.51242448897327,8.218469272111184,kappa_f,0.00012448094047445737
BHEL,2026-08-06,18,16,0.0017498985194485783,10,6.1359543607363864,8.160863445049232,4.026525989768,2.507219816353331,2.376000949727814,2.3273311626769537,9.666192633937925,1.980087685928042,3.3098791706015387,2.7494167512685554,3.3190855751308606,8.126555593747542,theta_s;kappa_f,0.0001423076432221016
BHEL,2026-08-07,19,14,0.0072925178680081915,13,6.655600890483935,3.888981092373826,8.402403258700533,6.33440944034091,1.212656614509811,2.4174689135181486,11.053438422627849,3.5767144010653866,3.1372185834720647,3.267530066024595,3.5707598411652888,9.739923685231258,theta_s;kappa_f,0.00039787121800229173
BHEL,2026-08-10,18,15,0.0016269362081164414,15,4.684859497552365,1.3649336556143687,2.202896433493694,5.287667330793503,2.162302947187314,1.2996884098274117,3.3594738222355054,1.6472846525539833,3.7080133916814084,3.0446582710392134,1.8325817411149639,8.3700614309682,kappa_f,0.00011135473033643795
BHEL,2026-08-11,19,15,0.001659756798638925,9,4.125259310046214,1.7953013120575179e-07,1.3622629152083254,4.5400810063134065,1.968437650770634,1.2837181589818707,5.809062594114588,1.4846506942051556,5.67150717269409,2.3532949031258736,1.5470743163207632,7.377141369541839,kappa_s;kappa_f,0.00010321078564190251
BHEL,2026-08-12,19,16,0.0035138941699965802,14,6.821551499853544,13.997371319875596,2.236223499947822,3.7071810594504324,2.8099845697814088,1.7270654757883817,7.492137497570152,1.5386971350537797,1.1279464488691404,2.6426726841134167,2.302752233890314,10.61332446226406,kappa_s,0.0001562681562644378
BHEL,2026-08-13,19,12,0.0028972395977437627,7,6.057915089025523,3.0856866062628114,2.5758847235264835,10.51205454568849,2.366322356795963,1.9404348431153722,7.927690763460552,2.847149571955,8.563566602362833,3.613878174492359,2.8902519610465807,7.431151285777879,kappa_f,0.00016851585792071596
BHEL,2026-08-14,19,16,0.0017006699737347347,12,4.65947344069623,6.223490777291731,0.4503120428371977,0.9493287985977985,2.853202774676176,2.298038155866658,2.117493160726624,0.9874487928052994,2.1276549775283877,2.728397617490013,2.947995040795327,5.955372560309979,kappa_f,5.551096136752979e-05
BHEL,2026-08-17,20,15,0.0012480660508900844,14,4.485574093100805,6.071566745456131,2.9395100655596336,2.2412323463820867,3.3327060557158252,1.163224464223181,0.00921356083435576,0.957652771190707,4.193268470224049,2.628051050706501,1.594635147377867,7.829636608150221,kappa_f,2.8712758960649934e-05
BHEL,2026-08-18,20,16,0.0027521805092546197,14,5.163685303304486,1.2678280277912517,2.7790025254188606,6.404320529554529,2.189902065291607,0.76268155164669,0.7573823442314378,1.5476670401118622,4.412092573671747,2.412900025203582,1.2713784722699506,10.181544677151585,kappa_s;kappa_f,0.00022767483434806566
BHEL,2026-08-19,20,16,0.0008108155917267415,11,3.844615961724566,1.3063506756338938e-06,1.5942371188105415,3.138416745233889,3.1619452897427553,1.106403572141307,8.876642949867648,0.8733983747770611,4.147662326160876,4.010097219382579,1.450199297554562,5.690597817892454,kappa_f,5.8167452349468566e-05
BHEL,2026-08-20,19,16,0.002333445678960248,10,4.930907847820602,8.240367783329816e-05,1.618768461426276,5.152690962811989,1.9101307515314836,1.5321017554184935,11.712413864719263,0.9472167021376089,4.103993604488261,3.0488789883364404,2.061919943221132,9.028429141785704,kappa_s;kappa_f,0.00011530014170416276
BHEL,2026-08-21,20,16,0.000962486103611035,7,2.2697281847240793,3.1302797617531404,2.031879767901852,2.6814800677954196,1.4613855990451061,0.11405957823276375,9.531516656835493e-06,1.1271843191954538,2.049075264661674,1.0254935028662207,0.13531922151497922,5.438587601108977,kappa_s;kappa_f,1.0654587884495123e-05
BHEL,2026-08-24,20,16,0.001415198824334355,12,5.29472397980529,2.4025560276911495,2.7741160417718853,5.0928601540530085,2.243737585832127,0.2899890618334839,12.236694911074135,3.504486532128527,3.9533852716929436,2.335492288825705,0.36407221225233344,9.130909688073684,theta_f,0.0001204450237368036
BHEL,2026-08-26,14,15,0.001738628579689064,8,6.326286617944476,10.59448720763684,3.2202650672957778,0.8784546232702152,3.327045580537081,0.9739580676623509,12.403521914721342,9.470339274102773,3.0110397954194097,2.458011641661841,1.4198660320786163,9.126234299011477,kappa_f,0.0001702825303597532
BHEL,2026-08-27,16,16,0.0020087084413123787,12,4.766834740403535,0.5338066205959233,1.0791628808721332,3.875681486525304,4.734196948937191,1.5592276880080287,10.582050884735153,1.3078621684686513,5.141924668149676,1.9024012907098609,2.212925932903378,8.542162227998308,kappa_s;kappa_f,0.00010520859964841542
BHEL,2026-08-28,17,15,0.0031179199040253535,13,5.101076631894628,2.415423880464118e-06,1.523832955692106,8.243018830464429,2.7553861187309847,0.8410825374468348,6.912490973255547,1.2568933016375183,4.569104576897528,2.7167509298180326,1.075875843024686,8.645108119985215,kappa_s,0.00023614780769265183
BHEL,2026-08-31,15,13,0.004790372457204628,8,4.59595118181435,9.561296653792795e-05,0.6750567947604258,3.4968238022600167,3.469105675044403,1.7285645234197444,11.439973863093352,0.8842136475481328,5.126582748496381,2.7135437128973123,3.116693148577612,5.690871551770081,kappa_s;kappa_f,0.00037064138701261955
BHEL,2026-09-01,15,16,0.0009282176657231575,1,0.0,,,,,,,,,,,0.0,,0.0
BHEL,2026-09-02,15,16,0.0012772004445710979,13,5.949791755459101,9.217319322303398,3.2820236124686657,5.471511058008073,2.457593617596862,0.8673783861042731,11.588616984168278,1.7817551397166138,4.942652818296697,2.571417011516046,1.3207759447258265,9.936734028530651,kappa_f,5.36806376854747e-05
BHEL,2026-09-03,14,15,0.0006525969032871362,5,6.6642071078044065,12.887642812193125,6.3726747710169125,2.2242823091358006,3.704931209229235,0.7338709207971338,12.472742066938011,2.5220414817531687,0.2827594412643317,4.602181949176305,1.1270947888900946,8.221723395111527,theta_s;kappa_f,5.8335641248447316e-05
BHEL,2026-09-04,17,16,0.0019219463598303043,10,5.3029709218321095,5.668744222475652e-06,2.770555025803459,2.8647096751494776,2.4243019406488653,0.34061424609120877,7.758289780106109,2.482770274440571,4.091648061219537,2.3160228628360002,0.6447599488136877,10.117545539630362,kappa_s;kappa_f,0.00011139604098685772
BHEL,2026-09-07,16,16,0.0012381161983795058,13,5.705171794407887,5.600047534702094,3.8785001672804684,0.7786934413742608,3.165194608436506,0.11932034602365493,14.105433232464193,1.740302718115994,5.700991959857321,2.287832140685407,0.7978436398658166,9.15743173110894,kappa_f,4.754051904177657e-05
BHEL,2026-09-08,15,13,0.000741199789400585,9,5.175101564670578,10.638490853751687,0.02552024342619416,0.18763481309214342,2.8495961568323036,0.0006934323924677873,5.832022053905803,0.08074812211696814,2.2005243328900743,0.0051286187278317685,0.07638569034969467,7.446840891174856,kappa_s,1.561988474399695e-05
BHEL,2026-09-09,18,16,0.005451489227267581,8,4.144516037544175,3.0320612880844653,1.37004173339805,7.843080451169259,2.343936401450129,1.2031779954309503,1.957117977191558e-05,0.8065159948615208,5.16025754617292,4.904391528803691,1.2703379702301105,5.539547274892262,kappa_f,0.0004256508576246003
BHEL,2026-09-10,17,16,0.0020653262925451653,13,5.066466087568971,7.362597605004661,1.273629651722068,2.564288423247704,1.556407482091729,0.29270695814413317,12.472114877590347,1.5602445797020834,5.919345844673417,0.8354194140914031,0.42772416411655456,8.94743963913292,kappa_s;kappa_f,0.00010213352552566456
BHEL,2026-09-11,19,16,0.003057637704566405,10,4.877071686082107,5.377660077611303,1.1461034315972243,2.1651624972571804,1.2771843778086722,0.2537198622891865,11.614724048646536,0.7401060812944567,2.925462161377188,3.5880100523839573,0.8474101752540508,6.7653941203987324,kappa_f,0.00023814958273268069
BHEL,2026-09-15,19,14,0.002962772521763101,11,4.409789404186308,8.179104537407252,0.8837930560930997,0.6194562585800875,3.267839961284003,0.6608081431695801,5.402115536014765,0.6675479059393795,2.3299038814123714,2.074546384699654,1.176337040356497,6.63096015726528,kappa_s;kappa_f,0.0001721839505643575
BHEL,2026-09-16,18,14,0.0010673798740226097,9,3.6926456011810727,5.695935647878704,0.2102372943610434,0.689735087084227,2.8234450616738433,0.025433461245008823,4.4219108730203516e-07,0.08467016698647334,0.18892487998958618,0.011893003451723283,0.030253678171926257,7.578774155013423,kappa_f,0.00010424844713786464
BHEL,2026-09-17,18,15,0.0005434124765149829,6,3.728322510425089,5.99588073434154,1.6970915332182255,8.565956920931754,0.8897957579425575,0.7426307511931814,0.8267790322692523,1.5453833690297318,3.230962320866089,1.992965002618941,0.917647529033855,6.155677085212141,kappa_s;kappa_f,1.0542739042595779e-05
BHEL,2026-09-18,19,16,0.0006848360739370462,10,4.838687541722792,3.6138935019773655,2.62155668670849,7.2177414346975395,2.184835104648511,0.8736815535092247,4.023084308762313,1.7988084052046966,4.166046378750698,3.1425544917123296,1.0896135651377064,8.447144612753714,,6.752186286703191e-05
BHEL,2026-09-21,20,16,0.0007793860660009085,8,5.007598346990077,6.53926633596027,2.2364604132875607,9.91395252582522,2.7718173664278116,0.9275494581923382,3.915709644530807e-06,1.828902579414084,6.18255552244109,3.0022526026733956,1.2049071494425068,8.12505564717339,kappa_s;kappa_f,6.883942905092956e-05
BHEL,2026-09-22,20,15,0.002990479421245519,13,4.568591884077314,4.681630271076651,1.9080021595225425,5.0039227439295075,4.769488928687586,0.17051703992482042,3.7570897283635047,1.339386198684983,4.167112689967702,1.1688747523854546,0.22313448595776242,7.736192145612536,kappa_f,5.873231143324392e-05
BHEL,2026-09-23,20,16,0.0026434917477418263,10,7.1500682811031036,10.661985531070943,2.927233718759261,5.878550127020501,2.585559555058297,0.7711111160826604,12.018056273125195,2.7846185096625984,5.57600453197065,3.7522905702904232,0.7681834531244744,9.394629205319951,kappa_f,0.00018889691992204048
BHEL,2026-09-24,20,13,0.0023052590573336214,10,6.7315674840173045,4.007955259192162,5.701387208833615,8.548549283635442,2.9970563469291083,0.4796496522442271,7.122923928386227,4.172597052404987,4.785651741421468,2.5138374996586537,0.42678758027343533,10.391273987273065,kappa_s;kappa_f,0.0001454810849941101
BHEL,2026-09-25,19,15,0.002213975985213688,12,4.9824862785050765,2.35000958935659,3.983305215845417,4.057600494320983,2.733240046710889,0.1439063282977477,0.001975478160940014,0.8927900227884404,3.2438669966231686,1.4731408878934475,0.8706835167701482,8.339092923941148,kappa_s;kappa_f,0.00013286793723586623
BAJFINANCE,2026-07-01,14,16,0.001303298589804256,12,5.432371858775156,9.189412299439377,1.9739658571077934,2.2371059324141,2.116151334093087,0.08473929208930064,4.200916764773858,2.642637104555353,3.592695434532512,3.0978304018080216,0.003844374992129181,8.534040424292403,kappa_f,0.00011164199384319632
BAJFINANCE,2026-07-08,18,16,0.000670053428946114,6,4.325992516986049,9.701711652649905,1.6920422060878364,6.472386496121602,4.2509935974982485,0.27911594713526056,1.040720018607999e-06,0.7556001930842036,2.119120701717118,1.1605492415910001,0.40988035841674453,7.040472819397593,kappa_s;kappa_f,4.9797154075812626e-05
BAJFINANCE,2026-07-15,18,16,0.002387496032102846,11,4.594493692543715,0.00011859644083145326,1.7573487142271345,5.0192508751071205,2.5027883429170443,1.368215374930864,9.063583857085266,1.053641464536333,3.6591378148678926,1.6953678432675223,1.9541242946054127,7.331529129631774,kappa_f,0.00020791166082358321
BAJFINANCE,2026-07-22,19,16,0.0007368810079346742,11,5.888357415831698,7.849199264119255,4.571851106294341,0.2926370055678885,2.6924405371628866,0.22138123799543385,10.056530651352098,1.8050619473158858,0.8681606475481849,2.5098252206805878,0.013100791144453427,9.848038234635451,kappa_s;kappa_f,6.520956490990129e-05
BAJFINANCE,2026-07-29,14,15,0.001126989653181369,10,4.369554231492303,7.050447422031697,2.990175314084115,2.783737860939901,1.7469048088418835,0.0003714291902702758,10.412235735042245,0.8175917153887857,0.5386823721082525,0.4933911959244548,0.9701731276369046,6.503158902945675,,1.2957488708575634e-05
BAJFINANCE,2026-07-02,14,15,0.0027316162664934355,9,6.583918892883722,7.953199495406421,6.249773932666528,8.980920755580968,3.169252097786253,0.34030918366384705,12.446478480961476,2.3880166225288746,4.487338248702899,1.8110970302880334,0.6451115705449242,8.428926650972405,theta_s;kappa_f,0.00024073859406126448
BAJFINANCE,2026-07-03,18,16,0.0004105423005504858,6,2.809712402210167,5.463470316158237e-07,0.8174981657355322,4.160409726508035,2.8376219300128636,0.6723931171392384,0.18577827026269578,0.9241627625179063,1.0649076421711277,0.8013625076921964,0.8652875958257695,5.657679396767942,kappa_s,1.0270987084375657e-05
BAJFINANCE,2026-07-06,19,15,0.0011667208376255772,10,4.071578170174077,5.435761828135755,0.916171934133562,3.889011456382661,2.7437389598995647,0.7666624798345325,4.061630735407333,0.936383856094679,2.6469543128923374,2.7858472421366463,0.8759482298723136,5.961737433391103,kappa_s,0.00010886394679670945
BAJFINANCE,2026-07-07,18,16,0.0009650310244016508,9,4.696016462401113,4.28517139706007,1.2005060055242813,5.0894876713619706,3.045281086847507,1.1789356177373107,4.402033230997967,1.1737675578461666,4.20620833762795,3.4913501083051726,1.7096155257193422,6.923427106523912,kappa_s,8.048609136388754e-05
BAJFINANCE,2026-07-09,18,13,0.0010134284386242138,9,4.92184834442212,1.434252993049836,1.5007872237806987,5.116292297656989,2.621308044887111,0.5006139466790878,6.198441396347945,1.5008378176118842,4.9393574020064035,2.4095219783209147,0.7585167079125295,6.869748408940846,kappa_s,7.630535074798668e-05
BAJFINANCE,2026-07-10,18,15,0.0006672157600820154,8,6.148528143274456,5.072491432974633,4.067326020443508,13.429025025217708,2.6378686407402645,1.1121804091160805,5.511543943517417,3.273146478415831,7.661270801520769,0.7511397069508863,1.1808241662477559,7.697329350464599,,1.8344868638745025e-05
BAJFINANCE,2026-07-13,19,13,0.0007619139056070035,6,6.006582459440727,13.695788912024579,2.7956513290024776,4.1817744425540955,1.7325585451938401,0.7678641842588717,4.967734905290106,4.1761324395882795,2.6449436861029296,2.7389393690515136,1.1201625688430752,8.780872890625416,theta_s,1.4622657450227556e-05
BAJFINANCE,2026-07-14,18,16,0.000728761387858021,7,3.674631481524057,2.0781729615986393,1.2136630060538987,2.5471778942584367,0.25266621832499325,0.05285900513857466,3.6518410553298963e-06,0.6068024088458175,2.219646005908512,0.8481560163355384,0.19490936392778524,5.896538519704149,kappa_s;kappa_f,7.087968593345547e-05
BAJFINANCE,2026-07-16,18,16,0.00040028348739888924,8,2.9355961687496226,2.310486024725833e-09,0.6808629738917319,2.209616749335424,5.04856004689598,0.8322412866320155,2.2647219053913936,0.6087969986933727,2.926809621228422,3.355539847969638,1.0996126716065855,5.832321291788731,kappa_s;kappa_f,4.000633292174137e-05
BAJFINANCE,2026-07-17,19,16,0.0009558168726791241,8,5.272775550531906,7.492931618022988,2.820892703011406,6.289419599296946,3.4013017543279953,0.2954009506477634,12.275750121530109,1.4244704928313372,4.278013775411159,1.770216171024234,0.3127217043179514,8.362914793178891,kappa_f,8.827675407884763e-05
BAJFINANCE,2026-07-20,19,14,0.0006139198534479471,11,3.414572371484583,1.3045371357378599e-05,2.555066220315315,1.4257097169374344,3.178997848427981,1.0735199388859842,5.706118378709492,1.2130778051427162,2.37304483164916,2.108467936184592,1.5006029652342376,5.558192139676295,kappa_f,3.4144329879665634e-05
BAJFINANCE,2026-07-21,20,15,0.0009662036546741615,9,3.0133164755854054,6.523162628560639,2.5354838402771973,5.671237015056417,0.1378088834749862,0.0005104903204484095,4.593420079856969e-07,0.4395087107465698,0.13450663880209435,0.11365524557674167,0.05591114069162728,10.28983949735428,kappa_f,7.913057501903397e-05
BAJFINANCE,2026-07-23,20,16,0.0016518718652073481,12,4.540512470460915,5.843968392041587,2.0219841303770467,4.134316549460131,3.2096843416500715,0.591714023425638,6.723194672573479,1.0305441943765312,5.785940906388006,3.016615051912228,0.6866133309393838,9.552163901724693,kappa_f,9.775021938016851e-05
BAJFINANCE,2026-07-24,20,15,0.0009565180917188956,12,4.323212710577918,1.894588661954799e-05,1.4401407824255257,5.749864970234579,1.2059553612204856,0.18090430501673183,1.1468347249632416e-06,1.458367102192969,3.839549889076636,1.735121801569948,0.14639535161674044,7.305944424232934,kappa_s;kappa_f,2.2299930701107583e-05
BAJFINANCE,2026-07-27,20,15,0.0024943639161046642,15,5.290343953160741,4.63934427872451,4.184486076806667,4.064436682873136,3.4753794051819185,0.25240697698800146,8.89928030640473,2.847942941520321,1.911470355503381,2.3823854186082265,0.7034396446283092,9.572818109518053,kappa_f,0.000132230233911504
BAJFINANCE,2026-07-30,17,16,0.0023276981505264437,14,4.447487958958292,1.8510519877497842,1.1613816845816607,5.386592009451263,2.0475984969690266,1.1586671319357074,5.17393299938027,0.3199958359219193,2.327079388371418,2.1294924399431925,2.0802054030574553,7.521285841643711,kappa_s;kappa_f,9.78787405526405e-05
BAJFINANCE,2026-07-31,19,16,0.0025799357841663037,16,4.561944497736314,9.057269650512715,1.8126361645236244,2.484438380229178,2.0885177790240865,0.8933769418435729,9.234457314168335,0.562064129430026,0.7107402582955669,3.0970792207630495,1.5357415148596023,6.83795554194277,kappa_f,6.275872243581863e-05
BAJFINANCE,2026-08-03,19,15,0.002306232949531185,12,2.604044128878244,0.0004833609068501943,0.559509084031405,2.4137356689643648,1.4447578277758701,0.5595818637451524,6.14716117658595,0.28497690578545176,1.5945161770162621,2.397069784375658,0.8006297290918074,6.563509616291627,kappa_s,6.572962546010606e-06
BAJFINANCE,2026-08-04,18,14,0.00046068813733570466,1,0.0,,,,,,,,,,,0.0,kappa_s;kappa_f,0.0
BAJFINANCE,2026-08-05,18,15,0.0006295057120260398,6,2.4596084778621523,6.8439407011713165,0.0035387950903312537,0.09081315339361788,6.345524947215429,0.00032565458606119446,0.32539888538384076,0.004014503921437207,0.08701610195261988,0.00039218122802398003,0.013033559481914647,4.773826593123489,kappa_f,3.3271798437965565e-07
BAJFINANCE,2026-08-06,18,14,0.0007843676790109578,3,4.112367598530175,13.004370609492685,3.502967517539685,0.8110603838764605,0.07831254262736431,0.002490136747071939,2.511674423999466e-08,0.3862900882131688,1.653654109156614,0.24573609370752003,0.10608128133688899,4.6989694256770065,kappa_s;kappa_f,3.547853247472764e-05
BAJFINANCE,2026-08-07,20,16,0.004170042462259727,12,4.309298544831513,7.40505890685519,0.016208880803461032,0.7070710491423606,2.525846979820577,0.36444189331846033,0.4244925306305385,0.15250064163494792,0.354666811192629,1.0592251341911467,0.47054731164489194,7.159700502106298,kappa_s;kappa_f,0.000383346473627374
BAJFINANCE,2026-08-10,19,14,0.0008042755133817866,9,3.1395066085560557,3.026897226571119,0.6319344782982567,4.431511179464517,0.8340611895273067,0.41837521328313454,2.1100690533798883,0.5057221860927985,1.8482687526494408,2.2201705071725897,0.4831407680697578,6.290470268557783,kappa_s;kappa_f,7.642203515610332e-05
BAJFINANCE,2026-08-11,19,16,0.000892667031382075,3,2.733683959607714,5.106780425550491,0.5325156421411229,4.958709989128576,6.608323618841637,0.46543938075808955,7.556399790331625e-06,0.6622348585903776,2.096382769210204,1.554309616797835,0.6456988330503535,3.2016300148438184,kappa_s;kappa_f,5.116012881506004e-05
BAJFINANCE,2026-08-12,20,13,0.00175263257955985,7,4.373078903878045,6.825422022771706,2.085856177409046,3.886916078186324,0.5733233586335791,0.558978763208001,5.255819364663434,0.4598180105166774,2.1387707798705815,1.5536700911030676,0.8735194860209554,7.2301390235396665,kappa_s;kappa_f,0.0001032671796040521
BAJFINANCE,2026-08-13,20,15,0.0011003350932263672,8,3.821040191005183,8.798206294473943,0.7389993203929788,4.295495563387275,2.0539308870626956,0.35852881028239636,1.4272034276669956,0.6578952883247469,2.610773298858126,1.5452983326078624,0.428145964521892,6.10544420498232,kappa_s;kappa_f,8.402089981555429e-05
BAJFINANCE,2026-08-14,20,16,0.0011043351446320823,10,3.5710368365338208,7.2361456924366685,0.6711316393968378,3.4034842626372788,2.502827169227203,0.3347269637904641,4.964527818174247e-06,0.4822054878156318,1.2994232221147728,1.1639923182884666,0.4326331181984888,7.115086333555513,kappa_f,0.00010383240427302878
BAJFINANCE,2026-08-17,20,15,0.0009280673783081246,9,4.328637563118626,5.3574381216046305,0.947254427068429,3.209746748156599,2.298265856339998,0.8981748844165658,7.621082515996606,0.3650784941159539,2.2577242402711417,2.329539843188573,1.1778800387791306,7.573249908991158,kappa_f,7.455606997606751e-05
BAJFINANCE,2026-08-18,20,16,0.0011081978658040261,12,5.201647198971844,6.720286929388896,0.4511719701670673,3.0747295353571813,2.3000643513981354,0.622017983407239,12.29532529534039,0.8033708558826184,2.7439683326856086,2.3736862523086755,0.8492133349579278,7.59326642703014,kappa_s;kappa_f,0.00011035879837475592
BAJFINANCE,2026-08-19,20,15,0.0011806924997110008,11,4.639329246435099,5.8990988297641955,0.9827896105529292,4.390861602979054,2.9737492407994757,0.4456288391354892,4.168786327862418,0.9165375967393864,1.7887170495120894,2.115719065972821,0.586144910929858,10.023753407940905,kappa_f,3.1404277477644444e-05
BAJFINANCE,2026-08-20,20,16,0.0007148968904698335,9,4.420660901929278,6.907211052058484,0.7729191062665428,1.3805303234874433,2.56605329511284,0.6372944813991933,7.431248993307635,0.4244490177411808,3.6910554928947708,2.9075409498146936,0.9046208521430349,7.046261651405339,kappa_f,5.839199610653111e-05
BAJFINANCE,2026-08-21,20,13,0.0013488663487097527,9,5.885569675558848,7.833917986636487,2.5582637022689183,4.046829684283974,1.8672769060937773,0.24279340901165175,8.33207658388568,6.810398906366373,2.915293066067,3.9966546285349622,0.07010353235858455,9.331073443309393,kappa_s;kappa_f,0.00011463734172976916
BAJFINANCE,2026-08-24,20,15,0.0014915932234792091,12,4.089385382786338,3.1176374692345075,0.3331829374530263,1.445898331120592,3.458670576412037,0.5084587893056975,3.7075525938234932e-06,0.4882473113518496,2.702111238540426,2.810891603678666,0.8921729033585615,6.866270305716074,kappa_f,7.059970056297782e-05
BAJFINANCE,2026-08-26,11,15,0.0008590459226723123,10,4.759580995734785,7.047436959505671,1.0360907384983966,2.6617042893003013,1.325012081032567,0.07348692142657054,10.182318050602085,0.4259528400895307,2.01560256868812,1.5518522471959677,0.3955348049925309,6.83636853265452,,4.472848842179407e-05
BAJFINANCE,2026-08-27,14,15,0.0005710347694254874,9,4.864320764831304,4.835973716765807e-05,0.5799729508120541,5.783368008503866,2.8977755151222366,0.1485546693775094,6.241823057974562,0.2780305040709272,3.3457490837771733,4.03597272059581,0.2129651800925292,7.69938928509219,theta_s,1.2141877587516347e-05
BAJFINANCE,2026-08-28,16,15,0.0013836289353527638,10,6.478760802892266,2.9059760834643242,10.069672083532716,3.6473761817144457,3.35912474649407,0.26493704438418625,9.891046365852935,7.766534781175745,2.271421629583398,2.7815673990257688,0.6497630270092801,8.432394754500356,theta_s,6.02715228868525e-05
BAJFINANCE,2026-08-31,16,14,0.0020108813219985667,12,5.7357271862254935,14.448293926271978,1.1851797710956709,6.541294913264942,2.7603917919038907,0.4802083477411232,6.341504496528799,1.432191978022364,3.529365569495709,2.729394301910142,0.6246267699611281,9.637028799566847,kappa_s,0.00019847313834892152
BAJFINANCE,2026-09-01,17,16,0.0016729991322146972,11,4.311226199026385,1.3054529226508294e-06,1.026507257058212,5.384025945895241,3.309553630746857,0.46021304565001564,5.205222440719882,0.6781885521136477,3.0477430402348236,2.586088312343527,0.8409886137353222,6.654049975417913,kappa_s;kappa_f,0.00011918942798955332
BAJFINANCE,2026-09-02,16,16,0.0005606998948293453,13,5.579364754389936,7.412078665087229,1.9288877998504317,1.6531389255811675,2.938175260066579,0.431971860575246,12.351638820335083,1.4948615350267709,1.8449372961676915,2.1727427939636064,0.7978869935428271,9.823547772259847,kappa_f,2.2241588928337947e-05
BAJFINANCE,2026-09-03,17,15,0.000770225148913708,10,4.593813674634804,5.179327607677669,1.5627305582734483,4.539689865248178,1.23954472280792,0.07032600694535876,5.602146114688111,0.8971540481455842,2.1510024589656176,1.5708265692214265,0.19098503286538016,7.895701120555228,theta_s,5.497749847143492e-05
BAJFINANCE,2026-09-04,18,16,0.0010823971735625635,10,5.801197243983228,5.136715467509199,6.384666567339017,4.869220123972539,3.238779457374269,0.20753787147074163,12.307072332230128,3.6883237448518673,1.9187481902665082,2.573977111362532,0.36372543842280813,9.958876921460224,theta_s,9.858901805909616e-05
BAJFINANCE,2026-09-07,18,16,0.001101411700613366,11,5.7658646354901295,11.945889816408652,1.3497147614342566,3.191383531634079,2.5543706879479116,0.3362261473327438,11.037005831313929,0.8021715785794227,3.6751465273060093,3.080392371172225,0.49917467304431473,9.502629892583757,kappa_s;kappa_f,0.00010988917197948074
BAJFINANCE,2026-09-08,13,15,0.0004035148413397517,9,4.451138288711778,6.994739775834091e-06,0.9846209089237956,3.116897961084537,2.7247127627941667,0.40694382059302847,4.211449727432198,1.1725885284771416,2.5557541754141146,3.384191204927986,0.5271581426566819,7.3752158356182616,kappa_s,3.534646557787005e-05
BAJFINANCE,2026-09-09,16,16,0.001516335475015512,11,4.133301434097175,1.0901314571043486e-05,0.831216080106401,4.352353035377412,2.8661414489220185,0.2910687914189237,4.995902238816187,0.7646649518241644,2.98224400690495,1.9882262205173298,0.4179505100584564,6.760794457672115,kappa_s;kappa_f,0.00013789918089809287
BAJFINANCE,2026-09-10,16,16,0.0016458819064631084,9,4.945220337485112,0.42931053901715543,2.5306665989329056,4.430050281705302,2.3720675023539233,0.5369755519824262,6.232825927256438,1.2872065288416574,2.897310888404768,2.5834472992972644,0.8956251374906173,7.337656117211604,kappa_f,0.0001419191661552173
BAJFINANCE,2026-09-11,17,16,0.0011765645621811243,11,3.7568770720560765,1.9364856385095663e-06,0.3752508856458643,0.9727522833366802,2.5284950494006617,0.43200787778114375,9.174526661658035,0.8668879740324492,3.4244685041703,4.145574383175053,0.7065610819142886,4.985830716651916,kappa_s,5.736309976263842e-05
BAJFINANCE,2026-09-15,19,16,0.0017828191064019365,11,4.425029398913806,2.5493847559232563e-05,0.5243608835746095,2.868325723121977,2.884481343421805,0.6769521568539072,8.400882925485575e-05,0.47333195930752514,3.5668907161841994,2.390770379219365,0.9375180636269216,6.840043894103654,kappa_f,0.00010087855776944542
BAJFINANCE,2026-09-16,18,16,0.0013528406916143432,12,5.013941621159662,8.491114799924791,0.6466927702428478,4.288047884802675,2.1138145673302766,0.6336898671736919,11.51511695512385,0.903878578559776,4.811739656607844,1.536844666407625,0.8690202217994507,7.247434691668005,kappa_s;kappa_f,0.00011180963682223279
BAJFINANCE,2026-09-17,19,15,0.0020534992598459124,13,4.30303147092701,0.018321080694608582,1.0696798245743655,2.7715346119354436,1.9139369876685013,0.11506383885149468,9.936686985007798,0.7260237733104303,3.7992194767246357,2.041475337384588,0.28797525647311806,7.887245748669422,kappa_s;kappa_f,0.00018787005057358365
BAJFINANCE,2026-09-18,19,16,0.0006896790942277534,7,4.169802253067866,4.9017574977489105,1.4055449194094638,1.9924328409785677,1.3840908426149743,0.5780519896383377,0.4554514424717544,0.7002625273041073,3.855195702746308,0.7882342862081142,0.7931431740137892,6.3061537401014105,kappa_f,6.529180271048021e-05
BAJFINANCE,2026-09-21,20,15,0.001591381442284389,10,3.8541395768717273,2.6349674651982014e-05,0.8862802135597643,1.5739082577476786,2.4657295218008812,0.42748666391078644,0.7497937623720023,0.7743613519308629,3.4315766289813805,1.921215003766532,0.5951605453620629,6.226808074207306,kappa_s;kappa_f,5.0232543607801015e-05
BAJFINANCE,2026-09-22,18,16,0.0009559433346804479,10,4.4884099677138884,5.124613004508337,2.3558875641439654,1.8623999059982166,1.8995338678928386,0.8865602222723266,6.317611676489063,1.066527550899829,0.7632677159231166,1.7580516398132606,1.1671132727033908,7.425666174822556,,1.3585977812993104e-05
BAJFINANCE,2026-09-23,19,15,0.0011061799521003546,8,4.148248964102034,5.799127352545952e-06,1.4018052924260063,4.846659763150541,3.1157620990698445,0.3798282923149105,9.686430621289551,1.1498286438153462,3.561404736676046,4.019022091122492,0.5195401881817783,5.625936780265005,kappa_f,3.314685698452063e-05
BAJFINANCE,2026-09-24,19,16,0.0009241324592279218,11,4.81035850076177,1.362334662147191e-05,1.2541940355392318,4.33852883222249,2.553500328615409,0.66768705386158,6.173535378713735,1.1445376362088413,3.377782346790419,2.420875879544094,0.8628560949417946,10.355717896467684,kappa_f,6.421465211794877e-05
BAJFINANCE,2026-09-25,19,15,0.0008049194896573563,10,5.76821245920794,11.685731034512255,2.342370581913759,5.5968888537115875,3.5509342812700044,0.10741968132376867,6.488973134935657,3.638689126821471,0.596986547234895,2.2880876650416866,0.21308383065608175,9.103412979208992,theta_s,1.5537348218943193e-05
KOTAKBANK,2026-07-01,14,15,0.00028186662122290664,4,3.067144956798132,4.1516003851078,0.9173639072211239,4.850565343844761,2.2556244884286776,0.015315101069092119,3.1520286860597935e-06,0.07658327169446824,0.3951425400582298,0.7073094703224514,0.03797479850214169,3.7612916422764595,kappa_f,1.6206086530446003e-05
KOTAKBANK,2026-07-08,18,16,0.0007233271725395622,14,4.274369852053596,1.2742354372865083,0.41551864702984176,1.3593673341140486,3.3042450243265904,1.0345528591460098,9.72584987715658,0.5480405913536879,3.0957873782480094,2.8141343233280747,1.5714138426971664,6.58016976520746,kappa_f,6.785240486218292e-05
KOTAKBANK,2026-07-15,19,16,0.0012066507532920443,6,2.8911185391368224,5.913736087805141,2.0939790862080048,1.0617413136988074,6.267649928242057,0.0652425293069982,5.616948364206564e-07,0.6362581008926519,1.2139455889314181,0.4091396071998644,0.23756764947928577,4.7782551054602616,kappa_f,3.9832164070434384e-05
KOTAKBANK,2026-07-22,19,14,0.0018467473740499734,9,4.026823906979318,4.66217500629552,1.6394335616385394,4.827411471661936,1.912846362844121,0.006399878568590203,6.87649511015584,0.8153659892390522,2.95238903951973,1.2889299910970984,0.07467371913712323,8.011606681707889,kappa_s;kappa_f,2.583070583494422e-05
KOTAKBANK,2026-07-29,15,14,0.00037307372732282824,5,0.3069782436991725,2.952212183160441e-06,0.1087831972960806,0.44099292428259007,0.555323476831006,0.15168018195411836,2.7334223773323174e-10,0.013022863664050532,0.044673612200021307,0.4903313646898919,0.2519720998750329,2.151623189661797,kappa_s;kappa_f,2.7853309358293532e-05
KOTAKBANK,2026-07-02,13,15,0.0004813805981171552,10,4.307925673864055,3.67843367429537,0.1713670690326847,1.2705495997122849,2.73404326448651,0.9067378800922735,10.329274339720317,0.5834137129705482,1.737789837952497,1.7427394395215225,1.3045765443707351,7.101616714626552,kappa_f,2.7798649360948795e-05
KOTAKBANK,2026-07-03,16,16,0.00030897510279472484,1,0.0,,,,,,,,,,,0.0,kappa_f,0.0
KOTAKBANK,2026-07-06,18,16,0.0010832097447172717,11,4.090160858608535,6.307804354290477,1.519808874194891,2.577255065804724,2.241074021555476,0.00491095053804774,10.312930168119102,0.04343720403270966,0.8498229086862479,2.429962669903066,0.6997356935436256,6.752341763882694,kappa_f,2.9859697773473035e-05
KOTAKBANK,2026-07-07,18,14,0.0007959726025033145,10,4.638973859050715,9.34061439352724,1.2821052673582871,2.4432383877751382,3.019446064304091,0.48753871109068997,6.164216976856096e-06,0.5373790307691624,4.379019555598164,2.081623056614663,0.9195488972607762,6.844839503415804,kappa_f,6.039141858307784e-05
KOTAKBANK,2026-07-09,19,14,0.002458331831877644,10,4.545434213689755,11.93272195415629,1.0974434974775837,3.7518774883062593,1.964570911700031,0.5323334966244946,12.494766200634649,0.12823123751134916,1.2500850174636258,2.815863995518572,0.87350512767118,7.49635472762137,kappa_f,0.00017775269850449013
KOTAKBANK,2026-07-10,19,16,0.001723588120407493,11,4.664338343833717,5.343434157772361,2.195367464219437,1.9151714290566126,3.1756305007760237,0.45334863682818044,4.573538944609936,0.1877058613391177,2.8538955823324006,1.3894601323585352,0.8408133679427043,6.95785677501954,kappa_f,0.00016693440197862452
KOTAKBANK,2026-07-13,18,14,0.0007000817528596878,3,2.572352347349166,7.455411775873214,0.8556197257958678,6.004391054368023,0.42138890685129127,0.47438989956180866,3.7791855334035063e-07,0.8614442512906781,3.6519808587430043,2.045951006127678,0.6393849615123721,4.071899722050787,kappa_f,3.0305950647019765e-05
KOTAKBANK,2026-07-14,19,16,0.00065298352096743,4,2.9295834245484755,6.424691792231554,1.2860537013371773,2.463065856949195,3.2821453538374787,0.2684524526417936,7.352751882905295e-07,0.48231455057045214,1.841797302304791,1.0692051833073157,0.36486148652650696,4.12828624896668,kappa_f,9.163709187700176e-06
KOTAKBANK,2026-07-16,19,15,0.0021898776373164273,8,4.71630112044717,12.128969081788679,0.12598632388827455,2.620168567834113,3.456862678689375,0.29617778209753504,4.4760076887469396,0.7908080521683449,4.068046197107353,1.2588853860025113,0.590174452243688,6.521687678447472,kappa_s;kappa_f,0.00019114221605200142
KOTAKBANK,2026-07-17,20,16,0.000905511408666101,6,2.1837027044822843,3.3697077774696336,0.2731672207542186,4.220063962967545,3.4915120637867814,0.0037838889201925983,1.7471975120031402e-06,0.1521628405894683,1.647788936824445,1.9288027817088362,0.02505483631438432,3.8958709017323847,kappa_f,6.032065101367894e-05
KOTAKBANK,2026-07-20,20,15,0.003379752666031671,15,5.136765922248503,7.562098829033696,1.8585088627254305,4.372145511562635,2.147965245328952,0.40769468656417773,9.56113022596272,1.2804569308806864,2.504444056222721,2.3375574724743124,0.7038754167896414,9.536847379595152,kappa_f,0.00027235008500774973
KOTAKBANK,2026-07-21,19,16,0.0014796368835399752,14,5.133981406920956,2.9505048945070715,1.3197971842460485,3.4685416696430327,3.251407023232425,0.45965456732573867,9.533426775679693,1.0941692745676912,3.3044907872922202,1.9658823946507293,0.6063469287226864,9.329604426675779,kappa_f,5.074602382426521e-05
KOTAKBANK,2026-07-23,19,15,0.0008295138678175753,9,3.1187236529343005,5.5902015047237796e-05,0.900281104039426,1.3641669865860435,2.709963202185109,0.24833328131180366,6.246005725849348,0.8343051446805799,1.765907580973971,3.2569013792657637,0.32777630699264065,4.9870775207137985,kappa_f,1.0756356293801215e-05
KOTAKBANK,2026-07-24,20,15,0.0010872699023364413,9,4.661457297866425,7.227094019017738,1.5616857210931099,2.464812809324161,1.4876205056817176,0.16667375050659414,10.303609327612824,1.4571696679392425,3.554108297148454,4.541595669003094,0.21039340798799705,10.013931142610359,kappa_f,4.8267972605401006e-05
KOTAKBANK,2026-07-27,19,16,0.0008162950215594894,13,3.50198752785403,5.038509089379668,1.4724116046365237,5.038850919802156,2.3297116233146733,0.3147634618814899,3.9360706075552034,0.8964448710610992,2.1395436919183766,1.5926005789128501,0.42784366961219944,6.761486070950506,kappa_f,5.3639009731933323e-05
KOTAKBANK,2026-07-30,17,15,0.0007257908447387298,7,2.9652666559292973,5.573136231410897,0.4640971220470448,4.40107429514643,5.4139648572505275,0.2098053696407695,0.9271273054400098,0.4381813202998892,1.3227925433829837,1.7445335150106067,0.22778101660942318,5.276813490642375,kappa_s,3.0613649925106e-05
KOTAKBANK,2026-07-31,15,16,0.0007449332757266385,12,6.946985401437246,9.538210938463612,1.2755018323112175,1.8523996492270225,2.831259705963703,0.26529570820879306,16.149753512951904,0.9419977987282985,3.21746431903697,2.3232246989461327,0.47783424800853536,9.057454933581276,kappa_f,6.515893941052273e-05
KOTAKBANK,2026-08-03,15,16,0.0008298856552702532,11,3.4866666249021803,6.971287510118078,0.556704524426915,5.059442408733713,4.883686981645495,0.4465350571665943,4.479305569409126,0.6767005386504327,2.353247965605745,1.498299437568971,0.48435980785301314,6.096690592613002,,3.976790178399439e-05
KOTAKBANK,2026-08-04,17,16,0.0008313789918348267,12,3.693951642643599,0.26251271111434704,0.4757007421601612,2.1852678990159493,2.116398075690196,0.40722961541048797,5.926446649589433,0.4636798732330564,2.470293395372311,2.514543207399296,0.4889912594901028,6.49669959253214,kappa_s,7.405478253453841e-05
KOTAKBANK,2026-08-05,17,16,0.0009631504946086592,11,3.5932967874270187,7.907795569136402,0.8523630145614235,3.8083791396476383,2.319711022221749,0.22125501505162848,4.347743139732074e-06,0.488814927629894,1.6865084607751646,2.186519027549071,0.3722529413705358,6.520706654669363,kappa_s;kappa_f,5.578047799789914e-05
KOTAKBANK,2026-08-06,18,16,0.0006070131431172285,9,4.058944586349121,8.267264047334054,0.5159476060159454,4.705672488157549,3.276827211031516,0.37804324232077835,0.4701844102793302,0.5996526502988352,3.2120906689670603,1.7319844281137888,0.61573032844022,5.925495608907881,kappa_f,5.7996159084177084e-05
KOTAKBANK,2026-08-07,20,16,0.0014785065807607948,14,2.8509638390650394,1.081816162695759e-05,0.1631559136113554,0.6135857876911359,1.7426134770578807,0.4069615266908121,5.785677746213404,0.3709749365873978,2.464181779750853,2.86274587621097,0.5953026000865764,6.22225019874658,kappa_s,0.0001025481925400406
KOTAKBANK,2026-08-10,19,16,0.0025112593295771347,13,5.461964278855412,7.959977795570426,0.7409332023200981,2.39829752147291,2.099995811814697,0.3635593407200517,10.242605470546332,2.6478917014613073,3.28932982225282,2.8565488075235925,0.8006794682070437,8.995248424225723,kappa_f,0.00022337544087638363
KOTAKBANK,2026-08-11,20,15,0.0017531214697988147,13,5.055133817890692,3.3287758189174874,0.8593087065877814,3.6372479636951285,2.0088410571559407,0.3957852672077178,5.792777880042957,0.40190324742942724,2.5513794810883894,3.096637950471854,0.4313962242965135,8.927496576319252,kappa_s;kappa_f,0.0001278688370630549
KOTAKBANK,2026-08-12,15,16,0.0014850489462420664,7,4.988988236536714,2.5123206502531277,0.7768610395675716,2.977515997481176,2.4611215179080377,0.4475103876806893,5.433609153703819,0.7352114913738225,3.4020826662651587,1.7816379911915492,0.7070247816011135,6.072031575982199,kappa_f,0.00013214671104147709
KOTAKBANK,2026-08-13,19,15,0.0005921371069541254,5,4.968502106695571,14.852902286043904,0.4345846598312314,4.3992582580559265,1.3749059783108988,0.17965901924322086,0.6474765166866376,0.38453773112537865,1.0176428550139978,1.7183891955527084,0.2374369565982437,5.3365760279253385,kappa_s,1.7490226744743204e-05
KOTAKBANK,2026-08-14,18,16,0.0009165134075006553,6,2.906545589633321,3.9928863133395303,0.8136196937174665,1.4452656612340409,4.464640471367967,0.08388203247134252,1.52271940753843,0.27282336161907605,1.2519833461213832,1.8815960710551942,0.1385582242704304,5.627367191796972,kappa_f,8.777932798198084e-05
KOTAKBANK,2026-08-17,19,16,0.0012991288045379364,5,3.546794982075215,2.799930953756302e-09,0.7166299418462734,4.480335981317467,2.565516185445601,0.3225273364369083,8.764705433233809,0.7090792231739342,2.5442841955681357,1.5370396777144821,0.4158530582211669,4.8122135836572815,kappa_s;kappa_f,3.980978701234486e-05
KOTAKBANK,2026-08-18,19,14,0.0013264745337839426,9,4.161028297955521,3.119926627586505,1.0614446503094799,3.103738781684689,3.3391252333560426,0.29315775791167953,6.247618640487687,0.4836959956337747,2.1368270948342616,1.273802929787765,0.4192765755113744,6.9846724092640375,kappa_f,4.613137196649757e-05
KOTAKBANK,2026-08-19,18,16,0.0005963539847174369,10,3.1628081039951588,6.811344719611755,0.45530114059285887,1.8258580986679531,2.252268734790703,0.29058079216276256,4.047843389898276e-05,0.37524741166378695,2.275858782447183,2.352132948470836,0.3980790351112438,6.818168122205223,kappa_f,4.8119370755704354e-05
KOTAKBANK,2026-08-20,20,16,0.0006871818876060633,10,3.9297198455077065,5.274784181241696,1.4687758646122524,2.9020204245664276,1.6982803204555244,0.14806157135219317,9.006022846945843,0.5765630658578854,0.9496093678816955,1.6569892172477017,0.20348558410999668,6.522180675110528,kappa_f,4.39572015478399e-05
KOTAKBANK,2026-08-21,20,14,0.0013007614211368774,9,6.911859744705625,3.709613690829366,3.620184360501905,6.481898110231581,4.2060819806479195,0.049705375191695184,6.348203257594494,13.970252085577187,0.3951911708259068,2.717757908027265,0.0648261531129275,8.27336799711501,kappa_s,1.0860698418567894e-05
KOTAKBANK,2026-08-24,19,15,0.0007107206883688027,13,4.030006802217292,4.282392927592667,0.958360975347407,1.0065421680228375,1.4770777172675047,0.1643220639148473,10.181619180326907,0.5016380291593807,1.5107779562982433,3.0784258577951054,0.20797831309796283,8.87258768375845,kappa_f,4.998614875284578e-05
KOTAKBANK,2026-08-26,17,16,0.0008921614200941987,7,2.9106211052912374,4.163906978648162,0.6838026035664124,2.8467610957725995,2.2710395560358396,0.20290058692534194,1.1042105355203402,0.7913819306248752,1.4818117011361496,2.5294071663579736,0.2858662602343099,6.374301227132197,kappa_s,2.6566475157834956e-05
KOTAKBANK,2026-08-27,18,16,0.0010538588448398053,5,2.811051302372908,1.6006860370509912e-07,1.2758442991848227,4.711890927376659,4.699256625319132,0.06848675030439717,0.1008062718107019,1.536131483008234,1.322135736849397,4.957011219939726,0.0896869648854547,4.884629187279104,kappa_s;kappa_f,1.9603302883957263e-05
KOTAKBANK,2026-08-28,18,15,0.0006925332464303588,9,3.663054187687761,6.847429201815369,0.6151782208321506,1.6034724190756062,4.2471904864033,0.07171168440566977,8.27812217505946,0.4498273643773369,2.7792749891276882,1.977266247964757,0.14184432199824898,6.438923059524234,kappa_f,2.670857094685974e-05
KOTAKBANK,2026-08-31,18,15,0.001068496913544996,8,3.9249868002002675,3.8757014033967394,1.250680169985523,5.883119369468467,3.3822153328236655,0.2415645738242143,4.382355756504808e-06,0.6186257947799367,2.9905639003716646,2.4641391754230844,0.25558470172473796,5.847665104119818,kappa_f,2.2245334011293614e-05
KOTAKBANK,2026-09-01,18,15,0.001163107779367256,6,4.674057692634525,5.157076288025769,0.8011977764439913,5.749887001005178,2.252040964771513,0.3205311580353451,8.76309096535113,0.9225006805276856,3.5374786030258507,2.7606605309175998,0.2290815076770743,7.537876510070919,kappa_s,7.486596145601021e-05
KOTAKBANK,2026-09-02,17,15,0.002146249646555052,9,2.965231145763669,6.23129363592767e-05,0.42989320392048613,2.0306048601201003,2.0557845095346328,0.004448579188180517,6.45546911925976e-07,0.6315731130235134,3.9332912112757024,2.2830316401589865,0.15478457525330336,7.049284506067157,kappa_s;kappa_f,0.00015216962182313786
KOTAKBANK,2026-09-03,16,16,0.0012804666560842595,10,2.97686638594608,6.882345573444582e-07,0.9202274665976051,2.4892738805213126,2.2991061796894057,0.09237830763999366,4.205388721526073,0.8380867474983554,2.814453811295396,3.2311710626467085,0.10741537122717561,4.987948811276258,kappa_s;kappa_f,7.223577282439598e-05
KOTAKBANK,2026-09-04,16,14,0.0002852974659958634,8,4.547855905429243,5.110483375274734,0.7606705215774788,5.905381598310019,4.711143751824725,0.15360939883703287,4.99716609542546,0.9716213069801387,0.44040827209905187,3.0010988111084975,0.16795113201997103,6.821869978501271,kappa_s,1.1231504247008841e-05
KOTAKBANK,2026-09-07,18,16,0.0012537883269439264,7,4.812394263484768,4.065481941407144,1.1066819501800722,3.3040401813026117,2.6894958988134565,0.26792388799965194,4.497868846098687,1.0584008744516968,4.294161082051485,3.1685974707273825,0.3885346673846005,6.6067305311871625,kappa_f,6.061362429418552e-05
KOTAKBANK,2026-09-08,17,15,0.00048378644162371285,7,3.890567010067904,4.7125918690347985,0.6879369997581553,5.517834162540956,2.5073960670634405,0.20758572168433284,2.2604160080329505,0.9297289611491384,0.765730143903598,2.058624062834103,0.2688043979930864,7.314594605719875,kappa_s,9.512389002949305e-06
KOTAKBANK,2026-09-09,17,16,0.00034239013758077694,6,4.3286851197417935,11.43170249839147,0.7371118770823448,5.663640971748625,4.954358929707725,0.12125376599756958,2.8535967395989275,0.6712801662861114,1.6272369284740895,1.9424948038422838,0.1093092663551854,5.371740020324996,kappa_s;kappa_f,2.839423579672508e-05
KOTAKBANK,2026-09-10,18,15,0.00047069966484854226,9,4.3014376592069254,2.40976345722288e-06,0.9232444193987162,2.986828028770853,2.83579397906707,0.16291228192724028,6.41078257716554,0.773396283941663,0.7562075952886302,3.0522203113661353,0.2221606883160972,6.460626848092251,kappa_s;kappa_f,3.9456716250072866e-05
KOTAKBANK,2026-09-11,17,16,0.0010483715799505125,9,4.468978721259704,3.3296722872222517e-06,0.8924096868659963,4.627949330357243,3.2892913089229587,0.24294783676547224,9.511229067594218,0.6035960805710003,3.56049026894467,3.458421134742925,0.3311648805521304,7.103952233406199,kappa_s;kappa_f,5.32938127139461e-05
KOTAKBANK,2026-09-15,17,15,0.000967103867627448,7,4.076523672457518,9.786138335255476,0.8593715722000224,5.682733947191252,3.3299028429045388,0.2746498262714597,3.880231447690912,0.8124220190902891,0.9324571772673966,1.660734373348577,0.3908822433733601,7.129945521448028,kappa_s,1.9096282638315335e-05
KOTAKBANK,2026-09-16,17,16,0.0007577391642501058,6,5.7066601718834855,5.568246139171987,3.651873729198036,8.910056069094779,3.9944445942849858,0.6697947470440868,1.1928233369928876e-06,1.9334807607579276,7.260964562265891,2.883248466352052,0.7507435867381985,7.1902461306288705,kappa_f,6.496344050172366e-05
KOTAKBANK,2026-09-17,19,16,0.0016376285497326957,11,3.959132175548367,3.6853530167455286,1.559645593087788,4.6678831538305054,3.2990657798858645,0.10338400428134593,1.2513103865074982e-05,0.5372431020266346,2.5514168036598024,2.4533159972393617,0.1524024255438714,6.185062782932043,kappa_f,0.00014983817905563513
KOTAKBANK,2026-09-18,17,15,0.0010263424645833993,8,4.858197450120063,4.602987542945414e-05,2.4715801107617312,5.654208703923755,2.912918570273953,0.21212851111607967,7.747116226314819,0.7975471756080768,4.144105696104342,3.3951500284148493,0.28602011205543215,7.395903897972022,kappa_s,2.8627901099197465e-05
KOTAKBANK,2026-09-21,16,15,0.00039073510407052,8,2.690518172437824,6.042529982153155e-06,0.6457249966502253,1.741970967566124,4.7788902739737384,0.2022013690067695,3.7592157026680004,0.4054504988447583,0.7875287967694913,2.0795360216632215,0.24036558633802368,6.284764772414308,kappa_s,3.1646015363710766e-05
KOTAKBANK,2026-09-22,20,14,0.0011684865478873822,10,5.59551973873269,9.833903599323573,2.5036552252598914,2.62840837103027,1.4297549341934261,0.4664420685644347,11.469072026569314,2.0415082404125484,2.7539244224910853,2.440951475489644,0.5363595519451771,9.42268970330136,kappa_f,3.8196098392810716e-05
KOTAKBANK,2026-09-23,20,15,0.0012028180913060244,11,3.927214348786927,5.74138939623789,1.449026657827725,3.0981149220215887,1.2575643191729138,0.091924575940716,4.256493287978916,0.510800380191968,2.626972723297196,0.6123997956134408,0.061150725525182914,9.111655479647261,kappa_s,9.799419398481878e-05
KOTAKBANK,2026-09-24,20,16,0.002049419270641269,12,6.680085935937021,1.6897760875339916,7.17893636552682,5.387072352888431,2.195545202106005,0.6066562936254676,0.6666227016665689,10.641798172780996,2.452261103586495,1.2167719136480648,0.7181559536468566,9.644861687489211,kappa_s,0.00014517971878951017
KOTAKBANK,2026-09-25,19,16,0.0024571265678523494,15,6.037794898473674,8.661473625389316,4.573306076776653,3.9261042669454835,2.3191620672826008,0.1816647121109327,8.434580614384105,1.3546424492433822,2.6384902243945008,2.3187397805653434,0.3310521707752767,9.625591167626357,kappa_f,0.00014419683072435614
BHARTIARTL,2026-07-01,13,15,0.00030104906555868984,3,5.649527295478775,9.778095208190354,3.212805715195355,2.3207563937688116,4.998859315031581,0.4654413537978379,12.461567768386306,1.508204696475064,2.86232502972502,4.023576845701386,0.8266547304239831,5.671087292998183,kappa_f,8.059569110659896e-06
BHARTIARTL,2026-07-08,19,15,0.0004755192339683956,10,3.1021523653049745,0.32240764049745785,0.6124348590801187,2.208882568246776,2.241130137321064,0.2613952488883203,5.832817308179852,0.6705023793208419,2.433973015682229,2.7986773276946835,0.3367929901285116,6.56299293802307,kappa_s,2.0601083809241585e-05
BHARTIARTL,2026-07-15,18,14,0.003021648531344802,11,4.209588327250795,10.354165042535442,1.3378022368262537,4.3119321924242415,3.5109794032311963,0.2956316311996635,3.8478737763946214,0.8869985698454403,5.325410093381381,0.9768091626493263,0.4996618828589242,6.878362111585539,kappa_f,0.0002297825062041411
BHARTIARTL,2026-07-22,19,16,0.0008076655069073034,9,5.902732737420804,7.7409854861324074,4.79200398512282,5.156101180022733,3.2677726697507463,0.2945765225152925,6.246060831329004,1.4511368035756211,2.877057126548509,3.0225416605398956,0.44029561620979263,9.143432604362685,kappa_f,2.7869186764470453e-05
BHARTIARTL,2026-07-29,15,15,0.0008717416227047403,8,3.829248477272441,8.65980426034696e-06,0.27436173233416605,1.3356223107193808,2.7896928014590827,0.3518765258009815,11.505610381932895,0.4413661385029155,2.319819043298857,3.2506167820588967,0.6325543692892479,5.09934747826617,kappa_s;kappa_f,6.921822062602246e-05
BHARTIARTL,2026-07-02,12,16,0.002464556508694279,10,5.191316056579825,6.811069384371393,0.8893922337335183,2.15035068727337,3.0189230786477674,0.001701776053764169,9.253099901751519,0.9813688681390869,3.8283943929433417,2.4270739285949654,0.22998154109562863,9.141495810893176,kappa_s;kappa_f,0.00024098416228482324
BHARTIARTL,2026-07-03,17,15,0.0005414004810612213,8,3.990676658198931,4.155221420276689e-06,0.8332465416868582,2.885293844146092,2.322645783589363,0.21588570119201428,5.472345928817738,0.9106834659487679,0.5832581043961933,2.5951600142438407,0.3598243715850227,7.1223677477912295,kappa_f,3.717789216450948e-05
BHARTIARTL,2026-07-06,19,14,0.0005733309914728377,5,3.793579845642073,10.049554909072084,0.638467238266488,2.3068614602866377,3.3196316679267714,0.16942409420763274,5.137754643058656e-06,0.3902277294938251,1.8775729416104388,2.131606522131336,0.24192185328121135,4.700057637829596,kappa_f,2.390576766009224e-05
BHARTIARTL,2026-07-07,17,14,0.0020729262613626144,10,5.203439410693116,7.039910145341537,1.7334311415365986,4.518806913444292,2.403749100465853,0.175130093991742,8.396381403339449,1.4727649173768769,2.8248145131632794,3.0194225612277465,0.1907243236860647,9.395004825337319,kappa_f,0.0001638709588995895
BHARTIARTL,2026-07-09,18,15,0.0021368006018435384,12,6.408487666975033,3.539499843765391,4.900649110315878,4.390023829173293,2.9640669536953963,0.020184286265039965,3.9213578660111397,7.902352288774055,2.55295519723719,1.9862129020252834,0.22590771495377115,9.354258114569108,kappa_f,0.0001770292680129083
BHARTIARTL,2026-07-10,19,14,0.0007932774174283499,9,4.572741016099516,5.582224272630224,1.3329963256322555,4.352495235261353,1.9991575268925774,0.2338599390359145,0.001432705326040562,0.7470521629563005,4.788053824342567,2.5699653739669572,0.23998148390849525,8.292904949086415,kappa_f,3.690621970056814e-05
BHARTIARTL,2026-07-13,19,14,0.0010553736956396761,9,3.3789258756812277,4.3556522957288735e-06,0.49113687060811406,3.4417032407697024,2.650449950194838,0.2629328690986071,5.862848998123803,0.5394011173866948,3.045250451537796,2.3991678795748577,0.3795406892549237,5.386207355566896,kappa_f,2.3859272487906143e-05
BHARTIARTL,2026-07-14,19,16,0.0010309991663100388,7,4.530796005004047,4.695974219411245,2.2771206654292806,1.0361644898543059,2.427536323573072,0.34344104097626255,9.784708704439524,1.1145756573138457,2.7125373991488653,3.222073307096614,0.6489287183535402,8.914590376146071,kappa_s;kappa_f,6.81446551684037e-05
BHARTIARTL,2026-07-16,19,16,0.0010802229254723798,12,3.5777130833154276,5.909714653846259,1.86695733639954,0.8721021369054096,1.8962658230133993,0.03343703369184224,7.249439127248858,0.77123979116996,2.2946359329306194,2.7229314048853546,0.20419252768116358,10.016983110902036,kappa_f,0.00010502521452746168
BHARTIARTL,2026-07-17,18,16,0.0010137065198588032,7,5.894723542272137,3.4589880098010575,6.490795577162292,2.0599218751229857,0.37639676940399047,0.007490547800850103,12.470881319584679,5.406033728467408,1.6412760477025594,1.8752203906533873,0.1462272256312782,9.668321660862054,kappa_f,1.7694827345288806e-05
BHARTIARTL,2026-07-20,20,16,0.001168720319911745,12,3.6837548078351796,5.219321500502944,0.8517981626874589,2.4422979105456557,2.2740326527008508,0.6438576189389891,1.2463555485453526e-05,0.4294360341929036,1.4943718927797194,2.171574829918489,0.8851185568494044,6.2031628352067605,kappa_f,5.4454493724057735e-05
BHARTIARTL,2026-07-21,19,16,0.000780195183292368,9,2.8008269478984555,4.959785987281089,0.9651847135437339,0.574703896636866,0.9797343519114909,0.016217977086295764,3.187657632963692e-06,0.3405432327512429,2.0144124931591487,1.6730554962809374,0.057900446326197785,6.407880592307121,kappa_f,4.344458799171035e-05
BHARTIARTL,2026-07-23,20,14,0.0013722651732559835,13,4.3404026313037605,3.0297597813810397,1.4727327612728283,3.7746069546980987,2.6886564461464513,0.11360051641078452,3.098831178340068,0.7389633911560871,3.244862755907974,2.3130513936771546,0.5848691964524955,9.035929569777048,kappa_s;kappa_f,0.00011058616831135528
BHARTIARTL,2026-07-24,19,16,0.001915729144229505,9,4.427917930213372,0.35407758714160664,1.6769618014710101,0.8482875203406959,2.4521265354294197,0.05897073332004654,7.649313796164639,1.3762411963364114,1.5229756084967425,2.8128627393400296,0.051147226505492374,6.709954115172013,,7.546029466703216e-05
BHARTIARTL,2026-07-27,19,15,0.0004313081961362574,9,3.629650098876476,5.563615851617252,1.8361842021430852,3.1477511772602105,2.17748754050547,0.19985983649723246,3.6250691861786315,0.5991589293743562,2.1655487702786544,2.3339971599145963,0.2879741035748588,10.044965531297134,kappa_s;kappa_f,4.055977044607338e-05
BHARTIARTL,2026-07-30,16,16,0.0007421300558368171,12,3.3543996430371146,2.9407684429994774,0.5217881804228146,1.9550032325680782,1.4517564806539784,0.1786891005928471,6.367817649199685,0.3545645630578386,1.6267662077686647,1.5255075492823524,0.4773646770388622,5.504595902783857,kappa_f,4.215420139443442e-05
BHARTIARTL,2026-07-31,18,15,0.000603042291999625,3,1.9190110592112226,5.791590006332122,0.6742950473162523,0.7892435514644145,0.5363767042893399,0.0852398284913588,7.923686276001263e-07,0.15998920112094348,0.9472839168082223,0.9497485560370149,0.231436253157846,1.9942022796124763,kappa_f,3.200326069659318e-05
BHARTIARTL,2026-08-03,18,14,0.0005577406794296694,11,3.956168087686999,3.0720783108506566e-06,0.19913657167736867,1.8220611556612742,2.4270039453170376,0.5481181325295836,2.610726399769251,0.3290714405364448,1.9140221332113858,2.607749971545382,0.7297539218825787,6.597770620421237,kappa_s,4.202834309382207e-05
BHARTIARTL,2026-08-04,17,16,0.0003369364251580138,3,3.5377830133732533,8.810923258337159,0.4864571619493991,4.725707106992113,5.978515967685497,0.3349143780268433,1.376193052999671,0.5041211561298001,1.8096926407262774,2.091663626652317,0.4277385164703247,5.138563673129399,kappa_s,2.83580948304835e-05
BHARTIARTL,2026-08-05,19,15,0.0010292355136108742,7,3.6560133023246912,9.352275382577872,0.318089873955165,2.460534521965665,3.8497756415175317,0.2345307448331596,5.604804947405578,0.32893388892202413,1.6319584855385552,0.9192453722660012,0.2421828722585495,6.2079745551424015,kappa_s;kappa_f,7.089337336655104e-05
BHARTIARTL,2026-08-06,18,15,0.0007792931894053061,1,0.0,,,,,,,,,,,0.0,kappa_f,0.0
BHARTIARTL,2026-08-07,19,16,0.0009061686603678411,8,4.545163576794934,1.195051678948289e-06,0.2905149731411026,1.456683349483293,3.454186028853397,0.46629565712789817,11.430021681759193,0.4421184362826174,3.893913629235823,3.2279917315823936,0.7511018856552292,5.519209966922758,kappa_s;kappa_f,6.963271401386228e-05
BHARTIARTL,2026-08-10,19,15,0.0011356503188812562,11,3.8489469107346763,6.21904275775003,0.015835871233816225,0.3116035292867973,2.2139343678863344,0.001189475566068845,3.4620362426621734,0.2536665540811642,0.9677329653387822,1.267959248546239,0.2913043880161119,7.150178604680077,kappa_s;kappa_f,1.5360548411899946e-05
BHARTIARTL,2026-08-11,19,16,0.0011459201772112382,9,4.585692429628116,7.996303324542289,0.8998883003964373,4.4439901165324365,2.9537556723043252,0.35656306398157156,6.2459762993672765,0.531399643763255,2.7202943171825837,2.492928122766329,0.5543340408568251,7.01407321803308,kappa_f,8.28299620911719e-05
BHARTIARTL,2026-08-12,19,13,0.0022131370395026273,4,3.295377836203063,7.600761852435425,2.093878150464855,2.36371589685025,4.239739051606441,0.45991946244239923,3.839669982852456e-06,0.42658938722401474,4.274071718624454,1.828961099627422,0.8156985661359364,5.477785470511217,kappa_f,0.0001928987450893851
BHARTIARTL,2026-08-13,20,16,0.003509446907875913,13,4.580896635039789,3.0065545360596198,1.1260369395314926,3.533569310987849,0.6773044340199794,0.3751502608241737,4.034582072396013,1.2927415201339576,2.4182949036774604,1.8939148857573596,0.3972142458039817,8.51720486529586,,0.00034167485690977245
BHARTIARTL,2026-08-14,20,15,0.0012285398279863295,10,4.197598127717103,5.272133689580189,0.7106732130159545,2.2837251427373193,2.6976940325219227,0.07797999240769711,8.130327408198916,0.6798116336817152,2.3367323792747934,3.543883283218144,0.13141205469484674,9.733727946058114,kappa_s;kappa_f,0.00010354361189598266
BHARTIARTL,2026-08-17,20,14,0.002183460862806678,10,5.192636119029282,7.618888091952831,1.3413952484809395,4.115756845209404,3.9893203124841703,0.21180911202961955,6.5929800980934825,1.173894650598331,2.4847920450520817,2.6629886219729153,0.23490063286883328,10.324249839231383,kappa_s;kappa_f,0.00012360910583662787
BHARTIARTL,2026-08-18,20,16,0.0008336012766356753,7,4.616431311041411,2.1047781368019045,0.5104005525780785,1.6219569486619845,2.30953835275009,0.2997567179874455,10.879028232319872,0.3865866554875278,2.846618558052083,3.4370235698934803,0.3968396831502212,6.829583966080092,kappa_f,3.0185573749730407e-05
BHARTIARTL,2026-08-19,19,15,0.0008559065153067564,8,3.0751392774608277,2.0507011662118657e-06,0.49491918564461723,1.8824124668747992,2.7442848234342465,0.22885822254174715,5.721299913542371,0.3430964027035631,1.6556547695681907,2.9928209666629737,0.3328223550100401,4.190470634580197,kappa_f,4.3857271715457436e-05
BHARTIARTL,2026-08-20,19,15,0.0005585041524219644,13,4.5152789045764585,4.090064058876283,0.20496601175083046,2.825756716884328,2.0605314864920414,0.13657552544064566,8.153644316550103,0.7002165714836108,2.418473369770453,1.645006142447973,0.18095630758206893,8.743586704949072,kappa_s,1.7687073415821987e-05
BHARTIARTL,2026-08-21,19,14,0.00034218910549501253,6,4.636251909503678,5.365346276123301,1.0628662236305402,0.7275889153835733,0.8751520335723837,0.18302391595144638,11.215788536049583,0.7293437826000595,1.472222936475942,4.731167261103138,0.18750241139715554,7.725217975397167,kappa_s;kappa_f,1.382237701298396e-05
BHARTIARTL,2026-08-24,20,16,0.0008959720505917619,14,5.3387566245648905,12.337630039147289,0.3709792570070094,2.4983446357780226,2.9478907473132985,0.288642490201925,6.905156700756021,0.46861413865684326,1.9402277297483645,2.0588293573391807,0.25535670949116857,8.944751298693218,,5.2219557512904816e-05
BHARTIARTL,2026-08-26,12,16,0.0005217811809791591,2,2.6023905741439233,8.172496844658678,0.7811234200308641,0.3666046269217027,0.13851304812768195,0.0013848987977340074,2.0997416889656506e-06,0.06450321110152452,0.3706268114748523,0.1471937217919308,0.08792557285651892,2.6023905741439233,kappa_f,5.7615351501546196e-06
BHARTIARTL,2026-08-27,16,15,0.0009156783383615354,13,5.553065142745051,6.1910046415302205,1.9623388532334345,1.1751276771535992,1.316747681410329,0.26746992245752776,12.459224372892027,0.43442170591177126,1.8218858173078138,1.350679543341227,0.49006414246348917,9.191705164905319,kappa_f,2.771980039432845e-05
BHARTIARTL,2026-08-28,15,15,0.0003579083718216321,7,4.115856573176316,3.2994451615309117e-07,0.5747847874663969,2.12826717968783,2.483464933225157,0.16449252822058802,2.2411445594786423,0.601451287513593,2.476426355837874,3.006091516876498,0.15501291231254805,5.994590423919754,kappa_s,1.0010274314943611e-05
BHARTIARTL,2026-08-31,16,16,0.0008270659961085112,4,3.8674984760162774,4.6725516105290765,0.9923797407825206,2.3188106617620887,2.3375952078950464,0.20580278890395115,6.198496903075837,0.3172929563883111,0.2317375509978643,2.5813084674100497,0.4442230932595682,5.548262143640339,kappa_f,6.322491877675288e-05
BHARTIARTL,2026-09-01,16,14,0.00058356081989762,3,3.035807207203897,7.342408585935056,0.4943580654636287,4.708191089272292,1.0887570361929018,0.24029070184657877,2.669129096555274,0.47309839936690784,1.0575097031572884,2.2941154467425084,0.2996842095242479,4.920986089015193,kappa_s,2.2453565715832655e-05
BHARTIARTL,2026-09-02,15,14,0.0005503013255459052,5,3.7665340143867825,1.418582103340782e-06,0.3004395283814578,1.694662409998164,4.865188673417551,0.04920381487959116,9.434961423279947,0.27998610455995004,0.7919693496185052,2.354199489715902,0.17716002204815662,4.712482608385594,kappa_s,3.709556491648632e-05
BHARTIARTL,2026-09-03,16,16,0.0005851902415709513,3,2.743621061952269,8.591953147628203,0.8395297015357284,0.32443150750850425,1.2133296709235384,0.17533486723387348,1.4992101995403573e-06,0.09205787415710429,0.6769799172322677,1.0099950039632484,0.2630203132479979,2.7929691812689077,kappa_s;kappa_f,2.782033639446872e-05
BHARTIARTL,2026-09-04,17,15,0.0012370884863949713,14,2.7500897795092243,2.2219268116679487,0.4382598184134495,3.5185594523368664,3.0367993348110525,0.09450039930526404,1.210038792009982e-05,0.16934247645908818,2.2300130118040173,2.066098692044267,0.22294108596676554,6.571576771094394,kappa_s;kappa_f,6.983492862746416e-05
BHARTIARTL,2026-09-07,18,15,0.0005381791790554819,6,3.9381587527417246,9.280773181824769,0.5510450821673765,5.013118286551421,1.7666195346815439,0.21746621412949457,3.363802584931097,0.5359023420404251,1.5053761049206384,3.114588775114277,0.3133806554197361,5.978332724992593,kappa_s,4.945735789371091e-05
BHARTIARTL,2026-09-08,18,15,0.00045913556568755247,2,3.4363422263558134,10.666431450495807,1.1441636530887442,1.0694123498878705,0.8168939902379804,0.08692917289854694,1.174672842552127e-06,0.10786262722023165,0.49888597911680854,0.9509159144548842,0.1390349734031766,3.4363422263558134,kappa_s;kappa_f,2.4088763751895946e-05
BHARTIARTL,2026-09-09,17,16,0.0009359728583224104,10,4.167092666886402,7.489132926252751e-06,0.4611439548935881,2.108329822802827,3.2901278903535247,0.28909191643877785,10.389701204809949,0.41400517675335863,2.2879316509356737,2.768596340642594,0.3919127675074832,6.3166899520464,kappa_s;kappa_f,7.843055265799694e-05
BHARTIARTL,2026-09-10,17,16,0.0006765979991596704,5,1.2096719734657309,3.814667611696194,0.14326272372831256,0.24566401975408736,0.004949187360024365,0.0013164847179602673,1.249910397405074e-09,0.0035335082202264945,0.020030151051098066,0.003881184013658334,0.008380078984556727,4.993332322942074,kappa_s;kappa_f,4.7072031838353784e-05
BHARTIARTL,2026-09-11,19,16,0.0010002428487556035,13,4.2361717009728075,6.6610313080395445,0.7648120568424558,2.0818071423572144,2.353085571030074,0.2880711787839827,6.593686329251186,0.463102614177896,2.564100201783052,2.5839066748030017,0.4179857029762366,9.97251188252604,kappa_f,6.272919932831002e-05
BHARTIARTL,2026-09-15,18,16,0.0012047872112279426,13,3.820710902398713,3.539157212306389,0.7310781918659341,1.9558457469966966,1.873849968138897,0.2323395960675039,6.056065460416859,0.30078118935435,2.159466643827683,2.519124750225682,0.3396471119078121,9.040133789053705,kappa_s;kappa_f,9.826295312637275e-05
BHARTIARTL,2026-09-16,18,16,0.0006088550749913623,8,3.931092640005329,8.777823610447825,0.6976292370787465,4.455917297270457,4.258174104177375,0.13546725458529746,1.9747479214426118,0.48273277587347074,1.3780990562700581,2.0213235944892034,0.15726508129332328,6.458157205199847,kappa_s;kappa_f,5.851672217105971e-05
BHARTIARTL,2026-09-17,18,14,0.00041840527517832853,6,2.6933710743987547,7.514764696264082,0.9243993243600194,5.496703201224141,1.289618513914748,0.07824641880718092,1.811545864427444e-07,0.4567919173115157,1.7409639321085342,1.668937822757157,0.052603786505146743,4.748147006897033,kappa_s;kappa_f,1.9791254868739517e-05
BHARTIARTL,2026-09-18,19,16,0.0017642242361579441,14,3.924924133779121,6.421805638886022,2.078971992053515,4.398231297501538,2.744715305916411,0.0005465171421217784,4.192133879502469,0.7969994320029781,2.598811261015939,2.3188227217932718,0.16832197083889328,9.943234507609912,kappa_f,0.00015991863344930754
BHARTIARTL,2026-09-21,20,16,0.0016197842253164857,13,5.644507198584023,10.503999511118728,1.4213454483657797,0.7040086826209537,2.378539920774804,0.2493952375353652,4.837538895693497,3.697825116858732,2.2011064140615715,1.6522511637467705,0.2864364157237035,9.624152945378158,kappa_f,0.00015518879619064716
BHARTIARTL,2026-09-22,19,16,0.0005177088211791479,6,4.322277499370912,4.1480456292360035,1.746329838160046,3.345123233941934,4.626946038330599,0.10386118701363288,12.360102919945255,0.44924693076480415,2.363396192961107,3.192971812692217,0.14651905525252132,5.784973987355122,kappa_f,4.682387128136182e-06
BHARTIARTL,2026-09-23,19,16,0.0008553158204587895,11,4.990804496408834,8.158831359139192,1.462019615113007,3.1574648002132166,1.9962620880404438,0.05502949983906896,12.405148041590586,0.7997432173524885,2.4461286664448934,2.6530696267516514,0.07742140055783753,8.968539955007675,theta_f,3.483967381441339e-05
BHARTIARTL,2026-09-24,19,15,0.0030603995880453096,15,4.062671136461087,6.102568073205111,1.02758150671563,1.6114649656403364,2.350210295952463,0.16266753591006813,7.740500335772332,0.4496753428936095,2.159982446154964,2.056150786830929,0.20418219301763038,7.141523307600268,kappa_f,0.00014976547246651215
BHARTIARTL,2026-09-25,18,16,0.0010917499615452078,14,5.858475433337197,10.310620672329623,3.480566713065019,3.729511229834782,2.436372445912582,0.1765327005979314,7.402448261776611,1.1665051325862124,2.4386421134470684,2.754333662831808,0.2076192962673919,9.474590217092622,kappa_f,9.369573970305052e-05
LT,2026-07-01,16,15,0.000977974055699615,8,3.5055777543009747,5.35272639564745,0.476910668291179,3.7853324483801587,3.1536798445955982,0.4421504985155428,3.7213461393805467,0.5339732670958657,1.8853332862040488,2.5117137348904253,0.5442397440977774,5.7936643881196455,,9.724247179688562e-05
LT,2026-07-08,20,16,0.003753009898150665,13,5.994142754934138,6.257473328118518,3.607608349897676,6.551397199355901,1.6918141660231178,0.44231191521176416,2.9241614453088065,6.004934641009817,5.268731273016408,1.44245633201121,0.6613977923223842,8.717360599298608,kappa_f,0.0003633885113743232
LT,2026-07-15,19,15,0.0016005903838982834,12,5.760415059582055,6.142392905115724,3.0530247112553637,11.32547287576784,1.7772167778815464,0.38015173241183864,5.059410501555593,2.1736980309930947,2.679585992589237,2.4005014889319503,0.4500427997762331,8.197967360882314,kappa_s,4.089426378333012e-05
LT,2026-07-22,19,15,0.000898557598204041,12,4.333346571024243,6.504947924380287,2.5879820918112886,3.4317071971319075,2.0262795056469876,0.2915122976607245,6.111573641831569e-06,0.5164232714323848,3.8779925201867167,2.6671807774194694,0.3853082237083315,8.790996185252066,kappa_f,4.449263299181644e-05
LT,2026-07-29,17,16,0.0021770793143514686,15,7.139903261046428,5.119759788364937,6.708668621739394,3.7794402592113974,1.5607095447379693,0.433940579925635,5.816713291564738,7.167517607439025,1.4516368924997523,2.4327533287463456,0.617777409175366,9.803091782765236,kappa_f,0.00012953633137334063
LT,2026-07-02,17,16,0.0015575546769332708,14,5.705128320769929,8.332726103006053,2.6009896280787754,1.5893522681843875,2.6712472711791344,0.088098534850274,4.20720718245855,1.0426720071069537,2.1598023999303995,2.947806933699205,0.405503258787521,8.790542243982976,kappa_s;kappa_f,0.00011452292786323626
LT,2026-07-03,16,16,0.0008798150387905608,7,6.1071189653535605,12.365501263373734,2.0449705284129593,4.378503400205423,1.908987057695886,0.18397649136355715,10.817540541785512,1.2897863393595053,2.8975386639119507,2.33458339563826,0.3980329207608957,8.039127689963436,theta_s,1.8358432977901907e-05
LT,2026-07-06,18,15,0.0011502226074732525,10,5.260043841173976,6.507448532161402,2.8994947070797714,5.763144184748893,2.177692145495651,0.21341938003616254,11.88697365916765,2.4139129505972203,1.707723096194012,3.1361134137750826,0.39318218502674396,8.354565526294925,kappa_f,9.371816196054482e-05
LT,2026-07-07,18,15,0.0015463021515706799,10,5.508548260935455,13.412104748721271,2.1786232628814477,9.161628055699863,4.401067254156158,0.2661295394626679,1.2701868115307358,2.1673335042558035,1.985879629040494,2.7446451067320434,0.26555692013261645,7.667254099527346,kappa_s;kappa_f,8.316394683346496e-05
LT,2026-07-09,19,14,0.002227356196388435,10,5.219898567679079,2.5391219431179284,2.6795896316548555,4.32145252617501,2.8975235738976295,0.35873591072805633,16.01401819284408,4.259266874896606,2.1521692491312283,1.6163066843670197,0.5669968438696017,7.8595998332549675,kappa_f,3.739738594051977e-05
LT,2026-07-10,19,16,0.0010484639205906629,9,5.658155220287314,11.033445951180546,1.515946048037606,4.644149901043952,3.0777725529493103,0.33970276090062146,4.229625936556268,1.399617689898912,2.202225632306348,2.325502134784146,0.37790981365011045,9.401076564138991,kappa_s,6.987290779204673e-05
LT,2026-07-13,19,14,0.0012034583532730264,7,4.475055472957741,2.4952714401209235,1.4733685409133677,2.4509068570444628,2.4937988771385817,0.5214246994721939,6.562014412400586,0.8142548972407391,4.043606097695563,3.6238391734677418,0.7957745991865672,6.324076379212633,,5.7174770299226645e-05
LT,2026-07-14,19,14,0.002211117238764031,14,4.617816793576999,6.164416551302329,1.1782606687577797,3.3463011065117154,3.024133936422631,0.12240357427456494,6.576571495657175,0.881610395027328,3.6901495580222092,2.225862148139199,0.36740447084449857,8.269647757856655,kappa_s;kappa_f,0.00020798087688259212
LT,2026-07-16,19,16,0.0013067547876677097,13,5.108212431159295,8.852475489593807,3.519241801408099,4.57196198947655,2.9992812057248006,0.384460568886149,10.178049004682203,1.4035245591432481,4.7512415602958935,1.979579811876258,0.460356162503626,9.66359866949808,kappa_f,3.368586010386626e-05
LT,2026-07-17,20,15,0.001304773428645214,4,3.4670491439812197,3.7807594578499426,2.248546130275716,6.395171929984016,2.4966993955957975,0.3302367791775255,4.786338329893303,1.318847015282517,0.9692206276315645,2.3510936544740924,0.46682999603778,5.729682214666974,kappa_f,8.139542482701921e-05
LT,2026-07-20,20,16,0.0018340550740864531,15,5.522480138766082,9.798407238700804,4.617724072687038,4.141632891871962,2.1077741955104585,0.4447246525709892,4.5411981427028545,2.5433089195689096,2.4620838860164285,2.3699484906278947,0.8955192271951343,9.798618779283842,kappa_f,0.0001653818247415635
LT,2026-07-21,20,16,0.000717322574607206,12,4.875255154955151,5.80377799792822,3.8419849609874337,1.519069927504892,0.4993998902206922,0.090570983677632,12.348088326364119,0.5735528550598605,2.824941995834444,2.036424788516281,0.20998657580097135,7.989674011828562,kappa_f,6.940438146315882e-05
LT,2026-07-23,18,16,0.0005542257791569367,10,6.475531087584525,6.40800792963181,3.6974315298948524,4.207692481811404,2.9797271960227008,0.5020912990169333,10.635178646848257,2.518403048302169,2.2981713747034167,2.430875643476533,0.5869655758639959,8.755476321855177,kappa_f,4.3825639928468446e-05
LT,2026-07-24,20,14,0.0006731915829602112,6,2.5057036423161283,9.643978120976726e-06,0.25717269597035086,0.5218441062525994,4.094055973402003,0.29989445309055585,0.4722376139778284,1.1205500673120479,1.0458427016265697,4.956223934093534,0.3786975622415497,3.8478448380889043,kappa_s,4.9643017749499935e-05
LT,2026-07-27,20,15,0.0006827420062208598,7,3.20809490789455,5.535426035239945,2.7738406903964776,6.004892948088484,1.379576913478198,0.09309825718543473,1.463148620928223e-06,0.3463612566933395,1.1341111061054852,0.6879425106233348,0.10158281795594037,4.6649938524753845,kappa_f,1.1212119590611204e-05
LT,2026-07-30,20,16,0.001557612381706778,13,5.261633466967406,6.649947745510418,2.949040183185825,2.071850455617846,2.9991387241386507,0.7489770648780598,11.419591331753542,0.717158850266715,0.8951358626906034,2.660285778210161,0.8390084858946458,7.9677113354153555,kappa_f,8.784828408086556e-05
LT,2026-07-31,19,16,0.0011324055747323094,10,3.6764456806524075,2.744426157604538,1.3549279831308796,4.281171856059086,2.2796897276849135,0.2892773452886976,1.7465592395599705,1.2851107125806345,2.2776048246369536,2.5236278559832295,0.3790038053739284,6.637695424167529,,8.14228974595438e-05
LT,2026-08-03,17,16,0.0009551249487139359,14,4.962152977508977,6.465623521350034,0.914475992683091,0.9332835287103224,1.3279398076788063,0.7055008426718078,13.287070234386722,0.6260298930772161,0.4414194478464424,2.2147594958019634,0.9280873927080449,7.898467075012197,kappa_f,8.521543075547364e-05
LT,2026-08-04,16,16,0.0005977743596424094,12,3.467190961670854,2.89724233157197,0.6168490762343223,3.57943709723551,2.275717910576982,0.3635627945624668,4.86710023395176e-07,0.4386773815338722,2.2782415687086024,1.9147451653949132,0.5340247085151206,7.138857201511975,kappa_s;kappa_f,5.2548195996981366e-05
LT,2026-08-05,18,14,0.0008221739161549699,10,3.974026897581417,2.303989468543932e-06,1.2514289422298697,7.155533209515661,1.7977281433180952,0.3192376310428326,4.778718526650726,0.843245887988731,2.1996129222693326,3.0355892926287495,0.40616105373036654,6.280206244037599,kappa_s;kappa_f,8.108794586087398e-05
LT,2026-08-06,17,15,0.0003651966864226162,4,2.153733788815355,3.9654701316005796,0.000504438184046078,0.08038544911429195,3.432105782867451,0.0029322721240180143,1.9600583467394017e-06,0.005832889278652331,0.11700873739001283,0.013022835667725441,0.005326696887441362,3.193098630591162,kappa_f,8.49124166020027e-06
LT,2026-08-07,18,16,0.0007355461438700699,11,4.227036857955364,1.0219135262445889e-06,0.5389917679931465,2.08152640871383,2.5330462228530943,0.40465096966211256,7.658058223114494e-07,0.6305190996692928,3.509188193953289,2.6514937201192446,0.5889997933336889,6.865812891666552,kappa_s;kappa_f,6.812258541218335e-05
LT,2026-08-10,19,16,0.0008437045681322432,10,4.703908850202199,7.288984937687612,0.5677808815958509,5.051903694802672,3.0043837196515004,0.43060234334841396,10.645406706253986,0.6114514173061005,4.2852452226126,3.091862096102841,0.6149060382106893,6.967531739937927,kappa_s;kappa_f,4.4694422625008194e-05
LT,2026-08-11,17,14,0.0007109086906813881,9,4.35284836690891,7.900437311508133,0.5863728984191914,0.4042511146292137,1.7386884216207628,0.41551764058432267,7.932820434630058,0.5442267394260033,0.9258286865653356,1.7659594397513565,0.5553009420110823,6.590996762671136,kappa_f,1.0316235434017348e-05
LT,2026-08-12,17,15,0.0012562276468495721,6,4.618318332228605,0.0004158306499633113,0.5908534597198243,4.647305307514424,5.09926461502452,0.21598934593952732,10.072924853596597,0.3920065345675182,1.725423667049487,2.562314801668246,0.26958766538947176,6.843130077328898,kappa_s;kappa_f,8.246597737734105e-05
LT,2026-08-13,18,16,0.0009605381983491052,10,5.2492240426211145,7.543555951667832,0.8408641535546957,3.68085980386434,3.0675529017511662,0.3302305920947486,11.675282729276084,0.5218552841500711,2.7702795082387297,2.1952687109911926,0.4714980206729067,7.524178222919813,kappa_f,8.61341626034578e-05
LT,2026-08-14,20,15,0.0009068678584068743,13,4.260618412637905,7.702524229516078,0.7239545253805266,2.832628172271012,3.091971722726032,0.240576306615397,9.302405951316928e-06,0.5383190646440207,2.2684864488884013,2.256998976570748,0.2919777660304479,8.300391460864732,kappa_f,8.492773289401191e-05
LT,2026-08-17,18,16,0.0013704598994737115,8,4.901468384249279,6.921810440712022,1.0537186151141618,4.8751227305503555,3.643909015185935,0.3143368623782212,5.636594373968302,1.2292676651528505,3.393958556128913,2.217215691935049,0.39557800278888566,8.953639348483195,kappa_s,5.8637425347093756e-05
LT,2026-08-18,19,15,0.0005058362968052082,8,3.9933450721725094,1.9104664463753807e-06,0.5183893626473128,3.078612231585466,2.7424399488206648,0.35644707345892046,8.225823313384806,0.6284916575227542,3.723479135395783,3.0510759225319175,0.45019582841342454,7.430488755733423,kappa_f,8.032439194854686e-06
LT,2026-08-19,20,16,0.0006395634044529557,11,6.121765179321422,8.343929013012186,2.4085014578161177,2.738597124946205,2.3816667180264313,0.16042336640492794,11.054800677652189,0.9942158642671396,4.713495929912484,2.2175929777652668,0.24855199638684355,9.257973261764546,kappa_f,5.031873005245625e-05
LT,2026-08-20,19,14,0.0005840390816938681,10,5.4709762259021915,15.056602670533382,3.0141312234652586,3.225028959481218,4.200403162343562,0.18035800523568685,4.088346434395757,6.649243477164889,1.4702850374954584,3.1055883725113964,0.23049949760131483,9.739050716842682,kappa_s;kappa_f,3.557013409911166e-05
LT,2026-08-21,19,16,0.0012739705725908319,12,7.0156871398240135,6.588465462844929,1.2245224494650948,4.733150210525219,4.358443013387043,0.011432368746380955,3.961022243391989,14.059868486593148,0.5909265721893142,2.518254742509546,0.037051476377448045,10.09064024451731,kappa_f,2.946371175403242e-05
LT,2026-08-24,20,15,0.0012272994808341907,11,5.705272719979116,12.213843015010143,3.4931824984227133,1.6516817180210008,1.6269707348048206,0.256278789530326,4.224195090664635,0.8158301899908162,1.7444196458264378,2.721779898881214,0.2797197434683776,10.173062038435877,kappa_f,9.726345895486456e-05
LT,2026-08-26,14,16,0.002652334018609011,14,4.052169407953063,0.000130042256792251,1.0376749690545648,3.479085828267251,2.0795676072427938,0.18933574125063624,6.460540224582141,1.0257779071206428,2.4899292438552303,1.1743636270193316,0.33852493889459084,10.138588372793294,kappa_s,0.00013215567013399052
LT,2026-08-27,13,16,0.0009450791928531221,7,4.732314578387624,4.6168535877888335,0.9866273859772493,3.0409245018338975,2.7088202778357955,0.07798329222726319,6.060584071549034,0.9429646015174843,2.275452353903189,2.688055353998896,0.2034629937004377,7.210006406601151,kappa_f,7.030476515369603e-05
LT,2026-08-28,15,16,0.0004223154550281941,8,4.747823210956639,4.0213727938687365,2.1879693345951563,1.8030037259538667,1.9321202935474737,0.2866260681613484,3.0856937615636215,1.3612782144392317,3.5633342012725113,3.0369678022004045,0.4467121032711372,6.02071993491547,kappa_f,3.8525948419839925e-05
LT,2026-08-31,17,16,0.0012424350647659405,13,5.518917090389935,7.666115718437391,2.367548614449457,2.512546082211207,2.987244489277304,0.5441427360100121,12.409479768136016,1.101354363629699,0.7134255194101435,3.3767592373218616,0.7748733610433045,9.060820316512805,kappa_f,7.48028291133922e-05
LT,2026-09-01,14,15,0.001754050495372765,7,4.179502152397235,10.436735135539127,3.3654289457682527,1.079507916240841,0.2662888424062665,0.06417088222914755,0.043499950280446065,0.06380216321952759,0.7880421945160012,0.26396399702957296,0.15302044506814538,6.927846929236483,kappa_f,9.460110930666608e-05
LT,2026-09-02,13,15,0.0007514557034492276,7,4.58416258936789,1.0008479716318726,0.5654172739668846,1.9182195377008,3.043360158913824,0.21267414883751873,8.66215540498594,0.5853553461925768,1.3442697398301071,1.9231432165724265,0.26260199701631615,6.562918503976711,kappa_s;kappa_f,3.182611889364427e-05
LT,2026-09-03,13,16,0.0018323185887918665,12,5.374453507844615,12.648529775338725,0.6387442163212442,1.8449717229609526,1.0363653078983706,0.22441085916830697,7.637776957589108,0.7236601058171228,3.5324663545329553,1.6210014784482576,0.323074694234757,8.91589662053658,kappa_f,0.00018304974104071752
LT,2026-09-04,14,16,0.00105930298679083,10,3.9484355820893393,9.132485573104532e-06,0.7847712422622535,3.550015912033915,2.215521062761009,0.23625765698958306,4.065288349907246,0.9453815540537094,3.4950051488892013,4.291745122993687,0.31726138201959764,6.595557281355679,kappa_s,3.070879949398789e-05
LT,2026-09-07,14,16,0.0005664662648647926,10,4.505676808722009,1.9868814682411085e-06,0.8214783203138443,4.856484948605774,4.066980796688355,0.2311752005706135,5.033978310715109,0.6098448784412072,2.2676206797076626,2.43279891576293,0.2999560661152958,6.798001453754888,kappa_s,5.32549633219427e-05
LT,2026-09-08,18,15,0.0009172726594782823,12,4.0894323352673725,5.822657981856173,0.657937566221785,1.3264557448909766,1.5558577086225251,0.2196920685900667,7.485877049899728,0.32549509755819533,2.9184113025505107,2.0586590133609226,0.3178700102540246,7.081485428871983,,7.369751137965342e-05
LT,2026-09-09,18,14,0.0038409791296908054,12,4.646618564387416,5.765806001656474,1.5180254486869393,5.170438326927588,2.568939225393801,0.45791184247124983,9.159475165835847,1.3199092084008535,3.4133053794714776,2.462784642675331,0.6875137621032292,9.248373841951196,kappa_s;kappa_f,0.0003685656176772587
LT,2026-09-10,19,15,0.00122392937227467,10,4.327785707500204,6.037444374385112,1.374182199566723,3.1223410981224773,2.532037948986483,0.6032394999416449,3.8966048614656295,0.4904021301112345,2.7091863861357677,2.4386923549356765,0.781303638780434,6.979765951253682,kappa_f,0.00011650520884074075
LT,2026-09-11,19,16,0.0009256803738846366,9,2.1124872469888674,1.0983396698804881e-06,0.15518548115801623,0.5431812803519147,0.2865346088459775,0.04865714614754493,3.6995869437105258,0.2734366907367307,0.36471477196991886,0.3429431248924315,0.07760954208390108,4.170331520419524,kappa_s,5.394021652617876e-05
LT,2026-09-15,19,16,0.001217452607971449,9,3.260746647867886,6.998321757348606,0.43831358341085397,1.778182138647582,3.191408152693824,0.012781361465917615,6.088820649452487e-06,0.2790349229927649,3.5050874529671185,0.551791900815604,0.04397268727012216,6.331219874796259,kappa_f,9.126813302116248e-05
LT,2026-09-16,18,16,0.0006212770364273223,13,4.700679417425281,7.200490675109753,0.6899034317653217,4.291031891194721,2.44072057445843,0.39889835138454355,11.659441712968315,0.6107373314054247,3.580950269835495,2.6376570507855392,0.60315286099058,7.3376722276017485,kappa_f,3.412556115968586e-05
LT,2026-09-17,19,14,0.0011057958767479422,10,4.017512817966695,5.014791803148455e-06,0.9051098289512478,2.0987766452187886,2.0155049194493,0.2778177754420644,1.15870926751436,0.5268488400391916,3.3124406562934,1.947541865033256,0.39805130584375104,6.659962180989073,kappa_s;kappa_f,5.205584655225393e-05
LT,2026-09-18,19,16,0.0011895783270009684,11,4.593976661002481,6.982721463580724,1.577638803096739,5.5735270412007125,5.048302491753782,0.00024535003518300134,5.429391726925019,0.8842152221163999,1.5764031021814118,2.5251675876617825,0.07159953015122611,6.358383185631336,kappa_s;kappa_f,5.3727812672365975e-05
LT,2026-09-21,20,16,0.0005694531634131072,9,3.8659203930561983,2.6664767265316414e-06,0.6133785683820646,1.9129269497505383,1.934421950659247,0.22089136248981245,5.060171371133852,0.7118418025666726,2.6842268447475126,2.6608169425282746,0.2794314377638802,6.13878012959164,kappa_s,1.5908743429800926e-05
LT,2026-09-22,18,15,0.000958443335620319,8,2.7866314177320737,1.0122598499862079e-05,0.7430486151256243,2.1212587595978203,4.682517630337202,0.15406396857003718,2.7536914526277094,0.5316255202022231,1.875573172791285,3.1083222985792904,0.19818476349251335,6.3892523716087215,kappa_f,4.437549327190968e-05
LT,2026-09-23,19,15,0.0014838844330013294,8,4.43412429660003,8.963650257277184,2.6996665631729617,2.6989187789602047,2.7145589845015294,0.15457692558103006,9.385331318150282,1.0624931275885392,2.182380341252811,2.014114337099387,0.25490224302402387,9.979815250311201,kappa_f,0.00010659078080060705
LT,2026-09-24,20,16,0.0010482985158191958,13,4.039694710733787,3.311626878344911,0.5470550993708152,2.9454485504934365,2.514604087477414,0.30041830188155416,6.341413503541677,0.5316873756608577,2.784508414888995,2.196465546267566,0.4515504799200444,6.57570073078895,kappa_f,4.228523798957833e-05
LT,2026-09-25,19,16,0.000361110031287777,10,4.013815953442342,3.620933056460844,0.6989679019854744,1.910559536693171,2.552936187950858,0.4070133976697393,5.323032602734227,0.6344409279998622,3.1627086462463745,3.0366929515272614,0.5680257192790609,5.1798783656970615,kappa_f,3.497967569734327e-05
BANKBARODA,2026-07-01,13,16,0.0017934973319988134,11,6.506195570081817,13.311150313162015,10.991088970356413,5.052584281701018,3.5281347194525914,1.3436278906603165,10.61747234152762,1.8133454724382045,0.0417046916034467,5.315330344703437,1.8111061145506033,8.143463822021618,theta_s;kappa_f,0.00017759233532737314
BANKBARODA,2026-07-08,18,16,0.0010080384197356364,11,3.2270679640708964,6.459240226730685,1.5995666230916397,2.788041534752115,4.3029821702960325,0.0031251699699921436,7.91743243411247e-07,0.6205526524153329,1.7192922489790856,0.2579444755438398,0.1680567439448959,7.065781534288204,kappa_s;kappa_f,6.493120237561069e-05
BANKBARODA,2026-07-15,20,16,0.001522031297265424,14,5.026545996278196,10.605817192843562,0.1767776595602173,1.9394590385802544,3.4003543223247656,0.01939658589367192,1.2313894025213168,0.1688921852109652,0.9299559395463597,0.9152515289341738,0.6903018758444168,7.381431022584709,kappa_s;kappa_f,0.00013331589732357607
BANKBARODA,2026-07-22,20,16,0.0011289612334046183,9,4.261395277460118,10.896241377452352,1.2493531383684728,0.38143801180174275,3.391718378447525,0.5422416654655606,2.616072762470389,0.2670573869766135,3.4360876078637688,1.9386744700498104,0.677006990669974,6.196534934256982,kappa_s;kappa_f,5.59937212862658e-05
BANKBARODA,2026-07-29,14,14,0.0011937052641367353,5,2.0097119543525888,6.113759894540124,0.9375744640403928,0.6133897964797739,0.5915990326075768,0.3158188363880271,4.854070974502633e-06,0.03879291409286384,0.12637815593885016,0.7088141947378508,0.31819392412246494,4.944860044017278,kappa_s;kappa_f,5.9309743512490735e-05
BANKBARODA,2026-07-02,19,16,0.0008139590373242045,12,4.567115428561621,5.074745766494867,1.6336899385262305,4.781272862453484,2.1838170541278235,1.0501205849835284,1.864136727311854,1.2052024923503006,2.8597789905747177,2.52008775095595,1.3454731565868112,7.934898473486597,,2.6908331345823467e-05
BANKBARODA,2026-07-03,18,15,0.0010930154262126322,10,5.482968852370911,10.497749022253243,2.9450250437512318,6.010472633660672,2.0274383418617896,0.3460829041966354,3.6024608162757397,3.1740676685797355,1.9425254360707673,2.0668772198798786,0.8096614159893765,7.800706953045406,kappa_f,6.589921932812718e-05
BANKBARODA,2026-07-06,17,15,0.0013842932290652349,7,4.871791750092296,3.2271042719094503,1.5489016513568534,8.177645127657778,3.2352638431002934,0.8316370922519987,0.0008505473347222292,1.7707095986983692,3.774886826383524,1.8829481476250012,1.602015990837617,7.336848365264819,kappa_s;kappa_f,0.00011631368073638615
BANKBARODA,2026-07-07,19,13,0.0004150964457744778,7,5.504598979479338,8.4206316712122,2.209012002210876,5.9328030524966495,3.4677489214880044,1.103750251409209,2.21158409396,1.3746664528544459,2.0175353702950525,2.2449722005113255,1.4925801052007546,7.242544984619805,kappa_s,1.633661555083555e-05
BANKBARODA,2026-07-09,18,14,0.001152317023635034,10,4.757435176500192,4.753526457416378,0.5152464944506745,3.6733578986146678,2.6810181746640045,1.160377519799787,0.6078302210934794,1.1681049579182787,4.061718303825953,2.2157693774042486,1.7411602781827566,6.689659064784193,kappa_f,4.3546148518902464e-05
BANKBARODA,2026-07-10,19,16,0.0013149052940591769,12,4.386955010948244,1.3984395065946842e-05,1.0773478176722913,6.830429643627326,2.457599633281481,1.0507258456250845,4.893905585189911,1.159543071174121,3.586440632424206,2.609626576920434,1.4198775929431298,7.831061894180983,kappa_s;kappa_f,9.797537080616326e-05
BANKBARODA,2026-07-13,20,16,0.0014004892518674772,12,4.535247986156175,3.7963568145116255e-05,1.5619781791158383,4.816298498612273,2.0035511987628936,0.8865088872695658,3.6937431160931293,0.7519762755045696,3.865621602621853,0.9237389994099592,1.4438475495089902,8.485943440865965,kappa_s,8.253952073738135e-05
BANKBARODA,2026-07-14,19,16,0.0014865330953588358,13,5.108570210193017,5.244792554235696,0.864310007675224,2.7327717350375043,1.655328879481917,1.3736143194447883,5.170328874370966e-05,1.198921253809123,7.055632607973552,1.2420769504825429,1.8101679602354523,7.682680291000983,kappa_s;kappa_f,0.00010541394485515045
BANKBARODA,2026-07-16,19,15,0.0011879465101132165,8,4.164568582216006,7.174065773471874,0.2870001175619523,2.724958256651913,2.9133621760340054,1.776194853495484,11.132716689619533,0.06340924808941982,0.8657059351956984,3.6686636199289513,2.0317126425592082,6.619331232444355,kappa_f,8.20531983324966e-05
BANKBARODA,2026-07-17,20,16,0.0009349440837479765,12,4.265582837730953,1.7619332957518008,3.2308004282484375,4.234164539516193,1.5207041844829885,2.157706320001534,0.24312476912173642,0.2479612084338863,2.0515317232597763,2.440965957797944,3.1298803317678,6.643892275488718,kappa_f,8.948240059597273e-05
BANKBARODA,2026-07-20,20,16,0.0023617322764406872,5,2.399274069389369,4.575467363259738,1.2838750525590341,4.911322858104998,0.2369792255821639,0.5374948794868635,1.4481595229653976e-06,0.0488343601074704,1.19184617604194,0.5943408128256664,0.6048109905907846,3.3898825605526497,kappa_f,4.5274404705488835e-05
BANKBARODA,2026-07-21,20,13,0.0020603441572387506,6,3.957482191738586,6.715600070778706,0.5676202936373334,5.029745063774232,2.9925069865206133,1.8928554018861454,8.050406526425215,0.3121905630272982,1.703076834362209,2.2547729839299615,2.43358275240471,6.207807444192603,,0.00012481784180889488
BANKBARODA,2026-07-23,18,15,0.0005520966454547701,5,4.654362618214842,12.333032856465858,2.1352873519325293,4.8794276974691515,5.811608670078622,0.0003265320339620638,3.9542280738658064e-07,0.7663296580774595,2.3835021221235246,0.8892508051076259,0.07586068722049255,6.233082815749571,kappa_f,4.63287133217864e-05
BANKBARODA,2026-07-24,20,16,0.00471280351016885,14,4.776103840269571,0.9559109844241291,0.6428919597639953,4.653301866976927,1.9240990991099443,1.0053003605379764,4.701084768816536,0.442786202344325,2.8310327064082523,2.1930038780469,3.08133456946141,7.246981178063633,kappa_s;kappa_f,0.0002926478019310884
BANKBARODA,2026-07-27,19,16,0.0007318130614457893,11,4.006926863960894,2.311559945397887,2.103917613561242,3.9863548680578837,3.2467492865977032,0.6658058947583816,4.27258452617707e-07,1.21145289921623,4.889544713165523,2.7713346021825433,0.7607225445716975,7.119700204011297,kappa_f,2.1382406200684545e-05
BANKBARODA,2026-07-30,15,16,0.0007469107707150414,7,3.1631279475420397,7.651213182337345,0.6385134922707626,0.15048378182393526,5.389991094114019,0.0007220838964221315,0.4733465815327982,0.0009016292224410805,0.37607241001095204,0.0014194531456781512,0.03573802244177138,5.780565512318782,kappa_s;kappa_f,3.688464119509067e-05
BANKBARODA,2026-07-31,15,15,0.0012658054330444916,6,3.579820573710509,4.069609564889372,1.6984546697716087,8.93696395360708,5.401471980586038,0.001221232519354144,2.0838477610141126e-08,1.1422348891127678,3.173016271115787,1.5167111800236137,0.3532665880694079,4.041459903237538,kappa_s;kappa_f,0.00010911209607916998
BANKBARODA,2026-08-03,17,16,0.0008985023087437466,13,4.510241468068659,2.8726407997674723,1.257736429584935,3.318901624103782,3.1385814356467674,0.4258359837382787,0.3982941306549046,0.8807926254194749,3.894434849796643,1.9556927792254224,0.8438271997760012,7.205532753571413,kappa_f,7.124637107425863e-05
BANKBARODA,2026-08-04,17,16,0.0008615505587414134,6,5.352330471284453,13.947200649236239,1.1212083450019006,6.966018855362863,1.2572712231908345,1.0917728542102396,10.088506716372859,1.7512041081046212,6.9397106232745855,2.8742096768277885,1.6340741362400273,7.052366340764624,,5.327528259196858e-05
BANKBARODA,2026-08-05,17,16,0.0015709416757131226,15,4.106156809151729,8.130619360002811e-06,0.7378761237362275,3.103119496464595,2.96317280887919,0.6377293405883654,4.112925337330611,0.8694017444757502,3.8114866627901502,2.2943431304301534,1.1591156779906013,7.03269613246788,kappa_f,9.605678729187532e-05
BANKBARODA,2026-08-06,17,16,0.0010979717883788011,14,3.2584922832617362,5.747486081714929,0.05872524843680979,1.126919651785078,4.501333818972542,0.0014797992789595637,2.466464732009399e-06,0.18377560689622863,0.904612232958586,0.0968203791505382,0.09277563854389337,6.4733578682609565,kappa_s;kappa_f,9.374472011033485e-05
BANKBARODA,2026-08-07,17,16,0.0012976389297199963,9,5.448078521694523,7.311138128330972,0.7080679871156422,4.4699443812974575,2.2736458853652053,1.5620124969792966,7.786491269773741,0.6202343110360045,4.1500479881324175,2.6842449354963405,1.983356965370544,7.416305615327395,kappa_f,7.692316764173861e-05
BANKBARODA,2026-08-10,19,16,0.002097195239489286,14,4.435531165216122,5.719162408930519,0.5891567839472402,2.8746248516153567,1.874520805724843,0.4744346239533133,2.417536294394541,0.8806989495323173,4.9596432586657855,1.5570010382186792,1.0216463628668562,7.128592477949359,kappa_f,5.5373341946632956e-05
BANKBARODA,2026-08-11,19,15,0.0010684028260454872,12,4.049486187607489,5.561059654427231,0.6601013516027391,4.661436776309685,4.905772874935016,0.5488026221884714,2.263218083383478,0.8871861180624359,3.1027686477428476,2.082747527770848,0.6242536987030407,7.030101074861734,kappa_s;kappa_f,9.640129028755189e-05
BANKBARODA,2026-08-12,20,16,0.0015524285909594968,16,4.157050816033953,8.519357851459565,0.5195606262938475,2.948310846326705,3.255663087090543,0.6641696145007525,8.710330391485995,0.3897778660743621,1.827811953040611,1.5806308463317158,0.6816054774887953,6.648410643750158,kappa_f,5.211547078619338e-05
BANKBARODA,2026-08-13,18,15,0.0016365917529731593,13,4.294807588324598,7.878103422314368,0.7335895639384405,4.108090685241052,2.0183004656180366,0.6802366152999283,0.2015348428951853,0.9050343815444976,4.192364074457073,2.469030990964875,0.9505329589043487,6.882173926329587,kappa_f,0.00010303633976321554
BANKBARODA,2026-08-14,19,16,0.0010896006657439708,9,3.9337956036456703,2.7007108686305514e-05,0.5417997444201419,0.823640240745227,5.203583610842917,0.3023456828302601,6.24782984342381,0.5057784749930018,2.7872060573974347,1.8353031050742339,0.5581876916544389,5.279189438692036,kappa_s;kappa_f,8.412249114216823e-05
BANKBARODA,2026-08-17,19,16,0.0020566203089134676,10,3.86480967774228,9.266504631355588e-05,1.4624045786240027,2.320545686237315,2.377237439865208,0.5041530582181942,4.733000306221648,0.6431020179155675,2.9323870893421398,3.0334254647708967,0.7392497717663751,6.046719314090084,kappa_s;kappa_f,0.00018343634160864495
BANKBARODA,2026-08-18,19,16,0.00165117985847409,13,4.333386049073521,5.488559592033372,0.08555737865360305,1.4510144789886474,0.9770373214198547,1.485580312104822,12.13478570966273,0.08268290789571767,0.7517677466265629,1.9159977239745514,1.7148358853738381,7.012560453664826,,9.121029830319832e-05
BANKBARODA,2026-08-19,20,15,0.0005119196624001161,7,4.684912224263758,4.9166232740389635,1.4596930921350975,1.6105099903622517,1.1374870140153117,0.3764163966111693,5.042570975475464,0.936311224835386,2.8562464294499588,1.5829249868389197,0.47786353926823516,9.072439464381057,kappa_f,4.9814491862576514e-05
BANKBARODA,2026-08-20,20,16,0.000755211498331709,13,5.25104544308113,6.797300409824564,2.8488363341576095,2.8628154360480558,2.435000889722521,0.7594598350035623,3.85368474272629,2.879982425927751,1.994199050144541,2.9683389617204767,1.05430256362544,8.994479983303815,kappa_s,4.7777390365001215e-05
BANKBARODA,2026-08-21,19,16,0.0008711770544191497,12,4.512522933967915,7.180810202461245,1.980670603014734,4.434422849975037,2.6496888199906863,0.36397378486779564,3.0464219268439727,1.8995328461015855,2.763282528836106,2.8760110686210636,0.45301205696624036,9.13764986102075,kappa_s,7.437004010501884e-05
BANKBARODA,2026-08-24,18,15,0.0010656554736019508,14,5.885941861009495,10.798652684519684,2.257362090900145,4.347912146538541,1.6792597695261846,0.4787988293855985,4.273996270540601,1.0773726737363303,1.472987704427374,2.455698906712213,0.7123777461152931,10.525911413993912,kappa_s;kappa_f,6.674397458705295e-05
BANKBARODA,2026-08-26,13,16,0.0009520176404905502,4,3.6044100677390345,6.851145912146075,3.5762060824908506,0.3027898785103056,2.288785528033952,0.3401214134934533,6.246728924119365,0.43985594759300267,0.9359234790325599,2.6806449413309266,0.7106216616920976,6.719197673045611,kappa_f,9.222265820743808e-05
BANKBARODA,2026-08-27,13,16,0.000415802996929448,2,3.3782923313260413,10.417425365443446,1.9680097433295325,1.3142974041552575,0.013973407518068193,0.06097855684404188,1.0444672682297096e-08,0.0070840120209851865,0.02909364786989599,0.012705822031450431,0.020683229221881927,3.3782923313260413,kappa_f,1.9271280335300504e-06
BANKBARODA,2026-08-28,15,16,0.0006408017230403816,9,2.937165667617267,5.18406658756021e-06,0.7082712751304101,3.0934432511943415,3.7086302222237535,0.29849037303920933,3.5730513142316855,0.5805719922149951,3.1015531113725334,2.670578617259898,0.43607416419207246,7.313402681125534,kappa_s;kappa_f,3.4139948116590426e-05
BANKBARODA,2026-08-31,16,16,0.0008669448276278119,7,4.8364051973110085,2.252557357328681,0.8997409312175387,6.453834613212165,1.8759005523916037,0.29006529943489445,4.5851203219131484,1.3921708265705157,1.8083361005978258,2.40014822272029,0.3389260442765144,7.6256349767784055,kappa_s,3.8842879262416326e-05
BANKBARODA,2026-09-01,17,16,0.001209637698562102,9,4.5117516521731424,6.950750380661232,0.923588675506202,4.724497052148205,2.533051523919684,0.44731340988526724,7.077984665302694,0.9164947527704279,3.2090634909749305,2.7426679002491987,0.6693138573824925,6.62870386782502,kappa_s;kappa_f,0.00011476017775930163
BANKBARODA,2026-09-02,16,14,0.0007652741939795683,4,4.869038760875145,6.548650918484214,0.9946765982446333,6.821012576775061,2.917780326022681,0.3004127940770672,7.551689352012287,0.7175892540843304,2.7379158095303513,2.338785061254899,0.337837136300129,5.800430847656653,kappa_s;kappa_f,6.934499594741465e-05
BANKBARODA,2026-09-03,17,14,0.0012198571157313706,13,4.607446478357052,2.529141991704809,2.159757506770604,1.6138111803536308,0.6261484504159844,0.7871288876580256,10.327716453259121,1.2256480282168236,1.4298241802827427,1.7787043915506509,1.0220441068233594,10.065412554254053,kappa_f,4.2555025884244944e-05
BANKBARODA,2026-09-04,16,15,0.0004954093325827622,6,4.0320112612598,3.385069177852529e-06,0.6136294567686991,1.8327102272728917,2.4495615729771707,0.3205179116479499,12.493216582971632,0.6603296810713325,3.3637332775766122,4.80035954374971,0.4652872112825203,4.69805643642855,kappa_s;kappa_f,4.760239109226339e-05
BANKBARODA,2026-09-07,18,16,0.000950129204642863,7,4.755931692724345,2.224942687646801,0.7695217012009857,5.537704558923073,3.1322599966364817,0.37739896878393203,3.823086243076723,0.8163448733507805,3.634084377108099,1.8846142349219084,0.46732351947051376,7.05956943804741,,7.314592556184466e-05
BANKBARODA,2026-09-08,16,14,0.0008393967718888913,5,4.804564657744671,2.3752208786476103e-06,1.3083936732513521,4.554565284152645,1.5439084504347171,0.20370096619351835,6.213333551898524,1.234929722763904,4.044677169878503,3.401904479405394,0.11141950741583129,7.070827395422667,,4.89947653607507e-05
BANKBARODA,2026-09-09,16,16,0.0037189719580624798,11,6.466935429994792,1.3281883893474582,6.836547716713207,3.881708479400384,2.01702590257657,0.6824893129715355,4.712598324434806,8.333076536132069,2.413927273517298,1.3959226843615617,1.0276293456352241,9.200287350093712,kappa_f,9.459277879278428e-05
BANKBARODA,2026-09-10,17,16,0.0014755450168740707,13,4.659657074102576,2.5927213228434773,1.335383104893832,5.439559122575811,2.4934948081080686,0.5399278746429197,5.112619443821005,1.2128377619730921,4.577195780308971,2.7210410953581374,0.7001717255398758,9.991191364420349,kappa_s,0.0001297882013927968
BANKBARODA,2026-09-11,17,13,0.000622449361530455,3,0.0871601518896745,2.644767977955098e-06,0.013006437519736291,0.26994937782323447,0.03576285257538547,0.003040243588704694,1.4233947354114207e-10,0.0065241915648074356,0.04700404408183445,0.034301872926021826,0.004452472930760232,0.09046380578209215,kappa_s;kappa_f,1.4213040392880346e-06
BANKBARODA,2026-09-15,17,16,0.0016442654118135282,12,3.593674259193185,5.802796510029188,0.6213958924405021,5.04889783032298,2.8453120097334805,0.529909956839087,4.260565369036007,0.7407884690555268,3.5001826382971375,2.199755192826834,0.6749584523652581,7.244518502079832,kappa_s;kappa_f,0.00011512725774897562
BANKBARODA,2026-09-16,19,14,0.0009022416960929222,9,4.423307530802172,4.353781138647479,0.8546570592571552,4.042206793837335,2.6353703005921134,0.5932865086968667,9.503929085977862,0.8330303369872051,3.9476795534190643,2.2342717835928623,0.9000800386990606,6.772999188009134,kappa_f,8.409394870139005e-05
BANKBARODA,2026-09-17,18,15,0.0009656648948416427,9,3.912501991220929,0.7710101911711273,0.8969906702896864,4.476626093213113,4.868699863946402,0.2184255383485408,6.247760801259057,0.45484162153220264,3.276874570754801,2.391672850594589,0.24846934580698293,6.031079770834975,kappa_f,5.391648556728982e-05
BANKBARODA,2026-09-18,19,15,0.0009202112296120974,9,4.490298948667061,7.517483333116001,1.4377167324329192,5.763386404261366,0.8953623881509356,0.39652912593668876,2.4656274687326007,0.8898545006424528,3.1913161545865885,2.575080121167928,0.4607410132321294,7.806118136305387,kappa_s;kappa_f,7.328759232072231e-05
BANKBARODA,2026-09-21,19,16,0.0007812771414645146,5,4.252389381584955,0.8504136698738485,2.0987844807003775,9.656233811658648,5.158326888784115,0.000293823001186944,1.7368695743869011e-06,1.4158063534968717,0.3521709683346739,2.265923113908719,0.11332488920182437,5.781635251370935,kappa_s;kappa_f,3.1612613930787265e-05
BANKBARODA,2026-09-22,19,15,0.0006079115594891381,7,6.154377350558882,8.83060821408758,1.4386882600294997,6.268924809091308,3.8544683799260206,0.5114943874910379,7.526663722520377,1.8754948234047988,4.801123263101576,2.026729924579374,0.6340594332419182,8.368350204658023,kappa_s;kappa_f,5.1955502057966394e-05
BANKBARODA,2026-09-23,19,14,0.0004242782021828219,6,3.9535705241249097,5.50330486344402,1.521147119790429,4.775805560714577,2.618979783966281,0.3545522714598973,9.10130534723098,1.0895387263127054,6.459281417887462,3.501695184277343,0.3981692955874997,6.550721066265629,kappa_f,3.830616206215655e-05
BANKBARODA,2026-09-24,20,16,0.0012718380247875873,11,4.741203722188962,5.628290767013601,1.6849188224169211,6.954704038504282,2.4777621008286745,0.2672041966498477,4.983142515877772,1.148904024395296,1.9697094163105655,2.443236613900595,0.40951076446566564,7.662599349021972,kappa_f,4.621456593338104e-05
BANKBARODA,2026-09-25,19,16,0.0005439870968592357,9,5.577932523319998,6.175898204764149,4.017277497781038,4.160485921162248,4.800080901493007,0.26573890975875947,4.545518285146517,4.221538451241747,1.9903396110919538,3.9684365544278943,0.36714753877411666,8.256549429470889,kappa_f,1.75017724287663e-05
KALYANKJIL,2026-07-01,11,16,0.0005028667051238901,3,2.289688316859764,7.149479494290773,0.3213165190570246,2.0025363074589877,6.840083236698814,0.16603619617219667,1.871146810827895e-06,0.28777836068303664,0.6469081522672262,0.09504780017593462,0.22995779220157253,3.265474483197707,kappa_s;kappa_f,3.127543687443126e-05
KALYANKJIL,2026-07-08,19,15,0.003436671708027112,13,6.237695146440137,7.861711108679013,4.275270536276369,2.4644033815521578,3.095897822034999,2.506155358361519,8.289626174437066,3.9931579479612935,4.067993157920418,2.011422032223969,2.8254649704335986,9.966463786447775,kappa_f,6.337599250029425e-05
KALYANKJIL,2026-07-15,20,15,0.001623383551056423,14,7.493335828038265,0.2220400807153076,2.1292899718995693,5.876669300564139,0.4688296392593707,4.904207773952233,6.731130593204426,4.74041374751248,8.551537107570375,1.8483573181199122,7.140892881119156,11.15196564101469,sigma_f,0.00013190304774227525
KALYANKJIL,2026-07-22,20,16,0.0013860165375265243,7,5.990903685838833,2.4789391702421337,3.776319895417842,7.693369467934026,2.7184561676233034,3.9321070430588567,6.329422847972483,4.52155812967146,5.301434354836751,0.8219438844634646,5.025871743646172,8.489078958752717,kappa_s;theta_f,0.0001163031235001733
KALYANKJIL,2026-07-29,17,16,0.0019967007299903678,14,6.855781049528116,6.185924955302866,7.296355215699265,6.472835685564649,1.8374607848946003,2.6328409578327245,7.75880399178456,1.0911404208126165,3.2231096578452254,2.114410882509974,4.319002847613888,10.509854530092882,kappa_s;sigma_s;v0_f,0.0001508616203216716
KALYANKJIL,2026-07-02,11,15,0.00034518568435669905,11,4.279435896838149,5.198006906681485e-06,2.1039783759621917,3.329836585165519,2.567971630590287,1.6992145770546347,8.195376461862732,1.2840316469951933,4.314868083010792,2.550183350701376,2.869138435202906,8.088748964661873,kappa_s;kappa_f,3.426170666618461e-05
KALYANKJIL,2026-07-03,12,16,0.0006037564110843908,2,1.868869074019488,4.884458631713731,3.156654084033679,0.7833223624110168,0.18680599801247721,0.41069217353953197,2.8400748419699084e-10,0.02190448237019127,0.04227804356404441,0.35948498791753747,0.3945375336878447,1.868869074019488,theta_s;sigma_s;kappa_f,1.7332352432078532e-05
KALYANKJIL,2026-07-06,13,16,0.0018138999802380425,9,6.864184890525069,7.806005263039236,4.5970815630032416,6.173247426083147,2.598978545562894,1.814875277248666,8.47839530367115,2.1372134016387845,3.0061177591066173,2.8190445644738773,3.0338623277040426,9.657711423586532,theta_s;kappa_f,0.00018119525204350617
KALYANKJIL,2026-07-07,17,15,0.0010191141313100596,9,2.4768781473910355,0.00023276808903460733,1.6255715188675004,3.209922998099792,2.9276322765258787,1.078998692143129,4.618171893117498,1.7521800353805586,2.5606950691850727,1.9666732830662441,1.3179799217457038,6.27158896116765,kappa_s,3.7664407309001384e-05
KALYANKJIL,2026-07-09,19,16,0.002158525485741621,11,5.116710361011625,0.004619667037282227,1.619116990321349,7.337167041198516,2.336167327462932,2.8109297588983866,12.43634356314663,1.0685585500148265,5.305042512895692,3.080749694219851,3.709324714206727,9.354370431273487,kappa_f,0.000132460141362195
KALYANKJIL,2026-07-10,17,15,0.003312664786978898,11,5.586765367366208,5.934873672365155,0.43085494641684774,2.006693968777992,2.6701280234301623,8.189153740567104,1.6435175894123306,0.8445341546084532,1.1020110865709964,1.51153173079316,10.84194664856858,8.93938502085119,,0.0001819098383484723
KALYANKJIL,2026-07-13,19,15,0.0009158025061898926,7,4.506517509263286,8.108114264825696,0.942786806681492,4.208972474465888,0.5052194459487165,0.7239672279814835,2.9365979799935342,0.386972136079736,2.4415628987278417,0.18636492351105505,3.088539024531656e-07,7.095981500230966,v0_f,2.1581542034232286e-05
KALYANKJIL,2026-07-14,19,15,0.006543156709223156,14,5.769871138244217,5.328391912873398,2.0346243001612048,5.407570847330393,1.9044610938846713,5.6634361714399795,4.147104788487064,1.168559579654278,2.4417084225190218,2.390431567375822,3.936202340607048,8.228248185949626,kappa_f,0.0005002500012826205
KALYANKJIL,2026-07-16,19,14,0.003723180125404833,14,7.630773769807155,2.630403796989217,5.331100894454212,9.205885217077318,3.100084533026488,4.928941981827461,4.31597713241931,4.716487299979019,9.943369117828453,2.407925948020963,6.559612456752895,12.83199980942073,theta_s;kappa_f,0.00021892110507712665
KALYANKJIL,2026-07-17,20,16,0.0037405637275558686,10,6.439486289799184,7.050365456357412,5.983610684888658,8.331982880247129,2.2034403325185172,3.27250651659974,4.005180171807269,2.9667418640253267,5.111930637733005,0.8777657911432315,4.766742959118778,10.477051254855647,kappa_s,0.0003494919812175954
KALYANKJIL,2026-07-20,20,16,0.0012979488353167807,9,7.1838134870981225,7.49345325645466,6.897835129293652,9.509260394617243,1.235008964302191,3.117408006156258,6.60139509348895,4.977539510421572,5.988093225569435,2.3012988351839887,3.8779442933539268,11.991747625206289,theta_s,9.09742074679564e-05
KALYANKJIL,2026-07-21,20,14,0.0013595899526432603,3,1.8918611865417083,2.574575894698228e-07,0.6786397236608175,5.857562088427102,0.8387402937922728,0.06790272228821781,0.707425929955118,0.11642415032026499,0.706901048533247,0.32332118684171807,0.053841251186085244,2.700400080334212,kappa_s;theta_f,9.253550439725761e-05
KALYANKJIL,2026-07-23,20,15,0.0011926753050475096,4,5.454492101543205,1.198896521591534,7.4660785050801,9.194970147374995,2.4898925904591036,1.5977791152287817,6.555485289490708,2.450129685936754,4.776472323294154,1.1206739256923024,2.309660943920785,9.222818205472775,sigma_f,0.00011571655747030264
KALYANKJIL,2026-07-24,20,16,0.0015289678125260987,6,5.5850240601512215,0.44851430459141106,6.367032014208224,14.956695671239062,5.3611228468203524,0.8331247737085969,2.2087554697329246,2.775798811036811,1.0545061392063708,1.3550383193846514,1.3110871743337604,8.09112116449499,kappa_s;kappa_f;sigma_f,7.86559053541512e-05
KALYANKJIL,2026-07-27,20,16,0.0017230547904772292,10,8.149023497801032,3.0943888408551103,6.755738397297373,7.72924027354647,1.0898130169728164,1.947265753650127,12.913290076390972,7.228734709743114,8.827551496331353,2.1292976004513626,3.2983617150907873,11.377425736859314,kappa_f,0.00015489912376991425
KALYANKJIL,2026-07-30,19,15,0.0049238863732009,15,6.35186083373351,7.372502057060606,5.239861510903608,15.296462812036589,4.387557559723198,3.2659416576618137,0.026940593200920127,6.0749872887024505,4.6487212797815705,1.5340209500703201,4.222922689834065,10.545080945103791,kappa_f,4.289660541362261e-06
KALYANKJIL,2026-07-31,17,15,0.002821901953144682,8,8.786317145926619,5.301568345331637,9.752197656159897,11.53502513887123,3.294912277296034,0.9034335422819831,12.496269820272547,0.9801044688444428,2.075860687773158,3.5394594712864627,3.123624324117256,9.30154402060804,theta_s;kappa_f,0.00022461122272443915
KALYANKJIL,2026-08-03,15,16,0.0022398712667280438,14,6.3297059183920314,4.965793546884315,4.703965350694161,1.906039984681012,2.36043157042148,0.3252428979404925,7.1742870405596655,2.6449506884906566,5.355607486891399,2.3290258982644776,3.4226922022372612,10.06474860502622,kappa_f,3.7816383139738664e-05
KALYANKJIL,2026-08-04,18,14,0.0053670630210395235,13,5.7922032906318135,8.67829161421696e-07,1.2285123731402998,7.266715165921916,2.8544494037325405,3.5038903774689683,1.1606133854511276,2.867552354637217,5.108080554728847,1.3428820448228183,5.481842389334307,10.691936227852617,kappa_s;kappa_f;v0_f,0.00018675654462129137
KALYANKJIL,2026-08-05,16,15,0.0021339399567292983,2,0.0344355462822398,0.023485772446981912,5.532236531990975e-06,0.10500779654014636,0.0011618843048544214,0.007367867393208439,3.432631956457044e-11,0.0021144190845704403,0.009244874075760023,0.00041613892941150255,0.01158026441394,0.0344355462822398,theta_s;kappa_f,1.1772936351255384e-06
KALYANKJIL,2026-08-06,17,14,0.0025635068750595054,12,6.738625610072678,1.6430715969830967,4.733394602056848,9.079464884498446,2.0785862298826636,2.0906659185249232,4.8768984952794945,1.574092075572239,4.896699949996362,2.68898277374356,4.113327854023219,10.691217056144477,kappa_s;kappa_f,0.0001837715837150005
KALYANKJIL,2026-08-07,20,16,0.003433651700373823,13,7.013162405060406,5.507719178764107,5.480839897352586,8.40614242382875,2.0609299730178043,2.447762182373851,7.294073616290628,2.1908083902248805,5.084693045749517,2.2246087021520626,4.5007301771436286,10.329214295446583,theta_s;kappa_f,0.0001405434681387278
KALYANKJIL,2026-08-10,20,16,0.0030886045522200535,13,6.459906339880198,8.213977100558584,4.964185872660329,8.767493913926499,3.2538905442010213,2.609863296022594,5.2837445423702025,2.570669904688779,2.055806682114328,2.154574370650997,2.5670201420857817,10.977331624669214,theta_s;sigma_s;kappa_f,0.0002770540698611933
KALYANKJIL,2026-08-11,18,15,0.0026464012272725706,12,6.403424127509149,4.57897974581272,2.232328638896525,5.700014832634062,2.1290227563424735,3.0545098406503732,11.43062617819349,3.2161877796002933,7.497231760167586,2.0909193134578032,4.43292667838853,9.576055482353874,kappa_f,0.00011238629894197525
KALYANKJIL,2026-08-12,20,16,0.00297240804002366,12,5.160705569570954,3.017368489466321e-05,2.2123437172281717,9.095721933300787,3.2488733272390533,2.0405538932002294,5.2353408529682,2.599826538184968,5.078190101195298,2.3169219235367913,2.826878660724381,9.138935209638326,kappa_s;kappa_f,0.00010036332652800517
KALYANKJIL,2026-08-13,20,14,0.0037523324922676404,12,5.726780078563374,5.501954876276228,3.9818092614420353,7.989065434661646,1.0513042196498696,1.9926977149684593,9.57294405199926,1.131217546176988,3.8558774836304828,1.7323236382428435,2.9796765244001033,9.423780456068334,kappa_f,0.0002973035111330227
KALYANKJIL,2026-08-14,18,16,0.0016286913093552385,8,5.38818844220504,3.443308517888827,1.5796774498282016,8.432720665220213,0.9640120663948768,0.8768594631157826,3.5757247194048727,1.9752965016758468,3.6515172886841194,1.7944688336716168,0.6956648139683903,9.008341984488068,kappa_s,7.60387229888828e-05
KALYANKJIL,2026-08-17,20,15,0.0030071663175001997,10,5.402418196592493,2.3653734951981447,0.546608969553638,2.952632116034263,1.3984650564946244,2.4729944498961793,9.493101838784478,3.2181351362625845,5.104506644674869,2.640723373303335,3.7561661113276674,8.386147119209838,kappa_f,0.00010683411975760237
KALYANKJIL,2026-08-18,20,14,0.0017996182104767125,10,5.335955229236024,2.6603459314600286e-05,3.3132305175226966,9.211678297089831,1.7382479921186298,2.045626585567529,2.055910766429747e-05,3.0549607344802876,9.406923957815094,2.955953036681541,2.7260438254783694,9.847596456150667,kappa_s;kappa_f,0.00013073817084194544
KALYANKJIL,2026-08-19,20,14,0.0017289424844213655,9,6.355138097523371,6.7995974619022626,7.408294001012839,4.898554012207093,2.364495739991338,1.5575986257878662,8.023633002454705,4.964233949196721,2.9882684620530338,2.779383523375576,2.0608086523884976,8.737475292707066,theta_s;kappa_f,0.00013232857693840062
KALYANKJIL,2026-08-20,20,15,0.002101935503452729,10,7.277459270606167,8.151021903626747,7.510406669012212,10.703814450369553,3.0481444450286896,0.14699611989193184,6.65720164958975,6.2798195202153995,5.827724286930426,2.320076944945582,0.41555790655424607,11.275573832464685,kappa_s;sigma_s;kappa_f,0.00011107609317893017
KALYANKJIL,2026-08-21,20,16,0.003314649545351086,9,5.591750862245578,3.520915155583479,3.5168149357960665,4.60149508081607,2.2159461266611804,0.7577887390894209,0.00030544093113427095,2.560936973540515,6.4535845098250055,1.9820837047719289,1.0700674295593835,6.865410038445846,theta_s;kappa_f,0.00020707669918554588
KALYANKJIL,2026-08-24,19,16,0.0013446937991745953,10,5.586554958273546,7.943144137683051,7.896703286343253,3.730452139685502,2.8509609821330817,0.8947520313300519,5.058905155990988,2.083204564256892,1.5305370551566764,2.5906780787431973,1.2272771277876822,9.079999503797769,kappa_s,9.826777211480089e-05
KALYANKJIL,2026-08-26,9,15,0.0003764354706437125,13,6.6994384062738845,3.7371210620554915,5.270660257270148,8.001729019437516,2.1938228273451905,0.37700406280493687,10.236919179402557,3.6955617256491324,3.3615348691114924,2.1585283962144852,2.319305481421522,10.610859223420492,kappa_s;kappa_f,3.097833041419072e-05
KALYANKJIL,2026-08-27,16,15,0.0010818628754017364,6,6.193935478098147,6.9231820017184855,4.10569143826634,7.484396972463742,3.611109832681498,1.1255481715642803,12.495948802977502,5.633913081205064,6.836866789373435,2.327950918244943,0.12431194187467995,10.519636975990299,,9.644927422823536e-05
KALYANKJIL,2026-08-28,16,16,0.004167468798617044,13,7.153893643788256,5.964567179888052,6.75651472866914,3.2042378971199454,1.7024540552415461,1.9258227443530704,7.549341592088499,9.0079917014084,2.445676099586639,1.7125644795055575,3.2063548439271137,10.374332691057356,theta_s;kappa_f,0.00018762319024652994
KALYANKJIL,2026-08-31,15,16,0.0012875535233983282,3,7.700898784567123,9.080268144647313,14.033967046509343,5.879665096985168,4.628904381841455,2.0990729659921343,12.485734087545701,7.154019186425837,1.6655491635078707,5.189814417505572,4.047153856219261,7.700943197246809,theta_s;kappa_f,6.68753393674895e-05
KALYANKJIL,2026-09-01,17,16,0.002212928368538638,11,4.993606242932853,5.989030174849148,5.2334918044523135,10.331123744455102,3.976401523291861,0.006111751405779525,2.505946348207999e-07,1.4283357452755285,2.5334962470596967,0.8075006211017193,1.1337144737904223,7.778723393355709,theta_s;kappa_f,0.0001617704544605316
KALYANKJIL,2026-09-02,18,16,0.005576034152276409,12,7.30834038990057,6.01836999483216,5.326582870421959,8.652785751802517,1.745995306263894,1.4803957863845092,4.205745821809618,7.080803613007046,4.266646112851757,2.2514628728203374,2.6400999515430037,10.983179891628533,theta_s;kappa_f,0.0005242872249220081
KALYANKJIL,2026-09-03,18,14,0.002926828683991095,10,8.571344051953131,6.93359673781676,11.993868640082162,9.527937971936044,2.5258437551286606,1.665807496608015,9.40239805075275,6.605549692756531,4.892721723074004,2.584564295361592,2.764198618677243,10.889869640651263,theta_s;kappa_f,0.00025107349387169624
KALYANKJIL,2026-09-04,18,15,0.0019914578729446552,9,5.9352066924974185,6.092102671674553,5.822435393442795,9.017422458683532,2.5156827990558877,0.9944836210126173,2.3105546894323794,6.995447997621705,3.545182636113461,2.6305943129719482,1.2467453846524912,10.374549942723437,,8.328680508751024e-05
KALYANKJIL,2026-09-07,16,16,0.000559906536380198,4,0.07943360333233758,1.9678124711930423e-06,0.06795132176239616,0.20484869080601165,0.035213235946079724,0.014628537236931805,2.155999823116872e-10,0.04337118091349623,0.05576982818327547,0.03230065867924581,0.011117502602072227,0.1438285981726631,kappa_s;kappa_f,1.8233465134277326e-06
KALYANKJIL,2026-09-08,18,15,0.0038460745294659386,8,6.420899115024186,6.031263888871695,4.144534114917475,2.3353038883106505,3.241398007851898,2.5348431355380043,12.466801782821278,2.510188857669634,4.454427848033583,3.464747908242911,3.0672799395638455,9.302271172671459,theta_s;kappa_f,0.0001874192525028514
KALYANKJIL,2026-09-09,17,14,0.0012225594686561157,6,5.861145334423152,5.60515469149912,4.28845950042831,6.350176113703993,5.402782222578937,0.5909510054740315,12.496043735525678,2.982069741039787,5.403020290248657,1.5319306644803818,0.5932976635701295,8.656393551846783,kappa_s;kappa_f,7.555784360096227e-05
KALYANKJIL,2026-09-10,16,15,0.0010872128034873085,9,5.9982827112491295,6.721821581123777e-06,3.337955208272578,7.929443537743179,2.1491336787265642,1.5046682804297529,5.2282315120222425,2.853667404935046,7.221291844351853,3.2649885233394103,1.4485378751235722,11.237555773304146,kappa_s;kappa_f,7.020398702850192e-05
KALYANKJIL,2026-09-11,19,16,0.004194609720632851,8,6.3774730913535835,3.4300791631364325,7.881632888672162,7.58148610362765,3.7006233099907133,0.6786934288134703,7.694399612015106,6.420656074292275,6.232655412924308,2.757363484479116,0.8264596111466145,9.396180637596343,theta_s,0.00036957654704483905
KALYANKJIL,2026-09-15,19,16,0.004041879473751036,13,7.141008765974485,9.133006040864782,5.1522677893548545,4.700184453846561,3.1377982839544627,1.6442016914824071,12.496059222551901,6.732745699924896,5.482017667665544,2.6427567317411924,2.0638171509119774,10.513331036099688,kappa_s;kappa_f,0.00011544171916776438
KALYANKJIL,2026-09-16,18,16,0.0019147722383995628,11,7.403007171326996,6.0758594469061205,4.726698612995961,6.3124104124787825,4.809384383216958,1.4152046433243701,12.493884074474828,3.4739304517257885,8.65232575073786,1.593933442449147,1.8957911666329825,10.1856831705,kappa_f,0.0001862760761253484
KALYANKJIL,2026-09-17,18,16,0.0035863497816369687,16,7.981604745816162,8.272112901669907,3.4537497503623387,2.935331663035352,4.008709608278178,0.8302606689313046,10.25390594366431,4.799147206457451,8.523960013161872,1.67961723332782,0.41345748962348905,10.76167806223918,kappa_s;kappa_f,0.00023864620720417387
KALYANKJIL,2026-09-18,17,16,0.0009336020205508093,3,5.716991738419733,12.492442653339118,8.199322843582298,9.313380125621785,0.79406893783201,0.5872668040952009,1.0080825063596421e-10,1.920861954218243,2.6345212464606753,2.148063940507102,0.7412171939652621,5.717652154142043,kappa_s;kappa_f,7.842633914995284e-05
KALYANKJIL,2026-09-21,17,16,0.0015132019158257655,13,5.065995219964965,1.93243843593649e-05,4.036867636412151,5.074379464912229,3.5553107783710995,0.7495600819794561,8.679305289113127,3.573279763031769,2.8131394646332906,2.57181895101216,1.032783094119078,10.330081446417271,kappa_s;kappa_f,0.00011919512414253382
KALYANKJIL,2026-09-22,19,14,0.002002884912738119,9,6.7036805070070455,2.56451079163611e-05,5.484537446569943,11.687151791119854,2.3477956071967006,0.7138079071312429,7.565061451869216,4.861333891045627,5.860874931520295,2.6897372460900244,0.9057529194328594,12.170017946593655,kappa_s;kappa_f,0.00015311593164674467
KALYANKJIL,2026-09-23,19,14,0.0013287978398294244,10,6.496561120562193,3.361060909472812,6.549417316984174,10.466035033842369,4.34012393184481,0.09997716882247198,1.9620503126038642,5.715199742177306,3.683625054830067,2.6050415201763872,0.3087100312573605,9.103951871669917,kappa_s;kappa_f,6.923611115850002e-05
KALYANKJIL,2026-09-24,20,15,0.0015471453958333422,5,3.2516278357090895,3.02321399660664,9.908582797069785,0.23380641209604708,0.053298000944674406,0.00013385818629856158,0.00910080712627881,0.00521193035394063,0.004406337597938403,0.0001378025021542273,0.0003074889657710411,10.251371399460421,kappa_s;sigma_s;kappa_f,4.827458407840961e-05
KALYANKJIL,2026-09-25,19,14,0.002338684186335055,4,4.934463617196188,6.511514790466293,1.8522188268017814,8.33783713428372,3.0028228144827134,0.6910097011186926,5.977618455534902,6.641589735400881,1.7069495291568186,2.024894056731411,0.8843005760057797,9.04288012407705,sigma_s;kappa_f,6.0033105330603315e-05
CANBK,2026-07-01,11,16,0.0014892909248820504,8,6.961658481382504,9.733464761650353,6.451457310638821,3.9505891942598295,1.8907586317026261,1.6314052822757612,12.482915235452529,7.378669287090695,1.5400973096525459,1.7130103278591995,1.9209703023105487,9.875551280923288,theta_s,9.293826679711943e-06
CANBK,2026-07-08,18,15,0.004839714958123766,14,5.363217501774136,3.9144850373760125,1.6829762463308282,2.5451543357785376,1.0536567529841134,0.034884784118792256,0.01073007946081006,1.7543422193954679,5.808174824040525,0.9477294314058367,0.5292972880357758,8.958083973077015,kappa_s;kappa_f,0.00028541580668258165
CANBK,2026-07-15,19,16,0.001675858711118657,8,4.336587227861413,7.361275782235092,0.33877175459820547,3.181794130099156,3.1424716116551163,1.8402188695028472,8.219614855420332e-06,1.7453224335343855,6.059257014210433,1.7067587950678107,2.502669365715421,6.740255849086278,kappa_s;kappa_f,0.00013828137660909902
CANBK,2026-07-22,20,16,0.0009890084980369157,9,3.6562160048467636,3.7212902068686056,0.9358450816351684,4.666089750169342,2.4783519982577364,0.6611227652256819,3.474379006718209e-08,1.586834261069407,5.110601688451177,1.8761444150672975,0.8315402987059044,5.04925298135175,kappa_s;kappa_f,6.75913421678909e-05
CANBK,2026-07-29,16,15,0.0019316019089194692,9,4.548335307840571,4.869855633415909e-06,1.2495768078159133,5.496805392013169,1.6274687046352643,0.7589431403359844,9.037187855256995,1.1537908881805952,3.059111271157429,2.4372301874551323,1.7592743957806554,7.195460111898644,kappa_s,3.934235958156303e-05
CANBK,2026-07-02,11,15,0.0007985437942279694,10,4.8344568308870555,6.235370065936222,1.6432753573200611,8.705472094577734,2.932190148747626,0.953047865057614,5.084837309859395,1.652462937737247,4.534296269735409,2.524705981094733,1.162986620365471,7.874871515568385,kappa_s;kappa_f,6.869259839325321e-05
CANBK,2026-07-03,16,15,0.0018083428606721036,10,5.419147069702605,11.331081759222867,3.9111245140750155,1.3015188798332118,3.0453045524271736,0.01524348803073039,3.0058128027980606,0.15968603990153615,2.2259225236596327,3.5803992300293883,1.3430388104877018,7.982080878607788,kappa_f,8.919198959888262e-05
CANBK,2026-07-06,16,16,0.0013012509427985073,9,5.182753572290773,8.612849996357061,1.3043271334810707,5.972798647913696,2.9510785252898653,1.202277748472214,3.6695779606821306,1.570118827104029,3.876730265522549,2.20749731615924,1.8682149393945853,7.3488786910237405,,0.00011954403645511049
CANBK,2026-07-07,16,14,0.0009865408972187567,9,4.377880080126005,1.0797491898625164,1.9851376392091824,3.380424699760522,0.47908618997119556,0.5281464444014157,11.989592180299862,0.41582023180536354,2.515368759252188,1.2892746783332454,1.0885526522093034,7.190723283956435,kappa_f,8.593735154474764e-05
CANBK,2026-07-09,16,15,0.0011261550590068912,13,4.884088235539906,6.124926878690507,1.4103540727122705,4.724814196866445,2.452469829119586,1.0340309124742042,12.15535546614178,1.1440778386324464,5.154738872938147,2.384989471648664,1.5836943427426782,7.562620748482166,kappa_f,5.753501726767996e-05
CANBK,2026-07-10,20,14,0.004293654210951596,12,4.953206144010954,5.729840823569159,0.2072606281012165,0.5490454856330598,3.2440830473524356,0.9614899720980795,4.4463156010021905,0.8604261047620391,4.093396434468678,2.092370741230675,1.5054844428135836,7.296205464870184,kappa_f,9.276705705259063e-05
CANBK,2026-07-13,20,15,0.001987867569933644,12,3.214158357889474,1.646031035917872e-06,1.4257546264554584,1.1149055669522523,2.1161556708184532,1.602206235376885,0.005084848542066922,0.03184908979926919,0.44055526127404915,2.8888592748930897,2.4905801772298073,5.922608016858366,kappa_s;kappa_f,3.810259500426237e-05
CANBK,2026-07-14,19,14,0.0023324336252506118,10,5.298557257100507,5.5678808965171545,0.9590641539010925,2.988421494548661,3.552326170154565,0.8259155005148244,12.470795965419562,1.5841410606762678,5.559758135249689,1.4316604478531896,1.4565181248059869,7.2901448523173284,kappa_s;kappa_f,0.0001995759126359369
CANBK,2026-07-16,18,16,0.0012867723016935445,13,4.121094202024316,5.435966510864768,0.2214409010617822,1.9140633174963035,1.6311813085828524,0.6943331806004481,5.395606029523492e-06,0.5242028504558058,2.5733268600981174,0.7541329916451565,1.0950646413553113,6.880261032822893,kappa_s;kappa_f,0.00011906044700325758
CANBK,2026-07-17,19,14,0.0014638113045230845,12,4.697085369094436,5.2514505807247565,1.457240093149243,6.70012314673971,3.5712739891143563,0.4082703251816088,1.599973471044791e-06,1.3392972720518206,5.236273625352911,1.154751133728308,0.7036077163534245,7.823428276747419,kappa_f,0.00013165891460800564
CANBK,2026-07-20,20,16,0.0022538954990255038,10,4.332149615475225,5.087836120910305,1.8109631175445946,7.394240649955175,4.270075423827001,0.6608072900329623,1.6227164962856477e-06,1.2589549256244,4.503980718193374,1.7278333044281018,0.9015804291306821,6.863624678602473,kappa_s;kappa_f,7.464807704840029e-05
CANBK,2026-07-21,19,16,0.0025346082093699626,12,4.755321538386562,1.0442216058947906e-05,0.9709020733438338,4.054596730000519,3.2863483709168078,1.6569584846927818,0.12450561565157514,1.1134592232587028,4.18723657165356,2.009128872846763,2.5528383128631753,6.8940392156476396,kappa_s;kappa_f,0.00016919342175720142
CANBK,2026-07-23,20,16,0.0019526560752212944,7,3.49662444679084,4.843744345828137,0.4197211394051512,1.4174245762641864,6.399347706357137,0.6394558050150694,2.3271556415238592e-06,0.5281379656675637,3.7222705004254655,0.766527176332644,0.8777919200655058,5.115308432803255,kappa_s;kappa_f,4.4899147910716164e-05
CANBK,2026-07-24,19,15,0.0028395755374040744,7,3.432191188655789,4.9023248268273925,0.8628512822880808,4.728941283977029,2.0596677525398124,0.3296246120363616,6.153875595771297e-07,0.8448978752676353,2.0825875777005383,1.365853999674992,0.4125730109394148,6.344148263900221,kappa_s;kappa_f,0.00013119158045753285
CANBK,2026-07-27,20,16,0.0014240851396288955,9,2.5507093756950514,5.699241075723522,0.3133078907768476,0.6442966025913933,1.5797598978716398,0.0009052017024846653,1.4136560722022296e-07,0.010180268995376995,0.9305184042289167,0.5236132089711802,0.3834514930010964,4.913778900378538,kappa_s;kappa_f,9.771910648169436e-05
CANBK,2026-07-30,16,15,0.0010841238025581614,12,3.610775934131249,4.796340053635591,1.4988538295771034,2.28806444310648,0.45149164281888443,1.5959223000663707,4.927571652210709,0.7558146538808818,0.9774068009084097,0.5784311608775381,2.723293755650438,6.9521647165832405,kappa_f,1.818474170979913e-05
CANBK,2026-07-31,15,16,0.0010118352834349402,5,4.735826764557727,1.0310421959107163,1.2737171538170653,7.5944832564836595,3.3598827243691414,1.4508076550452906,12.463087852697504,1.3706221520789856,5.809096500308325,3.3924594094533225,2.441985458908235,6.27013837687783,kappa_s;kappa_f,9.601579092722852e-05
CANBK,2026-08-03,18,16,0.0010315257167256321,8,4.2427423641270785,10.574857412059393,0.8811642953709021,5.561585494235821,2.851016156816967,0.9047860047929397,2.738720861518608,1.2631030524009186,3.239473758168576,2.7617978175043687,1.1636482820304472,6.101463178474129,kappa_s,9.346729504957165e-05
CANBK,2026-08-04,19,14,0.001893521371330477,11,4.107065298305653,6.1249866456287805,1.3872866955723122,0.5603671026375249,3.0781520400282356,0.9939115504059411,4.3052331690773826e-05,0.8217740698352858,2.317815639841221,2.490450272474577,1.3522576958944248,6.936286066422163,kappa_s;kappa_f,2.481265791462895e-05
CANBK,2026-08-05,18,16,0.00039329267896537833,4,0.2942960179672255,0.46054999000624,0.024733613689528977,0.08253745052205774,0.36816056734684777,0.21451042318766572,6.095340179257391e-07,0.11062199106844584,0.3201312294698382,0.572366898627866,0.3368554328640392,0.4018732705302104,kappa_s;kappa_f,3.665970507684118e-06
CANBK,2026-08-06,18,15,0.0006144036896785706,5,2.275680240575878,3.4981551858258424,0.9671309627465186,2.290047364365166,6.323295412152635,0.05478829958559828,1.311576079743304e-06,0.17678177855848887,0.6335915266001839,0.04283300375456009,0.0759597027574408,5.670670274175106,kappa_s;kappa_f,3.170612856391553e-05
CANBK,2026-08-07,19,16,0.0006421131514608292,1,0.0,,,,,,,,,,,0.0,kappa_f,0.0
CANBK,2026-08-10,19,15,0.0009351654462844874,6,4.403263756909395,4.685929723441441,1.190552366473634,1.9547654057448263,2.9323285396943124,1.3807936382165562,11.46671699913047,0.9403610339049053,5.325673003100064,2.9941560966629908,1.7580563794481179,6.1450801076758585,kappa_f,6.605007891356189e-05
CANBK,2026-08-11,20,16,0.001973823970503477,15,4.51329943487897,2.680658938597542,0.9766994188501392,0.9999152592517555,3.2826045927475755,1.2473400634532337,12.385749590235955,0.02252558344155309,0.5070061967287394,2.4646755337645723,1.348725090684848,6.605576444812455,kappa_f,0.00018222339762797657
CANBK,2026-08-12,20,15,0.0018933382299168608,13,4.0842767486225044,4.350575516636173,0.11822371587567898,0.5943276464887052,3.296043026122585,0.9924638881225654,1.4434097792816742,0.12063248261877908,0.41027001694718546,1.6967086629954184,1.041756627304525,6.757992829347856,kappa_s;kappa_f,3.491991868169171e-05
CANBK,2026-08-13,19,15,0.0012130857913941748,9,4.804035020453462,10.266420600126754,0.5742545171151645,2.8801136697738055,3.3404254200762633,0.8565343441156812,6.248025131482101,0.8617689360620766,3.953968134399731,2.4722512584682637,1.2990851063012623,7.344738066602928,kappa_f,7.909771112715454e-05
CANBK,2026-08-14,19,16,0.0011741092698908195,11,3.525934064129131,0.000381702604876466,0.6388227756158877,1.3675992529432253,2.422292800411894,1.0003844553901253,1.85209321053037e-05,0.8997343788229063,7.101226531250796,2.813765953112288,1.474104447052139,6.19213708957287,kappa_f,2.6621135130162378e-05
CANBK,2026-08-17,20,16,0.0015481517268772136,12,4.944592408999791,5.594575743732607,6.45712282524244,1.433869697729798,0.16452219804879364,1.5856406900808424,3.7029473139211637,0.024823284488634814,0.5867035920012504,1.0464399583997968,2.1542086479434968,7.578266435549868,theta_s;kappa_f,7.452298843190755e-05
CANBK,2026-08-18,20,16,0.0009859201588645946,16,4.974855895753048,6.769387117897626,1.0641871178933053,4.336336891849199,2.961866002804945,0.5605336271711387,5.692314663584474,1.005321369738821,3.1100133700015764,2.386622255718568,0.8012055996044438,7.6885095969997925,kappa_s,8.945842590917853e-05
CANBK,2026-08-19,20,14,0.0008353501621070564,9,5.505696645465774,9.297693444527464,1.1393457736817645,3.359825676639238,2.9270181751905966,0.5444851615200026,10.853411548483622,1.0264236506405526,4.389294809996304,3.135064416181197,0.6767506259939013,9.777545269100482,kappa_s;kappa_f,3.5748472073090305e-05
CANBK,2026-08-20,20,15,0.0014401120645964017,10,4.337081027090627,7.342877312208154,1.4885735628469412,3.3013299767813455,3.931592783721284,0.7088911340315311,5.407431112730441,0.8713158112065502,3.7664238347340246,2.796897011086381,0.9410199718214408,6.860316932261208,kappa_s;kappa_f,4.8629518838339816e-05
CANBK,2026-08-21,19,16,0.0011992274805898435,8,6.364805122708615,1.3933024560044558,7.347744066768195,3.981231135800422,1.9855714673785338,0.4761044898750513,15.890632135557878,9.520264249454907,3.826684843378587,2.716743248182003,0.5658697553884731,9.953799390047324,kappa_s;kappa_f,6.677845962270207e-05
CANBK,2026-08-24,20,16,0.0006971025022544893,14,4.560160072479809,7.048904519456701,1.062633751015241,2.9610132428189804,2.473426674548022,0.3194516482686614,7.899742414499485,1.054915041123723,2.639178308187483,2.488664733290785,0.4558773646481189,9.781202608021305,kappa_s,4.4012865783211465e-05
CANBK,2026-08-26,13,16,0.0016210930519122597,7,4.023125846750692,6.289661572425927,5.734358082816207,0.8422502150921152,1.8605233311290938,0.004417964354773076,0.6232956599603767,1.7248108239238893,3.516922828746698,1.138032549210612,0.6835084540653132,9.102553777880546,kappa_f,5.9084875559644364e-05
CANBK,2026-08-27,16,15,0.001490229536133615,10,2.5890954546929668,1.2323342524079024,1.101113908712289,2.3507739485596986,2.1378316719798147,0.4425559944713332,1.5477163754724907,1.2193093791494827,2.2575439208299612,2.884196064447416,0.5348636716322137,8.598479628989477,kappa_s,0.00013212091198999188
CANBK,2026-08-28,16,16,0.0007195967332787028,9,5.007825052067959,8.958418818750266,1.038755652550224,5.098648348469705,3.591082526572143,0.4818111213548151,0.785208084537719,1.2070697392485368,2.004089182053538,2.3194334954029143,0.5466142514796393,6.9577032751164,kappa_s,3.6420723676538515e-05
CANBK,2026-08-31,16,16,0.0016441113509913631,11,4.574102750960488,3.8417777902539694,1.277613515575971,4.315165851433203,2.8134016156411947,0.37104395990303823,7.901354287508344,1.0952690134355278,3.4605053522250078,2.4941522747889784,0.6050897699116464,10.286755934441224,kappa_s,9.694710559763047e-05
CANBK,2026-09-01,17,16,0.0030798570463449245,12,5.738101340267014,3.058919714849762,5.20123719841248,3.045217884706212,0.3387892334296685,1.2811525765572278,12.492427346922351,0.03693062933110383,0.21306742924871858,1.441954942554657,1.6876735818434563,6.731691612011954,kappa_f,0.00022742767861341816
CANBK,2026-09-02,14,15,0.002115149832586143,9,4.0572635269864135,5.009794627673844,1.946293216260506,2.5707625021337455,0.2847245303166397,0.7297870837930535,12.383319091516011,0.01449065540985765,0.29337817283656153,1.4377812643608459,1.3237022689501066,6.146550231622052,kappa_f,0.00016239429724999302
CANBK,2026-09-03,14,16,0.002562402848346418,12,6.531610742645807,8.310941196289024,6.057489463634947,5.950313401508957,3.338246578848821,0.2321764507405868,4.092605712566595,3.997656851213166,3.155033593155575,2.181779824716651,0.620261918068783,9.875323191531688,kappa_f,0.00020963179856129874
CANBK,2026-09-04,15,15,0.0024902424559948857,12,5.713277455890442,7.840357720070175,3.2955568323802082,3.147184432872101,3.314296769471663,0.07913977570819444,10.276733972032549,3.72870970977204,1.5553179710941287,2.238215111930632,0.3887985592827613,9.273605616846446,kappa_f,9.783609730953284e-05
CANBK,2026-09-07,17,15,0.001966095224619463,11,6.344811975140048,8.846592291527763,1.9858180066631483,6.292849052782717,3.230371413126095,1.2520503807243293,9.323514678428978,1.7682784451772529,5.727234704236716,3.270272732200862,1.5486115065256802,10.020271658767257,kappa_f,9.009482527937759e-05
CANBK,2026-09-08,17,16,0.0010591707531434785,10,3.76550411372661,6.357450071237711,1.10124595884465,6.371842928378812,3.9049932974558654,0.4132518221922664,2.5659969509743963,0.9097252134938665,2.270704843697528,1.9990373691588497,0.6377523685312572,6.859825781739787,kappa_s;kappa_f,9.778012719844731e-05
CANBK,2026-09-09,17,15,0.0021069344964741964,11,6.230131700503309,11.212689380256291,6.268866146538748,9.783558031068871,0.12161893600846607,0.003847753728120021,11.308934986694387,2.063902443326983,2.3081721479802617,2.491587756923214,0.5523477977871929,8.644971241792156,theta_s;kappa_f,0.000159855742585971
CANBK,2026-09-10,19,15,0.0005996070437010916,5,5.538124851824955,6.547699631312547,1.2188271179878365,7.05716972819466,3.0897797252308417,0.6514949960592298,10.470809700069166,1.3236742135663566,6.60546161525188,2.6541183196214906,0.9381507404296239,7.052076781240816,kappa_f,5.905438785910476e-05
CANBK,2026-09-11,17,14,0.0008157277987148511,6,3.412633427010388,5.29663747528275e-07,1.4264917683094653,3.335755715289234,2.6133151762646674,0.6206528267001846,8.022230328070293,1.537084221870839,3.4341805686119207,5.828831368804114,0.7880454611859781,4.8924152107984025,kappa_s,3.260853442103558e-05
CANBK,2026-09-15,19,16,0.0028877078735305,12,4.947807259560021,5.985776083229803,0.5795222817561447,2.9304924077968906,2.920254559809832,0.7470142144408918,3.7215438140048227,0.8905948969108437,2.924687460542163,2.631149094803664,1.0673139065390504,10.100575523919225,kappa_s;kappa_f,0.0002774323093879729
CANBK,2026-09-16,18,15,0.0013657072331349886,12,5.366520735692849,10.872368224812712,1.7391440900933643,2.52789127875507,2.387477532423648,0.31187044044943,8.260050660838681,0.44530390081267307,1.28799947949204,2.1364763774468174,0.3517964679344521,7.922949238856842,kappa_s;kappa_f,0.0001127290623513771
CANBK,2026-09-17,19,15,0.0013693983270314865,12,5.161756037194953,0.17185836972567436,2.127111902485063,5.221108963533344,2.7609740147533386,0.5571140480417475,8.18032450564247,1.4696913415986168,4.093397167335347,1.9712948684275795,0.7717983088354574,9.762604926828867,kappa_s,0.00011937469381040431
CANBK,2026-09-18,17,15,0.0008724810627584407,9,4.8587280952110525,3.849283755287404,2.1272108093003204,6.728682660982804,3.4550887637172627,0.569739674671699,8.157456310442512e-07,1.0870988015125262,2.5682459154490083,2.803460295658562,0.6994793228785455,7.995724102571524,kappa_f,5.2068892604462515e-05
CANBK,2026-09-21,18,16,0.0009166259951772411,13,5.9262767994966605,8.025072811471707,1.9232501640897124,7.372808436274223,2.462519587921702,0.6036766364274528,11.734070299022799,1.1386611050743418,4.743964884581949,2.493413908273685,0.7901221943361901,8.849695676876353,kappa_f,8.435929222472488e-05
CANBK,2026-09-22,19,15,0.0010161731964678337,12,5.8578347126970955,8.948609050450214,4.555435409138695,3.3545088114380643,3.290589609462846,0.2643292357842223,12.491903505193209,1.141386129291984,4.602598740563094,2.944164865014018,0.43098401119951235,9.977996099638396,kappa_f,9.178000980970087e-05
CANBK,2026-09-23,19,16,0.0010269667021185506,13,4.887134242601096,6.493341448606925,2.4871072941859786,3.0910659204380675,1.9330612899454005,0.4893044119089224,11.125581384417314,1.2735838755459032,3.030897739000096,3.0774900481100076,0.5821217581526219,9.80899663587038,kappa_f,7.771962312672835e-05
CANBK,2026-09-24,19,15,0.0020618995068820375,8,7.194300275764709,14.542910317064413,3.7969510451623902,9.175618640080028,2.8733175547890886,0.4831431675574619,12.440158236951367,6.866507920812465,3.6847045904668203,1.8213398969911205,0.48076401657832774,10.195108928628311,kappa_s;kappa_f,7.905823612230347e-05
CANBK,2026-09-25,19,15,0.001658902044310103,5,3.9822090771059626,6.05605029863703,1.7862528255488395,2.0571444914065475,4.469606299652267,0.43889576559231785,4.872435415118407,0.3009093512457657,2.9330058385813853,4.943660324371535,0.5562252634742556,5.267764460701574,kappa_s,9.451053954526124e-06
HINDALCO,2026-07-01,12,15,0.00039013580602795863,3,0.0023326268180316506,1.6839862837514374e-12,0.0005086916181136214,0.005264670881297562,0.0017953906661851704,0.0007628311097386264,5.0193754930205614e-08,0.0006771006723784723,0.002670086077316114,0.002213337542767313,0.0009464354423984744,0.003213991454948436,kappa_s;kappa_f,5.175376265183999e-09
HINDALCO,2026-07-08,19,14,0.0018383190904015976,13,5.107814357258794,10.241691720912868,3.03072460427008,1.1143084792888005,1.9302838518279324,0.12804483066797107,3.347650973248527,2.427139512219659,0.9284322862016802,0.6712304487308396,0.7001404521305348,8.894878176671948,,1.9653796536131876e-05
HINDALCO,2026-07-15,18,15,0.0010636388143168327,8,5.2294374809184045,6.267386058179303,1.1133086888225379,7.171927264868833,2.0802444561192974,0.9283116524069903,0.6926973561734187,1.3789431573764914,1.5547640717159514,3.2342731452340407,1.1964998973865542,6.928937144842411,kappa_f,7.831304822287903e-05
HINDALCO,2026-07-22,18,16,0.0008923892678189689,9,4.996054475113196,0.0994155485671051,3.278811539625109,4.299425182886267,2.54564285708914,0.7431878919663708,10.639519734223208,3.186784636675279,5.686439102455479,2.3737269523704683,1.1439655402717497,8.379490628554121,kappa_s;kappa_f,5.169580825521887e-05
HINDALCO,2026-07-29,15,16,0.000683603817664051,13,3.8433489755134014,3.497209311406756,1.2869501463518147,2.9046650821386946,2.795545975830107,1.8136297013510418,2.1797837844750974,0.9575894811730116,2.185290500671905,1.8597832908836247,2.93707326414587,6.6473307251896,kappa_f,3.854481310912696e-05
HINDALCO,2026-07-02,12,16,0.0005589984093983959,7,4.833377836244908,5.2608893561512104e-06,0.8267582566486767,5.771829262089238,2.7699634176432997,1.0707845736944381,9.08436681353649,1.3561840854068288,3.351293437261889,3.346066981985448,1.3543001299173345,7.608741769364639,kappa_s;kappa_f,3.1576098347331754e-05
HINDALCO,2026-07-03,14,16,0.0013258182574509842,3,0.9986585365416623,0.9463415203683354,3.010284088714185,0.11801260900919885,0.008711108119605182,0.009481959640390341,2.4531215920831073e-06,0.005580833549893083,0.044227946712275035,0.025789753313598673,0.025280334291737816,1.2087567783195992,theta_s;kappa_f,6.808493112219101e-07
HINDALCO,2026-07-06,17,16,0.0006904611612024986,6,4.091399136178727,4.833207929522132e-05,0.3459380622330248,1.1015441141177504,0.3274918806276341,0.27259270344109277,12.490997696983442,0.21026400899449826,3.0588040247685653,0.6268566156734328,0.424952499873575,4.443520650907335,kappa_s;kappa_f,5.5026210491637695e-05
HINDALCO,2026-07-07,19,14,0.0011879235873398235,9,4.678992609472653,4.465898056693618e-06,3.1349412593886563,3.1427399754495626,2.0456556943431776,0.80790392596782,6.905626240705805,2.494990402647526,1.043209140679675,2.9203963811266274,1.223717537462741,9.09415427841947,kappa_s;kappa_f,9.729844854157606e-05
HINDALCO,2026-07-09,16,15,0.000739460453664835,11,4.491169888510206,4.498479576703174,1.9352067091095897,2.80371185693906,4.788066494211873,1.2163950888744641,11.464822920033178,0.5312590407708471,2.7719476577307605,1.1803119578621233,1.8345337759664124,6.392390078588404,kappa_f,5.393805815835477e-05
HINDALCO,2026-07-10,18,16,0.0005462366518606207,6,4.920962382374563,10.17977182812724,10.866789191118578,2.005824720246947,2.272500932081609,0.41995201357777423,9.880307416820095,0.8920883511602389,2.759891005693312,1.2547393457223746,0.544876260267678,6.819476466003176,theta_s,3.605753238848425e-05
HINDALCO,2026-07-13,19,12,0.0008924447225819754,5,4.69317688254944,4.892394864342009e-06,1.1838823090579857,2.557544960004546,4.543325628102531,0.4280845910310333,1.213461048899413,0.1245509529239055,2.6009239546980245,2.6614352726828177,0.7497131658619952,7.237120632035677,kappa_s,1.941043068046089e-05
HINDALCO,2026-07-14,19,15,0.0031334090440441613,12,6.704607748612237,6.521948149278275,5.581191507926695,3.991731298349715,2.8036916365625433,0.007632609042291379,5.619562648401801,11.847866776325507,1.5456687193833745,1.8303997341088682,0.4340196493581179,9.718314956258283,kappa_s;kappa_f,6.579361236516874e-05
HINDALCO,2026-07-16,19,14,0.001301289565233052,13,5.997659013211251,6.981214693691072,6.67867192095576,3.5432716535631616,2.810878652603125,0.9835792788816969,10.847969022518711,2.7566349366568303,3.16145562702895,2.8052466209775657,1.2359014488454227,8.94797935943572,kappa_f,8.946358938309584e-05
HINDALCO,2026-07-17,19,16,0.0010494112092486318,7,5.0676058617645,3.080261858912081e-06,2.2773426873754827,9.634072743720509,1.8944140824879432,0.8093766599863009,6.5831605930240915,1.7845898703568086,4.625387404633145,2.9566496991931497,1.098949592401713,8.140402266059604,kappa_s;kappa_f,4.665704086999128e-05
HINDALCO,2026-07-20,20,16,0.0010743255413016625,9,5.750116440070081,3.822523249931006,3.3948483690627924,12.159524472290382,3.357386405298463,0.69960967311297,7.738397584223156,2.9034444045686154,5.148720596418772,2.917147424201419,0.9336702650353428,8.916355382336409,kappa_s;kappa_f,8.063242750709241e-05
HINDALCO,2026-07-21,17,16,0.000529748780681224,9,4.845258181302771,4.857800469437734e-06,1.9700202323537856,5.383654259730536,3.620704938194308,0.4552487131607879,8.112586724503323,0.8454699222284765,3.955193199969904,2.884461934656537,0.5442529759578774,8.502502698648835,kappa_f,2.9324204968628827e-05
HINDALCO,2026-07-23,20,16,0.0008848421283845283,11,5.313460000340442,0.5610124493722175,4.7920049913820435,4.807923506650992,2.5865448721149042,0.42110840815026584,0.022228207313887083,2.1003148093140314,4.1286243120566155,3.03010249409594,0.6703267793101743,8.311711491565767,kappa_s;kappa_f,6.731663107933537e-05
HINDALCO,2026-07-24,20,16,0.0006066116666606268,11,4.325766429042395,2.3428440028169977,3.487972218433434,5.191458746763386,3.2391005243764877,0.1821021707647487,6.06101278677329e-06,1.3847127709068268,4.571221767024648,2.641963102023852,0.23928977680608066,8.889873820579988,kappa_f,2.5609009746655853e-05
HINDALCO,2026-07-27,19,14,0.0010274803366330514,11,5.795409386960782,2.2610087461850465,3.73948882998029,5.967497072108388,2.568425779611423,0.7036414128725648,10.19922021553493,1.9314847896695033,4.588581565476989,2.5237789112798827,1.0214280090068242,9.902648229633819,kappa_s;kappa_f,9.445731659697026e-05
HINDALCO,2026-07-30,17,15,0.0010505278661612479,11,4.034485627342511,7.402842111029217,0.40026856683820267,3.691101244167512,4.584611616943516,0.9676779816033839,3.5087529545952787,1.1957613855428542,2.8064231012357173,2.3162673472416384,1.3378647611464294,6.226636021314296,kappa_s,8.42177263513605e-05
HINDALCO,2026-07-31,19,15,0.002743259223684753,15,4.860134383614418,5.635299837670893,1.7141949393550984,5.283206540373157,2.9255586743115316,0.9862452449617529,6.010731458937376,1.1056860185326898,3.335625689793771,2.144468614258388,1.7243858656763815,8.063604831372073,kappa_s,0.00027421238242269705
HINDALCO,2026-08-03,16,16,0.001075742958782321,14,4.544248286766198,3.0832682889877088,0.880838548766351,2.9435369435250287,2.824322395924983,1.3391900375892438,12.29352249374098,0.7666978813772569,3.2789409451751244,2.7211789723177766,2.552450631642153,6.023621430561162,kappa_f,3.79063268094006e-05
HINDALCO,2026-08-04,18,14,0.0012084944249337436,10,5.263125459005368,2.629375283176639,1.7293218450891252,5.099855652924946,2.175475132865393,1.1582708746975474,5.175977012912641,0.9888855797602047,2.0166116807868733,2.877288707069593,1.809996703056366,7.264425152066318,kappa_s;kappa_f,6.607581619543683e-05
HINDALCO,2026-08-05,18,16,0.004242581169779215,10,4.729486258981112,6.654416541265229,1.7550146064096885,6.09547993009645,2.7281811841291086,0.7935413090467343,11.665703081182798,0.7095833167045641,1.7254908216073155,2.7934355190614366,0.8192977405211623,7.695401573462847,kappa_f,0.00022835831797893193
HINDALCO,2026-08-06,20,14,0.002062486398358804,11,4.114005819247836,1.8741749165940291e-06,0.023083439314605842,0.7115631935467849,3.8461492394358694,2.288279340615322,6.085129451215703,0.0689110866926993,0.8042140635686589,1.5765274555570024,2.680097860054108,6.629906345899951,kappa_s;kappa_f,8.855739940981291e-05
HINDALCO,2026-08-07,19,16,0.0008570078705061475,3,2.293470900001327,2.900819665741162,0.0002747954763887031,0.015946119276898978,6.940590417642941,9.42943465240404e-05,6.011443431930275e-08,0.0002784362299386167,0.0010909667185234895,6.661975051486246e-05,0.00010891875937524276,2.379917877556413,kappa_f,4.8654212022984644e-08
HINDALCO,2026-08-10,18,15,0.0008313616476082462,7,5.035355056289399,7.856695677592903,1.192177469700685,7.09682644008453,3.3371814622710563,0.7240737085851893,0.36686440653756147,1.241255124041717,3.1734950359390277,2.4549358539998747,0.9356626437110125,7.565725950068232,kappa_f,5.9124187298187077e-05
HINDALCO,2026-08-11,19,16,0.0011926565202761163,10,5.355338488465626,7.727290571478875,1.6461259867883158,7.821813858854372,3.3885320498294575,0.7508199525058671,9.34362046141109,1.3249336889510546,4.364382954088459,2.5296433030121266,0.9619845718771398,8.05875655697321,kappa_f,5.522249755632335e-05
HINDALCO,2026-08-12,19,16,0.0015679587594793543,11,4.638507277797169,7.443387290884575,0.9980876587875437,5.440599720618515,3.037668993328162,0.49196984879028866,4.354074731384667,0.9596947992562557,4.049314887443083,1.4196210079895808,0.7124303707622606,6.846808193374895,,8.411551351398356e-05
HINDALCO,2026-08-13,18,15,0.0006197033662972284,5,3.4698473763643194,8.794804311240794,0.6515891865806165,0.1504752764843858,5.914110453566382,0.0057778882645414305,2.6762022287130094e-07,0.28128167843415985,0.824173887387369,0.05146879125500173,0.03896775109653494,5.476021320686352,kappa_f,4.141960362038003e-05
HINDALCO,2026-08-14,19,15,0.000739040344932505,6,3.107211903858644,9.810087663577225,0.14328533235642046,1.008288714475809,6.329006759490704,0.001373951756008958,9.582504567617889e-07,0.1304422034991628,0.9154434598542212,0.07773949611369935,0.01155915392903939,5.923021045419533,kappa_s;kappa_f,5.172098254512534e-05
HINDALCO,2026-08-17,19,15,0.000568487327726809,5,4.468791381482988,4.883398432298236e-07,0.6865816540276766,3.8079890345131187,2.5298777732753037,0.7330497131094432,1.0686108193880273e-06,0.9157438007986596,5.254424534081982,2.463587472694446,0.9935663564889522,6.788641967170831,kappa_s;kappa_f,5.429283449298085e-05
HINDALCO,2026-08-18,17,15,0.0006663082340596437,2,0.383842638375237,0.0001004909477657634,0.23639108848552048,0.6718869038793542,0.5921028338956975,0.25512808089264505,4.2724224158519064e-10,0.06557034894631364,0.21985459756969306,0.6130129987928208,0.34920250133772823,0.383842638375237,kappa_s;kappa_f,1.2915245850495514e-05
HINDALCO,2026-08-19,20,16,0.000515825607853591,10,4.773306235197013,5.178671607343951,1.2502625805314245,4.553539940498095,3.4030070220928565,0.3921265252435339,6.359285286743057,0.8963964102329594,2.679693611118066,2.527201646888015,0.5348193742483693,6.9907586771960535,kappa_f,2.985834588425571e-05
HINDALCO,2026-08-20,19,16,0.0007896531270389125,12,3.9132905992799123,6.119238282179287,1.5595863016511333,5.1092711908206425,3.090971296971375,0.06236277023761132,3.984190305672541e-06,0.9371608321639615,3.3546149649415025,2.712604920321399,0.07246361160095716,6.883498437680395,kappa_f,1.8769241591464576e-05
HINDALCO,2026-08-21,18,15,0.0010331301992145656,8,5.792628547014788,7.738173205348067,1.556655550954817,5.137132171394365,2.147408611677604,0.43994904946338675,8.216078721655489,2.1305094141093397,4.6574550022650305,2.6221421617765097,0.6035923322149728,9.8485628365067,kappa_f,7.616063839432398e-05
HINDALCO,2026-08-24,20,15,0.0007490195779404603,7,2.8571802160706175,2.9670763345120825,1.037059154628403,1.6890171241223284,5.272547601807809,0.10520543619293443,4.0705911175109577e-07,0.15987337183623024,0.7559112617884002,1.5327985265016109,0.21267841976279156,5.473111528712869,kappa_s;kappa_f,4.0948412511190965e-05
HINDALCO,2026-08-26,12,16,0.0003840901293753078,5,0.5234046769264914,1.519539309915313,0.6276449184002351,0.1815934052075283,0.015348437407771476,0.0005384273091116399,1.0676109774010456e-07,0.002911208131489429,0.033899079570015145,0.03158430451040606,0.022460931298758924,1.7265543061086646,kappa_f,3.4001707175291174e-06
HINDALCO,2026-08-27,17,14,0.0006333056377410449,6,4.678985561133606,10.343019795604881,1.325025194539873,6.201414997868935,2.801415688172904,0.4785310534494913,1.699008089242176,1.5576170268459841,0.9043752785198436,3.3122627643809293,0.9273475719035688,7.21444766660502,,2.751796003710636e-05
HINDALCO,2026-08-28,17,14,0.0007964619786685001,8,3.642558773463135,2.641333005826141e-05,0.5775962588859047,2.2942441311223405,2.6767961979217536,0.5064417068858893,6.001653512178021,0.9521703619198438,2.8724611599224077,1.4153402756802589,0.6312751528616783,7.671367697549127,,6.409268498902033e-05
HINDALCO,2026-08-31,17,16,0.0011075272795457115,10,6.249368048841052,6.430264121789854,5.700125123401111,2.062859021611322,2.0626336745483353,0.5762994096245828,15.35547617943041,2.579106956107497,2.8067596626629876,2.2628682815085,0.849809035663847,9.959062446661575,kappa_f,0.00010726901304201658
HINDALCO,2026-09-01,14,14,0.001010083257848403,2,0.19762320073512732,0.125053908468864,0.6117948161993052,0.019930930937218427,0.004167038499492737,0.0022291228563377707,6.514084915920648e-08,0.005217223185841724,0.012199324066997974,0.0003559990450270334,0.004708786351897309,0.19762320073512732,kappa_f,7.569200892528112e-07
HINDALCO,2026-09-02,16,15,0.0009439313006351678,9,3.927548531635342,2.741013570578856,1.5362508806242068,3.4501686196043946,2.669729433069003,0.3082165492639555,6.174099369461551,0.8595743162146019,3.1105117272428515,2.9893985405396903,0.47425738715911003,9.42842187582026,kappa_f,6.733353813251732e-05
HINDALCO,2026-09-03,12,16,0.00048121813604688047,2,0.7762956036911027,1.901858542652235e-06,0.6205365166417889,2.0618009578493304,0.18918879598384164,0.26249814791963133,7.247759299389145e-07,0.2507937072074631,0.9432281721420601,0.24097979997087338,0.5243224907864283,0.7762956036911027,kappa_s;kappa_f,6.244268712477809e-06
HINDALCO,2026-09-04,16,16,0.0008673255691881384,9,3.281286331106232,1.1982792731402014e-06,1.1825907646024718,3.770434874064174,2.774147250223949,0.46707012715232366,4.879873264618473,1.1382966066060172,1.5710667128096731,2.440942419447591,0.6246134497650171,7.320673037603998,kappa_s,4.023917661357269e-05
HINDALCO,2026-09-07,17,15,0.0005391152780555296,6,3.39348633971204,7.261564646789694,1.0303423786129287,6.781506616047196,3.7123538581388456,0.5524331798002622,1.1911111998116457,1.0683149468713238,2.487362675606697,2.5668672097655465,0.7240475161596814,6.846185604149308,,4.2541947979437894e-05
HINDALCO,2026-09-08,16,16,0.0010065430332428012,6,6.602181153041603,15.4714589985662,2.1880645372212335,8.621754401591303,3.2369354055304163,0.08084713060071393,6.086599010293519,1.5119896437337375,1.591664344579904,1.4902318747058676,0.22423541116579715,8.196282845737237,kappa_s;kappa_f,6.680786835287951e-05
HINDALCO,2026-09-09,18,16,0.0023953118381320076,15,6.647434436352537,3.2237191526222446,2.5516062110939814,5.147262573834076,2.658504459603262,0.5573166606422479,8.973111909246914,1.6747973030602237,6.306169102064723,2.723608706904777,0.7054550442334447,9.75326250396041,kappa_s;kappa_f,0.00013257804617751055
HINDALCO,2026-09-10,16,15,0.0032745196286766997,12,6.749044756220704,6.97823862732429,8.30513286407783,5.395302608957825,2.63583295626076,0.48686680041517094,7.232501770571765,4.1252791982427865,3.4965128021898932,2.4388685873203935,0.7616686756116329,9.222991437349902,theta_s;kappa_f,0.0002755300063112501
HINDALCO,2026-09-11,20,16,0.0013743039218670626,9,4.121606415874836,5.223421171152154e-06,0.9313724088214002,3.604065172019467,2.6358178143159754,0.5721936954089909,6.247257857662895,0.9090122610829816,3.853492763892545,3.307216603344164,0.9661713713937768,6.515177306182391,kappa_f,0.00013506128908482217
HINDALCO,2026-09-15,18,16,0.0020405238326417206,16,4.633314021256841,7.908361772423319,0.921530585630164,2.728100011495639,1.7885523144600852,0.9920117140104916,11.686132636414719,0.08622729264359617,0.7339538891754553,3.298211371348505,1.2797123409563909,7.8526937324088495,kappa_f,0.00014530320609139336
HINDALCO,2026-09-16,19,16,0.001637120281037218,5,4.382488889821097,2.4571762118341667e-06,1.0110204772761633,4.6892526800399725,3.398176489923115,0.6944479185423054,5.7409531387964625,1.2884513653086591,3.653260464556586,1.461611286554922,0.9233103798422033,6.508985409538544,,4.4395771234878936e-05
HINDALCO,2026-09-17,18,15,0.0008073289893009945,6,4.3292891642417155,6.089065384169161,0.8972117692704095,4.584288923901354,3.279982558413093,0.5885462104793787,4.7327291525789406e-06,1.1341572481294124,6.990576410307106,3.707731427178499,0.784743565602895,7.119618746833634,kappa_f,5.4444931677933434e-05
HINDALCO,2026-09-18,20,14,0.001876115217047143,10,5.397265452991915,6.744532045118123,3.0479402856717814,6.675875323179228,2.3072896574210526,0.27191317408961896,4.632476941577297,2.7146315018033778,2.703964611724076,2.2163886794163346,0.36074501357121047,9.856820050342405,kappa_f,0.00015629164446159544
HINDALCO,2026-09-21,20,16,0.003042118491812653,14,5.839637290143654,6.638883982298834,1.8258600727127268,4.137084660941083,2.660321490098021,0.4141386843843998,9.139649082228381,2.2763116052586962,3.728320459365193,1.8328163333980847,0.5796055589720184,9.533332259959751,kappa_f,0.00013473176084042183
HINDALCO,2026-09-22,17,16,0.0011383742741432371,12,4.325140932361469,7.53931330946914,2.2911138560126982,2.284459987469142,2.649225665607071,0.504750132991407,3.011290928611743e-06,0.6323247106192447,2.547477225412469,1.8447091099049404,0.6444756107703683,8.002939697665424,kappa_f,9.18315084975454e-05
HINDALCO,2026-09-23,20,14,0.00193984234326376,12,4.446243323372972,5.731730825288386,1.867697719767694,3.611845953377023,3.127035685401795,0.31551691994569786,3.923965727252951,1.0288462610223423,3.7874954137295145,2.656528207518128,0.37735954627572654,8.125027093348871,kappa_s;kappa_f,0.0001135884776512666
HINDALCO,2026-09-24,20,14,0.0010049553772905828,8,3.465559071870065,4.674716747255264,2.0960370728099456,7.357681450533886,4.8499859670052246,0.248482359415476,5.026530480733982e-07,0.9747805746852369,2.7156996077209126,2.939292133906179,0.2508405434341668,6.683179794251234,kappa_f,7.729425280199233e-06
HINDALCO,2026-09-25,19,16,0.0010094230166254165,9,6.169915423220069,10.312223309881983,3.7923507284541316,4.848716670942893,2.571026986835342,0.34203048257508456,3.1569264311420886,10.800043297660203,3.385451796573713,1.9529311310352522,0.4895420048367466,8.861867281326441,kappa_s,7.46702633251889e-05
PNB,2026-07-01,14,16,0.0013057444326486497,9,5.505502872897711,2.1147026746564848,3.8811608929990538,6.242427419055653,3.0882605027879957,0.5116292193516521,8.519959637971695,3.556550029538429,2.507511041302032,2.1028488469542257,0.8174021250938314,10.466771428642637,kappa_f,0.00011546860470792184
PNB,2026-07-08,17,13,0.0029408078315373903,10,4.7399748261915855,7.483666745447778,1.4336306995539028,7.533578099939285,2.943919000896209,0.6586494154196424,7.505224031530725,1.6609667482657025,1.3446181866037747,2.389495151321257,0.7560640373967846,6.676415986096284,kappa_s;kappa_f,0.00020275660695992558
PNB,2026-07-15,18,16,0.0021848089726363264,13,4.81930064477149,1.2050756813352699,1.710845534369083,4.7302306261810525,2.1704778180450104,1.4829547176112063,1.9932333046469335,0.9487110197055526,4.577869957675941,2.4274289764909582,2.106447458930252,8.382283117879702,kappa_s;kappa_f,0.00012813818701243795
PNB,2026-07-22,19,15,0.0009596120857588913,11,4.41978641775329,2.437610779892907e-05,1.2569358633379986,4.962385231017333,3.2171188109464435,0.5711446018548356,7.405747961291636,1.2557174988724953,5.134562340398026,2.4768981984590197,0.7413475189680261,7.3066114024980955,kappa_f,3.990167035732657e-05
PNB,2026-07-29,14,16,0.00045783675327693447,5,3.9318108944850056,1.471657348872668e-06,1.0127004015384244,6.602318304517668,3.7970410392175853,0.7311852278230015,6.268759218243435,1.0504434574100472,4.283954131617075,2.545848509494924,1.1512211866311843,5.84698256183077,kappa_s;kappa_f,2.6957857542740952e-05
PNB,2026-07-02,16,16,0.0020669622050996416,11,4.832014265278201,6.516540322933207,4.483980219967346,5.980236242549965,1.8738891678368454,0.577284436304588,6.606210516673458,1.6326666639139513,2.9381430683401684,3.0523064955251407,0.9201127590715581,9.499286319887466,,0.00019779623668454965
PNB,2026-07-03,17,16,0.0014570582181475562,9,6.098388989633281,7.503018113224922,3.4951018196968393,6.840159961112958,3.0985747300170523,0.3551412885305058,6.969448343444766,2.775402279937497,2.2325502544423275,2.4792365047174125,0.5421723473337752,7.789993618881041,theta_s,0.00010379154993909079
PNB,2026-07-06,16,16,0.001703220752306224,13,5.529803929236218,7.670190278867372,2.225705305932827,4.146653082659302,2.1080834044996295,1.2940136102732631,10.8399326054849,1.8412428816928283,2.400294377079713,2.2527202203947496,1.9394974928149755,8.665865322864251,,5.906725852999721e-05
PNB,2026-07-07,18,15,0.0013583056492302026,6,5.316956227530342,10.898154913051336,3.4933747740463947,5.754948080157711,4.052094597386103,0.6990711488810967,6.467776844949997,2.8079373288701865,2.1521816969933596,3.0033977147206365,1.1924292836724082,8.354350054892642,,5.376719074711312e-05
PNB,2026-07-09,19,16,0.002134256806277464,9,5.495241588332009,6.697927406361447,3.6631401358467417,7.709212003661205,2.654433823008497,0.09449851538852799,7.773472255203668,1.055943699976182,3.7716792989105103,1.9529919791123684,0.46537141628950307,7.799766458165767,kappa_f,0.00017788351228329585
PNB,2026-07-10,17,16,0.0014319693320656315,7,6.176826976011772,2.4580648685200597,0.9935036413793241,2.2106430676907425,1.341046177114622,0.8407187522919725,11.612462146285033,1.2964420812321418,7.4656315554228705,2.9813773355587103,1.1654074628638385,8.283593078907266,kappa_s;kappa_f,0.00012417725339712213
PNB,2026-07-13,18,16,0.0026136899843058454,12,3.688045885673935,2.4384476879454198,2.038347057024753,2.4488552047811227,2.2108396754325206,1.3118189105480438,6.098984383026814,0.24119321679416805,1.3906961112763694,2.440730462016925,2.0102071628702647,7.25709451782316,kappa_f,0.00015095611031263776
PNB,2026-07-14,15,15,0.0006191059514871241,9,3.327087768742225,5.288881593418132,0.5131134619579137,2.648938600148707,6.085170338646472,0.3424580844302493,3.807914747966379e-07,0.7815903418389667,3.290303516169188,0.444904515569584,0.3425383229718628,4.896911921873723,kappa_s;kappa_f,5.406571830435106e-05
PNB,2026-07-16,18,16,0.0005218739580715713,2,2.4801660921662934,4.615652404148324,0.0025976486103096883,0.15923501302564913,6.338973959372894,0.0010510789114356297,4.824803596648053e-07,0.0018731041756372413,0.005592795539305584,2.819683529166339e-05,0.0014294024696965835,2.4801660921662934,kappa_f,1.3653383043295622e-07
PNB,2026-07-17,19,13,0.0010639099544886975,5,3.577169112676893,7.186973585306814,1.844839608323324,4.266410323058164,0.43849328548464617,0.005170345901179091,1.9847112930904132e-07,0.3558962609778986,0.8797404571007394,0.031456926320927836,0.05322052755870965,4.959973186356088,kappa_f,8.207468016919366e-06
PNB,2026-07-20,20,16,0.002805144181501011,13,4.824230556773122,6.575965291526697,1.477217166075371,4.020125602072206,2.5464279418410305,0.6642833746604457,7.727514743642397,1.085115431699125,4.526426824267022,2.3646694725394903,0.9373752729215659,7.845301951877602,kappa_s;kappa_f,0.00010150037044313756
PNB,2026-07-21,20,15,0.001550986792891594,9,5.623108593815173,8.018756119553998,2.173421531515364,5.5549246497190445,2.173367270805256,0.7638623417464705,5.966623434288764,1.765942394054875,3.5322484944902985,2.64760906859505,1.0264750070845516,9.240541903618675,kappa_s;kappa_f,0.00014228775848693954
PNB,2026-07-23,20,15,0.001068249877612134,8,3.8601888451468205,7.453141804354236,3.207664463902094,2.8552300880677723,2.512480497200242,0.21637068032352763,1.0121361349035851e-07,1.6426289353336105,4.152723613913262,2.164257241211467,0.36571657950311753,9.101270548481734,kappa_f,5.857669438116093e-05
PNB,2026-07-24,20,16,0.0013511323756988844,11,6.455379770313332,9.291687492412168,6.0376047769084344,7.213876763604032,2.257467763142076,0.17438084411073693,6.152502814822755,2.2018448830827557,5.24784246786997,2.702595238007843,0.1789773114363441,9.272462075806475,kappa_s;kappa_f,9.205480949163979e-05
PNB,2026-07-27,20,16,0.0013323023842663274,12,5.090965336460707,5.836848477551213,2.519388744949676,5.0465351047774005,2.615457074605356,0.6646304916195498,6.9111796974559745,1.6069079304581235,5.023536692972737,2.4559897685180494,0.8912424984863364,9.832386391861231,kappa_s;kappa_f,9.753690204091273e-05
PNB,2026-07-30,14,15,0.0009507650610331639,8,3.6860432520175026,5.592813719701439e-06,0.5916008432257982,2.2724018321998956,4.814618389965664,0.3119664832278719,6.388216699954402,0.20973724777714975,1.592617765393973,2.3868221478338745,0.7862521751267622,6.130203963197292,kappa_s;kappa_f,8.818081067806524e-05
PNB,2026-07-31,19,16,0.0015546288182803247,11,3.422719173753717,4.421802859866375e-06,0.38750092043475814,1.6716184849679783,2.137744708685826,0.6030350453612191,6.914780699619088,0.7409779377215091,2.509082646863022,2.7638113463719645,0.9545633939568083,7.1353605385486425,kappa_s,4.68193312430584e-05
PNB,2026-08-03,17,14,0.001605711060479199,7,4.712458784489215,0.7975700947172975,0.9840924950741118,3.4441305032721656,2.419590527263929,0.4156122904600447,5.280645148685373,0.29270529331168205,2.9915687456797313,3.122195713292745,1.1092459874245089,6.051239250132475,kappa_f,0.00013891075742449954
PNB,2026-08-04,17,15,0.002003915171789777,6,5.925768260251171,12.194212814961732,7.227930728307136,9.15403779701504,3.3613296590747748,0.9198308103394238,12.478550480661244,2.0786292689960337,2.757248581054857,4.585884645215359,1.9099810316014298,7.7825417184890435,kappa_f,0.00017832899141856373
PNB,2026-08-05,18,15,0.002272950552714856,12,4.347623863311995,6.036143822764084,1.4003603593983702,2.671712298612643,2.9264241860302143,0.976855876231057,6.237224384783259,0.7428973836872007,3.2514229283615244,2.094449171724296,1.6093503349825693,7.363796841923863,kappa_f,6.923687025899841e-05
PNB,2026-08-06,17,14,0.0010164554995433072,6,3.6137122912557467,1.468486473044095e-05,0.9137542702117754,8.159960471886306,5.8198530847574945,0.5156852747592224,2.425167622277513e-09,0.8651150899166273,2.0670699525659213,1.6109879462240229,0.6052408451722353,5.583730679224004,kappa_s;kappa_f,5.019901095180339e-05
PNB,2026-08-07,20,15,0.0021805712165482187,11,5.945468862980924,5.6197471394047955,2.8081037605059085,5.775107756796288,2.860255795209457,0.060967703611254656,12.435034644048384,0.6110222889358954,2.285226131811848,2.59034994795225,0.6841897205667749,7.777738688970637,kappa_f,0.0002050950982441387
PNB,2026-08-10,19,16,0.001052061234329326,13,4.1815907153714456,9.59215345406195,0.35085973786962127,2.1956237412028687,3.619716234981219,0.4835249554286851,2.5149673295032926e-06,0.7565002129292921,2.954170262524875,2.3770888569058313,0.6567479502303961,7.176197783925036,kappa_f,6.75332349287629e-05
PNB,2026-08-11,18,16,0.0013289847199847817,11,2.028249040236458,5.607819531405767e-06,0.1765851652025614,1.3476103992176536,1.0732084428681072,0.7758664522476668,2.008848087522396,0.26675346361297164,1.3330224475102062,1.3691136989172636,1.0293293066968496,5.49783350112855,kappa_f,0.00012290896241950208
PNB,2026-08-12,20,16,0.002201369468719961,12,3.962958986979988,2.2579131400135566e-06,1.2820558883107909,3.9061350769913012,0.7375771250013003,1.0825218867649102,4.4671709854988,0.10676469858371945,1.9664944590819797,1.9185777616483972,1.6708484071485272,7.018302968765366,kappa_s;kappa_f,7.142921813924801e-05
PNB,2026-08-13,20,15,0.0011173016890744492,11,4.262212353920127,2.8185365631907047,0.9110465886476646,5.6447674103712,2.314655351086352,0.740978211897091,3.986767257657675e-06,0.815203805994779,5.029159322146219,2.430656233063147,1.1449834477744705,5.993538217685766,kappa_f,7.583658815064616e-05
PNB,2026-08-14,19,16,0.0018014147679915739,9,5.148709748890058,8.636355941678001,1.030277013351748,4.380775131475314,1.5217771421049935,0.7252937011429783,6.441976906796812,0.680533542606642,3.6844097990998548,1.9212350083294645,1.05754887072868,7.107512965773346,kappa_s;kappa_f,8.580020191199518e-05
PNB,2026-08-17,20,15,0.0009676491720309418,9,3.496002708592788,5.427312834208646,0.5833370738653483,3.738531244550536,3.8206682679218664,0.5088470092947799,0.9643558143751179,0.8793829119658951,2.699555784729036,1.5396895528258696,0.6845721278644378,7.202270024022162,kappa_f,7.918945350258077e-05
PNB,2026-08-18,18,15,0.001356474391760415,12,3.7578622881373933,0.6155881961691936,0.7829088967452252,4.176977134008057,2.918377782120318,0.6860768572034966,5.095578523582878,0.863371545977389,2.5457244918904873,2.0689390412836506,0.9474240003336165,6.336567313382114,kappa_s;kappa_f,0.00013021221933185324
PNB,2026-08-19,20,16,0.0009954757176100484,11,5.043309392326287,7.869167445826768,3.587092401115817,3.085564799204329,0.9641448449616385,0.28489511930108063,10.830224164346802,0.6683842474297432,2.4709483667599574,1.8568570220146012,0.4741717683006159,8.035231650556348,kappa_f,6.810948478904507e-05
PNB,2026-08-20,20,16,0.0021830553317402565,13,5.439292280149276,6.454436861838521,4.92094768557947,2.0429081162379346,1.8212620695709898,0.6417190782910938,12.462134729899015,1.2646984045898217,3.383132011433136,2.499057806103625,0.820647152003424,9.366956731635943,theta_s,0.00017439585788693156
PNB,2026-08-21,19,16,0.001575502774333066,11,5.303411026720623,6.372662494986063,2.3741238335050134,4.303710317870487,4.312301565217647,0.25861246736038035,9.527177771593404,6.9956918303463,2.679560995931408,2.4554699765522203,0.4715404705369254,9.443802826519365,kappa_f,3.7679847124977035e-05
PNB,2026-08-24,20,16,0.0009263813614039812,13,4.411400428790049,6.268610504178804,2.187556724146021,4.035302818650992,2.374404907503207,0.6426664927862362,0.9482111515381306,0.45903202250504826,3.0193376444108333,1.865886251577157,1.0535829529302783,7.53039879186821,kappa_f,8.951238605914595e-05
PNB,2026-08-26,13,16,0.0028555211403174146,13,5.756059343036789,8.777984842431753,2.359428758514551,3.1876144809184996,2.989345638654183,0.1758539497297001,7.502006269163929,1.858540112760319,2.6879199495886965,2.0499123286207785,0.14177409018032688,9.852594102910189,theta_s,7.519294911856669e-05
PNB,2026-08-27,13,16,0.0007716614640158092,8,5.508728270550097,3.460927809291372,3.1683325389489356,4.7667784589091236,2.981049118348018,0.2790329696859224,14.74511479190448,2.120149054624454,2.815281282955523,2.9653343270013077,0.39676166954738845,8.79829603204563,,7.0232737208389e-05
PNB,2026-08-28,14,14,0.0010506592981171143,7,4.4062404624776805,0.00028405406547094003,1.409433067972163,4.726344072244848,2.867633374074573,0.35433518106088774,0.8856101184381506,1.234902451116873,4.164653356915207,1.615046264623047,0.4393516886152666,6.379480048202866,kappa_s,6.422697495563003e-05
PNB,2026-08-31,15,15,0.002012169579399006,10,4.458419824565601,4.99544393868794,0.5698970850553087,1.1501934441736792,3.2862056235011865,0.39204142056871527,3.035540437148324,0.7749167510370591,3.5266759976807753,0.9745116855376004,0.5510529359577678,7.067475682832382,,0.00019553551423788507
PNB,2026-09-01,17,16,0.002356311664862672,8,4.6902679252437025,8.039362384845255,1.7336558458853812,5.450954185116929,3.457641617276099,0.4182043609043895,1.9896267045584566,2.5362132893178657,1.7043190523179559,3.0666653386528013,0.5402963896118322,7.775928722280437,,0.0002126565147447814
PNB,2026-09-02,17,15,0.0016689001302646132,12,5.535969146785108,6.655355624100331,3.5024266382281484,2.601618917984226,1.0937364415616924,0.13523465070006913,9.065945303430757,2.9776163373821385,1.0253638175570972,1.934436948963915,0.7122444684222105,9.004062313101267,kappa_f,8.135386730679295e-05
PNB,2026-09-03,15,15,0.0027608307826123882,11,6.9279075623814705,15.082534601747678,5.56698396630348,3.0050048427893437,2.379945048472505,0.49498391913511985,12.49605496566958,2.0480891800267873,4.568889226938003,2.4812838976873914,0.7876705213886295,10.083908702565493,kappa_s;kappa_f,0.00020442148147725584
PNB,2026-09-04,15,12,0.002358437670836939,8,4.835995126352718,6.265098254491574,6.553030959579495,4.134193176549133,4.2899440489236,0.000160139291769518,4.573593095358319e-07,1.591526337616601,0.898415795991625,2.180610807240715,0.6035841629435739,7.706897855836573,theta_s;kappa_f,0.00021900407608532388
PNB,2026-09-07,15,16,0.0018547605659598317,11,4.0630376142350215,6.659571759483155,0.8345099417408891,3.5750935369814374,4.005473045301894,0.40301496964911654,4.519584837936463e-06,0.8267881848941074,3.2472408647826887,2.0743339596437496,0.5699809231182413,9.947131311944032,kappa_s;kappa_f,0.00013041231559217836
PNB,2026-09-08,16,15,0.0009883688459397316,9,4.681118937146616,5.9848879139816,1.7952494608479552,3.0423859432277203,2.7981199401732892,0.40468239451690113,7.643933559397805,1.0055365983407887,3.4030537675659027,3.0673068731368076,0.5425065561016436,7.0906702153470516,kappa_s;kappa_f,5.340564808205576e-05
PNB,2026-09-09,14,15,0.0003893974771475491,4,4.8191217067883425,7.221620231930616,1.1319489096237993,4.789931314388505,4.63961957541609,0.3906148806429769,5.607926086883883,0.9149607748544696,2.3353830485257587,2.6357433396859085,0.4555434368514296,6.171152099925382,kappa_f,3.847503449030135e-05
PNB,2026-09-10,19,15,0.003360942323709502,12,4.878864409872962,6.5481835209879655,1.4873466913617317,4.3846891385225835,2.72113252434746,0.5110732791809897,2.378602935948493e-06,0.8585485643578565,1.9693093054587179,1.0845921552924804,0.35535338976208275,10.327157333312067,kappa_s;kappa_f,0.00015484264392853168
PNB,2026-09-11,17,16,0.0022419208594917557,8,6.617793234748213,13.408020919218284,3.527705164441567,3.509112996022669,4.808592561982063,0.6894926538803192,10.116528007116095,2.097513433461872,4.379244891353412,2.3005722612277957,0.8424075810412772,9.827517421732837,kappa_s;kappa_f,0.00022138378413377301
PNB,2026-09-15,16,15,0.0026481798046034564,7,5.766931199013168,10.832005703103746,2.335069686705772,10.406854148867206,1.0405389256509752,0.24515738944854656,5.325926504831675,2.160533105099659,3.3206345317282713,2.371833618705115,0.33049684894195086,7.238467115833725,kappa_s;kappa_f,7.486024918877503e-05
PNB,2026-09-16,17,15,0.0023142078844836985,13,4.968172504931312,2.351059529568217,2.192283194628089,7.165538189844451,3.106566276762995,0.46201797158786106,8.222630951876841,1.8442935407993546,2.0889374976495114,2.247698889361744,0.5022825860723947,8.28010072684203,kappa_s;kappa_f,0.00023013752969210273
PNB,2026-09-17,19,16,0.0028939409203031334,13,6.111116447233451,11.40125186726797,2.5167026753774686,5.825641890586031,1.626206746724708,0.384528124725359,4.684863952280155,2.2720946848429318,2.6704347797951042,2.019083375726016,0.3447235140093279,9.749811471873782,kappa_f,0.00017369888155007156
PNB,2026-09-18,20,15,0.0008832687814073006,6,5.2109645421434125,8.72308144270212,3.9623478336932516,4.115340201196027,2.3348059022633967,0.6348919517515594,12.335449832394424,1.68802802039014,1.85363296386714,2.7910408153270794,0.9366418821088844,7.321698043902959,kappa_f,8.827575629473112e-05
PNB,2026-09-21,20,16,0.002622198202848517,12,6.412509597612127,11.676277851634032,1.0535950394520521,1.3951327776767728,2.2844591503482516,1.2019405880382954,15.034985945941255,2.135050736038429,4.349207009747851,2.8484007567350202,1.6226154999880724,9.443864381913803,kappa_s;kappa_f,0.00025335685718040407
PNB,2026-09-22,19,16,0.0014486391731256655,13,6.916616465139617,10.52727289090657,2.7856407664244918,3.2087588735833568,2.5845650234500264,0.5462906632548474,12.427915222164673,5.963359945591657,5.3852672245060855,2.2864037894403237,0.6691816469459819,9.751717972548468,kappa_s;kappa_f,0.00013013690457123008
PNB,2026-09-23,20,12,0.001084593416484856,9,4.744816728172854,7.455926857952187,2.6714157117022412,5.361562556464929,3.2436419937031387,0.24491738252840328,1.1912896404453477e-05,1.187262237506692,3.0300327920422263,1.3747614618957589,0.27973748296014755,8.191163044480808,kappa_f,6.001192197489921e-05
PNB,2026-09-24,19,16,0.0020335467265030134,12,7.2171078888218325,9.496705942110413,5.0935347681900325,6.1317632245577585,2.4257587500438555,0.552870154339456,10.278914524077727,3.448031930615435,5.428092288093069,1.8892745851087236,0.6004290071524307,10.296232765709261,kappa_f,0.0001780117080551506
PNB,2026-09-25,19,15,0.0017952246814351759,9,6.270434333277253,10.398609969410302,6.8850305575022865,3.4597168433417327,3.1323652483192594,0.3466205410679736,7.542615180967773,2.5992850493762454,1.463489096231923,3.204502030861909,0.4471780636602509,9.956892757577844,kappa_f,4.707973994873358e-05
MARUTI,2026-07-01,15,15,0.0007160772379842946,7,3.2742428156711405,4.522353379718863,0.454902165549839,1.9765266374596662,4.724214390135542,0.5687042060736714,2.4087883670888592,0.5315454414259979,2.407047811255894,2.6674409615232437,0.6927597148479872,5.953480956239979,kappa_s,3.513847938035094e-05
MARUTI,2026-07-08,19,15,0.002334759059814914,12,4.875042396185986,4.935008238884366,2.4672385931395304,1.9016213236958552,2.2712634707186004,0.849367916765325,11.099446358118307,0.7242656789584874,2.3319101512798373,2.5286457527649806,1.5506617802640035,10.186214372292472,kappa_s;kappa_f,0.00022060811359778804
MARUTI,2026-07-15,19,15,0.0017413033761030285,10,6.989876196340683,10.297096643838943,4.208662831718582,9.448343109538948,2.9147378843375447,0.7880666797998035,12.172053588883212,4.737050386526281,5.398355070256187,2.780344008831104,1.0558486661489384,10.501711470419972,kappa_f,0.00016724288205340423
MARUTI,2026-07-22,19,14,0.0004905794361932427,6,3.7791268467228534,5.8540784545460856,1.975911600261303,5.236190367115087,3.0185151502281995,0.6708490170745299,5.77979047733379e-07,1.4571567605551077,6.011633294035763,3.1017729661573514,0.827747228284028,6.6730068889726155,kappa_f,4.695892725634966e-05
MARUTI,2026-07-29,14,16,0.0015653297309322902,12,4.736170282240327,8.98138144516665,1.152641124668722,3.9763367044352154,3.0396974594589556,0.7417684920238075,2.3258357123451034,1.1271006187998143,3.7692659195210814,2.195662091571723,0.9953432092900096,7.67492281918429,kappa_s,8.70758970667831e-05
MARUTI,2026-07-02,16,15,0.0008981235523132467,9,5.186876092881386,7.635458252887757,4.660485728338215,4.797880119596522,2.9001377995433186,0.3769600672317626,7.5536360759126175,1.966442498386264,3.9950035453825583,3.1945548011984726,0.48912856450253017,8.346507220617951,,4.18238977259079e-05
MARUTI,2026-07-03,18,15,0.0014104092608249095,10,5.84406147178097,1.7682885774549277,2.223627072261634,3.1342793338485078,1.0915213053003316,0.8823358420155633,3.910437332365942,0.7295069509177252,1.2765052624242708,2.4493191741995166,1.0917477094236456,7.9622547269473944,kappa_f,7.387766674805149e-05
MARUTI,2026-07-06,18,16,0.0010083961411198798,11,4.183574425559344,7.746895184152708,4.200063031800543,3.657781217823415,1.5100462210099193,0.9171359087986366,7.438954201134104,1.5692390948919068,2.0885713752000674,2.879676941081912,1.5684498039814825,7.796269517260209,kappa_f,9.848296298052388e-05
MARUTI,2026-07-07,18,16,0.0006678567435329846,7,4.659328888840151,8.484169104599157,0.011979618087156751,0.2589703812984656,3.9350885117935013,0.013228184365750462,2.1230894275119567,0.03587052850033112,0.5804894913566159,3.009067148144507,0.01858697737074322,7.080812726101359,,2.535579879649587e-05
MARUTI,2026-07-09,18,15,0.0028568688404893186,15,4.884157972040758,0.0005789019049622368,1.0146031356678993,2.7174096533031147,2.7492643979970985,0.7367720998923045,9.200617040198342,0.9397876405343523,3.3371403736041896,1.592664694015643,0.9663615766538551,10.00444112977037,kappa_s;kappa_f,0.00012263959845451112
MARUTI,2026-07-10,19,15,0.0056803412350892365,15,6.913317262412074,2.7161978256492114,6.742617465882961,6.207439056274859,2.452768881760367,0.2614128489894726,0.9757795881783037,11.005875162984363,3.302175651550637,1.3200337992008584,0.7581146605206656,10.530552622276351,theta_s;kappa_f,0.00029527140611362596
MARUTI,2026-07-13,19,15,0.0024055837926045156,12,5.200304389668011,4.017009147675049,1.7291254576661568,4.109443908012603,2.0691338370037378,0.7428540361662207,6.63353375354745,1.5193368182753844,4.6480959069176055,2.205467245607857,1.151446324595545,8.952171767425664,kappa_s;kappa_f,0.00016059898976526722
MARUTI,2026-07-14,17,16,0.0005753612893526289,6,2.432172581093485,3.045376399355165,0.0010602432418697408,0.07887989970327855,6.1974454403989565,0.00021540425484282708,3.063853704077246e-07,0.0006507899421559493,0.0023032228666188814,0.00013693711632806194,0.00025381994075868164,4.238688527431984,kappa_s;kappa_f,5.0976161353789374e-05
MARUTI,2026-07-16,19,16,0.0014952935621107848,10,5.182593869597709,3.6830587072079286,2.041543995640414,6.560246509176951,0.6960293175415324,0.4874469949567892,11.943338232898718,0.7517665422572755,5.1009200836562085,2.1533984255111687,0.5893392211816332,7.907100234869929,kappa_f,8.024264316579266e-05
MARUTI,2026-07-17,20,15,0.0019370023230922998,11,6.345612069956065,13.771878150278496,5.857726690162332,2.290307923558635,3.1186881150378967,0.7701138789000554,4.170207530773326,3.551035994771519,4.309528718826594,1.9563925044515809,1.1249626379335285,9.76465614857467,kappa_s,0.0001381508194607799
MARUTI,2026-07-20,20,16,0.0011082534209800009,13,5.322611425279934,8.000487464184713,3.4141145902994747,3.1364220677007593,1.492390472981048,0.9313070751481156,8.613200998497195,1.9171000916261138,5.2992079121172235,2.4527974399139643,1.296926395318199,10.087302877153784,kappa_f,0.00010759211363962646
MARUTI,2026-07-21,20,16,0.0033170976571557285,14,5.468805347138036,3.1974577087069296,2.2306174233114904,6.783864437288796,2.4679621266164236,0.7778306019857125,11.668687367929277,1.1832228678701704,3.2494540011972943,2.9801022798041474,0.9344669279958949,10.508535730199274,kappa_s;kappa_f,0.00013312172575180494
MARUTI,2026-07-23,20,15,0.001493146946779665,13,6.588679475971768,9.05004317101453,3.6618262002567343,1.2896923749646891,0.7205977139390356,0.5703672996251925,11.266827058621327,2.715308888891526,3.2868942183767267,1.6398221219719988,0.7226832212099805,9.25584877717781,kappa_f,7.649663784548033e-05
MARUTI,2026-07-24,20,16,0.0006695306503221162,8,4.0894572482471965,6.692840882518447,2.161192571766023,2.7972172384922187,3.55484405679425,0.0014120714803422655,8.091204390936468e-06,1.8527912520916645,3.8467832232500077,1.2251743909547146,0.09973050861243316,9.721549989658795,kappa_s;kappa_f,5.123342286307195e-05
MARUTI,2026-07-27,20,16,0.0008975266758795959,9,3.059199856300615,3.9673751679617784,2.951564102831495,1.075553012665981,2.771939087521449,0.36744192451120394,4.561128363889111e-09,1.5739642306696613,0.9520433514444603,1.8338406624302808,0.44434905605742386,4.983043510074117,kappa_s;kappa_f,9.128046554586315e-06
MARUTI,2026-07-30,14,14,0.0008163112098794784,2,2.805100009434992,8.274211133190587,0.6906395466129482,2.164132106043084,0.16143460440500101,0.26303886612519745,1.467487560802283e-06,0.08151335893212691,1.8563467574955004,1.1527215840797576,0.43145643836765,2.805100009434992,kappa_f,1.0730862334030707e-05
MARUTI,2026-07-31,19,16,0.0011617307838233618,7,2.706577504472439,5.754698854825045,2.3853589062598166,2.336995425440131,0.2708201833078512,0.25433429351282727,6.848396019165648e-07,0.38079535729566705,1.2250737810739687,1.5578464330531845,0.4598098393705654,5.534532091544884,kappa_f,0.00010458479312075268
MARUTI,2026-08-03,17,16,0.0011171068532002833,12,5.090147100107342,5.700674750949654,0.6364568742200007,0.7937169298543667,0.9579455761309714,0.7196510735686259,6.334799339822727,0.3708479728642402,2.3692918014597053,0.9037433118552426,0.8978834717095389,7.435509332996525,kappa_f,2.2121050481714024e-05
MARUTI,2026-08-04,15,16,0.0005686915069403413,1,0.0,,,,,,,,,,,0.0,kappa_f,0.0
MARUTI,2026-08-05,14,16,0.0003248596792529866,8,3.2888466567014984,7.144523474729422,0.01696119167040578,0.18418706451650807,1.0951875492419942,8.308137604050794e-05,1.2464005397033926,0.012078435686692313,1.7408618739866282,0.010056759660377723,0.08054268448742408,5.39357477302015,,9.713571470444811e-06
MARUTI,2026-08-06,17,16,0.0009320922266432286,2,1.4444246379186887,4.489554633981525,0.6746326507595761,0.489796540619011,0.037917207985795454,0.022345758248467906,1.341464304971396e-06,0.011788154852779675,0.06713698394270562,0.05458382707443077,0.054146958606601014,1.4444246379186887,kappa_f,1.045170964806305e-06
MARUTI,2026-08-07,18,16,0.0007397463334483278,6,4.810069836562534,2.1201312430550434,1.6548719086427874,8.19732351861107,2.8963949026180345,0.9513912071859659,8.177833478177053,1.759974023795147,4.460774337010897,2.4739889727404827,1.2134250827602067,6.780169284973222,,2.526018005414134e-05
MARUTI,2026-08-10,19,15,0.001292336039048608,13,3.2881397488617052,1.6477167665840398e-06,0.5487987707097147,2.0118211728391304,2.497180409948171,0.34498871074340176,6.3123730423806785,0.5413753182231273,2.292799020381202,3.4515308767177357,0.5123141060030013,5.414648719572316,kappa_s;kappa_f,4.443973186239194e-05
MARUTI,2026-08-11,17,16,0.0008160205202701611,14,2.992003901964151,4.065439650866821,0.749124496817022,2.504976199000258,3.2578715955729907,0.5579010237092241,6.186824041520822e-06,0.5262076884757874,1.1693097059222088,2.194929263512229,0.7951867720733652,6.597059393521649,kappa_f,5.347300940797316e-05
MARUTI,2026-08-12,19,16,0.0017608009579758214,10,4.633588775572795,4.120981102756723,1.2747424448110853,1.4310991849380552,0.3888366875126965,0.3324010014407557,4.467247659967345,0.44190552013460316,0.16779825935599763,1.6341534145368772,0.2298325062468081,6.6881860328808695,,0.00014807352597924397
MARUTI,2026-08-13,20,15,0.0008438541714701169,11,4.534727045225304,3.463157731076194e-05,1.2870761993887303,4.815318914827911,3.0366977594342415,0.3747956849184727,9.155115865140345,0.7054760890358358,2.0091442363378293,2.683535008818355,0.5700053116913073,7.305428012088626,kappa_s;kappa_f,5.300887207335375e-05
MARUTI,2026-08-14,19,16,0.0012525322840834375,9,3.0540688168865175,1.4779142544441015e-05,0.8266557984290392,4.610704497379639,1.20316914514569,0.26058758990152053,2.9799950391496184,0.6259105808334064,2.6154876664862883,2.5032463282708384,0.28022818799974947,4.336321373561495,kappa_s;kappa_f,0.0001071290117631179
MARUTI,2026-08-17,18,16,0.00105237587947647,14,3.8512134620665726,7.536654930362374e-05,1.013874277312764,3.515981856524137,2.1297286012581766,0.39224679282477426,2.136184947072623,0.5306162860962265,3.493778234030041,2.2667242974317823,0.5156555351554628,7.090478737499528,kappa_f,4.000368027173222e-05
MARUTI,2026-08-18,19,13,0.0008011691049259682,7,4.368959473694089,3.652620346628055e-06,0.37163250004976023,1.9459374106363208,1.153782682392416,0.2471348856227319,0.001464021723367459,0.6016167652365958,2.797088669749642,0.9710618519868173,0.26879851935329047,7.373772204684579,kappa_s;kappa_f,7.426030212595754e-05
MARUTI,2026-08-19,18,14,0.0006414166399289848,6,5.672445431007947,11.957817939535712,1.4761886768755277,2.219467368997268,3.3052665796440586,0.5869540257280055,5.991700871320623,0.8016954144881738,1.6234775389009506,2.7076769301625476,0.7331626132580353,7.00609363091313,kappa_f,6.287541248722384e-05
MARUTI,2026-08-20,19,12,0.0006328191296390362,6,3.8084648733233295,1.8190430726150453e-05,0.39005496500612136,2.4956180205904097,2.350524266666111,0.33141078886803643,10.948768355264502,0.37530562116609717,4.217118820580626,3.3648593143618823,0.42203791600478835,6.005836689535035,kappa_f,1.0776481328807642e-05
MARUTI,2026-08-21,18,15,0.0014085616244600785,13,5.121011259826975,7.358120771981235,3.043595464343759,3.7689625916800704,3.486962365908645,0.31935316090504456,6.6819714707918685,2.5881991974049994,1.9411205000810363,1.65727367434008,0.3792412032713928,10.249540582770013,kappa_s;kappa_f,7.718340309332736e-05
MARUTI,2026-08-24,20,15,0.0004061254700939159,4,2.7926875272641105,5.906758410588786,0.6360122557540595,5.312502455924334,3.33599893839616,0.2346232935513749,4.5771084700163556e-09,0.4432157759806725,2.785959076664229,1.79829174420094,0.4410472738896536,4.711671569071096,kappa_f,2.544591380023635e-05
MARUTI,2026-08-26,9,16,0.0014538693059908208,14,6.768260465051012,6.881769155648742,3.043756276112923,3.0340902729820467,1.7841799085564025,0.01148257177766584,12.469234585097485,5.8592118820158685,1.3275876151488446,1.9239046455810007,0.4660739793401901,9.658037538767225,theta_f,2.705624037016986e-05
MARUTI,2026-08-27,12,15,0.004054374212315307,10,6.753548526158219,2.5853204982320968,9.687503956911565,8.837366586926885,1.6528699871808372,0.027403594385513617,0.3251209000857156,8.03910480843465,3.7054582660794417,1.6395054666048605,0.11292543056361484,8.286872271508395,theta_s,0.0002690434294616486
MARUTI,2026-08-28,11,16,0.0008743731052842752,15,3.8112650044058967,3.4158711817994565,0.6948014925407547,3.453138526321202,2.725132449408728,0.27212167504805806,3.9873464762210933,0.7572260192255861,3.1118330446413767,2.343248004690041,0.4360115789835665,9.456328901493295,kappa_s;kappa_f,6.222300487769149e-05
MARUTI,2026-08-31,14,16,0.0018126857881213437,10,2.8935954384285547,5.449122665513009,0.19221835299665377,2.793011726874032,5.219796268364038,0.005816942894834032,2.302028570542136,0.3340192980765462,0.6574859066233341,1.7491720057538194,0.3079579520740766,5.818733042984439,kappa_s;kappa_f,8.924396764247756e-06
MARUTI,2026-09-01,19,16,0.00407572660771994,12,6.063427785490513,7.82080722895553,3.6396531157055274,3.452864810627032,0.7353603703828291,0.03081222697348755,8.0298181832647,7.306225398446872,2.0351025026688006,2.953280096573372,0.4610900984593327,9.558093339323698,theta_s;kappa_f,0.000285296900935309
MARUTI,2026-09-02,18,16,0.0011801060393583122,11,4.606577580666875,2.922784738066172,0.7653477192110931,4.0568644026331215,3.1266750884881604,0.2659851229387408,7.873671256571171,0.5429503602587613,2.375034660251689,1.7368181867765005,0.4165493360356982,6.798733137198456,kappa_s;kappa_f,9.877374417632334e-05
MARUTI,2026-09-03,18,15,0.0019205934467557393,11,3.4485490789750575,7.857243559970412,0.9268637109271654,4.178962770578451,4.460098352627693,0.030947988753411097,3.961907207604753,0.43881002351546605,1.472584591207986,1.7551415272747153,0.3174340171793293,6.347986553082566,kappa_s;kappa_f,0.00018944334632980497
MARUTI,2026-09-04,17,15,0.0011462015855273587,9,3.5711290814597163,1.9456613741980835,0.8156905791154551,4.667053275141729,4.005288512458531,0.35666052509891955,4.799124263691388,0.7857735827820973,2.0804143123714387,2.5457088712551394,0.42976995653072314,5.221604580637638,kappa_s,6.619054815280444e-05
MARUTI,2026-09-07,19,15,0.0012944735751355193,9,3.762335137453337,1.119794113968453e-05,0.9085606412164067,5.480358157507321,2.7269280048034332,0.3437357094998782,2.7659585997747795,0.9765224005715449,1.422249492799177,2.6671687650560587,0.44012952587376386,7.452759761265327,kappa_s,0.00012413884621050486
MARUTI,2026-09-08,17,15,0.000612382269186011,9,4.424096163812523,6.307531619419503,0.9135637060196073,4.31328226836319,3.8136762371436475,0.3042006474815156,6.849182589201607,0.7222812193465064,2.1238313230607764,2.251543052703896,0.3668489238219999,6.860230213136991,kappa_s,4.104804580268924e-05
MARUTI,2026-09-09,14,16,0.0010880066786685082,7,4.196640583746259,1.6060714982323407,0.9686414874242466,6.387265480106091,2.8214863043426606,0.4432126909689942,1.5605475338664867,0.7722514303273448,2.9105109006673056,2.3558733849565745,0.6014026928901537,5.957823460566825,kappa_s,7.52182796210372e-05
MARUTI,2026-09-10,18,16,0.0025306224912444142,12,5.583780748963064,10.743539737085232,2.7725779437678137,7.668056489509293,0.38777129150826717,0.16922580395743497,7.48086687191379,2.862806220916549,1.8225858484153532,2.5514009124267396,0.39462828077010415,8.407695298076975,theta_s;kappa_f,9.494866403970828e-05
MARUTI,2026-09-11,18,16,0.0015560985530948448,15,3.4436778918495707,5.571777212038048,0.9274879286974531,4.277789621468679,3.6041051862131144,0.2541811176085512,1.009481916725008e-06,0.6540120846120513,2.602986781455992,2.102859732060325,0.2875205236176941,7.380795561096089,kappa_s;kappa_f,0.00010760613013959712
MARUTI,2026-09-15,18,15,0.0017968196627480575,13,4.70916215250943,2.436533207183741,2.1314839854570495,5.180436029901717,2.425512228758222,0.3316002179747214,8.911979449290426,0.8115706463414348,2.0986952969376595,1.7712189362246153,0.45318293180639524,9.497646136988365,kappa_s;kappa_f,0.00015216881976520802
MARUTI,2026-09-16,19,15,0.0018617630185145037,14,5.304795572154104,7.317289131095478,1.6468881301762834,4.0969498464705,4.673812858739623,0.32102684435616213,4.242667218959097,0.7039851573691674,3.315846828277052,2.2365163305755154,0.45553208526382716,8.35647131488876,kappa_f,0.00010903705582488506
MARUTI,2026-09-17,18,12,0.00192589687978112,9,4.420230655445867,5.010071855160447e-05,2.049509598475404,5.385674316396127,0.7015633582861054,0.267318600456121,6.247749799481429,0.9593344745523587,1.4523238407970314,2.1421764737886897,0.4012685233925765,9.391317381487617,kappa_s;kappa_f,0.00017309020943244023
MARUTI,2026-09-18,19,15,0.0006811107648484496,12,4.455692429283078,6.927428582117363,1.2226496766122632,4.544778151059919,3.284915071190862,0.32857159889704934,4.185808091902858,0.9554566334592562,3.496216482935317,2.570031579938707,0.4079683734520373,7.599482463207233,kappa_s;kappa_f,6.23728509521462e-05
MARUTI,2026-09-21,19,16,0.0009163482048254615,7,4.258215535026065,5.974291374641604,0.4459093871764971,2.181717252592831,1.3182786590204185,0.40285806209916325,6.392753298102775,0.5422435541214206,2.8178920801197247,1.5508250107054165,0.5187392623064422,8.80832577128981,kappa_f,5.276409908926084e-05
MARUTI,2026-09-22,19,16,0.0008866328863068572,11,4.473751724600321,2.4548161867699037e-05,1.598807907231447,2.9884209588019623,2.335030233109606,0.36794885688829493,4.772612131923556,1.389735348547629,2.0296089069480567,2.5262280384392044,0.45264144691104075,9.094647659944691,kappa_s;kappa_f,6.651927054532867e-05
MARUTI,2026-09-23,18,16,0.0006364446764366765,6,3.1910159211063047,5.812058561865321,2.1139142082872215,3.9754547300086975,2.1096961872063718,0.0006676482161952531,1.7361277215854898e-07,0.37728551670335314,1.0672340451016087,3.4269547210525797,0.036313970691527864,5.9553435077419365,kappa_f,1.8242791601961192e-05
MARUTI,2026-09-24,19,16,0.0017259689689976692,8,6.8226674057387875,1.3637952996241745,8.828674912113268,4.219653295953521,4.1128778227017495,0.003122876145921929,3.0854529950268836,13.123998789643938,2.3539381873951095,1.734664861984513,0.05339287702387069,10.057773289976534,theta_s,0.000163884894080341
MARUTI,2026-09-25,19,16,0.000680055777191839,11,5.1392373618781635,5.688640720034026,3.8885153700583546,2.746056574385145,2.122841103362713,0.23095724939899687,4.374652431312599,1.8689942311079304,2.753677485452641,3.130377284701544,0.27827396445484137,7.850433989958808,theta_s,3.870782847372779e-05
NATIONALUM,2026-07-01,13,15,0.0022212900930917334,11,5.741483983899108,8.056832845711526,4.510784360337278,7.275852872796083,2.9834172509162733,1.0298618809618532,12.954228459812594,0.7342311539147097,2.1248813559492756,1.9584402326524277,0.47404736257487734,8.277051507989272,theta_s;kappa_f,9.068712100757711e-05
NATIONALUM,2026-07-08,16,15,0.002227619961010669,12,6.593024925230539,10.364801358233471,6.803468851984777,8.289239615306872,2.2658583810916264,1.0809438999836578,6.642943719516808,2.7503475448068753,5.189887478674673,1.8235770483786364,1.841273590831328,10.099605498262939,theta_s,0.00010864819706939274
NATIONALUM,2026-07-15,16,16,0.0006290950506800195,5,0.23598424468446882,8.552924484206414e-07,0.03356875778185753,0.04329535158211861,0.3090466385873927,0.2560712322720568,9.540599421598017e-10,0.17935418681233029,0.34844148559425925,0.35817386792232697,0.3322371101280024,0.2478086951158701,kappa_s;kappa_f,9.794869149625028e-06
NATIONALUM,2026-07-22,19,16,0.0016693334266910458,9,4.145409145760656,5.5759768007246056,3.2051665899219346,7.394009738400343,3.1235962064261327,0.5954343842740102,1.4203326159645258e-07,2.020963758069791,4.8749015356579095,1.6759793054155447,0.7110038931153437,9.964916632208446,kappa_f,3.234738966744659e-05
NATIONALUM,2026-07-29,17,16,0.0011097535066468302,13,4.6866959171188824,6.703204595110534,1.6746770445690928,6.699583079623549,1.3127034897623986,1.0480409035577993,1.78496193779996,1.498066000966141,1.8203561348393928,1.469221101091433,1.7004712734725946,8.799885774350678,kappa_f,9.299702181044716e-05
NATIONALUM,2026-07-02,13,16,0.0034204101340158024,14,6.837787546394316,4.741448260133737,9.96327533488071,9.874491392810613,2.378402680309254,2.4499061864619196,0.1475525452020312,0.8277184849549711,1.8692554446262335,2.306081912535563,4.748012062900879,8.904847750902247,theta_s;kappa_f,0.0003296990668297216
NATIONALUM,2026-07-03,18,16,0.000678771286470081,11,5.23690910186786,2.81884392911709,2.7807853738143473,12.732277506474908,3.8554302595423895,1.4108329624987093,1.2024527661861724,3.2773165762707746,2.663462131660416,2.6958550931621716,1.482173251639062,9.21308136547085,,6.13020821012537e-05
NATIONALUM,2026-07-06,17,16,0.0011233915366591605,8,5.367497020962821,9.568340892940341e-07,2.259075600104092,9.61662283381715,3.402769790947728,0.9526413691803008,5.533348325724685,1.9976033246747251,5.068595453096437,1.7904713478688414,1.1508915231010743,8.664309815913198,kappa_s,4.289963443165792e-05
NATIONALUM,2026-07-07,16,14,0.000853216739257853,11,3.9872920872182,1.2268799792991558e-05,2.489252958885907,2.090705921061593,0.0025080257471747913,0.14630903585983424,2.678030135427889e-07,0.9624411633210159,3.6468148031183745,0.0907405965736485,0.5088524202462543,7.5838153771746555,theta_s;kappa_f,2.8799791522080226e-05
NATIONALUM,2026-07-09,17,15,0.0008938118291600782,7,4.959413781199171,5.189791140199185,2.6895826880040916,1.9393574470217914,1.4002297886350963,0.30836577241687224,10.692050848953734,0.9593409526937329,4.089615211968536,0.8179996831441845,0.35386384046265373,8.45977623898756,theta_s,5.1168248511422685e-05
NATIONALUM,2026-07-10,19,16,0.003624149899800559,15,6.992604955882532,5.593461735178204,6.155079504851272,8.360958145027977,1.4552374851687238,1.733732531109309,3.880293435891377,7.780416468518904,3.0888577258704606,1.0969376349712925,2.725133543579773,11.68563316043553,theta_s;kappa_f,0.0001731355279495088
NATIONALUM,2026-07-13,19,14,0.0018096097306152794,13,6.225665193126082,1.134111777295322,8.728128820066843,3.2795519895411536,2.821493102181399,0.08427073390820977,0.7399979467573522,10.93868268491859,0.8559866597138714,1.8657634617180818,0.7464397155503841,9.863066070672641,kappa_f,8.608267451922554e-05
NATIONALUM,2026-07-14,20,15,0.001457446746494504,10,5.874512661654937,4.118552908494166e-06,5.043952180870799,8.783717306295989,2.787239384234069,1.568986768820354,10.30868139559065,3.652281861516373,7.984145169497257,3.0708900210165635,2.0187366250027403,9.550783447222507,kappa_s,3.123132476830779e-05
NATIONALUM,2026-07-16,19,16,0.0011093728891939472,7,5.920384531550459,3.2483490445992356,3.437048187120951,9.347728619059783,1.3619089039895704,0.4344332028169289,0.4481017671904661,1.8879732397475766,3.563165058777175,2.13397481945416,0.7360061103051265,7.128585654890876,kappa_s;kappa_f,0.00010484453081663066
NATIONALUM,2026-07-17,18,14,0.002338180124137264,7,4.57355420599781,5.706217901746413e-06,2.623659686134039,7.266737242957435,2.9742769562763303,1.3616511648642127,2.825707503529591,2.1672741435847427,6.5105196945411175,1.952848950825774,2.0141961911573465,8.497631030346522,kappa_s;kappa_f,0.00019988018170889353
NATIONALUM,2026-07-20,19,16,0.0031035104404849734,11,4.969876784321065,5.2304018929305585e-06,1.0977825272435295,5.326583141784617,3.841888055238024,1.9285572481345843,9.847770645939123,1.57982533857842,4.335661589303458,2.5340608364222486,2.434741249943485,7.728942734296313,kappa_s;kappa_f,0.00028343689528000354
NATIONALUM,2026-07-21,19,14,0.0010678920244475195,5,6.424939366322446,3.168801207364387,6.939423485172059,11.829493469518901,3.815874636583091,0.2405236582032288,12.190276242224439,2.5614664020458773,8.601494060298243,2.3844317261195824,0.24442947022002137,9.913357679645928,kappa_s,5.243655690288112e-05
NATIONALUM,2026-07-23,20,16,0.002320501518805811,14,6.975459591702224,11.976872350580383,5.523430779140728,8.595544462183511,2.552897801910098,1.3334312681175082,6.091714293097026,5.0796104721171975,4.806506784480772,1.9648708817115081,1.4311141869229904,10.953918213466485,kappa_f,0.00021527994927274122
NATIONALUM,2026-07-24,20,16,0.0004981208543452755,9,5.075448091215623,0.6866724602853544,4.279287673743448,8.967961004380829,2.4670644062766485,0.6403785626270375,6.247957970621803,2.181454199468561,6.144456574912365,2.3826118397770113,0.7066533110245947,9.426897183477688,kappa_f,4.4018990372052e-05
NATIONALUM,2026-07-27,18,16,0.0008108859569777934,15,5.738697141535753,5.109897936259291,4.365805177689928,9.550720918691747,1.8989719849590412,0.34332944091182616,2.247932453031961,0.7315904468601211,2.6243850305338365,2.568483023503366,0.4704643694530297,9.321335980174624,kappa_s;kappa_f,4.007882754886822e-05
NATIONALUM,2026-07-30,17,16,0.0029282630214338174,12,4.520669864022757,7.15161146449414,1.2355568561665802,6.635769220878819,3.156951198942288,1.1685569397585103,3.3117870371745304,1.6348732974175233,1.8530230859647867,2.5308273313500846,1.1299701975308205,7.531406072931248,kappa_s,0.00011394175776571931
NATIONALUM,2026-07-31,17,16,0.0014817424981081947,11,4.963452276149728,5.586428616435986,2.559764154590231,5.881463482836964,2.3237649042641224,1.2587570868304105,6.646840369305821,1.5125591363494177,2.9069059695589576,2.3554518247421825,2.0134095204187297,7.9144209856144325,kappa_s;kappa_f,3.044546058499683e-05
NATIONALUM,2026-08-03,18,15,0.0032314941923135177,12,6.201176270489696,10.535740645262242,2.6952268749619743,5.8729012762152255,2.9753498516952126,0.9709073470457049,4.976422857020344,2.3062351513710704,2.4841101431951826,2.0586589429521935,1.1874050790480783,9.985724283024272,kappa_f,0.00023720444690177077
NATIONALUM,2026-08-04,19,15,0.0014325363015758358,15,5.9162117191637495,3.3418148110028905,0.571801479336648,0.8198388702672186,2.5495413532435043,0.8436564978670069,15.18775985534544,1.5194832459011318,6.361468037839242,2.9810672549911303,1.6832889174098284,7.943530297183399,kappa_f,2.6974051009279404e-05
NATIONALUM,2026-08-05,17,16,0.0011233791997566681,14,5.407478392947616,6.346912033179362,4.9010848817509585,1.0592505776314092,1.9110278151954212,0.057176264637129805,13.970072862041903,0.06840299657891426,1.4178154978123347,1.6445643626283495,1.3821509672815702,8.287799277324666,kappa_f,2.0914071679953988e-05
NATIONALUM,2026-08-06,18,14,0.0010372309104020772,12,4.185242270338668,4.78384117835885,2.9562972350843317,2.1217527000640124,0.8761750732633844,1.8012023101371306,4.192455825499077,0.13647787325717528,1.4611438189452108,2.3006936457410454,3.037477708879921,7.434382009935355,kappa_f,2.5387664306397413e-05
NATIONALUM,2026-08-07,16,14,0.0005419453528467225,4,1.5143043264763425,4.455512613488565,1.34700826386533,0.7770341413691919,0.019125683890683698,0.2831048029409511,5.157875939687528e-07,0.09897416177141327,0.2175577869183014,0.23751358510879272,0.5334407783283999,3.016267047060704,kappa_f,1.7036242512593345e-05
NATIONALUM,2026-08-10,18,16,0.0023430534527060414,15,5.237793616852964,5.800107415070338,2.614501536270173,4.363572945444478,1.5252912773024574,1.3813544351338047,12.44393284996728,0.20239317533531964,1.9188030889679009,2.9031489297593502,1.5839099936065608,7.934527479518697,kappa_f,2.142565105472602e-05
NATIONALUM,2026-08-11,19,14,0.001144219080465705,11,4.475928059724234,5.446469668854894,1.623063647882676,4.818196870726203,2.2151634473654247,0.9256141263118987,6.4621066506731495e-06,1.4494992364159698,6.425425648742008,2.7987846172493653,1.5240697756434343,7.6584350396671725,kappa_f,8.445187668364574e-05
NATIONALUM,2026-08-12,19,16,0.0006220453040829112,7,4.303555926801992,0.23354752234100484,1.3438761283825795,4.066811434996401,3.05522104531673,0.8969484378956607,2.0333194837385324,1.6650211726199975,4.816588505956293,2.1757562869605405,0.9924923576854996,7.1852839046982,,5.658174631166448e-05
NATIONALUM,2026-08-13,19,14,0.003382314466637056,13,5.680435244497865,7.992389704739166,4.197696054342791,2.146606904355904,2.0376212948059216,2.3198258943834107,9.421615818751304,1.037085881905715,1.5650642638842949,1.943411644962043,3.0139537816939965,7.739557911736694,kappa_f,4.7025746636323966e-05
NATIONALUM,2026-08-14,20,15,0.00144842603450188,15,4.8270675234057485,5.675291087304463,1.7420797650864712,2.3218833663916385,1.5774828674756627,0.5608202274873948,5.174064326399718,0.531012543412904,2.440632090741529,1.7840102538045097,0.71070114380011,8.074582883320426,kappa_s;kappa_f,8.83084149459791e-05
NATIONALUM,2026-08-17,20,14,0.0008558599626794989,4,4.655068978510592,5.351731937608406e-06,1.642295941929887,6.475920431570479,4.6930409580708945,0.8009059222081834,4.225262028017024,1.1704966077805192,8.5113039492856,2.1965304882404624,1.1601717240309484,5.389641024492923,kappa_s;kappa_f,6.892442446560377e-05
NATIONALUM,2026-08-18,19,15,0.0012169189103427784,13,3.4390681310625277,1.4474401402751464,1.0832912604837428,4.052732535138269,2.7423506741213286,1.2339710264329824,6.131073455151181e-06,1.3725166017551933,5.092087769665363,2.797769262789061,1.6164534573983211,5.973325914429229,kappa_f,9.142946027145037e-05
NATIONALUM,2026-08-19,20,13,0.0009552393938607235,6,5.302604048837825,11.297820117581264,1.3811566492776335,7.170011461898976,3.6639850271076524,2.2221722642058994,3.110524167126982e-05,1.6400151731762707,8.32499009719822,3.9399487035665386,3.069597627147541,7.703964649467326,kappa_s;kappa_f,9.51152046366684e-05
NATIONALUM,2026-08-20,20,15,0.0008458810206616204,11,4.930596629048468,2.0269516561789107,1.22584059299525,5.137779998744743,1.9400833525921537,0.9408590436809406,11.655256514067005,1.3369967992902239,5.625754704461485,2.1087060580150334,1.26524045488137,7.4333813491551695,kappa_f,7.907572081330082e-05
NATIONALUM,2026-08-21,20,15,0.0006681467238831092,3,3.24817377049475,4.57930034360629,3.1809171971635646,5.636435629480822,5.826214456340957,0.07936030308250497,7.455917128140754e-08,0.6886548004899223,1.7670125179949814,1.7612922091810177,0.20301020997777486,4.072472601869986,kappa_f,5.9860646898628645e-05
NATIONALUM,2026-08-24,18,16,0.0008537676496946212,12,5.378902638825,4.435279261583727,4.964164904531985,4.441998781728006,2.8427469708390207,0.6096457561368785,4.3695896383381365,2.9517438754953993,0.7564204641301828,2.9835100848981853,0.7527814484044065,8.73601507859187,kappa_s;kappa_f,6.896728373032685e-05
NATIONALUM,2026-08-26,12,15,0.0011833675135969445,9,4.875527477765026,7.098686393177976,1.0871506733180945,4.6876957305880715,2.9970097759111187,0.7978474567303024,7.816779416380438,0.6697432263247514,3.257459650544954,2.6580107462538543,1.287161591482694,7.540639782952653,kappa_s;kappa_f,6.759777684071239e-05
NATIONALUM,2026-08-27,16,15,0.0010974044360504982,14,5.120688538246058,8.812445464568608,1.7447065316054577,5.729044582954342,2.847209288478565,0.7083968731500796,4.271668619681918,1.797812191574014,3.631425855051596,2.0043585765686824,0.7797990255724065,8.463360303775422,,1.8772067194746745e-05
NATIONALUM,2026-08-28,12,16,0.0013256616970893924,7,3.9935524546346155,2.94107855474628,1.5688274791231318,3.8435919724818826,2.394006585777552,0.5688749632739978,9.04293409564914,1.3835620860359217,4.193679812819644,3.3787602143092155,0.7033356523499592,7.11822838524649,kappa_f,6.158172779645115e-05
NATIONALUM,2026-08-31,15,15,0.0018692201171110583,15,5.770869417730076,6.651120478804086,2.999801399499317,6.156098545299576,2.244053727682545,1.0331386925168677,4.137696315810377,2.962320859153346,5.253502014751758,2.62909945238189,1.4725216966366739,10.350831851235446,,0.00013974379526248597
NATIONALUM,2026-09-01,17,15,0.0021315065826072337,9,5.508462642561275,6.896356066934075,1.8707432004887228,6.504350093575341,4.735063518223798,0.6180485892081888,8.495001107414893,1.0403781135870562,3.035925115710456,1.962599555954722,1.4108464938402547,7.889997435267943,kappa_f,0.0002098591863919203
NATIONALUM,2026-09-02,16,14,0.0009369021663641776,10,4.477813719630426,2.019413020803995e-06,1.1340842937191973,3.5310788279669616,2.7024743788718832,1.007546912464094,7.722196876244261,1.2013001809077792,2.9851555941245493,2.5388075592980277,1.254441747857913,6.9780586928395065,kappa_s,8.570936872972763e-05
NATIONALUM,2026-09-03,17,16,0.0013459131070738507,7,4.493795754833104,5.4346517482430805,1.2441130374286948,7.489542866802455,2.330175294964556,0.7690070775277241,2.669714902481246e-07,1.3461768059623251,2.6111235818474636,2.0725413532312515,1.2581156829307911,7.584231071725745,kappa_f,0.00013003732400388096
NATIONALUM,2026-09-04,14,16,0.00045182057102961814,1,0.0,,,,,,,,,,,0.0,kappa_f,0.0
NATIONALUM,2026-09-07,14,16,0.002632672845653321,14,2.6744020320570945,0.8973941897283035,2.3463768753757233,3.377610560196636,3.0938412165611386,0.06646179049920924,0.02957578921486448,0.6462278296027102,1.351311245351809,1.937206512875318,1.045819105152538,8.026310884692926,kappa_f,0.00011284142428178096
NATIONALUM,2026-09-08,16,15,0.001002129354552132,7,4.814433503574602,13.902412068753012,0.603398217129657,1.4922443318936391,5.950046594763689,0.36029534144874087,3.142427077572526,0.06776194730829133,1.6073367688330578,2.3062424658021925,0.8128849649948648,6.331661717390398,kappa_s;kappa_f,8.090248904166078e-05
NATIONALUM,2026-09-09,17,14,0.0032903646204231773,13,6.005169455929759,6.676590335615967,1.5583887537649987,3.608376702180352,2.8032730255668192,1.696932295716549,12.467159892934006,0.7692003799806675,4.174782307129253,1.469415366837116,2.6062358331854485,8.962935112213447,kappa_f,0.0001943612633887662
NATIONALUM,2026-09-10,18,16,0.0006798720782466887,9,3.890147792053625,1.0642887993128625e-07,1.640654248663634,8.53527652827769,2.9509837859637678,0.9549883569241304,3.4885395576517215,1.806963510127344,1.6662234603339452,2.5108092637897457,1.0638343971523905,6.629216738734355,kappa_s,4.3859541902463916e-05
NATIONALUM,2026-09-11,18,15,0.00254370082712739,9,8.532022414603379,1.7597942182013022,15.901106326624607,15.127863535801435,3.3897900463438195,0.002825762457618273,12.492509621087041,0.6363727764326449,0.5769688338086767,4.0748978695714095,1.0586071150303598,9.091155550523503,theta_s;kappa_f,0.00018006835420165306
NATIONALUM,2026-09-15,19,16,0.002213228447892046,12,4.9828023972633595,6.864790270291592,2.5487093949194692,2.91782595566143,1.9059750755461522,1.3359443199833847,11.335634263092011,1.1040664929233104,3.503856091820211,1.9794258125718973,1.3111825601300562,7.447929148298198,kappa_f,8.903772544738026e-05
NATIONALUM,2026-09-16,19,15,0.0018632792086434138,12,4.918032928576537,2.705646881828727e-05,1.8665770127161951,4.5314735264769554,2.6732249231616363,1.154639374671592,6.700619391216954,1.2221630195000572,4.577438270817874,3.162121939752594,1.8226388233878903,8.03145454370608,kappa_s;kappa_f,0.00014273619070070205
NATIONALUM,2026-09-17,18,16,0.0018802540231227126,15,7.295768560462433,10.897872681583575,5.042199969020356,2.7405243954627565,3.2941884972288245,0.957879531434552,4.238462774116639,2.7260701102333806,5.7379259842175365,1.4843280374743673,1.184911258577368,10.720817390353444,kappa_s;kappa_f,0.00017761246612093802
NATIONALUM,2026-09-18,18,15,0.0019443706258843142,10,5.123681769590443,6.15602486496035,2.058228061717554,6.202918122621214,2.6062407158847565,0.19148114639097114,4.284794070612631,1.2670477847070873,3.497014690828478,1.6384292544305206,0.308510152925042,8.71965405020375,kappa_s;kappa_f,0.00016372769393619888
NATIONALUM,2026-09-21,17,15,0.0007033539364480723,11,4.536476494715429,1.5938332680320855e-06,1.8365262413462262,4.3760214013960645,3.0526854615697236,0.7688695103097175,6.677401235741657,1.6342298442921392,5.5287815889900385,2.843121815853055,1.0084160264906636,8.420907683703886,kappa_s;kappa_f,5.920233047697831e-05
NATIONALUM,2026-09-22,19,15,0.0018960531647812294,8,5.360002659153512,7.13682215547351e-08,4.447914998054606,7.398545590799117,2.2413952943515163,0.7851025753301932,6.389350250706224,1.9790005749225283,5.240568204300406,2.2419206264861042,1.100967183765397,9.906838669554755,kappa_s;kappa_f,9.513242935205645e-05
NATIONALUM,2026-09-23,20,16,0.0008609357143174647,10,3.7865846834019687,1.027911281006654,2.6561383122958335,1.9251599055252733,3.3390230082203596,0.7079967201952527,3.2948425783607167,1.6035395112489208,1.6107594942225196,2.913909546498209,0.9834916531029789,5.643585014488174,kappa_s;kappa_f,5.437158643550302e-05
NATIONALUM,2026-09-24,19,16,0.0013192220309959047,12,5.079414541682102,0.00021515950090744695,3.780589570754443,5.109797229953713,2.452295913506809,0.74766271051043,0.7184545914628657,1.9968829737529057,4.6268782646593545,2.1600247866637243,0.9780500657228564,9.189079116262276,kappa_s;kappa_f,8.573644647280631e-05
NATIONALUM,2026-09-25,19,16,0.0006674199009182854,7,6.015401701018159,4.214985976638133,6.244641785414233,6.1274362722580165,1.81062212373054,0.08126431589639137,1.6579629429296059,3.477613295123019,6.720798526803409,2.9509126495428575,0.16106942989251383,9.681233533136483,kappa_s,2.103041239686417e-05
ADANIPOWER,2026-07-01,16,16,0.0009229992754717391,1,0.0,0.0,0.0,theta_s;kappa_f,,,,,,,,,,
ADANIPOWER,2026-07-08,17,15,0.0011966256811076726,9,5.8444391108556095,8.488197991171615,1.4586034178363941e-05,kappa_s;kappa_f,4.724081325437915,7.059335991832867,4.966528928672828,0.5082789146574269,4.952285446517867,12.351179078633333,0.4119740450614207,2.152869835438093,1.3936171268506778,7.517328258985849
ADANIPOWER,2026-07-15,20,16,0.004136959615430523,14,5.258625839083421,9.837823673230426,7.905233635601295e-05,kappa_s;kappa_f,14.330132448043987,1.6982075729218638,8.825540699638413,0.40769132832888033,0.0864972842375308,0.19107622833624305,0.6654779350415573,0.1901191777898772,1.6735626172584006,1.082937735800419
ADANIPOWER,2026-07-22,20,16,0.0014557121517080598,11,6.481947485017445,7.765079274973762,0.00013449696533303357,kappa_s;kappa_f,0.6400434579017773,3.6343113190207514,11.513414726392734,2.4658144318447337,0.6243787754344282,2.8112854622008854e-07,1.9357575943317307,6.258665999655317,2.735004141978064,0.8373139405691594
ADANIPOWER,2026-07-29,14,16,0.0009039603036848889,8,1.4254087047515709,5.15156978129164,2.913263647145352e-06,,4.49853450869414,0.0022562566131887193,0.1569141103351205,0.0038374716392093333,0.000375415141461248,0.005300590812445272,0.0014697925521125477,0.00802923611354256,0.00014220109782864254,0.0018170618220438861
ADANIPOWER,2026-07-02,12,16,0.0016022845898642135,7,5.1689364054235964,10.029377273186975,0.00010643742724881318,theta_s;kappa_f,4.834824663779473,5.911796790861462,10.001907853395231,2.762768119845804,1.1927537695347459,1.9680999324327004,3.5968285260608335,5.639683417240041,1.93783193803382,1.6044244567610013
ADANIPOWER,2026-07-03,17,16,0.0015474248947156192,12,5.744011718037627,8.762029464230942,0.0001448615595713461,kappa_s;kappa_f,5.831105282227358,6.722260460953355,4.821593497664026,3.2902142269024695,3.5299134973950457,12.437068185597953,2.6941591853129947,4.374557482691513,2.8253246971043113,5.274745853794624
ADANIPOWER,2026-07-06,17,15,0.0021664656290123294,10,6.665505991086824,9.954101855351961,0.00020618298640268096,theta_s;kappa_f,7.5472799557621055,9.618191444307493,13.765682296825322,3.2158297103813616,1.2284436433576582,12.346787236067899,5.781678987359671,2.775358975007867,2.6894323639101634,1.4467740814338952
ADANIPOWER,2026-07-07,17,14,0.0008652304597484557,10,5.08435786277942,8.632367142325787,4.9661282729987315e-05,kappa_s,4.9161338062667745,1.344237488947875,4.016367447746224,2.4771514689865604,1.9581299933825644,4.571553965746139,2.2184534563413933,5.457981174937263,2.9325165555552513,2.761989284512462
ADANIPOWER,2026-07-09,16,16,0.002308115260575302,12,6.600111340580422,10.13225432839569,0.00023072667182860544,theta_s;kappa_f,6.429055664642748,7.170527507214265,9.161121435922418,3.149883156283003,1.8660033925326944,11.35147644902135,3.28388982505486,2.370435806573882,2.12434835628829,3.5771426135938644
ADANIPOWER,2026-07-10,17,16,0.0010452980874615958,6,4.701799423622382,6.64527093727391,5.505720486165353e-05,kappa_f,6.073334572014591,5.765124761367241,7.100740608461493,3.9996565280912897,0.1005186821448193,7.307419025437412e-08,2.39464239401255,5.146128383031286,0.6883202592412422,0.44743637079574583
ADANIPOWER,2026-07-13,17,15,0.001929946968135792,7,5.882366422405425,9.86327519705921,0.00019266972775373718,theta_s;kappa_f,4.347174752614283,8.972691987667167,8.990181569130288,2.8232460453675756,0.4129481515168534,0.02997921584139096,0.9537612924925194,1.0533706379680599,1.893354817413827,1.9254695187522506
ADANIPOWER,2026-07-14,18,14,0.0022650106244799313,10,5.0885311982405526,6.882780923005964,0.00021755390059009262,kappa_f,3.127556139708096,0.511295272124489,4.079605177802273,3.201580192533243,5.38223678377894,0.8089129800648567,0.6242560301698974,2.2358793864842257,2.1917456885119937,6.702871875881773
ADANIPOWER,2026-07-16,19,16,0.002127033494779578,8,5.8873129070960255,8.948380711688719,0.0001412366732469945,,1.2540346183698148e-07,2.9688432481127163,7.164276137194716,5.342509037361496,1.9006714464857124,3.0137755998982048,2.4155895717128897,5.522639956647553,2.301173749598809,2.3908107909578904
ADANIPOWER,2026-07-17,18,16,0.001341459769787232,13,5.091106710860636,10.080155845545153,0.00013053856622734575,kappa_s;kappa_f,3.859403059563423,4.214543743480003,6.873429392827786,1.411822143727263,0.2466790737362028,2.4291894238359646e-06,2.089720990598193,7.4707252644355036,2.021309824481979,0.4658802484579274
ADANIPOWER,2026-07-20,20,16,0.0015056753725804233,6,6.065079381890054,8.193311670606796,5.054025058847463e-05,kappa_s;kappa_f,4.641873731572911,5.43208354869273,15.640869364545889,5.187581456042608,0.001226680609639833,1.0755428436159775,3.9398004326160305,5.6024927050361395,1.1036032601140882,0.2708097033722243
ADANIPOWER,2026-07-21,20,16,0.00148891659340592,9,6.289916159085964,10.310411437308458,0.00010789538402713019,kappa_f,7.989232386762524e-08,4.931847572752646,10.777233456426758,0.4123020837454303,0.7480167402735439,1.0200262144794259,2.6501520761960897,7.211031653164149,1.7554816672289482,0.7696974052815531
ADANIPOWER,2026-07-23,19,15,0.00074267224499172,2,2.7919282467591757,2.7919282467591757,2.831211499262562e-07,theta_s;kappa_f,6.646063584232342,5.735970015445648,0.9362813838806971,0.006287226644707822,0.015494865781646494,6.743050562363351e-12,0.00039560346903178,0.000172560390181431,0.006173988674961883,0.013394493848889244
ADANIPOWER,2026-07-24,20,14,0.001309431123734107,6,6.153315140749102,7.115224316454098,8.918273090030614e-05,kappa_s;kappa_f,10.228261858182563,4.290530458467318,11.609096336968204,5.198662281728609,0.8140347945876916,0.005661162558801891,2.407246865456523,4.90509546668744,2.1837329785666455,0.9320968203146573
ADANIPOWER,2026-07-27,19,16,0.0008566903313212709,11,5.795554658667683,10.767857639462152,5.4643757445425336e-05,theta_s;kappa_f,6.062251247008071,5.039001700574601,6.0765080683626795,3.009207079949307,0.3014712826597002,6.280661857716321,2.576101472163557,4.5368875674672084,3.1955569974597586,0.3888778510874391
ADANIPOWER,2026-07-30,15,14,0.002286517090264653,11,5.155727581394939,8.502169444761558,9.949488232102082e-05,kappa_f,7.1836393311226985,4.040430176059141,4.4644020576939205,2.6532181290653702,1.2243702485493475,5.640547336175974,0.85427128345013,2.2809181712458324,3.8245893556255095,2.071058991878251
ADANIPOWER,2026-07-31,15,16,0.0010915406660941456,13,4.084574870754055,8.354251195007759,9.290881892649872e-05,kappa_s;kappa_f,5.590580421686966,1.8126015348111613,1.7425235179321348,3.2749314124358437,1.7766516670020114,1.110154545891362e-05,1.4002624017974465,4.10343433024263,1.8533562981281766,3.0666363651102087
ADANIPOWER,2026-08-03,17,15,0.00552055178346005,14,4.897372615556915,7.781517009546042,3.964815038166782e-05,kappa_f,1.1747488799994725,0.8261943164730514,5.174397302440125,2.3289721976038855,0.8185469580202376,9.791479181048253,1.1363776215810961,3.592082919824635,3.0841885385531356,1.3044176555866465
ADANIPOWER,2026-08-04,16,16,0.00121100748034339,3,0.13358248675543885,0.13627804723937786,4.872930213814129e-06,kappa_s;kappa_f,9.542239634896532e-06,0.05231394516922183,0.005568300552903693,0.035801513812842245,0.004326768305424985,8.074465540630626e-10,0.0427069608410916,0.3965654501037452,0.1236052583165399,0.0027052105572851204
ADANIPOWER,2026-08-05,17,16,0.0007489436235117284,5,3.6938842664378173,5.363283173811053,2.6844405928746606e-06,kappa_s,3.088176602237814,0.009834240763009275,0.22013126861674645,5.8676352483688845,0.0006846279086098034,1.2798757624308417,0.04645723090507503,0.9947351729677516,0.0006677557131901657,0.15613848569626532
ADANIPOWER,2026-08-06,17,15,0.0015598569720514375,7,3.6411917065488972,5.769920413940842,0.00010467769688313026,kappa_s;kappa_f,5.467408740841077,1.1983250217336803,1.4655884625364977,5.8633834771124596,0.060151981271810866,6.152468046138893e-08,0.46673240535519556,2.0050033434885144,0.8349723436704842,0.3164102412556904
ADANIPOWER,2026-08-07,17,15,0.0017362187980006322,5,5.391312066824989,7.35967944812777,0.00017281824721158859,kappa_s;kappa_f,14.56221605614599,0.48976997835491776,4.7103931347081325,1.8880265138539971,0.4142854274249586,5.338801653433107,1.1336479704188174,3.1650854285969565,2.3287138037256288,0.10727997286054536
ADANIPOWER,2026-08-10,16,14,0.0010006500991463268,7,4.688759705303913,7.9937090537897735,8.893452830853379e-05,kappa_s;kappa_f,5.875053731084639,0.9828760936383724,5.326146772848565,0.8314652593693008,1.1031425558231436,11.068456588030823,1.2434333023228004,4.966829196454459,1.6531035425822789,1.5110389960243835
ADANIPOWER,2026-08-11,17,16,0.001199061398444201,6,4.8649745946523115,6.8341303926406995,0.00011580615257306376,kappa_f,6.918072180596692,2.493578010722491,5.108238574185861,3.201921778495164,0.5347009923739261,7.382833899782781e-08,1.7175527567285274,4.516925375240901,1.8257433508257128,0.5798904933395455
ADANIPOWER,2026-08-12,19,15,0.0018332094433088511,6,5.215850469332654,6.180848253033903,0.0001755009268253286,kappa_f,4.966634767827879,1.146552449345829,5.379011088765097,1.2471419504193904,1.2169260954005727,12.47598100613559,1.2544572759719563,4.160308171567993,2.8447853012966546,2.049957323505688
ADANIPOWER,2026-08-13,19,15,0.001409681518642221,10,4.134162045405686,6.386181875124694,8.518261416048099e-05,kappa_s;kappa_f,3.1643825116813726,1.461189228726449,3.8576274623155022,4.008496164194186,0.5626654365928243,0.0036035698084111445,0.4355754785648118,1.8025659080481962,2.3164840522244523,0.6433826484504686
ADANIPOWER,2026-08-14,19,15,0.0009623587169535076,12,4.64109955176303,7.768527839321852,8.891701484593784e-05,kappa_f,4.864236912223422,1.8773352538327348,5.283839053058461,2.5577530021058275,1.0548855410044817,2.0083610124515925,1.5701153463920203,4.509231980553517,2.282673443394269,1.5540752635790223
ADANIPOWER,2026-08-17,19,16,0.0005747325283856598,4,3.5361662318709857,4.454601097406026,2.887140693468254e-05,kappa_s;kappa_f,5.203838689380881,1.3843413359244343,5.671108791127893,3.3926472065673545,0.5171055400837474,9.707294506000608e-07,1.1364521183469112,3.362500315849996,1.6650678348506514,0.6888516234212072
ADANIPOWER,2026-08-18,20,15,0.0025947282214230484,11,5.0187572382479875,7.658442601514663,0.00010438921515260567,kappa_s;kappa_f,3.581743960097114,0.9912179354007061,6.092035133541599,2.711958011522362,0.9100154773242933,3.4333098639365227,1.0760391314423958,3.204745655497146,1.3170326062644835,0.9840558983083976
ADANIPOWER,2026-08-19,19,15,0.0011035586216580403,12,5.631408813009078,8.024947311717261,3.2731015358651236e-05,kappa_s;kappa_f,7.705401212978337,3.2069184272371616,4.897987711430014,1.9040426385041052,0.5896809006472161,7.957408431501676,0.8918697904477353,3.5579083784991203,2.4302371220606993,0.7457959140129307
ADANIPOWER,2026-08-20,20,16,0.0031377923604013,13,4.615180194740412,7.752976973218951,0.00016977002270379205,kappa_s;kappa_f,6.619797370014632,1.799580883834098,2.726336190622371,3.0423220973457155,1.7786408006058776,2.228353739594918,0.7130806169111085,4.253429494594915,1.793313777278198,1.6432849283053517
ADANIPOWER,2026-08-21,19,16,0.0010647495093721625,10,4.994496521149624,9.706659164039447,8.135961368345218e-06,kappa_s;kappa_f,7.609136209337517,4.12482462166548,1.2670918790123422,1.9603585284541445,0.866166780438923,10.210241053460354,1.7774864071219034,1.133702851550153,1.8440127269816673,0.9969864283980328
ADANIPOWER,2026-08-24,19,16,0.0009494358129244761,12,4.217763423978681,6.249009324461065,9.294431489993238e-05,,8.948263119504302,0.5700448584302278,2.081267874656942,2.525874235838121,1.1746055898798868,5.621383732263742,0.035100710233334956,0.7247970505425878,1.9480063096643436,1.5436853122146001
ADANIPOWER,2026-08-26,15,16,0.0007520496348289413,3,0.85410623401505,0.9533073773655061,1.6365687878292586e-05,kappa_f,2.477568425017502,0.53298033741601,0.7547692748359349,0.26312312332513654,0.09051799181168417,1.1801806572009355e-06,0.22607791612666528,0.6528423208134742,0.44793029287479214,0.1353683461824735
ADANIPOWER,2026-08-27,18,14,0.0012093919087353034,9,5.741472396000786,8.425833421478984,9.179691340662453e-06,,6.6099981424159395,1.742204045444141,6.369111707287545,3.424139366271186,0.7583597564053254,1.4251049762936505,2.057027716011041,5.541080377222505,2.9332652267538633,0.8514695838240862
ADANIPOWER,2026-08-28,18,16,0.0014515749958699759,5,4.381379527288921,5.65984058977356,9.364662444177646e-05,kappa_s;kappa_f,2.807806922078271e-06,1.2352006757940115,3.5423620891283885,3.0886863687678665,1.1315075911144405,11.854033718330312,0.8360211502767689,3.7574913118432294,3.841190391823572,1.82860882218521
ADANIPOWER,2026-08-31,16,15,0.007087794558288094,13,4.640870262823805,7.323017406807174,0.00026146489051466406,kappa_f,5.653762711029793,0.6260797372874872,2.512946561363914,2.527896805056856,1.6497482409312632,13.559710066862985,0.7607447596556068,2.427755191486831,2.3716350465397515,1.6378770771842364
ADANIPOWER,2026-09-01,17,16,0.0008442414796221736,9,5.193203393568675,7.530019264722411,7.652377128179006e-05,,1.953488357742117e-07,1.2765236342538093,7.653281558894125,2.8950879469899196,1.026339941418594,3.1353745523435883,1.5133726500042992,5.6529240785321075,2.526894974570749,1.4619411593342932
ADANIPOWER,2026-09-02,17,16,0.00141762072117026,9,3.8409556287091124,6.692791125297601,9.151141228673347e-05,kappa_s,2.434579867838238e-05,1.5287989835908815,3.9646189937144403,2.6494648948438866,0.568856968260846,8.206036287567628,1.570428201464518,3.808224207574888,3.4870749846780065,0.7023928815108431
ADANIPOWER,2026-09-03,17,15,0.0027690706093687384,14,5.414330793841051,7.303227791606317,0.00017781645263750942,,1.8229813021115728,1.4637469115309907,6.214646903738841,3.0601095982440767,0.008807150349676718,5.7125144525498435,1.4465378995914455,4.294042647435309,2.142693771325412,1.0148669514113382
ADANIPOWER,2026-09-04,13,16,0.0013768421553793622,7,4.633000886838295,6.375352381790412,0.00011173025157022688,kappa_s;kappa_f,4.770029551721052,1.3268235964213029,4.691966007021156,3.3523606465913383,0.31098846101461547,4.647393104314167,1.1586955276659923,2.6209339590179495,1.6562212407262138,0.08369233742249871
ADANIPOWER,2026-09-07,17,15,0.0011275201418891262,6,5.3580894776499335,8.904583842125952,6.1444871483803e-05,kappa_s;kappa_f,15.101901241444672,0.5382445284545567,2.82934230833295,1.3270870456989061,0.8846482843403644,10.02298529011585,1.0829342533921689,4.080295008835784,1.142135913580979,1.2832330368939533
ADANIPOWER,2026-09-08,17,16,0.0012821509800533977,9,4.270657529228255,7.153215784037067,8.567247341182858e-05,kappa_s;kappa_f,5.3021871690011935,1.5737397787945056,8.34374622590106,5.703515586894939,0.6252121674130896,5.279852010599864,1.0208168828074229,3.1404382350260174,2.0343687513558595,0.8304981424770203
ADANIPOWER,2026-09-09,18,16,0.0008674104981052258,5,5.073042546121914,7.725009222244945,4.208684405838253e-05,kappa_s,9.543265733213957e-09,2.6526742740438163,7.374381513675374,1.9798299955509537,0.7421127924140067,1.9215507235400562,2.7842078513012942,4.3419394244679514,3.1588513137464624,1.0450406543693218
ADANIPOWER,2026-09-10,17,16,0.002345403894088087,9,6.455915243146521,10.1139437797147,0.00014292024497664264,theta_s;kappa_f,10.444837317252057,6.089240168447582,5.789699266230642,2.384257972908382,0.8951171275550623,11.630118716121999,3.165484938387492,4.550717570500877,3.3712357867133473,1.2834833015728924
ADANIPOWER,2026-09-11,16,16,0.0007815852402337802,8,4.763392205775837,6.723231542771201,5.969455685645071e-05,kappa_s;kappa_f,13.149970406609686,1.7918083674325471,9.720204116714257,4.8952472729159435,0.4375936687016334,2.496965115366434,1.5736366421214316,2.4056562492209057,2.158713818908806,0.4272162098171647
ADANIPOWER,2026-09-15,18,16,0.0022713993414564876,10,4.474322569373558,6.8449167554755155,7.869462580264996e-05,kappa_s;kappa_f,3.913476120313245,1.7449289496554927,4.024981584295756,3.249278253698647,0.3863393609736519,1.2487385228902341,0.9458561513949324,3.5383677605168646,2.18821886693228,0.5512658010919425
ADANIPOWER,2026-09-16,19,16,0.0017772540809457942,7,4.78732968494777,7.4002453348999575,3.331772950814762e-05,kappa_s;kappa_f,0.4316410841993328,3.1281474666495335,9.175036644976787,2.5109738914837547,0.6116281109340664,10.361452793042577,2.4203813596724357,4.811232463632141,2.940770705912401,0.6834261815731483
ADANIPOWER,2026-09-17,19,15,0.0009539031871199567,9,4.586629828458211,8.622800265631872,7.21978338772102e-05,kappa_s;kappa_f,7.9075093824802085,2.341236573900537,6.352322612378595,3.5673729713638442,0.38080363167030284,2.3839549889714817e-07,0.9426895021594983,3.3334163401288164,2.1275797343679113,0.43298240607886296
ADANIPOWER,2026-09-18,19,12,0.001885540381694667,8,4.109487675662244,6.437286539621059,5.230348681218482e-05,kappa_s;kappa_f,5.389111474976172,1.8120382638941515,8.041384565143133,5.02357765429273,0.3641085115106226,3.8328058060699277e-07,1.2196580528647492,2.4126806311587687,2.310156563156845,0.29285622544675366
ADANIPOWER,2026-09-21,19,14,0.0011011691865261907,7,4.739417336965612,7.633908586962459,3.825403683433695e-05,kappa_s;kappa_f,5.308774057075072,1.5173376483817114,4.618298683392917,3.2929226663680495,0.6102788503419363,0.03143291469989595,1.3050039992930655,3.165571538413781,2.60694363993102,0.7746892508146418
ADANIPOWER,2026-09-22,19,15,0.0011426724938487867,9,4.985605353530547,7.238716944512001,3.224617394686612e-05,kappa_s;kappa_f,1.755009770139699,1.481336480561842,7.3725238235084,3.2983910153956373,0.6378623205558953,6.138453913434345,1.5458462600695964,5.771903668314835,2.658236006187158,0.7859087279801429
ADANIPOWER,2026-09-23,19,15,0.0004856387197946127,6,5.081101061718776,8.774942506954838,3.468682190496463e-05,kappa_s;kappa_f,7.290666900574131,2.8051877195412347,11.253793861512806,2.802802074885102,0.3936095175488076,9.294822689298599e-10,1.6694098453777577,4.195114750302727,2.92787560146684,0.5063274072076203
ADANIPOWER,2026-09-24,18,16,0.0017727951089990032,14,6.580758445694408,9.991708650971693,0.00011003928665384794,theta_s,1.3697721200542905,2.9141240138114446,1.8724014293900888,2.7624811719288367,1.6137166087915424,0.4012900927588535,10.405521671641738,0.9221327872948888,1.4080495258370753,2.056074577329154
ADANIPOWER,2026-09-25,19,16,0.0012078568443834002,12,4.83529189172619,8.00064866771076,4.635774064121645e-05,kappa_f,3.9392059851190098,3.1930982786718816,6.489334192968825,3.3710142807834096,0.3409876891464727,4.235370600387023,1.9602345694343248,4.572089782109579,2.3551248584121227,0.5020398385776486
