ticker,date_id,dh_best_rmse,flat_bs_rmse,dispersion,dh_over_flat
SBIN,2026-07-01,0.0004841048301688,0.0013161594128803069,1.9250322462620555,0.36781625799368506
SBIN,2026-07-08,0.0014070282968939,0.0017861483722249809,4.501162521027838,0.7877443547095608
SBIN,2026-07-15,0.0006106805829219,0.0009199453892045155,7.358969831703259,0.6638226465268342
SBIN,2026-07-22,0.0014115229315301,0.0016717774083893717,4.692278461866131,0.8443246836850087
SBIN,2026-07-29,0.0003757945001638,0.001960890609176038,3.5499716682219873,0.1916448058883346
SBIN,2026-07-02,0.0015046426963126,0.001995145604401589,5.320886765343035,0.7541518238033023
SBIN,2026-07-03,0.0005840030144433,0.0010957753412698863,3.919010248221827,0.5329587119258433
SBIN,2026-07-06,0.0014258741786249,0.002024059220296514,5.618586507410948,0.7044626779329198
SBIN,2026-07-07,0.0011725123562674,0.001792546501633137,5.2586609239328155,0.6541042897348315
SBIN,2026-07-09,0.0017185831240775,0.0023278711615753625,2.8597576880388367,0.738263849153261
SBIN,2026-07-10,0.0013482337039032,0.00191308062326494,4.556333509406797,0.7047448432164088
SBIN,2026-07-13,0.0007742241539307,0.00136462587089955,3.976547466064191,0.5673526865061835
SBIN,2026-07-14,0.0015524584941575,0.001989812890491311,4.720348318108543,0.7802032550780076
SBIN,2026-07-16,0.0009517984592012,0.0013407191084318878,5.546909795569941,0.7099163823468053
SBIN,2026-07-17,0.0008079447824261,0.0010983737801633156,5.3939864328770035,0.7355827287737767
SBIN,2026-07-20,0.0012682687400178,0.0014695716462900927,5.60631817731208,0.8630193316668308
SBIN,2026-07-21,0.0018003115754286,0.002154663646643868,6.027709116421013,0.8355418156484835
SBIN,2026-07-23,0.0008184511576264,0.001175620395455032,4.6451029825015,0.696186592875171
SBIN,2026-07-24,0.0015552441475467,0.0021172743002426976,5.312808264005832,0.7345501465579715
SBIN,2026-07-27,0.0009944653859262,0.0012991943564277014,5.5406086666152,0.7654477415223754
SBIN,2026-07-30,0.0008167006725975,0.002205825001831103,3.531151441232015,0.3702472643657312
SBIN,2026-07-31,0.0011141585197536,0.0022211019591647607,3.6749119452003502,0.5016242118720998
SBIN,2026-08-03,0.0012996024557025,0.0025257467089484236,2.936915934418497,0.5145418782881757
SBIN,2026-08-04,0.0012267758607157,0.0021552151011813955,3.556730803306614,0.5692127250051443
SBIN,2026-08-05,0.00084697777853,0.001871964495877821,2.386835375260845,0.45245397570044527
SBIN,2026-08-06,0.0026659041175019,0.0038201700577738178,3.8961322554957927,0.6978495923439179
SBIN,2026-08-07,0.0018421402190975,0.002342154759829862,4.1576793642865395,0.786515157192822
SBIN,2026-08-10,0.0018743866612484,0.0023044375871855596,4.364109604498426,0.8133813958214479
SBIN,2026-08-11,0.0011911750597109,0.001583889223057944,1.6623967745280313,0.7520570519516204
SBIN,2026-08-12,0.0007879142652985,0.0013903209755020266,3.847930814814129,0.5667139309424534
SBIN,2026-08-13,0.0007287748000834,0.0011519633574921893,4.939510165870628,0.6326371367140828
SBIN,2026-08-14,0.0008607033773585,0.0010912220726923302,4.880134529648807,0.788751803044929
SBIN,2026-08-17,0.0006850169285329,0.0009196181439540843,2.8895577755289557,0.7448927938584716
SBIN,2026-08-18,0.0012610842530334,0.0014914280114904526,5.705832584426281,0.8455548932416392
SBIN,2026-08-19,0.0006254390875241,0.0006777798296100502,4.597469786546032,0.9227761880785629
SBIN,2026-08-20,0.0009522055802407,0.0010907154487458566,4.013775160303654,0.8730100791508728
SBIN,2026-08-21,0.000831693013744,0.0009235317398352603,5.567720999993411,0.9005570440842211
SBIN,2026-08-24,0.0005331954005212,0.0006825030825896355,4.221152213305036,0.7812351535440479
SBIN,2026-08-26,0.0008701779751263,0.00134829909912915,4.415183598505641,0.6453894211516846
SBIN,2026-08-27,0.000951318468458,0.001294533612425655,4.380414066722144,0.7348735168609878
SBIN,2026-08-28,0.0007412785477926,0.0007837391711194695,4.722699782416023,0.9458230175401083
SBIN,2026-08-31,0.0027191036953837,0.0029783999256167842,5.289991342652468,0.9129410969954319
SBIN,2026-09-01,0.0021004628708209,0.0023268737959367194,4.9360576396573475,0.9026973764064097
SBIN,2026-09-02,0.0004588523296886,0.000633510863890878,2.6100829965387775,0.7243006487220038
SBIN,2026-09-03,0.0009431390854593,0.0010741337417338559,4.088423849055675,0.8780462328060697
SBIN,2026-09-04,0.0013302747626378,0.0014308126760802073,4.194106717097481,0.9297336995099619
SBIN,2026-09-07,0.0021895135508936,0.0024894169460671985,5.1101836365348445,0.8795286600553642
SBIN,2026-09-08,0.0005755294198596,0.0008354513412518833,3.9861357596815328,0.6888844286217759
SBIN,2026-09-09,0.0014360068722948,0.0015307704815555236,4.6826697390834,0.9380941751865848
SBIN,2026-09-10,0.0013254024807653,0.0014777502768938892,4.626007446712959,0.8969055878312459
SBIN,2026-09-11,0.0009160125257171,0.0011625764348070884,5.234471841065818,0.7879159582906031
SBIN,2026-09-15,0.0026135747467137,0.0027618639731035125,4.750390533427623,0.9463082802650923
SBIN,2026-09-16,0.0010837133413643,0.0013608209772101767,2.6615350704333283,0.7963673102585647
SBIN,2026-09-17,0.0005959676476392,0.000864621856907266,0.001520153988531,0.6892812654204273
SBIN,2026-09-18,0.0004859165688183,0.0008037458863183606,4.704592229617806,0.6045649216869899
SBIN,2026-09-21,0.0006640273292519,0.0009104555490582,3.40386275884564,0.729335254136007
SBIN,2026-09-22,0.0014876065931171,0.001679325578472098,5.2110522379325594,0.8858357260719926
SBIN,2026-09-23,0.0010169342980297,0.0012142273300364422,3.8026329687994394,0.8375155729686788
SBIN,2026-09-24,0.0017104865937236,0.002068423197877373,5.678728101736997,0.8269519484595369
SBIN,2026-09-25,0.0007048824883476,0.001081488241502923,5.520987556296978,0.6517708295820569
INFY,2026-07-01,0.001748936387709,0.002106918885045379,5.45339791709617,0.8300919414234266
INFY,2026-07-08,0.0014258261076385,0.002366958825627059,5.831004224865278,0.6023873724380345
INFY,2026-07-15,0.0015418153790402,0.00200291886308653,4.971118772063503,0.7697842421156481
INFY,2026-07-22,0.0009809546279542,0.0025919059411802217,3.8257134783650337,0.3784684514853665
INFY,2026-07-29,0.0013760145264484,0.0027911212031870663,5.111105146886036,0.4929970525383081
INFY,2026-07-02,0.0006799224283643,0.0013289074978376297,5.121096330626367,0.511640147617991
INFY,2026-07-03,0.0018932145631026,0.002409955721140599,4.24558208024555,0.7855806422063918
INFY,2026-07-06,0.0020697036729804,0.002314691153796968,4.740096440146435,0.8941597541362286
INFY,2026-07-07,0.0016794112731086,0.0023104363997789403,4.539118106994582,0.7268805465795484
INFY,2026-07-09,0.0016271217299347,0.002684889101775401,5.023810643310691,0.6060293994484743
INFY,2026-07-10,0.0018280941423972,0.002481528094796615,4.629241481028015,0.7366808162399748
INFY,2026-07-13,0.0006296049936288,0.0010668020472639774,3.850516375899967,0.5901797763170263
INFY,2026-07-14,0.0020742723653428,0.0025701503333718516,4.7581111000301295,0.8070626602691776
INFY,2026-07-16,0.0019940874680149,0.0027155443181896585,5.212322946031398,0.7343233010994554
INFY,2026-07-17,0.0017075330326332,0.002024620426669259,5.279032984331861,0.8433842759565034
INFY,2026-07-20,0.0007558783880314,0.001505472533900252,3.777178386370261,0.5020871327842386
INFY,2026-07-21,0.0009385331342833,0.0015001632202597166,2.9268784994872985,0.6256206802089281
INFY,2026-07-23,0.0017985290971845,0.004355039522935234,2.3812604010632445,0.4129765270126222
INFY,2026-07-24,0.0004851634888116,0.0013736139459110293,4.65000217947136,0.35320221540836383
INFY,2026-07-27,0.0008865742200252,0.0014185999824453354,5.780975434084162,0.6249642118964029
INFY,2026-07-30,0.0034452391784582,0.004972796928772497,4.838928586800084,0.6928171867473855
INFY,2026-07-31,0.0020717135818186,0.002662152227169385,4.455457879510261,0.7782100364791735
INFY,2026-08-03,0.0038876480306456,0.004015242811738775,4.886351383281855,0.9682223997213456
INFY,2026-08-04,0.0010931242905363,0.00184791981844957,3.5193612117047337,0.5915431392761653
INFY,2026-08-05,0.0010032300073227,0.0019338328140541493,4.510359786625482,0.5187780453572387
INFY,2026-08-06,0.000804696484871,0.0017338487012759783,4.142896258438061,0.46410997930719433
INFY,2026-08-07,0.0009700794182969,0.00197533587353219,4.11232716320036,0.49109593527618967
INFY,2026-08-10,0.0008264050376472,0.0021022897691626388,2.673686499418027,0.39309758805341316
INFY,2026-08-11,0.0008508233010811,0.0016779663202286584,4.6706581913894425,0.5070562447076752
INFY,2026-08-12,0.0023201339637268,0.0025556531897586426,4.413272677085526,0.9078438236550848
INFY,2026-08-13,0.0012705453075198,0.0014533741152436353,4.758332549448469,0.8742038916158991
INFY,2026-08-14,0.0007848565026202,0.0013538736285230314,3.995869241431101,0.5797117885192994
INFY,2026-08-17,0.0008299601703056,0.0010192388595053733,3.4608824634736615,0.8142940808873511
INFY,2026-08-18,0.0007542915310033,0.0008911102291455102,4.567357081619714,0.8464626556095015
INFY,2026-08-19,0.0008134414131087,0.0010474092197562698,5.515382202660216,0.7766223532937644
INFY,2026-08-20,0.0004880427887508,0.0010613892465871017,4.534382513262473,0.4598150869910376
INFY,2026-08-21,0.0013300735112111,0.0019742768682297867,4.57766531653377,0.6737016132918051
INFY,2026-08-24,0.0009994200714618,0.0011806811864163885,4.471612120534837,0.8464775105761163
INFY,2026-08-26,0.0004644154949995,0.0009110889250949207,0.0,0.5097367361271739
INFY,2026-08-27,0.0007153715830323,0.0010428956203151825,5.484544545213689,0.6859474420039288
INFY,2026-08-28,0.0010292636625049,0.0016933093468791938,4.714229821692906,0.607841481771689
INFY,2026-08-31,0.0015541618330944,0.001875293138931608,4.434760302326164,0.8287567425217782
INFY,2026-09-01,0.0010424470850489,0.0014803483654161848,4.339658391143775,0.7041903847786711
INFY,2026-09-02,0.001574660634588,0.002052798286965301,5.047207575587052,0.7670800607086715
INFY,2026-09-03,0.0006835552599579,0.0014095765746959333,4.767950097251425,0.48493659176008447
INFY,2026-09-04,0.0005773761126935,0.001176994951803376,3.661111644390528,0.4905510527541788
INFY,2026-09-07,0.0012099198417111,0.0015043280162430465,4.525465761578703,0.8042925669448009
INFY,2026-09-08,0.001466616099418,0.001984534447921074,6.934701927723316,0.7390227471003962
INFY,2026-09-09,0.0013016753127138,0.0015426859811301563,5.12020959999936,0.8437720499412367
INFY,2026-09-10,0.0013000723238012,0.0017081531887435286,4.583029969476289,0.7610982038194701
INFY,2026-09-11,0.0011623196343627,0.002128792394957544,4.227856699174126,0.5459995240098934
INFY,2026-09-15,0.0008978824094929,0.001290042164346503,4.482096927154664,0.6960101261091265
INFY,2026-09-16,0.0031827194961409,0.004041576306903258,7.602798546326317,0.7874945947957538
INFY,2026-09-17,0.0010696666509233,0.0018549602465518322,5.265828565207107,0.5766520619035869
INFY,2026-09-18,0.0015500343994799,0.0022208307984692703,5.012193302788018,0.6979524962227094
INFY,2026-09-21,0.0007944626270706,0.0012377014542061734,4.977086778660688,0.6418855083111669
INFY,2026-09-22,0.0005006976107639,0.0011217041268238815,3.017829242022142,0.44637226412069214
INFY,2026-09-23,0.0005359740937905,0.0015134433866609157,5.233863005629194,0.3541421492963873
INFY,2026-09-24,0.0017996358788893,0.0021165189732061437,6.135511653905308,0.8502810046456503
INFY,2026-09-25,0.0006664096400939,0.002107190405389451,4.765976038247553,0.3162550656976507
RELIANCE,2026-07-01,0.0011513036223839,0.0013155016929273864,3.4408848174305136,0.875182167057424
RELIANCE,2026-07-08,0.0032969428535498,0.003738132176891494,3.822308285228516,0.8819759969781025
RELIANCE,2026-07-15,0.0014717710096943,0.0017396436883725553,4.377914781564607,0.8460186528605456
RELIANCE,2026-07-22,0.0014272162949111,0.0015989926384592326,5.0327986703113545,0.8925721486037271
RELIANCE,2026-07-29,0.0009354817807655,0.0013556850072778826,3.5781989637545726,0.6900436131870188
RELIANCE,2026-07-02,0.0009850448601197,0.0010277898414802868,4.19075177583354,0.9584107765659342
RELIANCE,2026-07-03,0.0003356520054413,0.0005261674168778962,4.29489726096637,0.6379186446643699
RELIANCE,2026-07-06,0.0007682566843271,0.0009163269966997727,4.278086892040091,0.8384088726994183
RELIANCE,2026-07-07,0.0013182917652022,0.0015662074553326546,4.1495928400249635,0.841709545382161
RELIANCE,2026-07-09,0.0017403969370898,0.002019122150542605,3.6248625826212817,0.8619572305826559
RELIANCE,2026-07-10,0.0021102868124969,0.0022362661499260024,5.165706628473508,0.9436653202333403
RELIANCE,2026-07-13,0.0006780799312574,0.0009932059857454857,3.515319795197032,0.6827183293186089
RELIANCE,2026-07-14,0.0004316132237254,0.0008059968469668099,2.2084617985250334,0.5355023724344339
RELIANCE,2026-07-16,0.0025641183070204,0.0030341158305915027,3.9480995064218978,0.8450957215171722
RELIANCE,2026-07-17,0.0006061235407366,0.001048515951048743,0.000410903719507,0.578077558219639
RELIANCE,2026-07-20,0.0024814891691383,0.002992420966478025,5.309146500555543,0.829258047893885
RELIANCE,2026-07-21,0.0012440201205467,0.001389990433220153,4.40042240708725,0.8949846637898885
RELIANCE,2026-07-23,0.0020677864256645,0.0021370112035415233,4.378329684313439,0.9676067314189547
RELIANCE,2026-07-24,0.0009449671914192,0.0014953130045190065,6.096927824706527,0.6319527674563127
RELIANCE,2026-07-27,0.0005018670911373,0.0007325858185539013,3.9857476200617974,0.6850625256819304
RELIANCE,2026-07-30,0.0012117707944138,0.0013783416873829808,4.18129308949829,0.8791512333306524
RELIANCE,2026-07-31,0.0009329968124784,0.0010204577589845415,6.067009029261946,0.9142924381375924
RELIANCE,2026-08-03,0.0005092754782437,0.0008344826330981098,2.320104897199452,0.6102888880418733
RELIANCE,2026-08-04,0.0034107904857752,0.003599897910684347,5.145803531258245,0.9474686700564802
RELIANCE,2026-08-05,0.0017333694132557,0.0020813733901951246,5.232888592649823,0.8328007946201331
RELIANCE,2026-08-06,0.001440564122413,0.0016122882477185123,2.677609134556019,0.8934904316591573
RELIANCE,2026-08-07,0.0004152817279942,0.0006533948535078761,4.243200264443814,0.6355754499207946
RELIANCE,2026-08-10,0.0011011037331745,0.001352426938385661,4.4543956425387465,0.8141687376390508
RELIANCE,2026-08-11,0.0007068852760447,0.0008712208618836378,4.540355129493038,0.8113732200080318
RELIANCE,2026-08-12,0.0012685538489733,0.001503204620483317,4.601358245355181,0.8438996472519017
RELIANCE,2026-08-13,0.0010715003714165,0.0013174872385779723,4.938652591231953,0.8132908919656954
RELIANCE,2026-08-14,0.0010565121295586,0.0011772928961115824,4.203592551063231,0.8974080562688328
RELIANCE,2026-08-17,0.0007068696382277,0.0008489348591190761,4.175275558090963,0.8326547445126773
RELIANCE,2026-08-18,0.0005428846688717,0.0006771884736651827,3.1462764257716485,0.8016744082093081
RELIANCE,2026-08-19,0.0026010709060204,0.0026812539293219356,6.671988799973855,0.9700949535496575
RELIANCE,2026-08-20,0.0009913933855132,0.0013024626085318758,5.051280062617459,0.7611684043895047
RELIANCE,2026-08-21,0.0005234630549616,0.0008155739249168664,4.837477888168449,0.6418339760126073
RELIANCE,2026-08-24,0.0005024167930813,0.0006336121162850726,5.022416193365031,0.7929406338171322
RELIANCE,2026-08-26,0.0004348586789274,0.0006396964719696512,0.8245683849286235,0.6797890843269037
RELIANCE,2026-08-27,0.0013111029910726,0.0016041749773169493,2.5234228627670428,0.8173067212814125
RELIANCE,2026-08-28,0.0012346224547934,0.0015718958091975538,4.9437837845671435,0.7854352989360469
RELIANCE,2026-08-31,0.0018164810327933,0.0020275708041619903,4.517956480101617,0.8958903082765906
RELIANCE,2026-09-01,0.0006435065301774,0.0009693976434383468,2.9771031922199622,0.6638210176527283
RELIANCE,2026-09-02,0.0010039137388316,0.0011238318193606761,2.1852767261995925,0.8932953503689769
RELIANCE,2026-09-03,0.0005729011159088,0.0006867148474856602,3.901449896038084,0.8342634763270693
RELIANCE,2026-09-04,0.0010787776816232,0.0012405218284019341,5.2288485194940435,0.8696160413500372
RELIANCE,2026-09-07,0.0021361881309369,0.002321939155946508,5.167317467469271,0.9200017689809408
RELIANCE,2026-09-08,0.0008575156166464,0.0010203978279639525,4.443181029613582,0.8403738161197785
RELIANCE,2026-09-09,0.0010522319964127,0.0013051136044791572,4.733010527236537,0.8062378576098157
RELIANCE,2026-09-10,0.0008656469360877,0.0010102141591532027,3.4535566716441526,0.8568944794966207
RELIANCE,2026-09-11,0.0007733039861005,0.001208030645696271,4.099670042186373,0.6401360667922392
RELIANCE,2026-09-15,0.0007652509274217,0.0011689206801152978,2.526461334580399,0.6546645469102477
RELIANCE,2026-09-16,0.0015294671940003,0.0017118037813126615,5.5245408147104405,0.893482775711279
RELIANCE,2026-09-17,0.0007186477158319,0.0010706098886748372,4.195268169519023,0.6712507734459809
RELIANCE,2026-09-18,0.0012114517757519,0.0016735642920626698,5.237035506413187,0.7238752532529148
RELIANCE,2026-09-21,0.0011669547876817,0.0016209603982287497,2.5298199364724674,0.7199156678700176
RELIANCE,2026-09-22,0.0013216375778412,0.0014374483563065151,5.1812911431758195,0.9194330857472419
RELIANCE,2026-09-23,0.0013515574198237,0.0018986774418828125,4.257201937149736,0.7118415113645823
RELIANCE,2026-09-24,0.0012598305997141,0.00176233748539963,4.984734362748384,0.7148634186989554
RELIANCE,2026-09-25,0.0005413210747184,0.0010331301753051091,4.063805015787748,0.5239621178991644
BEL,2026-07-01,0.000738605293885,0.0011277005711437659,4.084957280613242,0.6549657886010224
BEL,2026-07-08,0.0026962119211536,0.002951322573677661,5.208866174787372,0.9135605661003141
BEL,2026-07-15,0.0013817971609208,0.0019741555965211636,5.074822736286877,0.6999433901541442
BEL,2026-07-22,0.0012882645983794,0.0015220971008179263,4.275871476667213,0.8463747796951507
BEL,2026-07-29,0.0013892269566643,0.001783440998398791,4.431057246752106,0.7789587420674841
BEL,2026-07-02,0.0006304516752105,0.0008388499827512739,5.664977298024816,0.7515666545557219
BEL,2026-07-03,0.0012595866680895,0.0013443059988353693,6.247145149178376,0.9369791321177876
BEL,2026-07-06,0.0005752695603355,0.0006852408688075838,4.498019266117594,0.8395143759252868
BEL,2026-07-07,0.0014551969930942,0.0016145958624132106,4.866283645953848,0.901276305092985
BEL,2026-07-09,0.0014951985081087,0.0015544532859278867,5.127297896193272,0.9618806313733537
BEL,2026-07-10,0.0006753665100775,0.0008425682070163023,4.540092896959825,0.8015570780543738
BEL,2026-07-13,0.0006894943192493,0.0009649885028542848,3.9172668949422738,0.7145103980098041
BEL,2026-07-14,0.0013153988815073,0.0020181539995668503,3.233292989947973,0.6517832047453365
BEL,2026-07-16,0.0020901393762398,0.0026369523245659667,4.673686238598545,0.7926344958033437
BEL,2026-07-17,0.0007162237490795,0.0012519382122713294,3.337992376124846,0.5720919307831421
BEL,2026-07-20,0.0005520182218597,0.0014620181131425882,2.8416542044254145,0.3775727652738476
BEL,2026-07-21,0.0009523330091109,0.0017061624955936631,4.065434900501172,0.5581725137965441
BEL,2026-07-23,0.0013440897015244,0.0015676599136193277,4.749391069912178,0.857386024766838
BEL,2026-07-24,0.0008551144910683,0.0012451341471516643,4.482958960211273,0.6867649506074804
BEL,2026-07-27,0.0017180978822708,0.0023543711667210975,2.654822594952142,0.7297480985819126
BEL,2026-07-30,0.0012682026133535,0.001751047203669157,2.461048549145378,0.7242538126305784
BEL,2026-07-31,0.0011938765890101,0.0014784639426942126,4.542197037397802,0.8075114681758775
BEL,2026-08-03,0.0012157117268672,0.0015865047156634283,3.691376681192234,0.7662830843580734
BEL,2026-08-04,0.0009633904749827,0.0011950840446346772,4.551824334672117,0.8061278027330679
BEL,2026-08-05,0.0014628568134747,0.001999642665339145,3.724019166158168,0.7315591124510215
BEL,2026-08-06,0.0008830065270872,0.0013362563324182096,5.227361437319316,0.6608062432821045
BEL,2026-08-07,0.0008268263677072,0.0013260339313493836,4.7356035287736535,0.6235333411610473
BEL,2026-08-10,0.0012636491877236,0.0014922116778762378,4.289458345320684,0.8468297135444383
BEL,2026-08-11,0.0006259821709477,0.0011339751929948742,2.3461600623859953,0.5520245723316538
BEL,2026-08-12,0.0017904764048278,0.0024607837303649844,4.7338895444782345,0.7276041298282787
BEL,2026-08-13,0.000944988340601,0.0013700037270472862,4.324666865025318,0.6897706348855673
BEL,2026-08-14,0.0006915090119169,0.0009790617111562184,4.783985729090695,0.7062976766809373
BEL,2026-08-17,0.0007415014902179,0.0012284916469550578,3.2223419602841767,0.6035869206402724
BEL,2026-08-18,0.0012299759679057,0.0016718245120698313,3.927401672225457,0.7357087774618801
BEL,2026-08-19,0.0006766047023365,0.0007466698729666392,3.713573203232652,0.9061631208558621
BEL,2026-08-20,0.0008421493467611,0.0009401102700117083,5.038929643317708,0.895798475587988
BEL,2026-08-21,0.0008288841731286,0.001106202457145695,4.454783291925568,0.7493060314360067
BEL,2026-08-24,0.0004544459696472,0.0006910362903181661,2.674931544185816,0.6576296730204495
BEL,2026-08-26,0.0010138407599366,0.001523882600910453,3.5860544002335035,0.665301092965347
BEL,2026-08-27,0.0005461462288712,0.0008703161612359372,3.677597274015523,0.6275262406889205
BEL,2026-08-28,0.0006364972717311,0.0011216242132476644,5.131447733902359,0.5674781840596338
BEL,2026-08-31,0.0014438743312527,0.0015607474334028081,5.454302441614102,0.9251172229094771
BEL,2026-09-01,0.0020426954488781,0.002163308597423654,4.862678804607565,0.9442459810453322
BEL,2026-09-02,0.0014704054860402,0.0015845922627554742,5.013500435878185,0.9279393321555711
BEL,2026-09-03,0.0014237348479597,0.0015753084558719976,4.848816146137837,0.9037816325131096
BEL,2026-09-04,0.0017405715211563,0.0018872582451888065,5.253629163870259,0.9222752241742986
BEL,2026-09-07,0.0021445334997887,0.0022793594913913854,5.0178735451156555,0.940849176221701
BEL,2026-09-08,0.0008165286990154,0.0010038307111574199,3.643249197968367,0.8134127497194621
BEL,2026-09-09,0.0020485791889754,0.002349194414326138,4.142099147003028,0.8720347607173378
BEL,2026-09-10,0.0010645129490415,0.0012625089102321777,4.122165774990948,0.8431726227149827
BEL,2026-09-11,0.0011531109788684,0.0012594302665392971,4.513056710986849,0.9155814414695267
BEL,2026-09-15,0.0033578814353056,0.003812757408625383,6.057299434666017,0.8806963243214102
BEL,2026-09-16,0.0009137556367435,0.0010633065631242874,4.361476587696004,0.8593529546724835
BEL,2026-09-17,0.0012175338668184,0.0014999374366736276,4.494318813538635,0.8117231006104451
BEL,2026-09-18,0.0015096736537062,0.0017382053450400062,4.395382360761092,0.8685243420831005
BEL,2026-09-21,0.0008986611598695,0.0009855968911971816,4.131446923656228,0.9117938255445562
BEL,2026-09-22,0.0009192469599495,0.0010027587413739504,6.406221164165467,0.9167179721514818
BEL,2026-09-23,0.0011950521292299,0.001410681133202812,6.171372895202147,0.8471454683147653
BEL,2026-09-24,0.0007621553786568,0.0010427706537562496,4.329279884872623,0.7308945412985853
BEL,2026-09-25,0.00101092062702,0.001161420840699255,5.714239071282237,0.870417157669873
TCS,2026-07-01,0.0038464819301189,0.004571201631439885,5.2390381963965975,0.8414596949002433
TCS,2026-07-08,0.0026778768955836,0.003850218231591228,4.260633006394205,0.6955130162782696
TCS,2026-07-15,0.0009391162721934,0.0011657441099607692,4.673354346757236,0.8055938384496784
TCS,2026-07-22,0.00156704850054,0.0017095735617607532,7.257592129457484,0.9166312205518894
TCS,2026-07-29,0.0011688875892573,0.0017951957480839228,4.4607733900617035,0.6511198516957808
TCS,2026-07-02,0.0020216091382451,0.002538072642515335,4.501808522571352,0.7965135057133754
TCS,2026-07-03,0.0013227094514414,0.0016857396014521933,3.574599890832209,0.7846463654896294
TCS,2026-07-06,0.0007462125835231,0.0019114003424549263,0.7034529823575015,0.39040098871421897
TCS,2026-07-07,0.0009549916746818,0.0019401804119462858,4.142647414777381,0.49221797560764113
TCS,2026-07-09,0.0025799540069494,0.003244168648051763,5.1190817667973265,0.7952589050815076
TCS,2026-07-10,0.0013848528809235,0.001945301471324481,5.9821630559677565,0.7118962800046652
TCS,2026-07-13,0.0008332103867398,0.0011411359960267538,2.3749683697763233,0.7301587099529769
TCS,2026-07-14,0.0008812034317172,0.0010890307662404807,4.841866343891536,0.809163027376411
TCS,2026-07-16,0.0008798565084717,0.0012640295570228279,4.076975315087656,0.696072733096549
TCS,2026-07-17,0.0014257911442023,0.0015789995558974335,4.742699473638299,0.9029712129285201
TCS,2026-07-20,0.000725432283017,0.0009840001881200268,4.877859980057217,0.7372277889529355
TCS,2026-07-21,0.002775726317885,0.0032510970029422134,5.824206906354499,0.8537814514217794
TCS,2026-07-23,0.0028066349353232,0.0029496167795974217,6.31706514839343,0.9515252810930455
TCS,2026-07-24,0.001022075665592,0.0012514668965659219,5.1348314997445605,0.8167021184472549
TCS,2026-07-27,0.000595499569764,0.0009466976558229004,3.889388035836903,0.6290282500450182
TCS,2026-07-30,0.0016511417579941,0.0025963187672030335,4.592563335571714,0.6359549446899561
TCS,2026-07-31,0.001150012164343,0.0018312434319634403,4.749297180721372,0.6279952431610739
TCS,2026-08-03,0.001963172317861,0.002834992996077676,3.840575688827896,0.6924787188459112
TCS,2026-08-04,0.0008012453981645,0.0016789720125265184,4.525239165505659,0.4772237965770408
TCS,2026-08-05,0.0010781399518839,0.002001422435295876,4.834338062282129,0.5386868523458495
TCS,2026-08-06,0.0016848389747886,0.0026448026124387845,4.323285381831301,0.6370377006074576
TCS,2026-08-07,0.0018673215981853,0.002259106630106477,5.344931920446948,0.8265752369985692
TCS,2026-08-10,0.0014380895024889,0.002427705021182523,3.565594342047841,0.5923658310795987
TCS,2026-08-11,0.0010994777623497,0.001541802670401751,3.770938428357612,0.7131118550100881
TCS,2026-08-12,0.0026982560876743,0.0030422254307744595,3.3324362867525927,0.8869349589873768
TCS,2026-08-13,0.0009057215946411,0.0014390582469505613,4.019500743628057,0.6293849443275633
TCS,2026-08-14,0.0006208426367077,0.0007074739527620715,4.190026651374578,0.8775484020066726
TCS,2026-08-17,0.0013073886039417,0.0018310822274376784,3.9284365036641264,0.7139977573651577
TCS,2026-08-18,0.0009676535016692,0.0013925589189090497,4.1764811090561365,0.6948743701467751
TCS,2026-08-19,0.0005766668187887,0.001071716260340335,3.9252135834794615,0.5380778850976594
TCS,2026-08-20,0.0019655280031371,0.002253913723605686,3.945321086118496,0.8720511271357617
TCS,2026-08-21,0.003342780502056,0.0035742922358458985,6.587541435511404,0.9352286498937856
TCS,2026-08-24,0.0022750244587338,0.00268089795704,4.327523168973065,0.848605390876448
TCS,2026-08-26,0.0008115241309425,0.0010473376355675764,1.5065999301972657,0.7748448097186122
TCS,2026-08-27,0.0008500468037391,0.0012896649315613119,3.8841433688333407,0.6591222130154417
TCS,2026-08-28,0.0016147387095668,0.0021227001177152234,3.968337442399194,0.7607003439114284
TCS,2026-08-31,0.0011181965862658,0.001418289794909884,5.570973544553419,0.7884119241913098
TCS,2026-09-01,0.0015058304695757,0.002338215307432834,6.6232246324506985,0.6440084729532358
TCS,2026-09-02,0.0020741102383912,0.0025038361223192907,6.510618488345854,0.8283729992959612
TCS,2026-09-03,0.0006084228617456,0.0015039755618105786,4.284413701662421,0.4045430505620337
TCS,2026-09-04,0.0028805984192997,0.0037223679476746084,6.134426405191615,0.773861815863537
TCS,2026-09-07,0.0007317222255063,0.0010115509844605415,3.738275768682876,0.7233666288175542
TCS,2026-09-08,0.0013227448051812,0.0017292693900154933,4.446717001230286,0.7649154104146543
TCS,2026-09-09,0.0012026587824648,0.0014257358599457527,4.738277143819788,0.8435354796438659
TCS,2026-09-10,0.0003972125647569,0.0008087100617245426,0.0,0.49116807562633724
TCS,2026-09-11,0.0009348579391677,0.001312385295352844,4.559148421523788,0.7123349693706807
TCS,2026-09-15,0.0005913636364733,0.0008797720661002907,3.4623073079668565,0.6721782371365798
TCS,2026-09-16,0.0006720470864357,0.0008091173609573544,3.658900692829315,0.8305928396351899
TCS,2026-09-17,0.000670542051442,0.000973465936939312,3.550312849860195,0.6888192241736374
TCS,2026-09-18,0.0028557688609487,0.003551524767837139,7.0526916836915525,0.8040965634847168
TCS,2026-09-21,0.0006131021593239,0.0010706048283383918,3.1876077450520026,0.5726689653319157
TCS,2026-09-22,0.0007033520032067,0.0010453514325567282,4.431471164685954,0.6728378431418384
TCS,2026-09-23,0.0006254695295343,0.0012474941545627615,4.8024937948778765,0.5013807297185476
TCS,2026-09-24,0.0015236441550537,0.002216500625182608,6.022264224215197,0.6874097565066887
TCS,2026-09-25,0.000670188232347,0.0012483536343547658,4.092333289852736,0.5368576771063746
HDFCBANK,2026-07-01,0.0014322092588392,0.0022202957896821957,3.641223007063517,0.6450533597796898
HDFCBANK,2026-07-08,0.0006865325440669,0.0010144541175433443,2.740159205457956,0.6767507097604804
HDFCBANK,2026-07-15,0.0008224627961953,0.000960026063048552,3.8398985251017255,0.8567088205747027
HDFCBANK,2026-07-22,0.0006664764079257,0.0009701366072912928,3.5983975424408468,0.6869923296540279
HDFCBANK,2026-07-29,0.0008495337977459,0.0011967451977398492,4.137925826258119,0.7098702374994391
HDFCBANK,2026-07-02,0.0014047072983421,0.0021309989853297317,4.343057525235711,0.6591778353778748
HDFCBANK,2026-07-03,0.0005179490856671,0.0013304656614788301,3.4657680895443783,0.3892991008060988
HDFCBANK,2026-07-06,0.0016142014138221,0.0018570477846464651,3.012711316047067,0.8692298750564478
HDFCBANK,2026-07-07,0.0009056272707063,0.0011265694030618764,5.1529305716981435,0.803880584937703
HDFCBANK,2026-07-09,0.0006016988000981,0.0010090713130173606,3.112986846044147,0.5962896698538372
HDFCBANK,2026-07-10,0.0005558718574767,0.0009000916668571587,2.6382038729656143,0.6175724961632323
HDFCBANK,2026-07-13,0.0005985885102903,0.0007352251861161669,3.448366907653394,0.8141566986467761
HDFCBANK,2026-07-14,0.0015781454906364,0.0017625688051656023,5.437735701218067,0.8953667431372275
HDFCBANK,2026-07-16,0.0006782262025463,0.0009183646747738816,5.179749828739732,0.7385151249565342
HDFCBANK,2026-07-17,0.0005070935912941,0.0008954132240486185,1.4542336879236033,0.5663235450122928
HDFCBANK,2026-07-20,0.0005091778174654,0.000693703393264137,2.958010299766171,0.7339993178778119
HDFCBANK,2026-07-21,0.0005599062376863,0.0006979303346798475,3.832729539470164,0.8022380026555781
HDFCBANK,2026-07-23,0.0009776067567925,0.0011991722008788184,4.7020498862812765,0.8152346727818213
HDFCBANK,2026-07-24,0.0006739122466089,0.0010997871310408456,4.4359070133711915,0.6127660777146076
HDFCBANK,2026-07-27,0.0005086626054361,0.0009186715528631563,5.316513155929553,0.5536936501960777
HDFCBANK,2026-07-30,0.0007812963155954,0.0010504901615323462,5.196671245513387,0.7437445339380675
HDFCBANK,2026-07-31,0.0007969553988938,0.0009156319142724097,4.484339544601239,0.8703884022293894
HDFCBANK,2026-08-03,0.0007310048282333,0.0008704266319481505,4.365865007315612,0.8398236007521935
HDFCBANK,2026-08-04,0.0004866332758105,0.0008474246079801928,2.675726073506955,0.5742496397058536
HDFCBANK,2026-08-05,0.0011493507302672,0.0014655800785887696,3.817692576501068,0.7842292257233245
HDFCBANK,2026-08-06,0.0009294732685081,0.001136485654764569,3.653543752318368,0.8178486588118412
HDFCBANK,2026-08-07,0.0006025587575711,0.0010611833946275208,0.2083341097853373,0.5678177406673427
HDFCBANK,2026-08-10,0.0006588930953894,0.0009055724506800128,2.544608643356151,0.7275984322343548
HDFCBANK,2026-08-11,0.0006417107254146,0.0008193458806958338,3.2141735600916963,0.7831988181470123
HDFCBANK,2026-08-12,0.0007543617661529,0.0009342225039643061,3.444622528313966,0.8074754814316931
HDFCBANK,2026-08-13,0.000640234779716,0.0008938719090616407,2.7096243913529308,0.7162489090725526
HDFCBANK,2026-08-14,0.0008230573997809,0.0009759814710290882,3.748591241284373,0.8433125261210718
HDFCBANK,2026-08-17,0.0004865883894654,0.0006780371814006986,3.1043228894683734,0.7176426349661222
HDFCBANK,2026-08-18,0.0009205214156863,0.001075717353300247,4.725450685529345,0.8557279594516035
HDFCBANK,2026-08-19,0.0003973787195988,0.0009350374311153321,3.9714441417615336,0.42498696455905344
HDFCBANK,2026-08-20,0.0004261407170505,0.0008415867235525906,4.619497787127418,0.5063538969004072
HDFCBANK,2026-08-21,0.0009761380320442,0.0015858036940765107,6.453141776859544,0.6155478358956982
HDFCBANK,2026-08-24,0.0010756289442481,0.00124449288724406,4.562288970831316,0.864311042090477
HDFCBANK,2026-08-26,0.0007597837336813,0.0011660297625809214,4.6188746134607,0.651598919739042
HDFCBANK,2026-08-27,0.0005088604172765,0.0011424316084652577,4.696363163201514,0.445418713475639
HDFCBANK,2026-08-28,0.002687436618411,0.0034921313329879947,4.245552665431133,0.7695691719908859
HDFCBANK,2026-08-31,0.001385044154658,0.0019893461676001732,7.52327473212093,0.6962308406730606
HDFCBANK,2026-09-01,0.0006698304513143,0.0017648124697038684,2.8202114793747657,0.3795476645893691
HDFCBANK,2026-09-02,0.0004516353458426,0.00179630965012975,3.335276661563789,0.251423993524712
HDFCBANK,2026-09-03,0.0008646463165346,0.0022638276406421994,2.961014899574745,0.38193999446411847
HDFCBANK,2026-09-04,0.0007004182468721,0.001932161692768287,3.781411534182882,0.362504985733664
HDFCBANK,2026-09-07,0.0006583560163355,0.001771037421324398,5.77089386904471,0.3717346728016483
HDFCBANK,2026-09-08,0.0006152559541032,0.0018770493760533642,5.22608489437181,0.3277782470468738
HDFCBANK,2026-09-09,0.0005143620567104,0.0013559127486320835,5.930950699113842,0.37934745965720557
HDFCBANK,2026-09-10,0.0006549934400456,0.0014803873370694462,5.510300646860367,0.4424473403982337
HDFCBANK,2026-09-11,0.0049720854648773,0.00585356139679899,4.613720649061152,0.8494120293324807
HDFCBANK,2026-09-15,0.0007916353936398,0.0013692306801806158,5.594000933136865,0.5781607183497927
HDFCBANK,2026-09-16,0.0012037278925578,0.0013292187823124731,5.079349413034172,0.9055904931343554
HDFCBANK,2026-09-17,0.000567472967939,0.0008618068857540135,5.631445022665484,0.6584688255797649
HDFCBANK,2026-09-18,0.0004974320513423,0.0008956083894107556,4.616248229174452,0.5554124517185169
HDFCBANK,2026-09-21,0.0019243860403904,0.0023845734050919635,4.037435677594026,0.8070148045269271
HDFCBANK,2026-09-22,0.0012618980829613,0.0015166227373784075,4.251816090625725,0.8320448136908342
HDFCBANK,2026-09-23,0.0007104377093463,0.0009789595107309562,4.298964814700448,0.7257069383960937
HDFCBANK,2026-09-24,0.0006980037882565,0.001271552646799193,4.847908465456768,0.5489381741397379
HDFCBANK,2026-09-25,0.0008315333214573,0.001283836314899757,5.604240875307976,0.6476941895215254
WIPRO,2026-07-01,0.0023135499416496,0.002993539438084881,4.954695810401385,0.7728476572634351
WIPRO,2026-07-08,0.0017891536600187,0.0024617040529795503,5.074962187984141,0.7267947817907593
WIPRO,2026-07-15,0.0020093112286629,0.0030710930101074062,4.068387569948282,0.6542658337113104
WIPRO,2026-07-22,0.0006127446753056,0.0010920825489816298,4.677299506333939,0.5610790831489673
WIPRO,2026-07-29,0.0021197246608987,0.0023723337334360392,3.626834204471435,0.8935187452856956
WIPRO,2026-07-02,0.0019330704505979,0.0029067000319816785,5.1304657929102175,0.6650395394532698
WIPRO,2026-07-03,0.0012004530566714,0.001913412867622678,4.500728462500905,0.6273884099895828
WIPRO,2026-07-06,0.0010430763237999,0.0018631813509030492,3.649787650607371,0.5598361765988804
WIPRO,2026-07-07,0.0014602125367126,0.0021244212805397004,2.707831145993323,0.6873460316409742
WIPRO,2026-07-09,0.0013920477780309,0.002763007514246585,3.892669706198537,0.5038161390634084
WIPRO,2026-07-10,0.0010901767182908,0.0021182323079631405,4.335141347459611,0.5146634362021875
WIPRO,2026-07-13,0.0011728955069048,0.0025170208395343726,4.1094150681973245,0.46598561620243706
WIPRO,2026-07-14,0.0014178218450053,0.002494330181045424,3.991063549563589,0.568417868564242
WIPRO,2026-07-16,0.0012560726481378,0.0031425350692867904,2.8592675705354087,0.3997004394362638
WIPRO,2026-07-17,0.0010916687148947,0.0015107288598416129,4.284276970577338,0.7226106179034352
WIPRO,2026-07-20,0.0009117523449735,0.0012282880923747742,4.456436161160878,0.7422951916848078
WIPRO,2026-07-21,0.0008988300152873,0.0011812269670100854,4.3316091977365225,0.7609291358818306
WIPRO,2026-07-23,0.0008039760442029,0.001442568664804836,4.480543596875495,0.5573225481864111
WIPRO,2026-07-24,0.0014194518989263,0.0016274474022549804,4.9477136229402205,0.8721952531058864
WIPRO,2026-07-27,0.0009173459856925,0.0010742831845170517,4.234633319020818,0.8539144975120285
WIPRO,2026-07-30,0.001550940225314,0.001794530767935822,3.638559973421082,0.864259478313646
WIPRO,2026-07-31,0.0012652403236893,0.0018380342149700987,3.5273507396488792,0.6883660344211182
WIPRO,2026-08-03,0.0018329886266064,0.0023521887355295165,6.035125389046342,0.7792693668324043
WIPRO,2026-08-04,0.0011326660889606,0.0015860141805530492,4.046951835494491,0.7141588661998186
WIPRO,2026-08-05,0.0008040278472415,0.0011464466245892078,4.406380795860338,0.7013216577174689
WIPRO,2026-08-06,0.0007328406707802,0.0010688377178026166,5.011328505699098,0.6856425990344162
WIPRO,2026-08-07,0.0014470391282711,0.0018992720152660447,3.464834182306709,0.7618914598014559
WIPRO,2026-08-10,0.0017600737522761,0.0020109459990797825,5.072084282556793,0.8752466516164616
WIPRO,2026-08-11,0.00114179167441,0.001399855883165956,4.159124477853995,0.8156494451612332
WIPRO,2026-08-12,0.000849897434296,0.0012032269667189806,4.265183695968592,0.7063483929499542
WIPRO,2026-08-13,0.0018824203628846,0.002307760360179213,4.149992745578305,0.815691436323318
WIPRO,2026-08-14,0.0009146226528682,0.0011885532276924413,4.0876217735401355,0.7695260351477287
WIPRO,2026-08-17,0.0009784444856724,0.001242673911399276,4.105764124219595,0.7873702639903751
WIPRO,2026-08-18,0.0006906124423172,0.0010211029366986694,3.03878259802329,0.6763396886801842
WIPRO,2026-08-19,0.0012359489704183,0.0013100098383854143,6.13069494159647,0.9434654108717273
WIPRO,2026-08-20,0.000880772995299,0.0010897011538325433,5.420371367360558,0.8082702236308271
WIPRO,2026-08-21,0.0013999570748469,0.0019702213611728684,6.756828206295847,0.7105582664140382
WIPRO,2026-08-24,0.0031094560660823,0.003410572430265012,5.033606158519299,0.9117109018091386
WIPRO,2026-08-26,0.0009867335640358,0.0014056772291035442,2.43874245264546,0.7019631132995439
WIPRO,2026-08-27,0.0008748112670891,0.0013182446342398077,3.7677749052039498,0.6636183029818116
WIPRO,2026-08-28,0.000779736310037,0.0014207079407605697,5.8884224216290395,0.5488364551686616
WIPRO,2026-08-31,0.000738509619579,0.0012862257247164951,4.14249823844008,0.574167974864427
WIPRO,2026-09-01,0.0025331760288607,0.0030715929763891095,6.362408234569832,0.8247108416814525
WIPRO,2026-09-02,0.0014733630667552,0.0017759529448629979,6.392685438692752,0.8296183021160279
WIPRO,2026-09-03,0.0008359911628197,0.0011885712986013047,4.115445056838421,0.7033580263998328
WIPRO,2026-09-04,0.0021805337183512,0.002405647996429779,4.568636291522769,0.9064226028027912
WIPRO,2026-09-07,0.0026744126903416,0.0027887208997176773,5.138838965457499,0.959010523646289
WIPRO,2026-09-08,0.0008377968574065,0.0011221120748480678,4.689097895393899,0.7466249371926029
WIPRO,2026-09-09,0.0015354524327756,0.0015734875515270124,5.847114592964973,0.9758275057756252
WIPRO,2026-09-10,0.0016809007664222,0.0018111505735396007,5.627216147129526,0.9280844955575126
WIPRO,2026-09-11,0.0014330377459433,0.0018166080147958496,3.680804446869321,0.7888535855129676
WIPRO,2026-09-15,0.0013268268529781,0.0018393765200462205,5.03473697611127,0.721345977029629
WIPRO,2026-09-16,0.0027222186978173,0.0034416110329088976,5.637773148024717,0.7909722138229092
WIPRO,2026-09-17,0.0006872234421042,0.0017876798931834104,4.155954773692214,0.38442197885910495
WIPRO,2026-09-18,0.000906572918534,0.002349991256098282,3.3892211049188496,0.38577714541763597
WIPRO,2026-09-21,0.0007686643372231,0.0014783401285397208,4.6624630623513665,0.5199509384774487
WIPRO,2026-09-22,0.0006591526475347,0.0014967884628514874,4.672600642279355,0.44037795847181227
WIPRO,2026-09-23,0.0008108779347705,0.0018196348164616163,3.346918272656761,0.4456267419345704
WIPRO,2026-09-24,0.0011496612362511,0.0018856468918481638,5.163850069443315,0.6096906272437317
WIPRO,2026-09-25,0.0005551707470625,0.0016558487759471825,4.487352252433013,0.3352786529343115
TMPV,2026-07-01,0.0026181111591531,0.002806445326386843,6.122192012983018,0.9328922728467283
TMPV,2026-07-08,0.0010049763322885,0.0013424817838805136,4.863854929946355,0.7485958799258814
TMPV,2026-07-15,0.0015348345413459,0.0019462936722378212,6.964387440697074,0.7885935011961318
TMPV,2026-07-22,0.001106908833533,0.0017115050597482592,4.446070617732597,0.6467458727208275
TMPV,2026-07-29,0.001436249530374,0.0020535090218742544,3.9194112765693294,0.6994123303452173
TMPV,2026-07-02,0.0006763097568459,0.0010193980059505273,4.344200989092761,0.6634403372363691
TMPV,2026-07-03,0.0011890641349221,0.0016385339382672442,3.313665701210005,0.7256878280956084
TMPV,2026-07-06,0.0005047682454527,0.0012167218857183982,5.128743530409842,0.4148591813606327
TMPV,2026-07-07,0.0016327137273612,0.0022785224236152443,5.563207230485398,0.7165668902088905
TMPV,2026-07-09,0.001805319675504,0.0026837181970503898,4.6338314685091655,0.6726934584593061
TMPV,2026-07-10,0.0013364190345937,0.0016950119555548548,4.9881756835173965,0.7884422468018694
TMPV,2026-07-13,0.0024923248946047,0.002604744714031541,6.381750679494604,0.956840369491396
TMPV,2026-07-14,0.0007738184977795,0.0008378613257362819,4.66475607242003,0.9235639287915535
TMPV,2026-07-16,0.0009265800888487,0.0013187811357378424,5.021105956340423,0.702603384093972
TMPV,2026-07-17,0.0016699398370333,0.0018735243190756631,4.750122418846324,0.8913360878374905
TMPV,2026-07-20,0.0006769392003502,0.0010821775355877965,6.215761880920748,0.6255343306332016
TMPV,2026-07-21,0.000583188621356,0.001003577204549153,0.0,0.5811098724766188
TMPV,2026-07-23,0.0022742593356826,0.002622407092864964,4.079555373946532,0.8672411472156236
TMPV,2026-07-24,0.0005536290702997,0.001925725077014686,5.947824778069612,0.2874912296193139
TMPV,2026-07-27,0.0006004592305665,0.0009973925582019783,6.381245044831274,0.6020289861085
TMPV,2026-07-30,0.0008274476231327,0.0014446848128678604,3.5031305457198174,0.5727530432677036
TMPV,2026-07-31,0.000980726568827,0.0016158526758842928,4.519729418860511,0.6069405852797111
TMPV,2026-08-03,0.0008553652554016,0.0015823768821996375,4.297989192707232,0.540557224403184
TMPV,2026-08-04,0.0031553034812807,0.003658802122021517,4.647353921083843,0.8623870261497962
TMPV,2026-08-05,0.0010820133395803,0.0019241180961503226,3.886515093776201,0.562342478741371
TMPV,2026-08-06,0.0009408226104886,0.0018237841255514763,4.2452909719910865,0.5158629233073919
TMPV,2026-08-07,0.0016213960163142,0.002555177287091223,4.632571479308474,0.6345532360926603
TMPV,2026-08-10,0.0019086974065529,0.00274793827770563,4.864290187790778,0.6945925321679904
TMPV,2026-08-11,0.0006099492499523,0.002479048072957365,3.928761407347797,0.2460417192413154
TMPV,2026-08-12,0.0036088856147843,0.004600353268562662,6.114106284748457,0.7844801049185214
TMPV,2026-08-13,0.0007441960362858,0.00245015694976167,2.226692085676402,0.30373402665416555
TMPV,2026-08-14,0.0009196289147912,0.0012447659839061064,3.8261873156231414,0.7387966305966859
TMPV,2026-08-17,0.0012542308559679,0.0015032172920217384,4.647784979107342,0.8343643082238853
TMPV,2026-08-18,0.0004525167372981,0.0007369987362293835,3.0065346539638007,0.6139993395555275
TMPV,2026-08-19,0.001017766174321,0.0012247016668187362,4.720716093902779,0.8310319173196944
TMPV,2026-08-20,0.0023024915055544,0.002373241593676458,4.79556381793725,0.970188417264145
TMPV,2026-08-21,0.000656549298564,0.001036743460000135,4.31693051858277,0.633280386031
TMPV,2026-08-24,0.0007659397926757,0.0008391025781217163,4.285488185696743,0.9128082938205397
TMPV,2026-08-26,0.0006687168932355,0.001272350702414103,4.541757060592618,0.5255759217696077
TMPV,2026-08-27,0.0016404186296733,0.002469837249610926,6.511578231338527,0.6641808604723715
TMPV,2026-08-28,0.0011843723619347,0.00165781930614021,5.659028044996996,0.714415833829439
TMPV,2026-08-31,0.001432030483652,0.002013361586816608,3.581808513378034,0.7112634377395818
TMPV,2026-09-01,0.0025358173571755,0.0030586590860193805,5.871372543574339,0.8290617835659742
TMPV,2026-09-02,0.0012374704844657,0.0016338360137500881,5.114584244883396,0.7574018898171893
TMPV,2026-09-03,0.0011056529128393,0.0015065485251879243,5.81616127893952,0.7338979756403019
TMPV,2026-09-04,0.0015677622736776,0.0022986091665194064,4.491776350500768,0.682048212681381
TMPV,2026-09-07,0.002808813469232,0.003143577131999644,4.286743587954505,0.8935086849436713
TMPV,2026-09-08,0.0008187268849922,0.0013652819191916847,4.264991933806238,0.5996760621256357
TMPV,2026-09-09,0.0015623941085038,0.001735669548349025,4.297353181940446,0.9001679553518438
TMPV,2026-09-10,0.0009590328584797,0.0013514078626633197,4.9751969090678445,0.7096546386741179
TMPV,2026-09-11,0.0006449001393243,0.0009995729730814037,4.143627983544293,0.6451756466926606
TMPV,2026-09-15,0.0029146013219477,0.0032171326730923364,5.146693135922901,0.9059624262079808
TMPV,2026-09-16,0.0021172691321019,0.0025398527553143323,5.316028254334701,0.8336188496249526
TMPV,2026-09-17,0.0012954484724441,0.0013752333216505458,5.0461897645944225,0.9419844996842509
TMPV,2026-09-18,0.0015117666915747,0.0017726988597749382,3.598808311399126,0.8528051356487214
TMPV,2026-09-21,0.0011464032121757,0.0014616863881885705,4.089926336036318,0.784301763661087
TMPV,2026-09-22,0.0013278085834716,0.0015182115131308497,4.607808186162142,0.8745873496462944
TMPV,2026-09-23,0.0006638995470808,0.0010861047786804743,3.8742606251919702,0.611266574010826
TMPV,2026-09-24,0.0010999910064233,0.0015835199534072713,3.837718390074887,0.6946492868981168
TMPV,2026-09-25,0.0008602047883247,0.0017263211367127941,4.9508365871924935,0.49828781565095975
BSE,2026-07-01,0.0012839902104495,0.0013919189862777888,5.868654714356143,0.922460447129249
BSE,2026-07-08,0.0042007842243857,0.004223575677573186,6.498393548006444,0.9946037540398515
BSE,2026-07-15,0.0012736516248316,0.0015253700386027782,6.502313615428236,0.8349787871789134
BSE,2026-07-22,0.0012469765061107,0.002238352091794331,6.908616334900005,0.557095780722811
BSE,2026-07-29,0.0006807010671099,0.0017709923974088741,5.312838522184629,0.38436137168393764
BSE,2026-07-02,0.0015806721368746,0.0020923977707273025,5.703847998777188,0.7554357775506374
BSE,2026-07-03,0.0010818059303545,0.0012426697038242355,5.617670737288118,0.8705498549013566
BSE,2026-07-06,0.0009922109488083,0.0011628487641878657,4.5729140173550995,0.8532588066181253
BSE,2026-07-07,0.0025277468469721,0.002989664013538747,8.651103007362549,0.8454952916197784
BSE,2026-07-09,0.0012919718635683,0.0015057257467927221,4.997870515202251,0.8580392985377785
BSE,2026-07-10,0.0007163294517007,0.000935912914831198,4.232455713233519,0.7653804540456606
BSE,2026-07-13,0.0011423971948876,0.0011960049890887958,6.4848060809418735,0.9551776165732904
BSE,2026-07-14,0.0023666604174218,0.002549268270201217,6.471370726996337,0.9283685224839034
BSE,2026-07-16,0.0014616891802686,0.0016911294621238502,4.848089671130149,0.8643271925692184
BSE,2026-07-17,0.0010626475160151,0.001374727652473497,4.24591227058067,0.7729876634860129
BSE,2026-07-20,0.000794325018489,0.001286003941113186,6.344544572613456,0.61766919454494
BSE,2026-07-21,0.0007087267242946,0.0013884737882669735,4.512701742680756,0.5104357966881022
BSE,2026-07-23,0.0005355304656982,0.0013794905587176302,4.226818690321607,0.38820886617450096
BSE,2026-07-24,0.0006304828266066,0.0018533170413699144,5.003796426331853,0.3401915660045767
BSE,2026-07-27,0.0008884700609197,0.001567999100434019,5.826457065384496,0.5666266394373398
BSE,2026-07-30,0.0012466520111935,0.0022834878428400485,4.590292688548735,0.5459420399816967
BSE,2026-07-31,0.0039533847737587,0.004449266189589014,5.185770024643353,0.8885475953336658
BSE,2026-08-03,0.0026131583748697,0.004143235370453037,4.5467789115351485,0.6307047853243171
BSE,2026-08-04,0.0009657240852409,0.003240066408449077,3.3130663697019496,0.2980568801684418
BSE,2026-08-05,0.0007966062362156,0.0018535141176298107,1.728440696901332,0.42978158549677714
BSE,2026-08-06,0.0009002420266968,0.0013502242098677232,5.505010436537234,0.6667352133946656
BSE,2026-08-07,0.0005835666297175,0.0011505128621070251,4.248752810646464,0.5072230384706594
BSE,2026-08-10,0.0038147391508358,0.004799481638504293,7.406868495144712,0.7948231576159592
BSE,2026-08-11,0.0025095317509618,0.0029952630645520345,4.117757620818214,0.8378335047299494
BSE,2026-08-12,0.0006523400603946,0.0014615860106149373,4.1003194685725575,0.4463234155615235
BSE,2026-08-13,0.0005037345176856,0.0014044763047526337,2.4141045508875223,0.35866359295703554
BSE,2026-08-14,0.0012084667092795,0.0014829533661247076,5.294321980909607,0.8149054022093066
BSE,2026-08-17,0.0017381604102763,0.002053636090073848,3.907042358093685,0.8463818972979757
BSE,2026-08-18,0.0006184680799345,0.0008720181788445195,3.4933215685214893,0.7092375995578558
BSE,2026-08-19,0.0007089670093685,0.0008202613019093739,4.76135983899187,0.8643184893864831
BSE,2026-08-20,0.0007669483852121,0.0011724651149386904,4.860508417869843,0.6541332236159577
BSE,2026-08-21,0.0005496771017666,0.0009060955143279258,6.3311961706064555,0.6066436629192559
BSE,2026-08-24,0.00067279190739,0.0008034690846482289,4.671795197935976,0.8373587985461303
BSE,2026-08-26,0.0009565360860631,0.0019222875356669387,0.0,0.4976030215642164
BSE,2026-08-27,0.0005830740703478,0.0011507637270221551,5.964654127971761,0.5066844363061631
BSE,2026-08-28,0.0005040596343567,0.0016813185571607568,3.1900689855594564,0.2998001968216575
BSE,2026-08-31,0.0036997818899386,0.0040405324093479925,7.048368127928073,0.9156669258187243
BSE,2026-09-01,0.001136801952139,0.0014309382317852283,6.2422304883870545,0.7944451597472059
BSE,2026-09-02,0.0012146201700512,0.0014711029059170204,4.741473274064627,0.8256527569660802
BSE,2026-09-03,0.0023926875416785,0.002792363627219421,5.67513803253981,0.8568681809041789
BSE,2026-09-04,0.0004606042865789,0.0009558459644660448,4.877512850075746,0.4818812901890558
BSE,2026-09-07,0.0010097839715163,0.001226156871951086,4.272435027227981,0.8235357111439672
BSE,2026-09-08,0.0018614076888089,0.0027429669788784595,2.639734300630167,0.6786110453177929
BSE,2026-09-09,0.0011968544064735,0.0017693829524848437,5.317569368828816,0.6764247416268424
BSE,2026-09-10,0.0024111398949775,0.002907093581585253,5.065199976698037,0.8293987886219656
BSE,2026-09-11,0.003555553037582,0.0039812320525889,5.332874399082028,0.8930785723152985
BSE,2026-09-15,0.0031825349317944,0.003614184599235763,5.667980654262965,0.8805678969655736
BSE,2026-09-16,0.0012923488463399,0.0019345942013297916,4.652874161979637,0.6680206347416796
BSE,2026-09-17,0.0026641768665528,0.0035586008234704926,4.691317373889038,0.7486585314602906
BSE,2026-09-18,0.0006878350085496,0.001094992906203436,4.162265386398843,0.6281638946269199
BSE,2026-09-21,0.0005315598790953,0.0011084011937013672,3.4980959103547997,0.47957353539129843
BSE,2026-09-22,0.0006946913368094,0.0011340735570986274,0.9351438372526932,0.6125628557874792
BSE,2026-09-23,0.0006716501948049,0.0011815824478531864,4.8821152219652655,0.568432779299675
BSE,2026-09-24,0.0007258196788753,0.0012796831989239324,5.937513913751003,0.5671870033814865
BSE,2026-09-25,0.0008862060835891,0.001755177094707971,6.245948095683802,0.5049097816175343
JIOFIN,2026-07-01,0.0010125590648826,0.0012561019265685627,4.408654517275618,0.8061121820334465
JIOFIN,2026-07-08,0.0006898342069361,0.0007891511284178757,3.0765675938296866,0.8741471463382552
JIOFIN,2026-07-15,0.0018175014929292,0.0025234955872359926,4.169987849700596,0.7202316905653581
JIOFIN,2026-07-22,0.0008025349999415,0.0010084340849809818,3.0320185048826853,0.7958229614547738
JIOFIN,2026-07-29,0.0011704658627643,0.001361447957900476,2.6796090095797185,0.8597213400424836
JIOFIN,2026-07-02,0.0005481852633283,0.0007434185561233523,4.192592848214475,0.7373844233682835
JIOFIN,2026-07-03,0.0005374887626713,0.0007317037548538573,3.07347373984881,0.7345715518142343
JIOFIN,2026-07-06,0.0008545175223534,0.0010973392483556237,5.242697650467177,0.778717724380956
JIOFIN,2026-07-07,0.0007594980498419,0.0008934786963113764,5.232641804543819,0.8500460648669073
JIOFIN,2026-07-09,0.001089046624592,0.0011348767360159619,3.867129929803326,0.959616661466821
JIOFIN,2026-07-10,0.0012599488999254,0.0014202488952854452,5.604894545666805,0.8871324625619035
JIOFIN,2026-07-13,0.0016333712719022,0.0021476450966546865,3.830854614311016,0.760540591388422
JIOFIN,2026-07-14,0.001345459819831,0.0019917649968677655,4.823241652561215,0.6755113288700524
JIOFIN,2026-07-16,0.0009641582108721,0.0014841931794823654,5.007056426413369,0.6496177345380098
JIOFIN,2026-07-17,0.0024112317602144,0.0025164325719955138,6.643484744874506,0.958194464277781
JIOFIN,2026-07-20,0.0008217527211175,0.0009170830793900253,5.3733229829497215,0.8960504665117888
JIOFIN,2026-07-21,0.0009396993290403,0.0010283869900654288,5.621811828543926,0.9137604210458884
JIOFIN,2026-07-23,0.0010934144241583,0.0012343116142507979,5.037318601175276,0.8858495792587843
JIOFIN,2026-07-24,0.003469797966289,0.0035415878133681455,6.870342068567919,0.9797294742182684
JIOFIN,2026-07-27,0.0006542612140232,0.0007424400296968799,5.452591318900046,0.8812310595514616
JIOFIN,2026-07-30,0.0013230929741708,0.0015426633193669002,4.365329156401911,0.8576680067260491
JIOFIN,2026-07-31,0.0007472332675818,0.0011566316751031583,4.565301331504923,0.6460425420349615
JIOFIN,2026-08-03,0.0019511612626475,0.0026339932686309975,4.35088321524988,0.7407616738753492
JIOFIN,2026-08-04,0.002166007246641,0.002749954937877714,4.5591155418450775,0.7876519054209021
JIOFIN,2026-08-05,0.0005573363578898,0.001958834971140203,3.3228068182880897,0.28452440665044104
JIOFIN,2026-08-06,0.0012536417070512,0.0018312414194192827,4.263123771807432,0.6845857098671079
JIOFIN,2026-08-07,0.0009685775208824,0.0011601269982726668,4.587612585187956,0.8348892167189729
JIOFIN,2026-08-10,0.0008521307141689,0.001615489774273357,2.414776622499527,0.5274751519564314
JIOFIN,2026-08-11,0.0015227529514331,0.0020095990329734256,4.518427744240032,0.757739691574203
JIOFIN,2026-08-12,0.0029942858622441,0.004243138228335946,4.645491318912723,0.7056771901155775
JIOFIN,2026-08-13,0.002715380191374,0.003065090816788455,4.920200287202011,0.88590529732464
JIOFIN,2026-08-14,0.0018186139754227,0.0021338866234161726,4.595536612811523,0.8522542648077771
JIOFIN,2026-08-17,0.0031289828582904,0.003437440619317399,5.453860867271769,0.9102652830441469
JIOFIN,2026-08-18,0.001138332959868,0.0015060833224824332,4.74733935459546,0.7558233617458289
JIOFIN,2026-08-19,0.0010158349668489,0.0011724603747684985,4.591873429891395,0.8664130479031975
JIOFIN,2026-08-20,0.0011475351734371,0.00144924068273951,5.777210864166561,0.7918182170182431
JIOFIN,2026-08-21,0.0011895495229966,0.0013698049488451935,6.728094923328836,0.868407961293645
JIOFIN,2026-08-24,0.0005562474886614,0.0007744084427064038,4.105774861901595,0.7182869632947511
JIOFIN,2026-08-26,0.0019524374533187,0.0024882221257910334,6.524828425186566,0.7846716870978706
JIOFIN,2026-08-27,0.0005308540357812,0.0009887279475117535,5.698617874393411,0.5369060691741896
JIOFIN,2026-08-28,0.0013615389184321,0.0019508851515468953,3.907607363243872,0.6979082891437811
JIOFIN,2026-08-31,0.0011456657826657,0.0012935016120281114,5.7391496715903205,0.8857088170685646
JIOFIN,2026-09-01,0.0043285169288425,0.004509894071526739,5.449301587594816,0.9597823940412779
JIOFIN,2026-09-02,0.0010156286391754,0.0013509864468828842,5.1741298518356995,0.7517681924335722
JIOFIN,2026-09-03,0.0016110226358056,0.0017630855493684966,4.979761991546545,0.9137518235474378
JIOFIN,2026-09-04,0.0010210995998075,0.001596729886767347,0.2746154436562875,0.6394942615339675
JIOFIN,2026-09-07,0.0024399332591685,0.0025540708312320483,4.664588177423315,0.9553115087225322
JIOFIN,2026-09-08,0.0017898209275218,0.0019737737752181404,4.991810928484612,0.9068014531320794
JIOFIN,2026-09-09,0.0014088818586295,0.0016537962975066627,4.235335322154087,0.8519077354046526
JIOFIN,2026-09-10,0.0023372349969121,0.0026580210127097855,4.992389537225403,0.8793139654412843
JIOFIN,2026-09-11,0.0015989691664274,0.001817170420316095,3.667076123002155,0.8799225149995898
JIOFIN,2026-09-15,0.0031509402371278,0.0034886643942640826,4.579566890701356,0.9031938533005484
JIOFIN,2026-09-16,0.002159735893121,0.002275415399250595,4.413529218245295,0.9491611482599205
JIOFIN,2026-09-17,0.0013837751750585,0.0016581389541331386,4.803232473834142,0.8345351103472063
JIOFIN,2026-09-18,0.000617319451036,0.0013280015780731617,4.7055774495447835,0.46484843183069685
JIOFIN,2026-09-21,0.0006946195609473,0.001085507982481851,4.655187593172343,0.63990276640726
JIOFIN,2026-09-22,0.0006126242394582,0.0010006746032811748,4.656675777736508,0.6122112397470945
JIOFIN,2026-09-23,0.0007735803003584,0.0012829130268824974,4.084229262351533,0.6029873297320977
JIOFIN,2026-09-24,0.0031765688179779,0.0034687017111868193,5.10776841318896,0.9157803358337879
JIOFIN,2026-09-25,0.001187130348215,0.0014537441017490557,4.829710031478648,0.8166020049792241
TATASTEEL,2026-07-01,0.0025867412221196,0.0032359352001201888,7.109733029031159,0.7993797966113547
TATASTEEL,2026-07-08,0.0013365550325785,0.0016090347242417918,4.193378438841801,0.830656425521401
TATASTEEL,2026-07-15,0.0008320350743917,0.0012467343431000516,1.436877570813445,0.6673715848099714
TATASTEEL,2026-07-22,0.0009396377494982,0.0015423207252675034,6.001111364040924,0.6092362853616113
TATASTEEL,2026-07-29,0.0002521345582228,0.0013058164930621573,3.477341584136808,0.19308575099364925
TATASTEEL,2026-07-02,0.0008159960409029,0.0010076710701148312,1.143002949911824,0.8097841300633069
TATASTEEL,2026-07-03,0.0011104628698691,0.0016782789180876114,4.7498619288374755,0.6616676512474253
TATASTEEL,2026-07-06,0.0003281473806559,0.0005307789320485916,3.119548442482608,0.618237388189814
TATASTEEL,2026-07-07,0.000590375495465,0.0007163635739421141,5.50288626925823,0.8241283015217988
TATASTEEL,2026-07-09,0.001314245980767,0.0015126171774713058,4.718022776498925,0.8688556498902587
TATASTEEL,2026-07-10,0.0005011039619381,0.0006574062695273694,2.0824188604801908,0.7622439656657971
TATASTEEL,2026-07-13,0.001203667892545,0.0017084081927964253,5.201187123009131,0.7045552097094336
TATASTEEL,2026-07-14,0.0016000247633124,0.0021277671456659793,3.5886555057153857,0.7519736201263701
TATASTEEL,2026-07-16,0.0013060966977839,0.001738087963747131,4.517045833022909,0.7514560396403044
TATASTEEL,2026-07-17,0.0023431141581902,0.0025728984659587153,5.316224799263046,0.9106904874760019
TATASTEEL,2026-07-20,0.0008854285296725,0.0015147210477427827,4.8133976575909365,0.5845489048904113
TATASTEEL,2026-07-21,0.0005704418766581,0.00107650275212725,4.673632220128923,0.5299028502536238
TATASTEEL,2026-07-23,0.0009835530462522,0.0012649393909971482,5.123724984326026,0.7775495436796129
TATASTEEL,2026-07-24,0.0009822218265088,0.0015961265126455731,5.478749964929993,0.6153784294208429
TATASTEEL,2026-07-27,0.0008178870793422,0.0012360912518355348,5.274172353773883,0.6616720878233527
TATASTEEL,2026-07-30,0.0011497864643311,0.0014873204172359362,4.990762375044856,0.7730590201053545
TATASTEEL,2026-07-31,0.0027165833161958,0.003681023149984593,4.82198392678258,0.7379968029288732
TATASTEEL,2026-08-03,0.0010602153699278,0.0017028319855670263,4.794037913184292,0.6226188954130778
TATASTEEL,2026-08-04,0.0008727335916767,0.0012511401052668102,4.388475546889008,0.6975506484068675
TATASTEEL,2026-08-05,0.0071788293989201,0.007263448932420054,5.702773032440088,0.9883499513402981
TATASTEEL,2026-08-06,0.0021521341627646,0.0027733744088316455,5.0528436852104,0.7759984212413791
TATASTEEL,2026-08-07,0.001018616507082,0.001229123962470344,4.180678309427289,0.8287337471110258
TATASTEEL,2026-08-10,0.0008919211763563,0.0011342602663186126,4.652959770429906,0.7863461348700371
TATASTEEL,2026-08-11,0.0007872365210477,0.0011604885457983836,4.94339051222922,0.6783664723774617
TATASTEEL,2026-08-12,0.0006561557756946,0.0009889978142869301,5.004100594446038,0.6634552333846055
TATASTEEL,2026-08-13,0.0016892554678072,0.002142114222921266,4.71584974231147,0.7885926201934793
TATASTEEL,2026-08-14,0.0015908653887088,0.0016951378423942125,5.810380720526349,0.938487330600715
TATASTEEL,2026-08-17,0.0007839063572833,0.0010500061025687892,4.198223173332588,0.7465731440660306
TATASTEEL,2026-08-18,0.0008825254223008,0.0012019890868561055,4.766151592680976,0.7342208277523657
TATASTEEL,2026-08-19,0.0008141353850651,0.0009248721434296698,3.617710515569827,0.8802680358023016
TATASTEEL,2026-08-20,0.0015746668745537,0.0017745980846200259,6.039501138472524,0.8873371881785082
TATASTEEL,2026-08-21,0.000951369933656,0.0012653702483727664,5.182719642818362,0.751851037180175
TATASTEEL,2026-08-24,0.0008429030431053,0.001038734050386949,3.7336859212725217,0.8114714664367668
TATASTEEL,2026-08-26,0.0009482837441139,0.0016726520257727851,4.844884351820622,0.5669342633748233
TATASTEEL,2026-08-27,0.0022920255575921,0.003232534002481705,6.183353309885026,0.7090491718980989
TATASTEEL,2026-08-28,0.0019933539750679,0.0021477700359397163,5.172562574768667,0.9281040063470973
TATASTEEL,2026-08-31,0.0008378118078595,0.0012071551863724885,4.370729335029263,0.6940381960144922
TATASTEEL,2026-09-01,0.0031119321198454,0.0033650944378392205,4.9972332342957735,0.9247681387044876
TATASTEEL,2026-09-02,0.0012397799310167,0.0013508376693994564,5.841109461502245,0.9177860220376225
TATASTEEL,2026-09-03,0.0019494196620008,0.0019795156064340335,4.5061924426075475,0.9847963085840736
TATASTEEL,2026-09-04,0.0018364318079728,0.0020643948573491008,5.115265776623003,0.8895739114226291
TATASTEEL,2026-09-07,0.0012926289948505,0.0015567739279818622,4.643453235555268,0.8303254387913672
TATASTEEL,2026-09-08,0.0025485191378697,0.002920624625453127,5.3650656747325405,0.8725938676471662
TATASTEEL,2026-09-09,0.0010829602627121,0.0014130442205869372,4.384143033114264,0.7664022448372281
TATASTEEL,2026-09-10,0.0014092273026325,0.001638124361101941,4.1456248591899065,0.8602688148075245
TATASTEEL,2026-09-11,0.0004314159034399,0.0006765442108481787,3.5976035447647905,0.6376758481149915
TATASTEEL,2026-09-15,0.0021352978237302,0.0022728987539321578,4.69920573751857,0.9394601585469191
TATASTEEL,2026-09-16,0.0008706902657363,0.00113380463299288,4.330948075346567,0.767936768293103
TATASTEEL,2026-09-17,0.0027140221912298,0.0028141376738608855,4.492948150921129,0.964424099232597
TATASTEEL,2026-09-18,0.0008776127509116,0.0011695753394291863,4.244711291218991,0.7503687204450812
TATASTEEL,2026-09-21,0.0011632787994817,0.001299808391484991,5.751262469743223,0.8949617552112352
TATASTEEL,2026-09-22,0.0017430487421795,0.0017559929980221233,4.305805505376261,0.9926285265048305
TATASTEEL,2026-09-23,0.0008442758374732,0.0011067702242192822,4.908251041272776,0.7628284706238404
TATASTEEL,2026-09-24,0.0023662700764785,0.002534832345447729,3.857070554999344,0.9335016103641144
TATASTEEL,2026-09-25,0.0011164688904907,0.0012473989295432495,4.8453957636916005,0.8950375569902957
ITC,2026-07-01,0.0008510078138392,0.0013790094970483622,4.471315047076846,0.6171152669076615
ITC,2026-07-08,0.0009077318023069,0.0011950348387584925,5.059858534012438,0.7595860579679264
ITC,2026-07-15,0.0007034382563209,0.0008334574054544567,4.25173579879938,0.8440002473039859
ITC,2026-07-22,0.0008948355515784,0.0014258359004330748,6.829898734538979,0.6275866327300414
ITC,2026-07-29,0.0008018183132134,0.0017261543942020518,3.065713161789098,0.46451135304386026
ITC,2026-07-02,0.0007778856258748,0.0009098932227540745,2.6508975640679004,0.8549196833451375
ITC,2026-07-03,0.0013152601687724,0.0016064345140355844,3.820100548046387,0.8187449642552099
ITC,2026-07-06,0.0009053970841135,0.0011833519012731926,4.0566644447805835,0.7651122908911243
ITC,2026-07-07,0.0009060344494153,0.0012034064884595375,4.373984663351402,0.7528914444986091
ITC,2026-07-09,0.0014112328632822,0.0015343322108238972,4.315474133747223,0.9197700819462064
ITC,2026-07-10,0.0007708714917854,0.0009153032151917852,4.259235806292121,0.8422034130229487
ITC,2026-07-13,0.0007094777770584,0.0008716990234088678,4.3502386512453155,0.8139022277252472
ITC,2026-07-14,0.0018512362366524,0.002119719185687987,5.119806879990888,0.8733403222236502
ITC,2026-07-16,0.0013274776440696,0.0014438617002948903,4.443905364173968,0.9193939030299645
ITC,2026-07-17,0.0007812839593013,0.0010238314724952276,5.121677283753468,0.7630982054079626
ITC,2026-07-20,0.0017619380273662,0.002039083388452793,4.6394304356490395,0.8640833608590749
ITC,2026-07-21,0.0021622985363575,0.002372628344801584,5.709029522206422,0.911351557059109
ITC,2026-07-23,0.0012590967932783,0.001477108760117139,4.234108782598046,0.8524062867100254
ITC,2026-07-24,0.0012600157241952,0.0016914444506091325,4.0135348523221825,0.7449347353626873
ITC,2026-07-27,0.0010132548792252,0.0014251836960411926,4.255467151549135,0.7109644055287547
ITC,2026-07-30,0.0010309163921072,0.002062501616755816,4.253626602368204,0.4998378589049379
ITC,2026-07-31,0.0007082156870724,0.0013757163658468098,3.3061726958407367,0.5147977480346861
ITC,2026-08-03,0.0055770967335559,0.0061453487150548835,5.093101571720288,0.9075313691952291
ITC,2026-08-04,0.0009064919058998,0.0011378666449664502,3.0958519442878902,0.7966591778657224
ITC,2026-08-05,0.0007798706229944,0.0009487512558827674,4.4405704051753245,0.8219969335047339
ITC,2026-08-06,0.0008410537206849,0.0010498690886691043,3.8669825725401914,0.801103423047806
ITC,2026-08-07,0.0008493125273258,0.0010050607308527352,2.3271500621657246,0.8450360274301116
ITC,2026-08-10,0.0014691788699031,0.0016328696873354868,4.537557490432052,0.8997526754878419
ITC,2026-08-11,0.0017098501114793,0.0019455512892531987,3.9111357118636847,0.8788512134962153
ITC,2026-08-12,0.0011107153913657,0.0015203513496248357,3.845097447425237,0.7305649392423547
ITC,2026-08-13,0.0006769416742715,0.0007637803050645289,4.7880419124887785,0.8863041764533425
ITC,2026-08-14,0.0013080136829534,0.0014904264082971476,4.272603830687692,0.8776103775884118
ITC,2026-08-17,0.0007304979852601,0.0009934717640744843,3.8669931367136776,0.7352981852892719
ITC,2026-08-18,0.0016717452290134,0.0019200736527738012,5.561640383705573,0.8706672406021208
ITC,2026-08-19,0.0009053827518224,0.0010366390063252416,4.065972149348234,0.8733828712773128
ITC,2026-08-20,0.0008159432712613,0.0010695230304588153,2.9827487349637045,0.7629038814725364
ITC,2026-08-21,0.0008398022273792,0.0011050052499644418,4.411396828645176,0.7599984049000891
ITC,2026-08-24,0.0010924798620516,0.001508305080738729,3.1747701483417305,0.7243096081838639
ITC,2026-08-26,0.000667163885748,0.0012544514223274783,3.568260758072672,0.5318371631403316
ITC,2026-08-27,0.0006586767123998,0.0010214309718020427,3.870598924200391,0.6448568044081731
ITC,2026-08-28,0.00212917334119,0.0023467034134899084,4.003842975623817,0.9073039775501891
ITC,2026-08-31,0.0014694606672785,0.0016246989211236354,4.757894206363039,0.9044510636236692
ITC,2026-09-01,0.00267289853231,0.002960976348936917,4.771733005158525,0.9027085046692973
ITC,2026-09-02,0.0010080723483192,0.0012879254460578134,4.963598292142704,0.7827101727082025
ITC,2026-09-03,0.0014290286248102,0.001557470029735139,5.490193676801777,0.9175320215010612
ITC,2026-09-04,0.0009939844678723,0.0012499561002472263,2.7708584862906145,0.7952155021089955
ITC,2026-09-07,0.0011281213725911,0.0013267045421269563,4.5310648090390675,0.8503184671264559
ITC,2026-09-08,0.0015824099956836,0.0022154858086505724,5.567959766385722,0.7142496645678936
ITC,2026-09-09,0.0017873462859247,0.0020036998715227635,5.546785803394051,0.8920229577927556
ITC,2026-09-10,0.0026232839880089,0.0032519681647209414,5.2701685053914495,0.8066757899009168
ITC,2026-09-11,0.0007095604596004,0.0011001292931905847,5.5045098582171,0.6449791528980556
ITC,2026-09-15,0.0004954884093267,0.0007780991587338376,3.823261637133546,0.6367934006418717
ITC,2026-09-16,0.002346490927286,0.002818115792023404,3.784922122403796,0.8326453206527834
ITC,2026-09-17,0.0006360543214392,0.0010607251720259384,2.823167618769125,0.5996410174978352
ITC,2026-09-18,0.0006126771967233,0.0009796142233192931,5.225862558561365,0.6254270121225113
ITC,2026-09-21,0.0004859467636098,0.0008459133600998109,3.0981924982253943,0.5744639894946951
ITC,2026-09-22,0.0008915352223543,0.0012196659220136236,3.644559204041125,0.7309667395498007
ITC,2026-09-23,0.0011477550960158,0.0014538240081927029,3.635016394043844,0.7894732027727432
ITC,2026-09-24,0.0033583748437395,0.003460364133865465,5.33630827962441,0.9705264283813865
ITC,2026-09-25,0.000766115256626,0.0014445614599279436,4.809918983397498,0.5303445217652524
COALINDIA,2026-07-01,0.00148408012347,0.0020611360525199635,3.862325194081776,0.7200301608695604
COALINDIA,2026-07-08,0.0008892421019556,0.0010863412781615153,4.0677059582239705,0.8185660619106007
COALINDIA,2026-07-15,0.0011894253070983,0.0013873309745311496,4.208316077703093,0.8573479068325912
COALINDIA,2026-07-22,0.0014307311757608,0.001674587667153274,4.237423505665494,0.8543781874334359
COALINDIA,2026-07-29,0.0008447325653967,0.0011388666927632475,3.931307960470128,0.7417308546859985
COALINDIA,2026-07-02,0.0013687794477643,0.0016353060207454746,4.316573437885481,0.8370173107662899
COALINDIA,2026-07-03,0.0020683020082632,0.0026510543054668392,4.575763776530182,0.7801809280172332
COALINDIA,2026-07-06,0.0006857643537386,0.0011827314492107864,2.4135550473760867,0.5798140856034539
COALINDIA,2026-07-07,0.0017609115032259,0.001827677803552646,5.887069591040147,0.9634693269256946
COALINDIA,2026-07-09,0.001157134007169,0.0014147206997560979,3.6497422144166167,0.8179239954349247
COALINDIA,2026-07-10,0.0006300497188177,0.000809699193207166,2.891486405924086,0.7781281296849437
COALINDIA,2026-07-13,0.0016514289716521,0.001937958572417924,4.932809845638193,0.8521487482529976
COALINDIA,2026-07-14,0.0030283617433521,0.003232290866660056,5.003731226654204,0.9369087957363574
COALINDIA,2026-07-16,0.0014635243824293,0.0016684878591301212,4.073964369928299,0.8771561473586745
COALINDIA,2026-07-17,0.0006297907981162,0.0008797997121705363,3.243013221260737,0.71583428524028
COALINDIA,2026-07-20,0.0007531910370555,0.0008868405544307799,4.011452203463042,0.849297016574684
COALINDIA,2026-07-21,0.0013365111964177,0.001676069598596748,4.632085212029899,0.7974079343343882
COALINDIA,2026-07-23,0.0007959424868541,0.0010423240454871313,3.762081670496427,0.7636228774537341
COALINDIA,2026-07-24,0.00066627343825,0.0009303906488244753,4.6401039273568045,0.7161222429436703
COALINDIA,2026-07-27,0.0019629272589585,0.002225254078244887,3.928143389687863,0.8821137676587069
COALINDIA,2026-07-30,0.0008299739731406,0.001403800051661033,3.7501780456169658,0.5912337530964906
COALINDIA,2026-07-31,0.0004516299811831,0.0007589043029715415,3.296904889447098,0.5951079463045762
COALINDIA,2026-08-03,0.0010003864199518,0.0012150535945238527,5.1427080007572545,0.8233269910565755
COALINDIA,2026-08-04,0.0009054828615436,0.0011691843596183284,3.126921036295729,0.7744568716598196
COALINDIA,2026-08-05,0.0003991416237856,0.0006616351255431938,4.192008937592336,0.6032654681957974
COALINDIA,2026-08-06,0.0006924492468956,0.0009228298220115234,3.407814284368635,0.7503542152400807
COALINDIA,2026-08-07,0.0005363571968589,0.0007782263002213851,2.7220221609048916,0.689204665412002
COALINDIA,2026-08-10,0.0009370766175131,0.0010434827537592769,5.828997574550331,0.8980278918239564
COALINDIA,2026-08-11,0.0006413444145477,0.0008125273109557643,4.613521427330953,0.7893204399410225
COALINDIA,2026-08-12,0.0024285359249189,0.0025227647933677784,4.31908001186706,0.9626485716398924
COALINDIA,2026-08-13,0.0007575377637299,0.0008702013894983743,4.089000847941904,0.8705315492159591
COALINDIA,2026-08-14,0.0012616265531249,0.0014587394547902264,4.681999902435966,0.8648744976232426
COALINDIA,2026-08-17,0.0009450117505712,0.0010198038204943533,6.107786062692247,0.9266603356252405
COALINDIA,2026-08-18,0.0009481207969164,0.0010789670841905871,3.87600824544168,0.8787300472911603
COALINDIA,2026-08-19,0.0007548956996081,0.0008621880333267715,4.573692433322018,0.8755580806373736
COALINDIA,2026-08-20,0.0005168970567097,0.0007185292203686958,3.993933736933222,0.7193820961720482
COALINDIA,2026-08-21,0.0006076968474469,0.0009797166385885877,3.5763752932503836,0.6202781738221455
COALINDIA,2026-08-24,0.0010013899402925,0.00136482105963597,4.230485130389763,0.7337151879526203
COALINDIA,2026-08-26,0.0007685025103968,0.0010393414904746835,2.730733661618165,0.7394129046515914
COALINDIA,2026-08-27,0.0020772180764496,0.0023472204761447618,4.001221239021952,0.8849693062755518
COALINDIA,2026-08-28,0.0025168037371842,0.0027348353786478346,5.685597642665503,0.9202761368505353
COALINDIA,2026-08-31,0.0021474151299015,0.0024577132836171045,4.4441612964655715,0.8737451777699116
COALINDIA,2026-09-01,0.002802094683887,0.003333701072760638,4.864797884598544,0.840535675733693
COALINDIA,2026-09-02,0.0017897184105812,0.001970505952195378,4.509869533578325,0.9082532374932645
COALINDIA,2026-09-03,0.0021764636515411,0.00237606096902494,3.54144603061566,0.9159965505574766
COALINDIA,2026-09-04,0.0003640866979869,0.0008673964969078758,4.1918417543455675,0.41974656259831405
COALINDIA,2026-09-07,0.0010000437385804,0.0011367395507257962,4.968935876404366,0.8797474654083097
COALINDIA,2026-09-08,0.0007439073169384,0.0010500067858159106,3.553193161994113,0.7084785803173118
COALINDIA,2026-09-09,0.0021162275649175,0.0026243936891502404,4.027428259380471,0.8063681808359778
COALINDIA,2026-09-10,0.0018192706735802,0.002348982507695272,4.669237672082711,0.7744930699229412
COALINDIA,2026-09-11,0.0026248723426017,0.002821867320150732,5.509465015330823,0.9301898511874366
COALINDIA,2026-09-15,0.0015138661544485,0.0017468732899571593,4.071520644615573,0.8666147471323614
COALINDIA,2026-09-16,0.0013576176651031,0.0016525465147208224,4.366630919335896,0.8215306818957849
COALINDIA,2026-09-17,0.0014134930209019,0.0015758153765176855,3.4008788470504423,0.8969915143393934
COALINDIA,2026-09-18,0.0008217537045958,0.001080904459927695,1.8502065681101127,0.7602463816744448
COALINDIA,2026-09-21,0.0012584527516697,0.0013936169923488377,4.351303609393101,0.9030119168887798
COALINDIA,2026-09-22,0.0009507890615293,0.0012772461405448506,4.135310397216354,0.7444055075584024
COALINDIA,2026-09-23,0.0016957081025431,0.0019336688876929807,6.447125356802575,0.876938194194257
COALINDIA,2026-09-24,0.0008502338777247,0.0016313594787739979,6.290472293746437,0.5211811919980195
COALINDIA,2026-09-25,0.000440740334318,0.0013996571076576553,6.369276429868504,0.314891648752161
VEDL,2026-07-01,0.0026037126210598,0.0026271105511220267,4.991349533150394,0.991093663701273
VEDL,2026-07-08,0.0017981164141121,0.001999550824468208,5.174584720363881,0.8992601698885646
VEDL,2026-07-15,0.0009675935073014,0.0011796539474843955,4.526099701284701,0.8202350438149992
VEDL,2026-07-22,0.0008044965761977,0.001270126108838201,2.4736007498526544,0.6333989755817101
VEDL,2026-07-29,0.0017073789190648,0.0025165336581467372,4.90940999352844,0.6784645671388211
VEDL,2026-07-02,0.0016940133067018,0.001877690249412705,5.03370318614437,0.902179316972885
VEDL,2026-07-03,0.0009943325732335,0.0012761640346744345,5.522582687252516,0.7791573388817268
VEDL,2026-07-06,0.0004711275858481,0.000646768026632711,5.073673262211607,0.7284336368650544
VEDL,2026-07-07,0.0017706542998983,0.0021367108665209977,4.514957438174069,0.8286822179087278
VEDL,2026-07-09,0.0017335378629789,0.00204235042254372,5.036416846343254,0.8487955072958546
VEDL,2026-07-10,0.0014641561249243,0.001640130874189992,5.152522085651623,0.8927068857522725
VEDL,2026-07-13,0.0012167034588036,0.0014730548643040618,3.555059969081542,0.8259729411900935
VEDL,2026-07-14,0.0007492146000614,0.0009735137299281472,6.566784124937185,0.7695983908893589
VEDL,2026-07-16,0.0011150074902088,0.001447388203752094,5.67435401222191,0.7703582821238583
VEDL,2026-07-17,0.0012203050276162,0.0014398970969553696,5.511082472815675,0.8474946092998644
VEDL,2026-07-20,0.0007679758314909,0.0011196344376718896,0.0531400668531999,0.6859165863884907
VEDL,2026-07-21,0.001371758343263,0.0015993421472787158,5.349828541694553,0.857701615377954
VEDL,2026-07-23,0.0011126945815164,0.001324058223878069,5.126136413347323,0.8403668067234985
VEDL,2026-07-24,0.0018738622916146,0.002234676946869776,6.162499257270107,0.8385383373822392
VEDL,2026-07-27,0.0020163362772332,0.0023988314973726584,5.4123791518313205,0.8405493589031202
VEDL,2026-07-30,0.00058943257891,0.0014350843159249035,1.268021531308542,0.4107302772172756
VEDL,2026-07-31,0.0022753176612575,0.0024440837340316394,5.9581929055811385,0.9309491444895174
VEDL,2026-08-03,0.002003789635733,0.0022154907212269103,4.727651427541781,0.9044450588460722
VEDL,2026-08-04,0.0009981319689,0.0014033317126610483,3.64371730431305,0.7112587564969269
VEDL,2026-08-05,0.0050525562980423,0.0053226838732264685,4.678805366578767,0.94924974287071
VEDL,2026-08-06,0.0015661669529607,0.0021140031050537475,5.893841416946319,0.7408536672517712
VEDL,2026-08-07,0.0028612330735882,0.0035787475542094957,5.43109096624129,0.7995068191447814
VEDL,2026-08-10,0.0014376786975683,0.001972135412128346,5.55619296824915,0.7289959344205195
VEDL,2026-08-11,0.0026416435639098,0.004114895937901096,4.664003530690061,0.6419709280077773
VEDL,2026-08-12,0.0014851628063224,0.0026976955992348848,3.999913212003314,0.5505301660956926
VEDL,2026-08-13,0.0015516467914705,0.002787886326730898,5.837066379459596,0.5565674527662596
VEDL,2026-08-14,0.001567689478116,0.001977264945809669,4.63414084804709,0.792857568955711
VEDL,2026-08-17,0.0014395915181219,0.0018309354544906815,3.7791169108332774,0.7862601134251108
VEDL,2026-08-18,0.0017425671951841,0.0020469993982226045,3.937101829909889,0.8512788018878555
VEDL,2026-08-19,0.0014024964170158,0.0016060318174398983,4.747232916337782,0.8732681393893275
VEDL,2026-08-20,0.0022715192118537,0.0024771260634473507,4.440740620686974,0.9169978247665308
VEDL,2026-08-21,0.0014263374173829,0.001706337468124491,4.720635799916927,0.835905818179477
VEDL,2026-08-24,0.0005452329356512,0.00096961588982029,4.061559629618404,0.5623184823757934
VEDL,2026-08-26,0.0035202606301811,0.004015554471198765,6.282566757437199,0.8766561767322247
VEDL,2026-08-27,0.0012181386022307,0.0018484506244708272,4.532554916708212,0.6590052155596138
VEDL,2026-08-28,0.0014600662530517,0.0017434451211817605,6.3171774974936925,0.8374604025746576
VEDL,2026-08-31,0.0009372951309889,0.0010860375150463205,4.203677725600592,0.8630412099060164
VEDL,2026-09-01,0.0014824819572748,0.0016008890126404131,5.231815063426506,0.9260366868466918
VEDL,2026-09-02,0.0007301874670118,0.0010490203279662587,4.066994426624215,0.6960660795081238
VEDL,2026-09-03,0.0007166905179183,0.001192399671093515,5.008114145322687,0.601048906077812
VEDL,2026-09-04,0.0019583192563208,0.0024159696616614045,4.848035492178125,0.8105727846657275
VEDL,2026-09-07,0.0010000067845674,0.0014532778548477035,4.463116414453918,0.688104329968061
VEDL,2026-09-08,0.0013521395972311,0.0016927867148062246,4.5848559133099505,0.7987654826236518
VEDL,2026-09-09,0.0012815334041531,0.0014839906640359884,4.022412802443144,0.8635724167345714
VEDL,2026-09-10,0.0028054807529006,0.002972634545971862,4.777238357106107,0.943769141316827
VEDL,2026-09-11,0.000840854341641,0.0013669924162271452,5.21668714710905,0.6151126602163096
VEDL,2026-09-15,0.0033796331727792,0.00400631594268136,5.936642474668493,0.8435762983079333
VEDL,2026-09-16,0.0008654390497365,0.0020997439440383365,2.358002692794262,0.41216408895650525
VEDL,2026-09-17,0.0008869072769433,0.0010809895900474205,5.456861137588989,0.8204586659381183
VEDL,2026-09-18,0.0012617286559513,0.001320591983218697,5.21432062399335,0.9554265601977011
VEDL,2026-09-21,0.0021862995923332,0.0024832177235430226,6.423205954309354,0.8804300853707729
VEDL,2026-09-22,0.0016298974129642,0.0021101227490574162,6.028432196801314,0.7724182935292598
VEDL,2026-09-23,0.0006461463826022,0.0014020108231382108,5.279521783989354,0.46087118012105577
VEDL,2026-09-24,0.0013728005628265,0.0018598981356964257,5.7352720141395075,0.7381052416144632
VEDL,2026-09-25,0.0008746108982247,0.0016837673302471916,5.438330089345685,0.5194369094311264
MCX,2026-07-01,0.0014519277376284,0.002067402782828681,4.853802711972406,0.7022955321951487
MCX,2026-07-08,0.0020956848335826,0.0023748952336223516,6.885626662077998,0.8824325401445684
MCX,2026-07-15,0.0010078060306193,0.0014574633271746248,6.0146641800470215,0.69147951226532
MCX,2026-07-22,0.0019048470686892,0.0020498740232254764,6.062296588188071,0.9292507964425656
MCX,2026-07-29,0.0009136524106256,0.0017736919495836769,6.836178376649006,0.5151133548528839
MCX,2026-07-02,0.0014915733091629,0.0021951683701795016,6.455948279709824,0.6794801389384689
MCX,2026-07-03,0.0013443901539777,0.0013681252093815663,5.93086544120111,0.9826514011721227
MCX,2026-07-06,0.000646730576953,0.0008500695827752164,5.023922754238789,0.7607972218481492
MCX,2026-07-07,0.0013486556753139,0.0015056650779670779,5.936271415996851,0.8957208977276878
MCX,2026-07-09,0.0022425961728617,0.0023060532892870034,5.121915002196677,0.972482372059614
MCX,2026-07-10,0.0016348963102851,0.002143737435127462,5.520097975478921,0.7626383173123497
MCX,2026-07-13,0.0013332481334685,0.0015306256991378703,4.88206661625969,0.8710477905992667
MCX,2026-07-14,0.0016706416213711,0.0019198762117725934,5.730492302006745,0.8701819477353809
MCX,2026-07-16,0.0014478871385254,0.0019194371576812723,5.564472454081844,0.7543290139670338
MCX,2026-07-17,0.0009889430406615,0.0015628098668399595,6.815154459505219,0.632798052818266
MCX,2026-07-20,0.0019268875431602,0.0022322380011918063,4.95899093627189,0.8632088254619007
MCX,2026-07-21,0.0051537544295074,0.005681216377649478,5.703663222306973,0.9071568634109466
MCX,2026-07-23,0.0006842612870808,0.0018391743737266213,3.795378918258956,0.3720480759496
MCX,2026-07-24,0.0008233693174545,0.002144701896753135,6.61705039781309,0.38390851367315854
MCX,2026-07-27,0.0004720313357761,0.0006682662640454509,6.737411372147854,0.7063521850086923
MCX,2026-07-30,0.0010979929801962,0.0014709018533593358,5.026150455159049,0.7464760328423927
MCX,2026-07-31,0.0008265587777806,0.0016843784661037373,3.787320016072589,0.49072034249676405
MCX,2026-08-03,0.0011393123142148,0.0027235693840339465,4.691298942394055,0.41831587654555585
MCX,2026-08-04,0.001235308012768,0.0024240625660861687,5.104535365691369,0.5096023634251725
MCX,2026-08-05,0.001414450827269,0.0018153010226630085,5.258722848081924,0.7791825210311568
MCX,2026-08-06,0.0032632290598997,0.0035472223982441252,5.741713475238338,0.9199392351364826
MCX,2026-08-07,0.002385166026453,0.0024003266923228535,5.004046407777604,0.9936839156443401
MCX,2026-08-10,0.0012690450116586,0.0015779479489881323,3.9790224673049,0.8042375621276874
MCX,2026-08-11,0.0022005935762872,0.0032645410785348368,3.639897482023712,0.6740897183854251
MCX,2026-08-12,0.0010207727161979,0.0012702273421830437,4.018126327614328,0.8036141896013472
MCX,2026-08-13,0.001317074895472,0.0013753755978947529,5.21400863737456,0.9576110681969405
MCX,2026-08-14,0.0018582342133725,0.0021826853583733533,6.946270529919255,0.8513523061140381
MCX,2026-08-17,0.0009129491526781,0.001028600552425532,5.723399812205555,0.8875643227346947
MCX,2026-08-18,0.0013847725948517,0.0015296702393589787,5.007006617215336,0.9052752411735491
MCX,2026-08-19,0.0008039168870425,0.0009456547135483146,5.10916931606536,0.8501167239213755
MCX,2026-08-20,0.0007689903567509,0.0009630911085030546,4.965071133978052,0.7984606544090641
MCX,2026-08-21,0.0004356033120844,0.0007063112324816182,5.038818335192001,0.6167299797200048
MCX,2026-08-24,0.0004541109032499,0.0006713964381547775,6.1202248516854025,0.6763677574726922
MCX,2026-08-26,0.0017357995433895,0.002216149263503349,5.724677142588973,0.7832502855179984
MCX,2026-08-27,0.0015548528006985,0.00210908891279597,6.167561150944924,0.7372153877748414
MCX,2026-08-28,0.0011777244581544,0.0022475527618159028,6.31141263238592,0.5240030303906466
MCX,2026-08-31,0.0009136097689316,0.0017635897403226915,1.526453029549187,0.5180398524911088
MCX,2026-09-01,0.001518261491465,0.0018592001459139802,4.632881635053793,0.81662078975291
MCX,2026-09-02,0.00163599070438,0.0023345754817467976,0.0062306377793347,0.7007658210973345
MCX,2026-09-03,0.0016621524835387,0.001847342488121915,6.060636736898953,0.8997532911336399
MCX,2026-09-04,0.0033385300408692,0.004054606757641692,6.367524316631009,0.8233918208164314
MCX,2026-09-07,0.0022655470725952,0.0026794882310907132,5.016093526440216,0.8455148435837636
MCX,2026-09-08,0.0022138693857945,0.0025099390016945257,6.619558665429434,0.8820411110787388
MCX,2026-09-09,0.0006167676996654,0.0008410936048683308,2.0191806478713725,0.7332925801545621
MCX,2026-09-10,0.0020115847569812,0.002221627200575204,6.667967473968149,0.905455585194662
MCX,2026-09-11,0.0010081291530071,0.0014700642205970312,3.924457774742529,0.685772185243494
MCX,2026-09-15,0.0019904261321606,0.0023899601560518303,5.417179031881415,0.8328281654070531
MCX,2026-09-16,0.0044689084471865,0.0049001529023255325,7.154534686777154,0.9119936737210036
MCX,2026-09-17,0.0019150365778185,0.0021373752647477467,5.273951811687931,0.895975830451333
MCX,2026-09-18,0.0016437851249124,0.0018880070632815425,5.506269030055925,0.8706456436954951
MCX,2026-09-21,0.0006659747149852,0.0009813001576533982,0.4105939543441891,0.6786656557538502
MCX,2026-09-22,0.0033667459574284,0.003601662423751788,5.362349494159376,0.9347755456551978
MCX,2026-09-23,0.0012109363358027,0.0012787256382915178,4.766025080018084,0.9469868277769187
MCX,2026-09-24,0.0009412956842472,0.0011902700413558135,4.866790366274255,0.7908253182403787
MCX,2026-09-25,0.0028288172173728,0.0030865478484349974,5.19157428840881,0.9164987410796572
ETERNAL,2026-07-01,0.0013739626404775,0.002239564770830374,7.533783786008602,0.6134953801617756
ETERNAL,2026-07-08,0.0043763831598641,0.005372616774293646,7.12812111186125,0.8145719941916899
ETERNAL,2026-07-15,0.0011654827872838,0.001926084926975689,5.030642436550154,0.6051045678000422
ETERNAL,2026-07-22,0.0037358014785543,0.0048496369081969205,3.863653943731224,0.7703260160033835
ETERNAL,2026-07-29,0.0013678420533906,0.0014920331576171865,3.723809097067768,0.916763844293566
ETERNAL,2026-07-02,0.0015761013610741,0.0023060684450159578,4.465574853012446,0.6834581881038633
ETERNAL,2026-07-03,0.0024595102630893,0.00306668885520132,5.445087220458351,0.8020084133797264
ETERNAL,2026-07-06,0.0014856213376491,0.0015691030757798046,5.124934665880433,0.9467965238107661
ETERNAL,2026-07-07,0.001544098380091,0.0016576024376433838,6.718602179134296,0.9315251625029264
ETERNAL,2026-07-09,0.0014407800625947,0.0017844372876271255,6.3181915056328375,0.8074142322539072
ETERNAL,2026-07-10,0.0017490620408594,0.0019166205693457489,4.6810956902968215,0.9125760564369055
ETERNAL,2026-07-13,0.0012049022667138,0.0015633400546537107,5.213329125048546,0.7707230830087656
ETERNAL,2026-07-14,0.0027790763533512,0.003141330394004119,5.664710432513164,0.8846813307685316
ETERNAL,2026-07-16,0.001351992341703,0.003022957972485039,4.649810332672324,0.4472415276721785
ETERNAL,2026-07-17,0.0007822095158262,0.002602199646467675,1.1449180264536103,0.30059550461010975
ETERNAL,2026-07-20,0.0011615977263504,0.003864068837085981,4.100574327854772,0.30061517414022015
ETERNAL,2026-07-21,0.00092321903575,0.004045594520419009,3.872084277899254,0.2282035510702592
ETERNAL,2026-07-23,0.0011232144244412,0.0014804120096468254,3.93072599897492,0.7587174496842671
ETERNAL,2026-07-24,0.0022169611739903,0.0026047228287760862,5.195822033729971,0.8511313178884417
ETERNAL,2026-07-27,0.0010210233253802,0.001503098468545394,2.1663866835992662,0.6792790670382916
ETERNAL,2026-07-30,0.0019884399162109,0.0021799231861146825,5.196357368095285,0.9121605425716551
ETERNAL,2026-07-31,0.003253274569168,0.003616642073498774,4.355406369169951,0.899529039106917
ETERNAL,2026-08-03,0.0034240233071955,0.0036239284207310223,5.734344652398216,0.9448374552896943
ETERNAL,2026-08-04,0.0011478235302858,0.0013646030176827628,5.998681413831248,0.8411409878273046
ETERNAL,2026-08-05,0.0006573399369227,0.0009280913837153089,3.985612854030081,0.70827070314052
ETERNAL,2026-08-06,0.0015841755298947,0.0018671591198743088,6.695462730345697,0.8484416314777401
ETERNAL,2026-08-07,0.0007948768531015,0.0011154539302739074,4.63964415406572,0.7126039287936459
ETERNAL,2026-08-10,0.0032493570737493,0.0038723934041210405,4.925022052412347,0.8391082038026666
ETERNAL,2026-08-11,0.0009105149512329,0.0012404020270145345,4.378327878127373,0.7340482612918456
ETERNAL,2026-08-12,0.0011607351025484,0.0014182617725439373,5.100307186081438,0.8184209184926338
ETERNAL,2026-08-13,0.0006022124890425,0.0010428575632827973,4.163898137180989,0.5774637977853884
ETERNAL,2026-08-14,0.0013261994174867,0.001928536857974892,4.772252727909929,0.6876712840631465
ETERNAL,2026-08-17,0.0007662383426049,0.001174014210916747,4.9531648593904105,0.652665304627421
ETERNAL,2026-08-18,0.0008648855680539,0.0010492146265522685,4.213207794907199,0.8243171093562849
ETERNAL,2026-08-19,0.0008532388776031,0.0018133632303336813,6.947628485464628,0.4705283879866106
ETERNAL,2026-08-20,0.0006621589449852,0.0011389620363210049,4.774741148218762,0.581370514441429
ETERNAL,2026-08-21,0.0023749764359064,0.0027042903527667267,5.333369013118865,0.8782253848876066
ETERNAL,2026-08-24,0.0006027263502784,0.0008988196589224662,6.671789708954541,0.6705753977399288
ETERNAL,2026-08-26,0.0011256770883561,0.0017715057595596312,5.121073598583115,0.6354351840413581
ETERNAL,2026-08-27,0.00102446577217,0.002453687295436371,6.218337681519591,0.4175209180385009
ETERNAL,2026-08-28,0.0011862307097846,0.0017568775748630023,4.52955224146537,0.6751925841372868
ETERNAL,2026-08-31,0.0038095713603615,0.004128587230289593,3.938981079206691,0.9227300158302053
ETERNAL,2026-09-01,0.0014869462735243,0.0019118489710036636,5.004641834764134,0.7777530004076094
ETERNAL,2026-09-02,0.0006827781814457,0.0012665823986004012,3.0636954166004817,0.5390712694256478
ETERNAL,2026-09-03,0.0020675426878337,0.00286376718826224,5.256972828414112,0.721966050979271
ETERNAL,2026-09-04,0.0035875599875376,0.004205892330624833,7.145546536895704,0.8529842671946448
ETERNAL,2026-09-07,0.0007337467915437,0.0013973471964654346,5.892804429285764,0.5250998416139523
ETERNAL,2026-09-08,0.0012095239247682,0.0016125682756594937,4.474364636107117,0.750060597758901
ETERNAL,2026-09-09,0.0018097793660174,0.0024643277805075398,7.795472519872646,0.7343906846858934
ETERNAL,2026-09-10,0.0010450889604067,0.0019478912914135133,4.6077319999319855,0.5365232469663731
ETERNAL,2026-09-11,0.0016388605962638,0.0024900677392866804,2.8156988389385305,0.6581590413814516
ETERNAL,2026-09-15,0.0039366617157082,0.0051412296527259165,8.059013274747556,0.7657043123177651
ETERNAL,2026-09-16,0.0027655982901452,0.0029193282542705977,5.242646679188743,0.94734063773044
ETERNAL,2026-09-17,0.0013934083661247,0.0022494078010506105,6.699472852499841,0.6194556476037353
ETERNAL,2026-09-18,0.0007050488530253,0.0016089444780039732,4.939103113709534,0.43820583162693755
ETERNAL,2026-09-21,0.0021811765731266,0.0023430875005533355,5.922837492542732,0.9308984716155503
ETERNAL,2026-09-22,0.0018319050072158,0.0023666478855858633,5.405951178479594,0.7740505118539475
ETERNAL,2026-09-23,0.0008119553017132,0.0014584607550839552,5.224820895228799,0.5567207063219609
ETERNAL,2026-09-24,0.0011673117330967,0.0018895219592729787,6.688999135002637,0.6177815120740064
ETERNAL,2026-09-25,0.0012610074527446,0.0022041689039534584,4.830676105975084,0.572101099186556
HCLTECH,2026-07-01,0.0027410219058547,0.003627830016603834,4.63294533557464,0.7555541172848796
HCLTECH,2026-07-08,0.0027998855388801,0.003978917224409078,4.005501133271471,0.7036802680146029
HCLTECH,2026-07-15,0.0025697861350608,0.0027638007855260538,5.919706426180783,0.9298015068664489
HCLTECH,2026-07-22,0.0008370053583281,0.0010551693621360537,4.953220122911073,0.7932426664035156
HCLTECH,2026-07-29,0.0007483586992059,0.0009575957319404332,4.137655679649322,0.7814975299539569
HCLTECH,2026-07-02,0.0010255687522392,0.002549682938456798,4.073017789921665,0.40223383730211104
HCLTECH,2026-07-03,0.0018263540996937,0.0023994246149079274,4.404390338171424,0.7611633590596395
HCLTECH,2026-07-06,0.0017609723745219,0.0034404929821279643,3.232359885824645,0.5118372232320988
HCLTECH,2026-07-07,0.0015170251769419,0.00205742738614785,4.558870617220279,0.7373408107404691
HCLTECH,2026-07-09,0.0026771365210554,0.003665980153720334,3.842299985048669,0.7302648701844637
HCLTECH,2026-07-10,0.0025082899263928,0.0036039763035083023,4.163017761148944,0.6959784735407658
HCLTECH,2026-07-13,0.0017673366868756,0.003247619397976205,4.381357413269802,0.5441945222943729
HCLTECH,2026-07-14,0.0014691743986455,0.0016701751811403773,5.242775680479744,0.8796528742825431
HCLTECH,2026-07-16,0.0035356162446778,0.004032557621283756,6.973508362461942,0.8767676935394276
HCLTECH,2026-07-17,0.0008610532213255,0.001272028627275277,3.5045263254332983,0.6769133986944158
HCLTECH,2026-07-20,0.0026239052804988,0.0030748703683947656,4.090860388935196,0.8533385041102102
HCLTECH,2026-07-21,0.0016138020908252,0.001823626171164133,3.512260462463017,0.8849412869497318
HCLTECH,2026-07-23,0.0007362737966338,0.0010945007546936138,5.027622447970351,0.672702867929869
HCLTECH,2026-07-24,0.0008203045055883,0.0013130680332928894,4.996988113077448,0.6247235366252535
HCLTECH,2026-07-27,0.0008810520486616,0.0011822657214517163,5.7222687337655,0.7452233729484663
HCLTECH,2026-07-30,0.002020003435869,0.0025081361345975686,7.058539499687775,0.8053803013340464
HCLTECH,2026-07-31,0.0024403558360931,0.0026636626960793233,5.1658276945142685,0.9161654888530326
HCLTECH,2026-08-03,0.002070239736732,0.0022774092765153117,4.865659829188651,0.9090328023514929
HCLTECH,2026-08-04,0.000969295141507,0.001121746816074708,4.407080319595711,0.8640943995712177
HCLTECH,2026-08-05,0.0025585088592447,0.0030267995210732416,4.726564639479649,0.8452852068436646
HCLTECH,2026-08-06,0.001940160931177,0.002306221702405149,3.8698387150638225,0.8412725147602306
HCLTECH,2026-08-07,0.0025231950317895,0.0030092038662285635,4.316224100157818,0.8384925528331922
HCLTECH,2026-08-10,0.001498195695812,0.0017940445711025193,4.241879511223628,0.8350939101202446
HCLTECH,2026-08-11,0.0019087939005282,0.002392111121268542,4.4372909513652825,0.7979536918485469
HCLTECH,2026-08-12,0.0012861668230686,0.0014960193878474043,4.676729858950038,0.8597260393257621
HCLTECH,2026-08-13,0.0014154260800107,0.0017180076080210085,3.864274449943742,0.8238764912346019
HCLTECH,2026-08-14,0.0011137719343314,0.001389727798477547,3.8791530884183154,0.8014317160177281
HCLTECH,2026-08-17,0.0012875686953615,0.0018875134963186988,3.891361243185999,0.682150722563151
HCLTECH,2026-08-18,0.0009622873379073,0.001205244276600813,4.569192620256702,0.7984168492558772
HCLTECH,2026-08-19,0.003253208509871,0.003463166221754018,5.490646107807229,0.9393740587546274
HCLTECH,2026-08-20,0.0010671387989025,0.001440449155229956,4.748186680569841,0.740837533229099
HCLTECH,2026-08-21,0.00160687631543,0.0021167201883862097,6.100532033700512,0.7591349693957824
HCLTECH,2026-08-24,0.000824983289643,0.0010738400129349775,2.138773412791599,0.7682553077792175
HCLTECH,2026-08-26,0.0007632820252689,0.0011363650941704914,5.495621945812293,0.6716873205490974
HCLTECH,2026-08-27,0.0006843033330983,0.0015412602863328544,4.440790825474184,0.4439894670396484
HCLTECH,2026-08-28,0.0016988459566927,0.0025320634467458397,6.0075543491651135,0.6709334076426974
HCLTECH,2026-08-31,0.000710481456729,0.0018328255719596946,4.977931234708066,0.3876427018471478
HCLTECH,2026-09-01,0.001747822000333,0.0020567501487450623,6.919607727986252,0.8497979209577028
HCLTECH,2026-09-02,0.0022702818398162,0.0029328811243472786,5.5920212634332485,0.7740790518134136
HCLTECH,2026-09-03,0.0011031031521468,0.0013953669622490793,6.152009341026087,0.7905469901399966
HCLTECH,2026-09-04,0.000567254103132,0.0008889849540623182,4.670747315602812,0.6380919053127588
HCLTECH,2026-09-07,0.0025262054113912,0.0028982153804872133,6.1864020604205585,0.8716417104123312
HCLTECH,2026-09-08,0.0010588258463048,0.0013176126789148743,4.173382892102088,0.8035941542220135
HCLTECH,2026-09-09,0.0030152288437074,0.0033431888132566235,4.2113771357717695,0.9019020498487026
HCLTECH,2026-09-10,0.0025848364349826,0.0031118750165751467,6.072125186618704,0.8306363273636251
HCLTECH,2026-09-11,0.0019028367351192,0.002143106644554482,5.697378259096667,0.8878870960314575
HCLTECH,2026-09-15,0.0037618883016254,0.004006503519219929,6.613018795700823,0.9389454629401759
HCLTECH,2026-09-16,0.0043703418209711,0.0048983590479481035,4.683926499746583,0.8922052830736883
HCLTECH,2026-09-17,0.0051048333690682,0.0053926551943689555,6.8683294327333355,0.946627066829472
HCLTECH,2026-09-18,0.0010836936620604,0.001645868712324223,4.029700438898983,0.6584326282805727
HCLTECH,2026-09-21,0.0007739413943776,0.0011023051182557006,1.258883462920471,0.7021117670235381
HCLTECH,2026-09-22,0.0011888999873717,0.0015121576675921834,4.7258791921832675,0.7862275296099194
HCLTECH,2026-09-23,0.0034293463906097,0.0048176756229979184,6.372697582889229,0.7118259216621363
HCLTECH,2026-09-24,0.0014231666125732,0.0021139935122148758,4.845428517731744,0.6732123842149914
HCLTECH,2026-09-25,0.0008817885126185,0.002004301867113494,6.487863644075199,0.43994795748427484
ASHOKLEY,2026-07-01,0.0040365844168129,0.00451066399824988,6.0236075513968625,0.8948980501272272
ASHOKLEY,2026-07-08,0.0024553352742423,0.0030716466967164444,4.4979778396938475,0.7993547164350072
ASHOKLEY,2026-07-15,0.0017328270525817,0.001813103901739831,5.130582856113342,0.9557240767718285
ASHOKLEY,2026-07-22,0.0009145858923191,0.0011012721085493162,5.25209508186192,0.8304812999612473
ASHOKLEY,2026-07-29,0.0001310035098302,0.0011179199428899215,3.3897700715267516,0.11718505485423616
ASHOKLEY,2026-07-02,0.0015686652502771,0.0017563000295342747,6.289440315468798,0.8931647348961609
ASHOKLEY,2026-07-03,0.0021835542827347,0.002395204226854162,7.370319904177405,0.9116359508109917
ASHOKLEY,2026-07-06,0.0012928098069033,0.0013956217463077603,6.477844337782852,0.9263325183371081
ASHOKLEY,2026-07-07,0.0027573243584408,0.0031591234328228407,6.1963141574977385,0.8728131132176078
ASHOKLEY,2026-07-09,0.0033169911142412,0.003543450582383104,4.0501813532686315,0.9360906938373043
ASHOKLEY,2026-07-10,0.0006915175480562,0.0009395982826644999,4.538624504233438,0.7359714899597347
ASHOKLEY,2026-07-13,0.0010655341190457,0.0015608995226271845,0.7951291371878574,0.6826410692036576
ASHOKLEY,2026-07-14,0.0009502600470891,0.0012902142819373574,3.880272743411273,0.7365133531634841
ASHOKLEY,2026-07-16,0.0025856588439851,0.0028209532558798817,4.688521951005103,0.9165904605457947
ASHOKLEY,2026-07-17,0.0007776937017805,0.0009378334267047682,5.770952535663842,0.8292450233012643
ASHOKLEY,2026-07-20,0.0012029024930314,0.0014122514605420852,4.9572773708678355,0.8517622580964953
ASHOKLEY,2026-07-21,0.0010469357889443,0.0013128868203090853,6.664271911560909,0.7974303441463645
ASHOKLEY,2026-07-23,0.0009974907031804,0.0013498920872071743,5.109200229142152,0.7389410699073979
ASHOKLEY,2026-07-24,0.0007934229024642,0.0015110921174028545,5.6372104348422525,0.5250658734345544
ASHOKLEY,2026-07-27,0.0005527336294608,0.0009471698018674867,3.5336138622915314,0.5835633994781116
ASHOKLEY,2026-07-30,0.0014315113361688,0.00194823949339587,5.05253033951166,0.7347717470163848
ASHOKLEY,2026-07-31,0.0022145654653752,0.002869687760328886,5.761562649768556,0.771709555300677
ASHOKLEY,2026-08-03,0.0010559565921724,0.002226130803134676,5.7211149900015,0.4743461573261905
ASHOKLEY,2026-08-04,0.0016891011388801,0.002347212507593878,5.578658014317427,0.7196200315972215
ASHOKLEY,2026-08-05,0.0022758928785279,0.00291262689379772,4.562820652048797,0.7813884034972999
ASHOKLEY,2026-08-06,0.0004077944215234,0.0020611813649574614,3.8913874781979727,0.1978449972702019
ASHOKLEY,2026-08-07,0.0012262642779976,0.002380105254155128,3.7916422882367806,0.5152143065340571
ASHOKLEY,2026-08-10,0.0023348849091346,0.0038959606712366977,3.935683121376437,0.5993091579113491
ASHOKLEY,2026-08-11,0.0008635546929977,0.0028638152651857566,3.762995258212972,0.30153994340891505
ASHOKLEY,2026-08-12,0.0006466922756792,0.0029862794235820315,2.5387402473128624,0.21655450945829272
ASHOKLEY,2026-08-13,0.0029337076141273,0.004654713008111929,4.46164273192376,0.6302660570081606
ASHOKLEY,2026-08-14,0.0024995521130674,0.0029715167083898524,4.684072144727291,0.8411704723079981
ASHOKLEY,2026-08-17,0.0040641821528562,0.004336099330993017,5.408044916089928,0.9372899102672205
ASHOKLEY,2026-08-18,0.0014225072963645,0.001645894362644213,5.389054566840606,0.864276182390691
ASHOKLEY,2026-08-19,0.0020386126558529,0.0021486825517815803,5.966578448464466,0.9487733095624499
ASHOKLEY,2026-08-20,0.0010848870114536,0.0013456504820079096,3.776699641500945,0.8062175326796511
ASHOKLEY,2026-08-21,0.000700722528862,0.0014623537038243011,7.632085430998989,0.47917444803503595
ASHOKLEY,2026-08-24,0.0005683799955734,0.0009495800955862432,4.363990148590441,0.5985592981732611
ASHOKLEY,2026-08-26,0.000821883311355,0.001264386737910855,0.6134159039858436,0.6500252547041082
ASHOKLEY,2026-08-27,0.0013803376767454,0.0014051498007565636,6.178196642604023,0.9823420079497545
ASHOKLEY,2026-08-28,0.0008770399744925,0.001199781176077177,6.119517255601813,0.730999945640157
ASHOKLEY,2026-08-31,0.0009120774924146,0.0011284434344212308,4.581022527559929,0.8082615969868236
ASHOKLEY,2026-09-01,0.0011708153305906,0.001583677051222291,4.000451559815303,0.7393018227339709
ASHOKLEY,2026-09-02,0.0021941297893109,0.0024057420491310853,6.657652935253696,0.9120386743472285
ASHOKLEY,2026-09-03,0.0010830962820621,0.0015484833587105363,0.68496920260669,0.6994561975557964
ASHOKLEY,2026-09-04,0.0026344332834162,0.0029574201191341293,4.593884636423339,0.8907876383107541
ASHOKLEY,2026-09-07,0.0015489972839335,0.0016223006181738506,6.161759546002502,0.9548151967525818
ASHOKLEY,2026-09-08,0.0005862113559052,0.0010533969165621032,0.0,0.556496176026769
ASHOKLEY,2026-09-09,0.0016142794973543,0.0019366191240300075,4.605296581809896,0.8335554871497216
ASHOKLEY,2026-09-10,0.00118552079483,0.0012880265159912973,5.183379008124882,0.9204164511454903
ASHOKLEY,2026-09-11,0.0007705676815241,0.0010739106385915993,4.313222250274475,0.7175342657324596
ASHOKLEY,2026-09-15,0.0012029141154567,0.0017038693520063214,5.595746964094344,0.7059896429501815
ASHOKLEY,2026-09-16,0.0009349264258743,0.0012920507695984222,4.845046655107424,0.723598830535801
ASHOKLEY,2026-09-17,0.0012408325440132,0.001391550546738385,4.566850413086379,0.8916906014816002
ASHOKLEY,2026-09-18,0.0014858590458442,0.0017547748522372363,5.033614313933782,0.8467519602015129
ASHOKLEY,2026-09-21,0.0009438646035695,0.001108064897270734,2.7231098101349116,0.8518134685922508
ASHOKLEY,2026-09-22,0.0025196399788117,0.002540499031359553,5.397939697030791,0.9917893877185656
ASHOKLEY,2026-09-23,0.0009111302599997,0.0012943990054258777,4.486964551729912,0.7039021632281954
ASHOKLEY,2026-09-24,0.0019251229112938,0.0020151065814983504,4.946062919824493,0.9553454536694321
ASHOKLEY,2026-09-25,0.0011275153824904,0.0013746612489752717,5.739125635180841,0.8202132585979969
DIXON,2026-07-01,0.0014711732003575,0.0018630289146069831,5.250953303642534,0.7896674006628891
DIXON,2026-07-08,0.0043469334631984,0.004938786865132957,6.474327606704851,0.8801621900080469
DIXON,2026-07-15,0.0022624583505677,0.0032066700509443716,5.994133890781341,0.7055475975463709
DIXON,2026-07-22,0.0008450822340505,0.0013290929603183112,4.96496174421442,0.6358338049191886
DIXON,2026-07-29,0.0016479352032067,0.002802831040288445,5.0374135298670755,0.5879538150958639
DIXON,2026-07-02,0.0009915191776602,0.001383591950436088,4.761596100174286,0.7166268764050613
DIXON,2026-07-03,0.001993717953438,0.00250131734732361,1.4323511893439411,0.7970671756509675
DIXON,2026-07-06,0.0012856850921911,0.0015634648542833644,5.28711098319876,0.8223306642734937
DIXON,2026-07-07,0.0024442876266432,0.0025308317586419525,5.3993396179296,0.9658040753980452
DIXON,2026-07-09,0.0021832659490141,0.002517252329263716,5.126043919383326,0.8673210562298674
DIXON,2026-07-10,0.002099574316921,0.0021536884718922123,6.404817632832859,0.9748737314252011
DIXON,2026-07-13,0.0007892701869575,0.0011874143229981787,4.718797846946341,0.6646965357168853
DIXON,2026-07-14,0.0029876412674031,0.003172591627255742,6.716281818926825,0.9417036979283017
DIXON,2026-07-16,0.002281952580595,0.0027922643419938872,5.015599301969246,0.8172408844950237
DIXON,2026-07-17,0.0016057452035962,0.0018627259513123073,6.715630520961365,0.8620404963300897
DIXON,2026-07-20,0.0005904442731438,0.0007345575602234954,2.351171242725146,0.8038094018992226
DIXON,2026-07-21,0.000620708636174,0.0011294509574264343,0.0,0.5495667006103089
DIXON,2026-07-23,0.0012746228444067,0.0023565053327562822,2.571740803832327,0.5408953787156677
DIXON,2026-07-24,0.0013380761905265,0.0025477938330626675,7.407305810027376,0.5251901363298369
DIXON,2026-07-27,0.0017775086287273,0.002245080033443107,6.266503639103247,0.7917350839387544
DIXON,2026-07-30,0.0013507797841997,0.00198889333657736,5.430225715579391,0.6791615012015805
DIXON,2026-07-31,0.0076989689722836,0.008532247540182286,4.304283566339967,0.9023377411433045
DIXON,2026-08-03,0.0017705957871523,0.0019898523124733227,5.761058564868577,0.889812664011987
DIXON,2026-08-04,0.0021869417148338,0.0025029379708697216,5.372022362093263,0.8737498652728821
DIXON,2026-08-05,0.0014557353520395,0.0018117241908726912,5.660210366925773,0.8035082599069815
DIXON,2026-08-06,0.0011776487540635,0.0014677418173966049,4.364486956000558,0.8023541607285842
DIXON,2026-08-07,0.0012185507127857,0.001565445756663107,6.3689117971022,0.7784049415951364
DIXON,2026-08-10,0.0019656871977551,0.0021394790676687483,5.664015084227608,0.9187690720886472
DIXON,2026-08-11,0.0012902663929838,0.0017315955700203365,4.3720222098424815,0.7451314933594145
DIXON,2026-08-12,0.000916965937034,0.0015754840277588567,4.367030720776126,0.5820217284832739
DIXON,2026-08-13,0.0009286104761914,0.0011633968263308426,4.157174231290094,0.7981889370629287
DIXON,2026-08-14,0.0009172191785166,0.0013014604240440702,3.503849538500143,0.7047614830011466
DIXON,2026-08-17,0.0009603629372065,0.001085063922597169,5.08530910262165,0.8850749870181017
DIXON,2026-08-18,0.0012347289251124,0.0012888638518834625,5.25314145198948,0.9579979478112034
DIXON,2026-08-19,0.0008821570658719,0.0010878768964914514,3.272368648895713,0.8108978770640085
DIXON,2026-08-20,0.0009317825007995,0.0010126882381494343,5.344004066447245,0.9201079519815696
DIXON,2026-08-21,0.0016186158332963,0.0017942500820249986,3.718240581492189,0.9021127263762044
DIXON,2026-08-24,0.0016610788518714,0.001952731742080233,5.718328099856262,0.8506436476020321
DIXON,2026-08-26,0.0006324175123845,0.0010870498347041043,0.0,0.5817741672870448
DIXON,2026-08-27,0.0016106488684565,0.002682416416373725,0.464279613667978,0.6004469919826564
DIXON,2026-08-28,0.0015550263360849,0.0029093281466649862,5.279554956385261,0.5344967145997106
DIXON,2026-08-31,0.0017207132697269,0.002620271992165888,4.6784452012141795,0.6566926162136997
DIXON,2026-09-01,0.0018126465749684,0.0027219581053607904,7.138701126698697,0.6659347810675201
DIXON,2026-09-02,0.0006539411450659,0.001777077916093474,1.9521810494725005,0.36798676025610055
DIXON,2026-09-03,0.0048770435419819,0.0051491080273889794,5.452408615267956,0.9471627932527493
DIXON,2026-09-04,0.0006973129879153,0.0014761234570166567,3.701764858582332,0.4723947611567773
DIXON,2026-09-07,0.0027027862623079,0.0032806010268810657,5.829183330641665,0.8238692362044079
DIXON,2026-09-08,0.0008729197490753,0.0013363108533527373,3.290182164048157,0.6532310553979173
DIXON,2026-09-09,0.0014992883447234,0.0018218328390111796,5.314391859207408,0.8229560432872403
DIXON,2026-09-10,0.0011479437305029,0.0016890926751780904,5.646607064206432,0.679621519513052
DIXON,2026-09-11,0.0006163813817565,0.001897654802742983,3.553633022593172,0.32481217388196515
DIXON,2026-09-15,0.0030897731631858,0.0031729344160522565,5.5033928608778355,0.973790428051165
DIXON,2026-09-16,0.0016627607968415,0.002042648117199655,7.085651062075239,0.8140221425514262
DIXON,2026-09-17,0.0020846243449405,0.0023653826148094096,6.309421479698914,0.8813053464961178
DIXON,2026-09-18,0.0007948561564144,0.001587919449187217,5.702609639475066,0.5005645323012136
DIXON,2026-09-21,0.0005240466580353,0.0012739898356198345,5.512123152620113,0.4113428878185166
DIXON,2026-09-22,0.001013966169484,0.0012253221201694111,6.034769542383468,0.8275098872317841
DIXON,2026-09-23,0.0008185038383233,0.0017013765131463241,4.937162503312677,0.48108330636917984
DIXON,2026-09-24,0.0006710882875855,0.0015132903363613318,4.3315936378032704,0.44346301001241756
DIXON,2026-09-25,0.0009594818106599,0.0014047449331675461,6.085549865079098,0.6830292019607954
ICICIBANK,2026-07-01,0.0007848528879596,0.0011253385707278474,0.0,0.6974371165932509
ICICIBANK,2026-07-08,0.0052109061078947,0.005616746397871166,4.170540182436756,0.9277445942493885
ICICIBANK,2026-07-15,0.001484541171955,0.002019849372136874,4.575426541438395,0.7349761781416643
ICICIBANK,2026-07-22,0.0010754456163334,0.0013580512225378426,5.9787985748582635,0.7919035736543674
ICICIBANK,2026-07-29,0.0003647879485325,0.0006233984260239797,4.6649333515500935,0.5851602014126164
ICICIBANK,2026-07-02,0.0004503372910327,0.0008165711839124469,0.4371593459825933,0.551497897433747
ICICIBANK,2026-07-03,0.0005268251899916,0.0008382039149802725,3.721755084252374,0.6285167374862465
ICICIBANK,2026-07-06,0.000539308903342,0.0007103966731385441,4.539557392569774,0.7591658628683106
ICICIBANK,2026-07-07,0.0006142153740358,0.0010156074073739698,2.343133872672841,0.604776382661447
ICICIBANK,2026-07-09,0.0012678613170533,0.0016035630481774444,4.3958632371696424,0.7906526148094447
ICICIBANK,2026-07-10,0.0004454916333558,0.0009009303988044162,3.2257768963177096,0.4944795224436779
ICICIBANK,2026-07-13,0.0008836495161173,0.0013963871177547031,3.0743901888320977,0.6328112776764577
ICICIBANK,2026-07-14,0.0006756532051806,0.001441432921769149,3.3344439915311455,0.4687371815757712
ICICIBANK,2026-07-16,0.0014224027505514,0.002026441098978103,3.1180232608826906,0.7019215862078062
ICICIBANK,2026-07-17,0.0021896185753312,0.0025834119856114764,4.29809989127658,0.8475684821183997
ICICIBANK,2026-07-20,0.0008594921454403,0.0009885846107598301,4.652718164032878,0.8694168775090387
ICICIBANK,2026-07-21,0.0009173203551909,0.000977783370991389,5.164273761607172,0.9381631784766552
ICICIBANK,2026-07-23,0.000929316492103,0.0009750688774459344,6.510393349345884,0.9530777913220071
ICICIBANK,2026-07-24,0.0010500165610313,0.0013614222577748982,4.623845428056457,0.7712644295587189
ICICIBANK,2026-07-27,0.0004605834096,0.0005680180149937214,4.96368861907613,0.8108605668168659
ICICIBANK,2026-07-30,0.0011025644655852,0.0012462388448343702,4.094142901693795,0.8847136085954174
ICICIBANK,2026-07-31,0.000480574494674,0.0006156684170002932,4.393906250466941,0.7805735707793683
ICICIBANK,2026-08-03,0.0004646160448013,0.0007497084626859139,3.184280575161666,0.6197289585564519
ICICIBANK,2026-08-04,0.00022635312106,0.00048623722264811895,4.46531813585576,0.46551993660059143
ICICIBANK,2026-08-05,0.0009193940131933,0.0014380353136924059,3.0764001692335134,0.6393403586401476
ICICIBANK,2026-08-06,0.000681092530794,0.00083589835606131,4.308758966653844,0.8148030509394188
ICICIBANK,2026-08-07,0.0020348880772427,0.0024513628329634425,3.902589445891749,0.8301048094062567
ICICIBANK,2026-08-10,0.0009323376662092,0.0010537417858735554,4.574554846623332,0.8847876004426349
ICICIBANK,2026-08-11,0.0005873450971784,0.0008238851184248185,2.6968927484166545,0.7128968396726741
ICICIBANK,2026-08-12,0.0003612323309025,0.0007101047890367429,2.827443065685475,0.5087028512967947
ICICIBANK,2026-08-13,0.0010880942428688,0.0013066779479308523,3.964200948218343,0.8327179964977723
ICICIBANK,2026-08-14,0.000318708277651,0.0005143917041089052,3.3268629245273083,0.6195828492279188
ICICIBANK,2026-08-17,0.0004673999542025,0.0005647735084599548,2.510530033122743,0.827588311422438
ICICIBANK,2026-08-18,0.0009898603502236,0.0011767289571397773,4.131878670064222,0.8411965595115545
ICICIBANK,2026-08-19,0.0006025629245179,0.000680356732801599,4.467050800590636,0.8856573257335799
ICICIBANK,2026-08-20,0.0006285326824934,0.0008003716104026887,4.775853220564185,0.7853010705579226
ICICIBANK,2026-08-21,0.0004510925052033,0.0006348710530801125,4.615193038060208,0.7105261816786249
ICICIBANK,2026-08-24,0.0013742826816948,0.0014619146186544533,4.429612477446227,0.9400567339286134
ICICIBANK,2026-08-26,0.0016592692361318,0.0024279149689153926,6.359773062733368,0.6834132403216061
ICICIBANK,2026-08-27,0.000641816915776,0.0011777952015889833,5.025500185925351,0.5449308291544354
ICICIBANK,2026-08-28,0.0007296909008496,0.0012431070891760728,4.363072819176043,0.5869895741108166
ICICIBANK,2026-08-31,0.0033495618004207,0.0036424865357976475,5.678133067479414,0.9195811068899938
ICICIBANK,2026-09-01,0.0013163040804076,0.0015655400742945113,5.926725418379336,0.8407987135051614
ICICIBANK,2026-09-02,0.0008340452957566,0.0011276835269349952,4.579231861220336,0.7396093636514371
ICICIBANK,2026-09-03,0.0022119027187835,0.0024792449016760934,5.013273957068252,0.8921679005120242
ICICIBANK,2026-09-04,0.001223537915396,0.0015996269598838274,3.4051649955340357,0.7648895311722298
ICICIBANK,2026-09-07,0.000931552257495,0.0013543250588750346,5.5091271811183535,0.6878350595305315
ICICIBANK,2026-09-08,0.000525897334023,0.0008690953383474356,4.86348156622384,0.605108911322642
ICICIBANK,2026-09-09,0.0015424076102982,0.0017267836312579619,6.115375351625245,0.8932257535789565
ICICIBANK,2026-09-10,0.0016762220545456,0.002214781217647837,4.0175590936087335,0.7568341474043189
ICICIBANK,2026-09-11,0.0014610044384536,0.0019433199827277256,4.875901739899891,0.751808477985634
ICICIBANK,2026-09-15,0.0024573179315282,0.0028102225040649554,5.331239781928651,0.8744211278550781
ICICIBANK,2026-09-16,0.0010143097648332,0.0012368030561139788,7.947045727494009,0.8201061275027487
ICICIBANK,2026-09-17,0.001393880619745,0.0017033536071965234,3.3577891321777775,0.8183154771011572
ICICIBANK,2026-09-18,0.0008522510293873,0.0012305571882553629,3.920455106097461,0.6925732810480666
ICICIBANK,2026-09-21,0.0004585285543427,0.0008390962969130343,3.634348409084227,0.5464552233511082
ICICIBANK,2026-09-22,0.000494455046447,0.0007170648100586314,4.47152186093201,0.6895541930255515
ICICIBANK,2026-09-23,0.0005042234664057,0.0008745935141000077,4.293502484291814,0.5765232171022517
ICICIBANK,2026-09-24,0.0007621140122232,0.0013899626872529514,6.146024958093459,0.5482981803845409
ICICIBANK,2026-09-25,0.0011820468538997,0.0015757159491405427,6.406042714539191,0.7501649358467398
HINDUNILVR,2026-07-01,0.0006008760227915,0.0011742007311939878,5.85716124582616,0.5117319439756253
HINDUNILVR,2026-07-08,0.0006698372715918,0.0007861467020182573,4.307936089940447,0.8520512391289582
HINDUNILVR,2026-07-15,0.0009477115863601,0.001301534277036667,3.716270722014805,0.7281495409539651
HINDUNILVR,2026-07-22,0.0004186182058474,0.0006777214782991163,3.024429434032903,0.6176847263244628
HINDUNILVR,2026-07-29,0.0003572713082962,0.0007018520428150073,0.0,0.5090407756929032
HINDUNILVR,2026-07-02,0.0005155023238362,0.0009999762114679615,3.819989818790363,0.5155145871714732
HINDUNILVR,2026-07-03,0.0005426961228944,0.0007467981511620785,4.4280423716223645,0.7266971966252471
HINDUNILVR,2026-07-06,0.0006121055906768,0.0007629154247259741,4.656956174663675,0.8023243086173774
HINDUNILVR,2026-07-07,0.0012473795239283,0.001327244227538824,5.386389926507712,0.9398266709672407
HINDUNILVR,2026-07-09,0.0011310808062775,0.0013289336122591392,4.457359697977539,0.8511191197539985
HINDUNILVR,2026-07-10,0.0009826174822409,0.0010080997225142942,5.329258272512082,0.9747225004587452
HINDUNILVR,2026-07-13,0.0011640234457807,0.001216078851690147,3.754717422776607,0.9571940537925656
HINDUNILVR,2026-07-14,0.0017694368317363,0.0021287777028033248,4.3793293117034615,0.831198499216795
HINDUNILVR,2026-07-16,0.0005443806195916,0.0009317207500244938,3.9340388968090982,0.5842744401445271
HINDUNILVR,2026-07-17,0.0006845727195971,0.0007636083936581305,2.8987074661830903,0.8964971119785583
HINDUNILVR,2026-07-20,0.000431042557642,0.000885079454182407,2.908099868529132,0.4870100143045078
HINDUNILVR,2026-07-21,0.0004885817325373,0.0007797830936630523,3.490296578492285,0.6265610738521837
HINDUNILVR,2026-07-23,0.0005975439227592,0.0006973191848629887,4.346974249788321,0.8569159371064875
HINDUNILVR,2026-07-24,0.0005605296736704,0.0006687346906611411,4.807546745432939,0.8381944013047017
HINDUNILVR,2026-07-27,0.0012397618083314,0.0019450891489549455,2.03627775821238,0.6373804557994153
HINDUNILVR,2026-07-30,0.0003774139707431,0.0007069456755180792,2.318769416657156,0.5338655908270679
HINDUNILVR,2026-07-31,0.0003823880244223,0.00050224372583447,2.646218341709433,0.7613594849531836
HINDUNILVR,2026-08-03,0.000687095307888,0.0009332010318245008,4.239988304334727,0.7362779127501181
HINDUNILVR,2026-08-04,0.0025381313410324,0.0028652915991383755,5.312592674161421,0.8858195590967579
HINDUNILVR,2026-08-05,0.0010889931085161,0.0012574480191655838,2.5847710797149706,0.8660342947923471
HINDUNILVR,2026-08-06,0.0008920999512136,0.0010564305888548743,4.116594360050979,0.8444472932013435
HINDUNILVR,2026-08-07,0.0005282424068115,0.000725451371118751,3.572807341763511,0.7281568797600779
HINDUNILVR,2026-08-10,0.0008862111358192,0.0010565932886546009,4.262010969371598,0.8387438623120967
HINDUNILVR,2026-08-11,0.0010223224603767,0.0011925608119586761,4.343947749916264,0.8572497520672555
HINDUNILVR,2026-08-12,0.0008418472131116,0.0009277875790182396,5.083934205345917,0.9073706440459363
HINDUNILVR,2026-08-13,0.0010287496086565,0.001094412967949979,5.12031875512052,0.9400012963877086
HINDUNILVR,2026-08-14,0.00076600033729,0.0008878983741811161,4.163714496408934,0.8627117241840438
HINDUNILVR,2026-08-17,0.0005083231013827,0.0006001494363104655,4.081443518231028,0.8469942161534206
HINDUNILVR,2026-08-18,0.0007983859657806,0.000864378001659777,4.24263216496305,0.9236537304831229
HINDUNILVR,2026-08-19,0.0011809645402136,0.0013389089832151805,4.748592902830541,0.8820349665424594
HINDUNILVR,2026-08-20,0.0007130637653029,0.0009437224450857771,3.213880532731466,0.755586315675779
HINDUNILVR,2026-08-21,0.0005919145755556,0.0007010679009658371,4.302349497623402,0.8443042032592558
HINDUNILVR,2026-08-24,0.0005024266640887,0.0008375446261426809,1.4785354497758552,0.5998804701340279
HINDUNILVR,2026-08-26,0.0028010837046871,0.0033051318018646656,3.805001306502654,0.8474953111118911
HINDUNILVR,2026-08-27,0.0014789490549426,0.0018165806288985517,4.61338661691215,0.8141389550318677
HINDUNILVR,2026-08-28,0.0004234453733409,0.0009523626764823146,4.027184205814855,0.4446261742479819
HINDUNILVR,2026-08-31,0.001517382612317,0.0017011263889144276,4.075780973782527,0.8919869929742941
HINDUNILVR,2026-09-01,0.0011399140858068,0.0013371619621311095,3.3306592367872585,0.8524876702221288
HINDUNILVR,2026-09-02,0.000611098595281,0.0010325262605736477,3.448024378956825,0.5918479932331093
HINDUNILVR,2026-09-03,0.0010382097268425,0.001108068177842176,4.5378607440388885,0.9369547358216563
HINDUNILVR,2026-09-04,0.001923418541543,0.0027818817745501414,4.776427114738605,0.6914091602092027
HINDUNILVR,2026-09-07,0.0014834529471265,0.0016800939131163292,5.253888741703849,0.8829583486645166
HINDUNILVR,2026-09-08,0.0014961697925867,0.0016844749911954604,4.015068213420594,0.8882113420543445
HINDUNILVR,2026-09-09,0.0015940954560532,0.001887378578058237,3.460525424727221,0.84460821723071
HINDUNILVR,2026-09-10,0.0014695959164144,0.0018999128637831836,4.939442001239671,0.7735070088888608
HINDUNILVR,2026-09-11,0.000711997286996,0.0014230493623335783,3.994092000852035,0.5003321078254347
HINDUNILVR,2026-09-15,0.0020105050455001,0.0024862710096524815,5.403164334404627,0.8086427576457638
HINDUNILVR,2026-09-16,0.0015292748240628,0.0016994128839058163,2.981639526956421,0.8998842120980144
HINDUNILVR,2026-09-17,0.0006176232342985,0.0013334849044304457,5.062373977951795,0.46316477392917876
HINDUNILVR,2026-09-18,0.0007726877747751,0.0014667733623507499,4.546852271710589,0.5267942509787187
HINDUNILVR,2026-09-21,0.0009482178588062,0.0013228341942032888,3.0561360213498627,0.7168077926631529
HINDUNILVR,2026-09-22,0.0006206842729408,0.001084263447502309,4.171019451658134,0.5724478440830941
HINDUNILVR,2026-09-23,0.0004280370727787,0.0010895903469832044,6.2544012965050335,0.39284220346098386
HINDUNILVR,2026-09-24,0.0008616286408816,0.0010464092194682698,4.083839950396348,0.8234146114647521
HINDUNILVR,2026-09-25,0.0006464546425329,0.0010951316664493552,6.979870824830472,0.5902985570939068
TATAPOWER,2026-07-01,0.0018358858846236,0.002129993844826436,4.587790306501875,0.8619207464297619
TATAPOWER,2026-07-08,0.001173986423686,0.0014914766690472666,4.949187288713263,0.7871302636171476
TATAPOWER,2026-07-15,0.0009011136294963,0.001508206251089121,3.792196294243462,0.5974737399779233
TATAPOWER,2026-07-22,0.0021401222026441,0.0028999187781067423,6.111443598691054,0.737993842724558
TATAPOWER,2026-07-29,0.0013585044068323,0.0016590262137803108,3.138858713420212,0.8188565048268694
TATAPOWER,2026-07-02,0.0014513386072248,0.0019118658188925564,1.9400900876574576,0.7591215831587409
TATAPOWER,2026-07-03,0.0028538124469042,0.0029868772372196517,5.268219046608044,0.9554501977324935
TATAPOWER,2026-07-06,0.0004571727318569,0.0008584552322897989,0.3560776168657237,0.5325527932743345
TATAPOWER,2026-07-07,0.0012077789528328,0.0013553807077579594,4.773399364031261,0.8910994128215688
TATAPOWER,2026-07-09,0.0017827672748229,0.002637028051428182,5.513243795498226,0.6760516915462371
TATAPOWER,2026-07-10,0.0007851812269736,0.0015041547818505233,4.409619043464217,0.5220082643407293
TATAPOWER,2026-07-13,0.0005395990669569,0.001461187474929553,2.3871719003649647,0.3692880456581488
TATAPOWER,2026-07-14,0.0007252622444833,0.0013120414091389628,3.42817197682463,0.5527738983171719
TATAPOWER,2026-07-16,0.0015682952329044,0.0019725163714861263,4.288137945752296,0.7950733669819027
TATAPOWER,2026-07-17,0.0010227048489345,0.001627056221514975,4.629023373511661,0.6285614691189007
TATAPOWER,2026-07-20,0.0013576414737969,0.0014517735394993152,4.363679965408437,0.9351606410081842
TATAPOWER,2026-07-21,0.0006396707179282,0.0008891667489644238,5.040277932728063,0.7194046771015654
TATAPOWER,2026-07-23,0.000478720251688,0.0007270432245962738,3.5866027597294505,0.6584481300322037
TATAPOWER,2026-07-24,0.0011998127083819,0.0012783122627494942,5.37533759693048,0.9385912529707324
TATAPOWER,2026-07-27,0.0019701551975611,0.0023630391780512954,2.3080809585162823,0.8337378473706936
TATAPOWER,2026-07-30,0.0010357368577034,0.0013149402126912506,6.02780982521012,0.787668403252789
TATAPOWER,2026-07-31,0.0004491490065365,0.0007620964450134308,2.256708942606344,0.5893597975366286
TATAPOWER,2026-08-03,0.0010740009849124,0.001347114788108998,4.0597956950568275,0.7972601847983725
TATAPOWER,2026-08-04,0.000602727069186,0.0009176265921343199,3.595661736913661,0.6568326096392968
TATAPOWER,2026-08-05,0.0010334191922341,0.001151958570696813,3.755994045305912,0.8970975332984334
TATAPOWER,2026-08-06,0.0006820005246505,0.0009364672735477298,3.2318884074835488,0.7282694696492668
TATAPOWER,2026-08-07,0.0008315792920266,0.0010974172740760254,4.050583914045113,0.7577603448303211
TATAPOWER,2026-08-10,0.0009916898150528,0.0012391073954160538,4.757246481299612,0.8003259594135675
TATAPOWER,2026-08-11,0.0006295276618578,0.0009027687300467133,3.198837285032579,0.697329937231239
TATAPOWER,2026-08-12,0.002243397609521,0.0025033930679004956,4.075560543960213,0.8961427744954393
TATAPOWER,2026-08-13,0.0013468772685788,0.0014163671707393126,4.475307732980154,0.9509379321999956
TATAPOWER,2026-08-14,0.0031672004172998,0.003958269097382642,5.1035750718266755,0.8001478270878736
TATAPOWER,2026-08-17,0.0015418257540078,0.001850919851673318,5.122990972049131,0.8330051420724228
TATAPOWER,2026-08-18,0.0008731903159668,0.0009657297356159975,3.971448000460188,0.9041766901894446
TATAPOWER,2026-08-19,0.0008890140939391,0.0009851942833128812,4.130043691650217,0.9023743935557978
TATAPOWER,2026-08-20,0.0014880656250206,0.0015778503094083358,4.620764608559816,0.9430968300019515
TATAPOWER,2026-08-21,0.0011435318797798,0.0013283198407868578,4.839085521288677,0.8608859437817364
TATAPOWER,2026-08-24,0.0026905009314859,0.003195896370302078,5.925167015571972,0.8418611305696349
TATAPOWER,2026-08-26,0.0015128675363585,0.0019305357487882828,5.557892150117791,0.7836516559240428
TATAPOWER,2026-08-27,0.0010111037594438,0.001131359427173112,6.448096479960162,0.8937069291676911
TATAPOWER,2026-08-28,0.0008767154727864,0.0012132203098886728,4.191082882440252,0.7226350116631735
TATAPOWER,2026-08-31,0.0016515032836966,0.0018794262642365916,2.372019096999892,0.8787273622396822
TATAPOWER,2026-09-01,0.0006119403170353,0.0009327143522686437,4.098355647469392,0.6560854516142867
TATAPOWER,2026-09-02,0.0008435872440436,0.001319838918966255,3.844504642055722,0.6391592427842087
TATAPOWER,2026-09-03,0.0041207876268469,0.004594185021094551,6.960575553754252,0.896957264003515
TATAPOWER,2026-09-04,0.0007605232182861,0.001114870654186505,3.8396352640026863,0.6821627382784022
TATAPOWER,2026-09-07,0.0004777409994477,0.00093725638325474,0.2842345508974589,0.5097228549019689
TATAPOWER,2026-09-08,0.0007672991956405,0.0010958937850010406,3.946886387606321,0.7001583603649796
TATAPOWER,2026-09-09,0.0014651443621912,0.0016949754170717882,3.2160039159177156,0.8644044907284612
TATAPOWER,2026-09-10,0.0030369891005378,0.0032883821596213204,6.077530731663124,0.9235511425130496
TATAPOWER,2026-09-11,0.0007267216679355,0.0011198548247715338,2.8559269129423224,0.6489427485243559
TATAPOWER,2026-09-15,0.0027443873879198,0.0031044064278064223,5.230368010548792,0.8840296693558221
TATAPOWER,2026-09-16,0.001318660798134,0.0016483916608562882,3.7223014404996615,0.7999681322392742
TATAPOWER,2026-09-17,0.0033385863546012,0.0036365108562124945,5.697073475682649,0.918074078865369
TATAPOWER,2026-09-18,0.0010219191027712,0.001214482351783175,3.493541679553467,0.8414441768303654
TATAPOWER,2026-09-21,0.0014503113940982,0.0016956776926647667,4.162474292694091,0.8552989759622465
TATAPOWER,2026-09-22,0.0011408481015542,0.001639628224619801,3.531907465069123,0.6957968180980425
TATAPOWER,2026-09-23,0.0013544715286987,0.001738470688026161,4.420498570302531,0.7791166903346244
TATAPOWER,2026-09-24,0.0023314376962715,0.0024783415123625784,6.786117459851221,0.940724950391911
TATAPOWER,2026-09-25,0.0011875731838614,0.0013088016638154187,3.653058989293054,0.9073744454139725
ONGC,2026-07-01,0.000457143139059,0.0011120532610223869,2.358451033831612,0.41108025584918206
ONGC,2026-07-08,0.0026933891841904,0.002848288041601953,6.497632297761556,0.945616856459351
ONGC,2026-07-15,0.0017087197687312,0.0026342389571593528,5.533452706184492,0.6486578463533954
ONGC,2026-07-22,0.0012107239001785,0.0017162497935282158,4.891112339596605,0.7054473682933586
ONGC,2026-07-29,0.0030889912840676,0.0038351844501261605,6.226853623747448,0.8054348687104178
ONGC,2026-07-02,0.001047671925067,0.0014809014466585378,4.69915244259455,0.7074555348912218
ONGC,2026-07-03,0.0015893433030446,0.0025561107875512645,5.634431108901232,0.6217818534255236
ONGC,2026-07-06,0.0008039289273151,0.0013671808241973852,2.7166460870383977,0.5880194580603872
ONGC,2026-07-07,0.0007144997427996,0.0014908285010521443,1.5761333676802227,0.479263538559496
ONGC,2026-07-09,0.0003772009747408,0.0013741127073815852,0.0,0.2745051208059696
ONGC,2026-07-10,0.0010023554095309,0.0016305784297806591,0.2197181371996887,0.6147238251310205
ONGC,2026-07-13,0.0012979257491969,0.001829779224549446,2.545616136352119,0.7093346190530136
ONGC,2026-07-14,0.0009376347726258,0.0015162555251414416,5.655051880409226,0.6183883633586985
ONGC,2026-07-16,0.0007784138587649,0.0015667248524576722,5.115858583336834,0.49684145722449385
ONGC,2026-07-17,0.0012049926438977,0.0019540687407481163,4.930819675391888,0.6166582673219407
ONGC,2026-07-20,0.0020436786718952,0.0024405626085939715,5.363857289428453,0.8373801453397585
ONGC,2026-07-21,0.0009250727873546,0.0016680557498120528,5.704807088564757,0.554581456560329
ONGC,2026-07-23,0.0008543284648316,0.0016206434507988706,5.469109036519374,0.5271538686751069
ONGC,2026-07-24,0.0005239097629689,0.001662281131194868,6.548694924907302,0.31517518495340635
ONGC,2026-07-27,0.0064800335125981,0.0067897473702489075,4.787076846986062,0.9543850690221699
ONGC,2026-07-30,0.0027423566046851,0.003488786235073414,3.791581776013483,0.7860489063834526
ONGC,2026-07-31,0.0009613685997251,0.0013297517159947456,3.645670790334085,0.7229684971723689
ONGC,2026-08-03,0.0007119526952088,0.00158051980706999,3.2352659248692097,0.4504547757162481
ONGC,2026-08-04,0.0012037670392785,0.0020408770300235335,2.892829437298128,0.5898283049736806
ONGC,2026-08-05,0.0008495010021547,0.001146264567474579,3.895862912513885,0.7411037785336932
ONGC,2026-08-06,0.0015814144342741,0.002039011232999595,4.738397319041359,0.7755790692470471
ONGC,2026-08-07,0.0019316115166397,0.0023739831795733086,4.353789914503559,0.8136584678695495
ONGC,2026-08-10,0.0006318765041396,0.0008368338147130542,4.533248080766655,0.7550800326541143
ONGC,2026-08-11,0.0016396158852115,0.0020541633913765235,4.180377618703979,0.7981915616326755
ONGC,2026-08-12,0.0012880198084262,0.0015496467570401587,2.932234247661567,0.8311699441015391
ONGC,2026-08-13,0.0009737427502731,0.0011245160473403054,4.355309142436919,0.8659216136365391
ONGC,2026-08-14,0.0012354152813631,0.0014453739338071954,4.324689033206983,0.8547374852049168
ONGC,2026-08-17,0.0004763234590272,0.0007665816061260404,3.3493281587080435,0.621360407320918
ONGC,2026-08-18,0.0029273946879863,0.0029914159982460217,4.931820897897562,0.9785983259107862
ONGC,2026-08-19,0.0008945610386917,0.001068238266610988,4.828052515559307,0.8374171443321504
ONGC,2026-08-20,0.0011772296688257,0.0012540526067633924,5.895251242628193,0.9387402589625278
ONGC,2026-08-21,0.0005782384503041,0.0007237502407831319,4.8502079831342035,0.7989475066404381
ONGC,2026-08-24,0.0006354028534927,0.0008703688580563348,2.920224915033944,0.7300385895143935
ONGC,2026-08-26,0.0004650839813319,0.001036825032538387,2.0718272352029214,0.44856554070002247
ONGC,2026-08-27,0.0009141016518972,0.00124727565757382,5.1877061241712505,0.7328786113530793
ONGC,2026-08-28,0.0007741934624293,0.001256576712058455,4.714932364870445,0.6161131708075814
ONGC,2026-08-31,0.0021885055253284,0.0028493746255668436,6.778971999759233,0.7680652118157426
ONGC,2026-09-01,0.0011639954461918,0.0013937955616160126,3.1838342291925468,0.8351263831276843
ONGC,2026-09-02,0.0014474752497518,0.0015318290517034288,5.477524691878884,0.9449326268764615
ONGC,2026-09-03,0.001027182322868,0.0013472635511591134,5.226079657791609,0.7624212218791694
ONGC,2026-09-04,0.0009355687976706,0.0011367850452804846,4.983772478867478,0.8229953424833826
ONGC,2026-09-07,0.0008577295654721,0.0010483849133232804,3.359225401311078,0.8181437509942593
ONGC,2026-09-08,0.0027068063172704,0.0032286878234259794,4.596648421367566,0.8383611130289432
ONGC,2026-09-09,0.0023814659617533,0.0026215844434115828,5.109126203217761,0.9084071152994003
ONGC,2026-09-10,0.0007328433664835,0.0011838595932834907,5.064301449139927,0.6190289546507151
ONGC,2026-09-11,0.0017032765319182,0.0019138677388694722,5.274851341430508,0.8899656425183962
ONGC,2026-09-15,0.0010650079221501,0.0013553776644521824,3.903212190016,0.7857646987126321
ONGC,2026-09-16,0.0010785771768594,0.0014450648591659686,4.893784514403537,0.7463866898555058
ONGC,2026-09-17,0.0010082403132436,0.0014932684805259117,4.018176529735931,0.6751902463571116
ONGC,2026-09-18,0.0014320944572312,0.0020693173320860516,6.1589821983379425,0.6920613068985048
ONGC,2026-09-21,0.0021075354099017,0.0025379184824925113,2.478886037423244,0.8304188745384256
ONGC,2026-09-22,0.0007219871422303,0.001232025064241056,2.7860178700054523,0.5860166024098331
ONGC,2026-09-23,0.0007510383797348,0.0012249204129748767,4.312641065848908,0.6131323894838251
ONGC,2026-09-24,0.0016975996372835,0.0020861166087383256,5.773938053748335,0.8137606642757141
ONGC,2026-09-25,0.0006011828041725,0.0012081445432739416,5.82162816054543,0.49760834290850603
SBICARD,2026-07-01,0.0007024133513417,0.0015016530283339976,3.715588272481879,0.46776008710946326
SBICARD,2026-07-08,0.0054519201020105,0.006010567885732147,4.8362952615648025,0.9070557400994068
SBICARD,2026-07-15,0.0016417820238114,0.001997509668233994,5.122548700046922,0.8219144317148191
SBICARD,2026-07-22,0.0014045186697938,0.0022063501632139807,3.7430467852008262,0.6365801282185616
SBICARD,2026-07-29,0.0013612963473713,0.0016643743761930387,6.312074768286916,0.8179027308056881
SBICARD,2026-07-02,0.0011622143365683,0.002094276039973948,4.993281520598393,0.5549480175415451
SBICARD,2026-07-03,0.0012407845517774,0.001630551217448246,4.6048745231843,0.7609601823604064
SBICARD,2026-07-06,0.0023257646787499,0.002515288804027158,4.98762027456392,0.9246511474253708
SBICARD,2026-07-07,0.0007009073176798,0.001552766065307211,4.984835913668784,0.45139273283971926
SBICARD,2026-07-09,0.0013106884782395,0.0017590854081473953,4.028883612045976,0.7450965553854884
SBICARD,2026-07-10,0.0007000468315506,0.00106514644239275,3.4863503748638083,0.6572305963657087
SBICARD,2026-07-13,0.0008181856458099,0.0011506317699778632,4.430208288476321,0.7110751390304832
SBICARD,2026-07-14,0.0031299066012128,0.003897912267437716,5.320716253820194,0.8029699968773892
SBICARD,2026-07-16,0.0021475259231732,0.0025527550305474646,4.646468325308131,0.841258129932131
SBICARD,2026-07-17,0.0008841603659812,0.001393371882992942,4.3775283966059675,0.6345472998077417
SBICARD,2026-07-20,0.0027919575667931,0.003759394380868445,4.78346681605318,0.7426615257503629
SBICARD,2026-07-21,0.0023840896257891,0.0032881767962956786,3.2289674180256545,0.7250490996940661
SBICARD,2026-07-23,0.0014649285590039,0.002128837650589291,3.8663323799356,0.6881354050640677
SBICARD,2026-07-24,0.0023050853549084,0.003934572916802889,2.165075433531296,0.5858540186316945
SBICARD,2026-07-27,0.0017038450195758,0.0018630565865202383,4.962425333540976,0.9145428173806525
SBICARD,2026-07-30,0.0017193374472561,0.002060068326649841,4.925284760969056,0.8346021464502346
SBICARD,2026-07-31,0.0010104306778938,0.001237588436261289,3.2644880672676315,0.8164512921163641
SBICARD,2026-08-03,0.000446759112433,0.001102372706941007,1.56905522994157,0.4052704766908821
SBICARD,2026-08-04,0.0008393015654971,0.0015920326790817654,5.334950789864933,0.527188654180882
SBICARD,2026-08-05,0.0005895135307445,0.001022655659735156,3.515262202503749,0.5764535942598413
SBICARD,2026-08-06,0.0005522881947138,0.0011793674546550022,2.995730249720635,0.46829187335456846
SBICARD,2026-08-07,0.0015473886150623,0.0019331866321412536,1.8095221156555337,0.8004341584694115
SBICARD,2026-08-10,0.0008878180417867,0.0014275305897623086,4.160863837293043,0.6219257563752286
SBICARD,2026-08-11,0.0015516229545486,0.0020549156179830194,4.34762109236811,0.755078671343001
SBICARD,2026-08-12,0.0018319232109605,0.0023375532962723604,3.5306388255468315,0.7836925959642604
SBICARD,2026-08-13,0.0013772058476934,0.0017622380033186261,4.106037112548158,0.7815095606268063
SBICARD,2026-08-14,0.0026771874512514,0.0029228469465057963,3.649610666614806,0.9159519811504064
SBICARD,2026-08-17,0.0019208305493543,0.0024582166365028557,4.33666235903459,0.7813918923301
SBICARD,2026-08-18,0.0027891257401457,0.003124544354409076,4.619143436526811,0.8926503911554133
SBICARD,2026-08-19,0.0009076048664622,0.0011661429602358151,4.498717582116834,0.7782963988211753
SBICARD,2026-08-20,0.0019670641564745,0.0020989828065863846,5.501387586402574,0.9371511525973735
SBICARD,2026-08-21,0.0013170410273014,0.0014932848772679064,5.374680520230262,0.8819757350727614
SBICARD,2026-08-24,0.0021341317641919,0.002313996428992343,6.106328914604648,0.9222709842820426
SBICARD,2026-08-26,0.0009387943044697,0.0012458110104618552,4.583060688166189,0.7535607701216768
SBICARD,2026-08-27,0.0007039995708791,0.0010306044629757674,3.5335821078657825,0.6830938504247999
SBICARD,2026-08-28,0.0014247024434464,0.0016649280598827075,5.4403668086807695,0.8557141162884653
SBICARD,2026-08-31,0.0057763446848294,0.006041111920552874,5.757801746041637,0.9561724332862147
SBICARD,2026-09-01,0.001464065016081,0.0023444896474537572,5.097347821495735,0.6244706679217177
SBICARD,2026-09-02,0.002177251653489,0.0024070828375975886,5.598374855510859,0.9045187890841457
SBICARD,2026-09-03,0.0018356396735241,0.0023266936573542608,5.1115027685665115,0.7889477274852977
SBICARD,2026-09-04,0.0026862871945414,0.003909317645159887,3.1259226224349344,0.6871498912009063
SBICARD,2026-09-07,0.0023355647661211,0.0023752728087310707,4.554079792308748,0.9832827444224466
SBICARD,2026-09-08,0.001317469971091,0.001456653334371211,5.518752004770185,0.9044499058245098
SBICARD,2026-09-09,0.002055482426798,0.0022089876595121107,4.70056696594878,0.9305087866593087
SBICARD,2026-09-10,0.0011129376433408,0.0015163405052068964,4.866953896540414,0.7339628793922811
SBICARD,2026-09-11,0.0018405158415959,0.001987839052188609,5.29697221247825,0.9258877571448724
SBICARD,2026-09-15,0.0032845849779715,0.0037463798720200688,4.130578743820598,0.8767356995756102
SBICARD,2026-09-16,0.0016725028519735,0.0017135911451860476,5.899048499537458,0.976022113951758
SBICARD,2026-09-17,0.0024145442721425,0.0026230304038497845,5.1286470581308885,0.9205170739152347
SBICARD,2026-09-18,0.0012004184342642,0.0014571640781554014,4.789597507786086,0.8238045751057691
SBICARD,2026-09-21,0.0009855557087273,0.0012447441377610906,4.480974940320008,0.791773729900837
SBICARD,2026-09-22,0.0008835485337009,0.0011072024502541866,4.842141230773967,0.7980008836668117
SBICARD,2026-09-23,0.0007213044136578,0.0011776347813966341,4.021626109485843,0.6125026409311365
SBICARD,2026-09-24,0.0008189150904595,0.0009889582119077458,5.397042952144293,0.8280583351239637
SBICARD,2026-09-25,0.0008169690283173,0.0011304294858845306,3.806994262378792,0.7227067574923027
HAL,2026-07-01,0.000607770309961,0.0013628487382988876,4.575171466755239,0.44595580777337107
HAL,2026-07-08,0.0043341497814016,0.004745631031012256,4.607042653283616,0.9132926165305174
HAL,2026-07-15,0.0032367121965775,0.0037711591483235943,6.440788503586672,0.8582804568235541
HAL,2026-07-22,0.0012837849999323,0.0019144347251469245,6.768666008001239,0.6705817561023268
HAL,2026-07-29,0.0008104476119709,0.001134662098211084,4.89571072378811,0.7142634033944177
HAL,2026-07-02,0.0002755811975961,0.0009390473526446971,0.0,0.2934689042250784
HAL,2026-07-03,0.0035122589609731,0.004337559062641359,6.352132123402724,0.8097316740245857
HAL,2026-07-06,0.0026169640844729,0.0034821845325236213,6.017392300796368,0.7515294092057563
HAL,2026-07-07,0.0015091389378396,0.0019992449876096554,4.547426546379753,0.7548544311440101
HAL,2026-07-09,0.0011908714144659,0.0014354960480733652,3.7961588040153886,0.8295887794774598
HAL,2026-07-10,0.0020399431478004,0.0022567612535217014,5.388215643181466,0.9039251026740405
HAL,2026-07-13,0.0009620624181569,0.0011313163972596376,5.255288326470918,0.8503920039409685
HAL,2026-07-14,0.0013618943404127,0.0015640413533128182,4.920990094585305,0.8707534091269724
HAL,2026-07-16,0.0021521597418202,0.0025794215739360637,4.611385647884021,0.8343575023047186
HAL,2026-07-17,0.0010306629110968,0.0014212409428551707,4.464890027968381,0.7251852096424075
HAL,2026-07-20,0.000652091367767,0.0008785355343448306,5.102446517854592,0.7422481416796627
HAL,2026-07-21,0.000963720512538,0.0011283347138390575,4.618425989143668,0.8541087150097755
HAL,2026-07-23,0.002280633008748,0.0026497576865079477,4.691571269322534,0.8606949308461452
HAL,2026-07-24,0.001030979860062,0.0014151936339505164,5.248166004800767,0.7285079831683648
HAL,2026-07-27,0.0005411047403626,0.0006223195738963397,4.939981350365638,0.869496578702717
HAL,2026-07-30,0.0013875664329656,0.0016065762188620584,4.33393500379786,0.8636791810278485
HAL,2026-07-31,0.0009366429451513,0.0012556116006980065,4.960443661585764,0.7459655076702152
HAL,2026-08-03,0.0017719010154313,0.002610906361321499,4.44684505405224,0.6786536053841702
HAL,2026-08-04,0.0028110787075051,0.003098817531974981,3.980384627991436,0.9071456058638938
HAL,2026-08-05,0.002121722044758,0.0029386192400390103,3.9989645704296817,0.7220132556982218
HAL,2026-08-06,0.002242037692942,0.003075222089832375,5.309093400021901,0.7290652926677597
HAL,2026-08-07,0.0016922563109407,0.0026221165138994177,4.804345055696052,0.6453779997838851
HAL,2026-08-10,0.0012793068796826,0.002458689542817116,3.430352093979819,0.5203206250337716
HAL,2026-08-11,0.0011781375985824,0.002714886498967052,3.427620085207913,0.4339546419456771
HAL,2026-08-12,0.0023015488498965,0.002788317861648539,4.755804828375676,0.8254255662716136
HAL,2026-08-13,0.0053458924677675,0.005847391448066779,4.511894685200517,0.9142354356205994
HAL,2026-08-14,0.0020231943997858,0.0024284846775744057,4.523605164662909,0.8331098064849997
HAL,2026-08-17,0.0008084949864446,0.0011991396632877506,3.35496002354954,0.6742292088211832
HAL,2026-08-18,0.0012491791512577,0.0014210652834111119,3.9610794136195655,0.8790441690751758
HAL,2026-08-19,0.0013258732640401,0.001370442844060354,4.379505420372749,0.9674779723843111
HAL,2026-08-20,0.0011642520431385,0.0012898424962251933,3.9517735803227727,0.9026311712831282
HAL,2026-08-21,0.0007351216068089,0.0008721478147531275,4.605386637317695,0.8428864859530555
HAL,2026-08-24,0.0011942016238425,0.0014319081880469567,3.985590425557544,0.8339931525018547
HAL,2026-08-26,0.0016113631069004,0.002367040677898914,4.775583570698111,0.6807500698850323
HAL,2026-08-27,0.0009667256894667,0.0012438285308667702,4.14491540612339,0.7772178121634102
HAL,2026-08-28,0.0007116282453134,0.0011746597602182748,4.13223029525157,0.6058164835587502
HAL,2026-08-31,0.0014310525057327,0.0016824596745138396,5.1630562955437265,0.8505716525694527
HAL,2026-09-01,0.0006510205658871,0.0008378783447009346,3.4204843655282433,0.7769869814686163
HAL,2026-09-02,0.0027542098794362,0.003426136688062646,3.115685521399308,0.8038820777444242
HAL,2026-09-03,0.0026388706209928,0.0027612967389994115,4.88215917017854,0.955663541597136
HAL,2026-09-04,0.0017360767378231,0.002085577784689367,3.8314217820182863,0.8324200375397062
HAL,2026-09-07,0.0012310216219982,0.0016914352049089336,3.750786971010978,0.7277970911480927
HAL,2026-09-08,0.0006545735321177,0.0009834851946562808,2.5937006169523817,0.6655652120380599
HAL,2026-09-09,0.001958823119147,0.002489214631007965,2.9579657802249546,0.7869241546092826
HAL,2026-09-10,0.0018484334003491,0.002140145515958982,4.831009760742481,0.8636951957544026
HAL,2026-09-11,0.0013906526342427,0.0017324895344363394,4.2353889925504875,0.8026903520055866
HAL,2026-09-15,0.0009502936746462,0.0013752972135793863,5.21176626805714,0.6909733149047395
HAL,2026-09-16,0.0009171326855054,0.0012244193310277638,4.875776215785532,0.7490347973643712
HAL,2026-09-17,0.0008305629266667,0.001036127007798527,4.009692642633256,0.8016033945794042
HAL,2026-09-18,0.0020861526671603,0.002346002673205388,4.984091256732479,0.889237122782111
HAL,2026-09-21,0.0021131131433851,0.0025120906368327847,4.5425449141237,0.8411771105716508
HAL,2026-09-22,0.0011379652407413,0.0013675247347424335,4.9378425537806825,0.8321350333422891
HAL,2026-09-23,0.0010995686476559,0.0014037036122588392,4.573767914369068,0.7833339161152936
HAL,2026-09-24,0.0029511837910041,0.003181031781194937,4.434981526650543,0.927744201881411
HAL,2026-09-25,0.0014433351098514,0.0019201262841319249,4.9452970183732115,0.7516875956437007
PFC,2026-07-01,0.0003243930562587,0.0006936990905636604,3.7718777531477414,0.46762791053267294
PFC,2026-07-08,0.0034616732927611,0.003579981125426024,5.91475748981917,0.9669529451357526
PFC,2026-07-15,0.0040587555165948,0.004621009665865875,6.059283057983989,0.8783265584955834
PFC,2026-07-22,0.0010726411286099,0.0012529088278914336,6.399298709265709,0.8561206567720391
PFC,2026-07-29,0.0012353804648061,0.002249273317176646,4.159037096757418,0.5492353709849659
PFC,2026-07-02,0.0002859480876108,0.0006822530028363459,4.802190947500662,0.4191232378927195
PFC,2026-07-03,0.0012306508438292,0.00183705138794525,4.940217199308071,0.6699055083079023
PFC,2026-07-06,0.0023661254267427,0.0031159237842019512,6.0137309787005435,0.7593656297818308
PFC,2026-07-07,0.0016670998866,0.0017783071784781982,5.658264107180356,0.9374645206272154
PFC,2026-07-09,0.0018451863585369,0.0019309989305288991,6.210792516030233,0.955560528472952
PFC,2026-07-10,0.0006577293138109,0.0010417839790799093,4.70843283300064,0.6313490387822996
PFC,2026-07-13,0.0020294811264104,0.002209871023013519,4.425304542758264,0.9183708484682839
PFC,2026-07-14,0.0009068947895435,0.0009754076452379077,6.0548588129290914,0.9297597716924836
PFC,2026-07-16,0.0009919531204117,0.0012368764444138883,4.432717348245822,0.8019823846526168
PFC,2026-07-17,0.0026678195076342,0.0032937920698451607,4.879942609396547,0.8099538316514353
PFC,2026-07-20,0.0027904957711264,0.0029254763646248756,4.949752967090671,0.953860302844804
PFC,2026-07-21,0.0010300750603657,0.0013832223757474522,7.534844631399967,0.7446923057538584
PFC,2026-07-23,0.0015066889505677,0.0018387010729601695,5.632049534954804,0.8194311586178851
PFC,2026-07-24,0.001068814193748,0.001659692705136328,5.608439793879485,0.6439831846222444
PFC,2026-07-27,0.0012874157489923,0.0013108247160131014,6.423102783144259,0.9821418022296678
PFC,2026-07-30,0.0011736302767244,0.0020138476017982163,4.936365476160511,0.5827800850851055
PFC,2026-07-31,0.0008961476072412,0.00177124115776822,4.7815698860075955,0.5059433060884573
PFC,2026-08-03,0.0017072328578862,0.002571253534315439,4.322988713826072,0.6639690855459446
PFC,2026-08-04,0.0013302803188053,0.002267211185713956,4.439049990186871,0.5867474222020426
PFC,2026-08-05,0.0016242660384495,0.0027141368172295625,5.44985676024358,0.5984466325126008
PFC,2026-08-06,0.0014677134401622,0.0024613933372888055,5.197848931308384,0.5962937405928255
PFC,2026-08-07,0.0008752525398951,0.0024565621867736814,0.0,0.3562916276280432
PFC,2026-08-10,0.0010671519864222,0.0014040648923462915,3.1889977354359704,0.7600446334349359
PFC,2026-08-11,0.0011665021027973,0.0014014480375652187,3.4448390125577975,0.8323548726243907
PFC,2026-08-12,0.0011252119351246,0.001376117742028441,3.5675212790084534,0.8176712651535196
PFC,2026-08-13,0.0006227276072708,0.000921501186818971,4.0492125661044565,0.6757751549083298
PFC,2026-08-14,0.000817237601084,0.0012057723372823135,4.192233599653221,0.6777710649142684
PFC,2026-08-17,0.0008650076423044,0.0013544150396142113,3.4401652084842436,0.6386577356308646
PFC,2026-08-18,0.0018512446549728,0.0019767709745947735,5.850534651403837,0.9364993106256503
PFC,2026-08-19,0.0022855016686449,0.002405998053299131,5.057116270400973,0.9499183365967379
PFC,2026-08-20,0.0007869831492173,0.0008720489134633686,4.643056473798912,0.9024529898119735
PFC,2026-08-21,0.0007531751763353,0.0010615350816297196,3.929064905992478,0.7095151063486186
PFC,2026-08-24,0.0008839466370309,0.0011703710001250628,2.793198508700979,0.75527045435716
PFC,2026-08-26,0.0009977110790336,0.001315179155824881,0.6732091998266502,0.758612295986272
PFC,2026-08-27,0.0007164217823623,0.0009766912150176122,3.00015121079516,0.7335192242405714
PFC,2026-08-28,0.0013721513961258,0.0016889688563057842,5.615088505370382,0.8124195961357471
PFC,2026-08-31,0.0023361525507726,0.0026279400217076886,3.863818373947436,0.8889672258404592
PFC,2026-09-01,0.0011004708760399,0.0012463745348406485,3.927664692629159,0.882937548287279
PFC,2026-09-02,0.0008928709654508,0.0012126670378904644,4.723835923900011,0.736286991855591
PFC,2026-09-03,0.0033935185609263,0.003737795166266344,3.216222434834461,0.9078931321739765
PFC,2026-09-04,0.0012096691683135,0.0014619358785920218,3.6387723482857934,0.8274433824543128
PFC,2026-09-07,0.0030349684221645,0.0032867014716767566,4.134709284904276,0.9234086053505092
PFC,2026-09-08,0.0010413732447661,0.0011130094797357304,6.346033301699223,0.9356373541520603
PFC,2026-09-09,0.0020376921927157,0.0023293658763974896,5.0303549971948085,0.8747840832403361
PFC,2026-09-10,0.0010814945734488,0.0013582578780705406,3.880651122539513,0.7962365548618103
PFC,2026-09-11,0.000982499585162,0.0011777306686884632,4.925713800253837,0.8342311287996982
PFC,2026-09-15,0.003412461075216,0.00418611285738026,4.837931421643185,0.8151861145357594
PFC,2026-09-16,0.0027063678408826,0.0030603089766787295,3.8603397923554494,0.8843446402002675
PFC,2026-09-17,0.0012739272637454,0.0015916921854932436,4.098082199654999,0.8003603180037147
PFC,2026-09-18,0.0012386485402823,0.0015390108024196851,5.912524036311918,0.8048342080087122
PFC,2026-09-21,0.0012122815503355,0.0013973666931219055,3.873068240701144,0.8675471916588334
PFC,2026-09-22,0.000728959944486,0.0009670717485973101,4.746413264315655,0.7537806223202368
PFC,2026-09-23,0.0010190311617017,0.0014192372037876801,4.987724786611597,0.7180132813472585
PFC,2026-09-24,0.000738032646136,0.0010937072642176332,3.558466587542661,0.6747990712706295
PFC,2026-09-25,0.0008869844332113,0.001018937231717245,4.703248441276166,0.8704995809373253
HINDZINC,2026-07-01,0.00114696475007,0.0016148780471722164,0.6890704116220844,0.7102485243876026
HINDZINC,2026-07-08,0.0025220796556545,0.0027813669154989865,5.210602317873247,0.9067770388726402
HINDZINC,2026-07-15,0.0023244138817073,0.002889562117766201,4.800430402592342,0.804417343173161
HINDZINC,2026-07-22,0.0008384676997174,0.0011942888561463263,4.886238673841169,0.7020644087921302
HINDZINC,2026-07-29,0.0014441070991498,0.0017222532097241885,4.723997506105328,0.8384987126144288
HINDZINC,2026-07-02,0.0008593198214493,0.001787712409108775,2.2367385751842206,0.480681242167858
HINDZINC,2026-07-03,0.0015605408210928,0.001848206440490241,5.459628188449524,0.8443541732702019
HINDZINC,2026-07-06,0.0005792415634989,0.0011230207345244568,0.6030426254239836,0.515788841373601
HINDZINC,2026-07-07,0.0004781793426067,0.000962555497080082,4.689475690641434,0.49678106255406573
HINDZINC,2026-07-09,0.0015911325624121,0.0022095901129916243,3.2495193775936366,0.7201030422143871
HINDZINC,2026-07-10,0.0026338652599801,0.002906533085388781,6.40692093119095,0.9061879505933067
HINDZINC,2026-07-13,0.0008613179124804,0.0015524608191230481,4.43700717652629,0.5548081483737155
HINDZINC,2026-07-14,0.0006151319108441,0.001323940914875587,3.134880102393434,0.4646218754421567
HINDZINC,2026-07-16,0.0016013274846589,0.002285814574381515,4.516166005208209,0.7005500370003458
HINDZINC,2026-07-17,0.0006886644873673,0.0014353445627010256,6.504302042800478,0.47979036202385716
HINDZINC,2026-07-20,0.0020864269384714,0.0030523999452299506,5.177966848982039,0.6835365535017465
HINDZINC,2026-07-21,0.0007677951158477,0.001022576907309225,4.496314341867859,0.7508433941345797
HINDZINC,2026-07-23,0.0026164797333889,0.0035530748209099123,3.9313410622661302,0.7363987152735618
HINDZINC,2026-07-24,0.0018865885554718,0.0022284773297209567,5.903977237583268,0.8465818926271209
HINDZINC,2026-07-27,0.0010451578969213,0.0011466481150243788,5.473876047561953,0.911489656876189
HINDZINC,2026-07-30,0.0006393010288644,0.0014414427989510375,4.145185214208388,0.4435146710848535
HINDZINC,2026-07-31,0.001122242844879,0.001992453903039567,0.019073050373191,0.5632465790887178
HINDZINC,2026-08-03,0.0019134330259107,0.002020869447376528,4.603624933790348,0.9468365353312156
HINDZINC,2026-08-04,0.0010633819200092,0.00129617523583261,3.819938266373437,0.8203998121643845
HINDZINC,2026-08-05,0.0012197637989504,0.002212589921240887,4.490268400250378,0.5512832663841837
HINDZINC,2026-08-06,0.0011347163666505,0.0018322301368364072,1.937763539046194,0.6193088651023615
HINDZINC,2026-08-07,0.0007633123253987,0.0011952075229742737,1.8702987970837273,0.6386441774556417
HINDZINC,2026-08-10,0.0029680761390914,0.0035212635092684717,4.74787218916707,0.8429008880701477
HINDZINC,2026-08-11,0.0011836271355431,0.0020749138192114277,4.232328595709504,0.5704464082238068
HINDZINC,2026-08-12,0.0017199258101164,0.0026606711114164163,4.211893616642157,0.6464255588511246
HINDZINC,2026-08-13,0.0021726567649045,0.0025919416544725256,4.7254122309211555,0.838235213032466
HINDZINC,2026-08-14,0.0024985349422389,0.0029991389609601957,4.691872831331656,0.8330840867203353
HINDZINC,2026-08-17,0.0016754295561173,0.002248681697672192,4.811034216876257,0.7450719049528817
HINDZINC,2026-08-18,0.0011019483482169,0.001348174529003378,4.267414438354978,0.8173632749400052
HINDZINC,2026-08-19,0.0017403765705165,0.0018115005533421392,5.217756817808015,0.9607375318244211
HINDZINC,2026-08-20,0.0013168559464567,0.001394452037052504,3.839938297820272,0.9443537041547723
HINDZINC,2026-08-21,0.0003666592187768,0.0005425724087643579,2.7354580272527333,0.6757793298258962
HINDZINC,2026-08-24,0.0013470272031497,0.0016678510674934823,5.276866574554284,0.8076423785092933
HINDZINC,2026-08-26,0.0007567347334506,0.0010447039392513617,0.0,0.724353288064443
HINDZINC,2026-08-27,0.0014269934129337,0.002045602107105948,0.7558506224475711,0.6975908990202226
HINDZINC,2026-08-28,0.0004678657527035,0.001259501063200918,5.858886303620174,0.37146912088701045
HINDZINC,2026-08-31,0.0017556632046424,0.002097998500371126,8.361292592417037,0.8368276737718505
HINDZINC,2026-09-01,0.0031367323998322,0.0034472699477810127,6.374297981978252,0.9099178327625013
HINDZINC,2026-09-02,0.0008699666835999,0.0013675414687033202,3.1294623126667016,0.6361537865647232
HINDZINC,2026-09-03,0.0010105767270115,0.0017160625186241336,5.148021723442394,0.5888927215902005
HINDZINC,2026-09-04,0.0007491770658434,0.0015208628659149949,5.1174060691737875,0.492600011896979
HINDZINC,2026-09-07,0.0011278515544548,0.0012732254732067318,5.916826719381473,0.885822329342976
HINDZINC,2026-09-08,0.0018341802934098,0.0019285204060402285,6.7214099608854365,0.9510816103708573
HINDZINC,2026-09-09,0.0014906597328301,0.001818613857589046,4.0954006556466105,0.8196680821547693
HINDZINC,2026-09-10,0.0015936851997341,0.002145050696742426,5.017087235253188,0.7429592233667692
HINDZINC,2026-09-11,0.0014379214040228,0.0018101640756822985,4.557837615891356,0.7943597065811892
HINDZINC,2026-09-15,0.0021800295115508,0.0026409195205489323,4.595383044775515,0.8254812365874998
HINDZINC,2026-09-16,0.0010342081721739,0.001472248821613297,3.8115167023496,0.7024683307544508
HINDZINC,2026-09-17,0.0011811127240622,0.0014344826754389371,4.908535472291898,0.8233718986538415
HINDZINC,2026-09-18,0.0025130263645916,0.0028049467052169478,4.736978548093791,0.8959265999306147
HINDZINC,2026-09-21,0.0008421731127457,0.0010528663944105313,4.626429150769171,0.7998860227818438
HINDZINC,2026-09-22,0.000768554068136,0.0009510677154155442,6.530890282927329,0.8080960542333206
HINDZINC,2026-09-23,0.0017249110386019,0.0018577617026534847,6.536883989593067,0.9284888563146549
HINDZINC,2026-09-24,0.002481588325618,0.003212411709311197,6.402506325672615,0.7725000872164359
HINDZINC,2026-09-25,0.0006465423574182,0.0012334727697365223,5.051804442626522,0.5241642728410661
BHEL,2026-07-01,0.0012357041006554,0.001400803959465612,6.289352412747651,0.8821392117757896
BHEL,2026-07-08,0.0042632531835824,0.00486969606322512,4.8378737030492145,0.8754659691756854
BHEL,2026-07-15,0.0028418375721315,0.0052862439873840456,4.418858599068377,0.5375910720189466
BHEL,2026-07-22,0.0008425357079138,0.0017679824289377282,1.9905972882222345,0.47655208226250745
BHEL,2026-07-29,0.0007004689618115,0.0008488147408730617,4.502253904832211,0.8252318534089331
BHEL,2026-07-02,0.0007790341568147,0.0013202409966323698,0.9467989140656868,0.5900696606163847
BHEL,2026-07-03,0.0027461074869868,0.0029770488846976636,6.980728216231391,0.922426064651499
BHEL,2026-07-06,0.0020452532974731,0.0022311931568993228,4.939489258015128,0.9166634861480919
BHEL,2026-07-07,0.0022270669125413,0.0024507047436314808,5.9788766140152845,0.9087455020147422
BHEL,2026-07-09,0.0028415274567706,0.0036960023745261326,5.388474472813865,0.768811047404945
BHEL,2026-07-10,0.0024305120680985,0.002793109910522037,5.711521935298606,0.8701813197333983
BHEL,2026-07-13,0.0012078860291607,0.0021770850138933084,5.0912922481290455,0.5548180348734394
BHEL,2026-07-14,0.001996950109584,0.0037811495114349067,4.425602639324506,0.5281330726396424
BHEL,2026-07-16,0.0026536056227254,0.003290441309597642,5.93203877023072,0.8064588828815443
BHEL,2026-07-17,0.0105724731966362,0.011509804717353566,6.394354322754172,0.9185623436943172
BHEL,2026-07-20,0.0024896392258307,0.0030105865588361726,5.674703114016012,0.8269615163608319
BHEL,2026-07-21,0.0012251938780055,0.0013721937193499492,6.4403538877897395,0.8928723843641496
BHEL,2026-07-23,0.0016795219637413,0.0023407698769947133,5.4222023065340546,0.7175083634866399
BHEL,2026-07-24,0.0013225500381461,0.002078274574970552,5.2681745713116825,0.6363692526839674
BHEL,2026-07-27,0.001703595974484,0.0019125999849595218,5.388676108847688,0.8907225702608457
BHEL,2026-07-30,0.0008099847967277,0.0010934534716110077,4.559244465451787,0.7407583566718505
BHEL,2026-07-31,0.001592505977211,0.0017743967231516557,5.524105434595728,0.8974915003125208
BHEL,2026-08-03,0.0025536606721146,0.00290091275913724,5.629334984549463,0.8802955773389352
BHEL,2026-08-04,0.0026950728010754,0.003197705121876397,4.759375419110524,0.8428146743855935
BHEL,2026-08-05,0.0013567445162239,0.0015734732246655658,4.910212165889043,0.8622609491891859
BHEL,2026-08-06,0.0017498985194485,0.0021054501882487022,6.1359543607363864,0.8311279598136931
BHEL,2026-08-07,0.0072925178680081,0.007341628137050483,6.655600890483935,0.9933107114490666
BHEL,2026-08-10,0.0016269362081164,0.001779416241997908,4.684859497552365,0.9143089569024585
BHEL,2026-08-11,0.0016597567986389,0.0022107283138441463,4.125259310046214,0.7507737555289261
BHEL,2026-08-12,0.0035138941699965,0.0036676241932803114,6.821551499853544,0.9580845759591536
BHEL,2026-08-13,0.0028972395977437,0.003918683621403036,6.057915089025523,0.7393400125285897
BHEL,2026-08-14,0.0017006699737347,0.001907700719768597,4.65947344069623,0.8914762971526217
BHEL,2026-08-17,0.00124806605089,0.0016787797584186814,4.485574093100805,0.743436442232071
BHEL,2026-08-18,0.0027521805092546,0.0030666033365814712,5.163685303304486,0.8974686997903755
BHEL,2026-08-19,0.0008108155917267,0.0009411602575717048,3.844615961724566,0.8615064068033343
BHEL,2026-08-20,0.0023334456789602,0.002486015280443899,4.930907847820602,0.9386288561120766
BHEL,2026-08-21,0.000962486103611,0.0014788882049630828,2.2697281847240793,0.6508173507510167
BHEL,2026-08-24,0.0014151988243343,0.001633232981643974,5.29472397980529,0.8665014974837172
BHEL,2026-08-26,0.001738628579689,0.0023754056276319435,6.326286617944476,0.7319291322140419
BHEL,2026-08-27,0.0020087084413123,0.002113551208970758,4.766834740403535,0.9503949716413478
BHEL,2026-08-28,0.0031179199040253,0.0033533674178039337,5.101076631894628,0.9297877373864316
BHEL,2026-08-31,0.0047903724572046,0.00563444106325141,4.59595118181435,0.8501947936678333
BHEL,2026-09-01,0.0009282176657231,0.0012082471993168059,0.0,0.7682348994874174
BHEL,2026-09-02,0.001277200444571,0.0016468471948740634,5.949791755459101,0.7755427756420773
BHEL,2026-09-03,0.0006525969032871,0.0008525607601823463,6.6642071078044065,0.7654550077434037
BHEL,2026-09-04,0.0019219463598303,0.0025126647298657147,5.3029709218321095,0.7649036248194622
BHEL,2026-09-07,0.0012381161983795,0.001285645049033308,5.705171794407887,0.9630311253564539
BHEL,2026-09-08,0.0007411997894005,0.001011284594798707,5.175101564670578,0.7329289828132244
BHEL,2026-09-09,0.0054514892272675,0.006358818560865891,4.144516037544175,0.8573116491823856
BHEL,2026-09-10,0.0020653262925451,0.002156019031765093,5.066466087568971,0.9579350933902727
BHEL,2026-09-11,0.0030576377045664,0.003511297977051856,4.877071686082107,0.8707998365703054
BHEL,2026-09-15,0.0029627725217631,0.003665808458324937,4.409789404186308,0.8082180385160975
BHEL,2026-09-16,0.0010673798740226,0.001332930012370755,3.6926456011810727,0.8007771331700706
BHEL,2026-09-17,0.0005434124765149,0.0008190894544597583,3.728322510425089,0.6634348343226018
BHEL,2026-09-18,0.000684836073937,0.0009235436359319206,4.838687541722792,0.7415308246328309
BHEL,2026-09-21,0.0007793860660009,0.0010271121545802175,5.007598346990077,0.758813010366367
BHEL,2026-09-22,0.0029904794212455,0.003163570835513188,4.568591884077314,0.9452860633545419
BHEL,2026-09-23,0.0026434917477418,0.0028279822510314783,7.150068281103104,0.934762496043818
BHEL,2026-09-24,0.0023052590573336,0.0027655226199794327,6.7315674840173045,0.8335708558951308
BHEL,2026-09-25,0.0022139759852136,0.0025088154962799977,4.9824862785050765,0.8824785993615004
BAJFINANCE,2026-07-01,0.0013032985898042,0.0014156044160611257,5.432371858775156,0.9206658124383272
BAJFINANCE,2026-07-08,0.0006700534289461,0.0012929792599410263,4.325992516986049,0.5182244214626162
BAJFINANCE,2026-07-15,0.0023874960321028,0.002686335243005676,4.594493692543715,0.888755801540052
BAJFINANCE,2026-07-22,0.0007368810079346,0.0007992416420894486,5.888357415831698,0.9219752439427207
BAJFINANCE,2026-07-29,0.0011269896531813,0.0022478223629164625,4.369554231492303,0.5013695351438155
BAJFINANCE,2026-07-02,0.0027316162664934,0.003524528786925425,6.583918892883722,0.7750302044989931
BAJFINANCE,2026-07-03,0.0004105423005504,0.0008316046432982851,2.809712402210167,0.4936748536204892
BAJFINANCE,2026-07-06,0.0011667208376255,0.0014366622865638289,4.071578170174077,0.812105147143545
BAJFINANCE,2026-07-07,0.0009650310244016,0.0012063623676342261,4.696016462401113,0.7999512006447148
BAJFINANCE,2026-07-09,0.0010134284386242,0.0015494433954131054,4.92184834442212,0.6540596717661985
BAJFINANCE,2026-07-10,0.000667215760082,0.0015057684506243542,6.148528143274456,0.4431064814814951
BAJFINANCE,2026-07-13,0.000761913905607,0.0015592683779803796,6.006582459440727,0.4886355141722673
BAJFINANCE,2026-07-14,0.000728761387858,0.001027387577200427,3.674631481524057,0.7093344362249674
BAJFINANCE,2026-07-16,0.0004002834873988,0.0009144734451001015,2.9355961687496226,0.43772018700333454
BAJFINANCE,2026-07-17,0.0009558168726791,0.00124206802251182,5.272775550531906,0.7695366560892233
BAJFINANCE,2026-07-20,0.0006139198534479,0.0007652134795210477,3.414572371484583,0.8022857279411186
BAJFINANCE,2026-07-21,0.0009662036546741,0.0011650587190354506,3.0133164755854054,0.8293175604694137
BAJFINANCE,2026-07-23,0.0016518718652073,0.0017503597221786528,4.540512470460915,0.9437327906238804
BAJFINANCE,2026-07-24,0.0009565180917188,0.0013103467588299982,4.323212710577918,0.7299732572871551
BAJFINANCE,2026-07-27,0.0024943639161046,0.0026019655753366944,5.290343953160741,0.9586460096736019
BAJFINANCE,2026-07-30,0.0023276981505264,0.002922258187426289,4.447487958958292,0.7965408944842297
BAJFINANCE,2026-07-31,0.0025799357841663,0.002696737033969994,4.561944497736314,0.9566879349627406
BAJFINANCE,2026-08-03,0.0023062329495311,0.002803245367658149,2.604044128878244,0.8227010650365378
BAJFINANCE,2026-08-04,0.0004606881373357,0.001131939970519516,0.0,0.4069899017032345
BAJFINANCE,2026-08-05,0.000629505712026,0.0014861208089548869,2.4596084778621523,0.42358986445301133
BAJFINANCE,2026-08-06,0.0007843676790109,0.0016413993936891073,4.112367598530175,0.4778652179516187
BAJFINANCE,2026-08-07,0.0041700424622597,0.00513045561242696,4.309298544831513,0.8128015866971049
BAJFINANCE,2026-08-10,0.0008042755133817,0.001434204811318111,3.1395066085560557,0.5607814916214985
BAJFINANCE,2026-08-11,0.000892667031382,0.0014378257105909292,2.733683959607714,0.6208450890860231
BAJFINANCE,2026-08-12,0.0017526325795598,0.002146502660306502,4.373078903878045,0.8165061297010175
BAJFINANCE,2026-08-13,0.0011003350932263,0.0014492166918565798,3.821040191005183,0.7592619512384098
BAJFINANCE,2026-08-14,0.001104335144632,0.001618731817292747,3.5710368365338208,0.6822224242672569
BAJFINANCE,2026-08-17,0.0009280673783081,0.0011329699187089591,4.328637563118626,0.8191456480730314
BAJFINANCE,2026-08-18,0.001108197865804,0.0012877728611101144,5.201647198971844,0.8605538284513052
BAJFINANCE,2026-08-19,0.001180692499711,0.0013541632632490589,4.639329246435099,0.8718981911222073
BAJFINANCE,2026-08-20,0.0007148968904698,0.0008678443488538387,4.420660901929278,0.823761647366793
BAJFINANCE,2026-08-21,0.0013488663487097,0.0015495149008487937,5.885569675558848,0.8705087947013724
BAJFINANCE,2026-08-24,0.0014915932234792,0.0019148554280390756,4.089385382786338,0.7789586626948015
BAJFINANCE,2026-08-26,0.0008590459226723,0.001643619976445991,4.759580995734785,0.5226548320067392
BAJFINANCE,2026-08-27,0.0005710347694254,0.0015709907327404711,4.864320764831304,0.3634870387995697
BAJFINANCE,2026-08-28,0.0013836289353527,0.0019448151953812532,6.478760802892266,0.711444942757895
BAJFINANCE,2026-08-31,0.0020108813219985,0.0022087755926837455,5.7357271862254935,0.9104054430242972
BAJFINANCE,2026-09-01,0.0016729991322146,0.0020808058995736537,4.311226199026385,0.8040149888835806
BAJFINANCE,2026-09-02,0.0005606998948293,0.0007615365576638485,5.579364754389936,0.7362744298833775
BAJFINANCE,2026-09-03,0.0007702251489137,0.0010463101142583078,4.593813674634804,0.7361346683145515
BAJFINANCE,2026-09-04,0.0010823971735625,0.0015254251841576643,5.801197243983228,0.7095708034741781
BAJFINANCE,2026-09-07,0.0011014117006133,0.0012300459365140628,5.7658646354901295,0.8954232260095011
BAJFINANCE,2026-09-08,0.0004035148413397,0.0007127938795778062,4.451138288711778,0.5661031230777476
BAJFINANCE,2026-09-09,0.0015163354750155,0.0017901761089622699,4.133301434097175,0.8470314554105463
BAJFINANCE,2026-09-10,0.0016458819064631,0.0019341049619741406,4.945220337485112,0.8509785863861021
BAJFINANCE,2026-09-11,0.0011765645621811,0.001375303316106172,3.756877072056077,0.8554946013743708
BAJFINANCE,2026-09-15,0.0017828191064019,0.0022107436180486624,4.425029398913806,0.8064341300577972
BAJFINANCE,2026-09-16,0.0013528406916143,0.0016554957068987512,5.013941621159662,0.8171816368817915
BAJFINANCE,2026-09-17,0.0020534992598459,0.002134355867232028,4.30303147092701,0.9621166232737991
BAJFINANCE,2026-09-18,0.0006896790942277,0.0008364116880936206,4.169802253067866,0.8245689342285988
BAJFINANCE,2026-09-21,0.0015913814422843,0.0019810433078656458,3.8541395768717273,0.8033047212879141
BAJFINANCE,2026-09-22,0.0009559433346804,0.0010767249099767483,4.488409967713888,0.8878250385245043
BAJFINANCE,2026-09-23,0.0011061799521003,0.0013348182421666064,4.148248964102034,0.8287120427008903
BAJFINANCE,2026-09-24,0.0009241324592279,0.00113179958529977,4.81035850076177,0.8165159903138973
BAJFINANCE,2026-09-25,0.0008049194896573,0.0014273190637845556,5.76821245920794,0.5639380220446613
KOTAKBANK,2026-07-01,0.0002818666212229,0.0009288305234442202,3.067144956798132,0.30346399489295767
KOTAKBANK,2026-07-08,0.0007233271725395,0.0013638076083581313,4.274369852053596,0.53037332253213
KOTAKBANK,2026-07-15,0.001206650753292,0.0019607156446114007,2.8911185391368224,0.6154134367256243
KOTAKBANK,2026-07-22,0.0018467473740499,0.002066828075452428,4.026823906979318,0.893517654411409
KOTAKBANK,2026-07-29,0.0003730737273228,0.0012695655263894978,0.3069782436991725,0.2938593712321253
KOTAKBANK,2026-07-02,0.0004813805981171,0.0011815973959660737,4.307925673864055,0.40739815419407166
KOTAKBANK,2026-07-03,0.0003089751027947,0.000978902515485071,0.0,0.3156341902355772
KOTAKBANK,2026-07-06,0.0010832097447172,0.001509261027315497,4.090160858608535,0.717708683330869
KOTAKBANK,2026-07-07,0.0007959726025033,0.0011252460102572632,4.638973859050715,0.7073765161107464
KOTAKBANK,2026-07-09,0.0024583318318776,0.002760326029063935,4.545434213689755,0.8905947362715174
KOTAKBANK,2026-07-10,0.0017235881204074,0.00207165128195253,4.664338343833717,0.8319875721472386
KOTAKBANK,2026-07-13,0.0007000817528596,0.0015491308560639933,2.572352347349166,0.45191905520386866
KOTAKBANK,2026-07-14,0.0006529835209674,0.0017433542187150737,2.9295834245484755,0.3745558498425389
KOTAKBANK,2026-07-16,0.0021898776373164,0.0029124430174773037,4.71630112044717,0.7519040283964853
KOTAKBANK,2026-07-17,0.0009055114086661,0.0019164555085309472,2.1837027044822843,0.4724927892326688
KOTAKBANK,2026-07-20,0.0033797526660316,0.0034115778195850013,5.136765922248503,0.9906714267601632
KOTAKBANK,2026-07-21,0.0014796368835399,0.0015303652958026809,5.133981406920956,0.9668520892352217
KOTAKBANK,2026-07-23,0.0008295138678175,0.000996428170773436,3.1187236529343005,0.8324873705383343
KOTAKBANK,2026-07-24,0.0010872699023364,0.0016187755701154978,4.661457297866425,0.6716619168269412
KOTAKBANK,2026-07-27,0.0008162950215594,0.001397789196307311,3.50198752785403,0.5839900778428491
KOTAKBANK,2026-07-30,0.0007257908447387,0.001365868353372076,2.9652666559292973,0.5313768658208214
KOTAKBANK,2026-07-31,0.0007449332757266,0.0011425522353918501,6.946985401437246,0.6519905634521098
KOTAKBANK,2026-08-03,0.0008298856552702,0.0014313113182666919,3.4866666249021803,0.5798079318447547
KOTAKBANK,2026-08-04,0.0008313789918348,0.0012988839110594848,3.693951642643599,0.6400718222436473
KOTAKBANK,2026-08-05,0.0009631504946086,0.0012624573964871908,3.5932967874270187,0.7629172257920012
KOTAKBANK,2026-08-06,0.0006070131431172,0.0012241392095790466,4.058944586349121,0.4958693736523136
KOTAKBANK,2026-08-07,0.0014785065807607,0.0017507019566294659,2.8509638390650394,0.8445221501935091
KOTAKBANK,2026-08-10,0.0025112593295771,0.002667991839733614,5.461964278855412,0.9412545016733773
KOTAKBANK,2026-08-11,0.0017531214697988,0.0018649859076933053,5.055133817890692,0.9400186149219412
KOTAKBANK,2026-08-12,0.001485048946242,0.0017572514660981258,4.988988236536714,0.845097571345019
KOTAKBANK,2026-08-13,0.0005921371069541,0.0011351088122246397,4.968502106695571,0.5216566910388105
KOTAKBANK,2026-08-14,0.0009165134075006,0.001274524863616641,2.906545589633321,0.7191020227725226
KOTAKBANK,2026-08-17,0.0012991288045379,0.0016990840712052871,3.546794982075215,0.7646053697721567
KOTAKBANK,2026-08-18,0.0013264745337839,0.0020129355606334906,4.161028297955521,0.6589751603208029
KOTAKBANK,2026-08-19,0.0005963539847174,0.0007793167011376235,3.1628081039951588,0.7652267477995275
KOTAKBANK,2026-08-20,0.000687181887606,0.0009992144551584153,3.9297198455077065,0.6877221241730879
KOTAKBANK,2026-08-21,0.0013007614211368,0.0016051710099291648,6.911859744705625,0.8103569109401009
KOTAKBANK,2026-08-24,0.0007107206883688,0.0009759332823760355,4.030006802217292,0.7282472082911844
KOTAKBANK,2026-08-26,0.0008921614200941,0.0015677778931345993,2.9106211052912374,0.5690611048930672
KOTAKBANK,2026-08-27,0.0010538588448398,0.0021550252631325584,2.811051302372908,0.4890238935333427
KOTAKBANK,2026-08-28,0.0006925332464303,0.0014345275344259428,3.663054187687761,0.4827605116045627
KOTAKBANK,2026-08-31,0.0010684969135449,0.001311355564602224,3.924986800200267,0.8148033549306738
KOTAKBANK,2026-09-01,0.0011631077793672,0.0015221538351046218,4.674057692634525,0.7641197312275972
KOTAKBANK,2026-09-02,0.002146249646555,0.0024579744741539786,2.965231145763669,0.8731781672768295
KOTAKBANK,2026-09-03,0.0012804666560842,0.0018014387372619716,2.97686638594608,0.7108022213569121
KOTAKBANK,2026-09-04,0.0002852974659958,0.0011750780077881085,4.547855905429243,0.24279023529069843
KOTAKBANK,2026-09-07,0.0012537883269439,0.0017141098246433411,4.812394263484768,0.7314515726579996
KOTAKBANK,2026-09-08,0.0004837864416237,0.0011335796792910457,3.890567010067904,0.42677762354232196
KOTAKBANK,2026-09-09,0.0003423901375807,0.0010873782717110473,4.3286851197417935,0.31487675125412523
KOTAKBANK,2026-09-10,0.0004706996648485,0.001344206039422744,4.3014376592069254,0.3501692828657706
KOTAKBANK,2026-09-11,0.0010483715799505,0.0014037984081902292,4.468978721259704,0.7468106345141509
KOTAKBANK,2026-09-15,0.0009671038676274,0.0013563784490951056,4.076523672457518,0.7130044481852346
KOTAKBANK,2026-09-16,0.0007577391642501,0.0012244819818862545,5.7066601718834855,0.6188242664729455
KOTAKBANK,2026-09-17,0.0016376285497326,0.001890035012141386,3.959132175548367,0.8664540811215912
KOTAKBANK,2026-09-18,0.0010263424645833,0.0019369787750357814,4.858197450120063,0.5298676876644354
KOTAKBANK,2026-09-21,0.0003907351040705,0.0011121176593476077,2.690518172437824,0.3513433140695866
KOTAKBANK,2026-09-22,0.0011684865478873,0.0016494036513222227,5.59551973873269,0.7084297084892459
KOTAKBANK,2026-09-23,0.001202818091306,0.0016531880598017368,3.927214348786927,0.72757487218378
KOTAKBANK,2026-09-24,0.0020494192706412,0.0025466787602698433,6.680085935937021,0.8047419653447165
KOTAKBANK,2026-09-25,0.0024571265678523,0.0025286739221876057,6.037794898473674,0.9717055830300931
BHARTIARTL,2026-07-01,0.0003010490655586,0.0008432296875405413,5.649527295478775,0.3570190542468608
BHARTIARTL,2026-07-08,0.0004755192339683,0.0008831104343281194,3.1021523653049745,0.5384595351657017
BHARTIARTL,2026-07-15,0.0030216485313448,0.0034833673692131156,4.209588327250795,0.8674504326046388
BHARTIARTL,2026-07-22,0.0008076655069073,0.0012375967094410095,5.902732737420804,0.6526079947902429
BHARTIARTL,2026-07-29,0.0008717416227047,0.0012457877756738218,3.829248477272441,0.6997513057416158
BHARTIARTL,2026-07-02,0.0024645565086942,0.002747949102802213,5.191316056579825,0.8968712361451586
BHARTIARTL,2026-07-03,0.0005414004810612,0.0010141344721295912,3.990676658198931,0.533854726310908
BHARTIARTL,2026-07-06,0.0005733309914728,0.0008515360084797414,3.793579845642073,0.6732903667765917
BHARTIARTL,2026-07-07,0.0020729262613626,0.002356470030982924,5.203439410693116,0.8796743578775525
BHARTIARTL,2026-07-09,0.0021368006018435,0.0030804041267981233,6.408487666975033,0.693675412019579
BHARTIARTL,2026-07-10,0.0007932774174283,0.0010323572360825678,4.572741016099516,0.7684136747454868
BHARTIARTL,2026-07-13,0.0010553736956396,0.001268788308188601,3.3789258756812277,0.8317965170614753
BHARTIARTL,2026-07-14,0.00103099916631,0.0013221577716173224,4.530796005004047,0.7797852786122762
BHARTIARTL,2026-07-16,0.0010802229254723,0.0012063646719895642,3.5777130833154276,0.89543647170202
BHARTIARTL,2026-07-17,0.0010137065198588,0.001338006418083822,5.894723542272137,0.7576245570709171
BHARTIARTL,2026-07-20,0.0011687203199117,0.0013105574763379146,3.683754807835179,0.8917734178110605
BHARTIARTL,2026-07-21,0.0007801951832923,0.000969746289250816,2.8008269478984555,0.8045353634660928
BHARTIARTL,2026-07-23,0.0013722651732559,0.0015895441176606556,4.3404026313037605,0.8633073835506203
BHARTIARTL,2026-07-24,0.0019157291442295,0.002200631623043071,4.427917930213372,0.8705360425478196
BHARTIARTL,2026-07-27,0.0004313081961362,0.0007128133272284566,3.629650098876476,0.6050787487562865
BHARTIARTL,2026-07-30,0.0007421300558368,0.000835680025031649,3.3543996430371146,0.8880552766696728
BHARTIARTL,2026-07-31,0.0006030422919996,0.0009693075192247278,1.9190110592112224,0.6221372268750435
BHARTIARTL,2026-08-03,0.0005577406794296,0.0011233366613406595,3.956168087686999,0.4965035849216901
BHARTIARTL,2026-08-04,0.000336936425158,0.0012638487830758508,3.5377830133732533,0.26659552129171016
BHARTIARTL,2026-08-05,0.0010292355136108,0.0014475577168650952,3.6560133023246912,0.711015182068018
BHARTIARTL,2026-08-06,0.0007792931894053,0.001017415965372931,0.0,0.7659533720012466
BHARTIARTL,2026-08-07,0.0009061686603678,0.0011524716167904728,4.545163576794934,0.7862828439032591
BHARTIARTL,2026-08-10,0.0011356503188812,0.0013012407531797926,3.848946910734676,0.87274419903162
BHARTIARTL,2026-08-11,0.0011459201772112,0.0013097016114512884,4.585692429628116,0.8749475202534102
BHARTIARTL,2026-08-12,0.0022131370395026,0.002717629113709186,3.295377836203063,0.8143631624853972
BHARTIARTL,2026-08-13,0.0035094469078759,0.00429052466083984,4.580896635039789,0.8179528578187804
BHARTIARTL,2026-08-14,0.0012285398279863,0.0014093213162503105,4.197598127717103,0.8717244348896929
BHARTIARTL,2026-08-17,0.0021834608628066,0.002412115535089663,5.192636119029282,0.9052057544687372
BHARTIARTL,2026-08-18,0.0008336012766356,0.0009590171419060352,4.616431311041411,0.8692245844311264
BHARTIARTL,2026-08-19,0.0008559065153067,0.00100290405071974,3.0751392774608277,0.8534281167699479
BHARTIARTL,2026-08-20,0.0005585041524219,0.0007631831095808709,4.5152789045764585,0.7318088482443255
BHARTIARTL,2026-08-21,0.000342189105495,0.0007165044760262826,4.636251909503678,0.4775812530757281
BHARTIARTL,2026-08-24,0.0008959720505917,0.0010314981483525924,5.3387566245648905,0.8686123693219019
BHARTIARTL,2026-08-26,0.0005217811809791,0.000845381211306715,2.6023905741439233,0.6172140733676551
BHARTIARTL,2026-08-27,0.0009156783383615,0.00105818803233729,5.553065142745051,0.8653266814395743
BHARTIARTL,2026-08-28,0.0003579083718216,0.0007295345949784473,4.115856573176316,0.49059821739114884
BHARTIARTL,2026-08-31,0.0008270659961085,0.0011094487326444938,3.8674984760162774,0.7454747315246345
BHARTIARTL,2026-09-01,0.0005835608198976,0.0009203167231669772,3.035807207203897,0.6340869455131285
BHARTIARTL,2026-09-02,0.0005503013255459,0.0008364828393021706,3.7665340143867825,0.6578752123653663
BHARTIARTL,2026-09-03,0.0005851902415709,0.0009154733888297858,2.743621061952269,0.6392214658679768
BHARTIARTL,2026-09-04,0.0012370884863949,0.0013230323258955044,2.7500897795092243,0.935040257279857
BHARTIARTL,2026-09-07,0.0005381791790554,0.0010515705802084164,3.938158752741725,0.511786074263066
BHARTIARTL,2026-09-08,0.0004591355656875,0.0008350926301852494,3.4363422263558134,0.5498019609940151
BHARTIARTL,2026-09-09,0.0009359728583224,0.0011028865506660642,4.167092666886402,0.8486574233380031
BHARTIARTL,2026-09-10,0.0006765979991596,0.0010886931471755547,1.2096719734657309,0.6214772279176446
BHARTIARTL,2026-09-11,0.0010002428487556,0.0011022383597413526,4.2361717009728075,0.9074651049073574
BHARTIARTL,2026-09-15,0.0012047872112279,0.0013806876415707878,3.820710902398713,0.8725994026116085
BHARTIARTL,2026-09-16,0.0006088550749913,0.0009711366912242216,3.931092640005329,0.6269509539627971
BHARTIARTL,2026-09-17,0.0004184052751783,0.0007886657150205083,2.6933710743987547,0.5305229670943916
BHARTIARTL,2026-09-18,0.0017642242361579,0.001924422695233453,3.924924133779121,0.916755056219019
BHARTIARTL,2026-09-21,0.0016197842253164,0.00170162851341124,5.644507198584023,0.9519023761944566
BHARTIARTL,2026-09-22,0.0005177088211791,0.0007090471357119203,4.322277499370912,0.7301472569370064
BHARTIARTL,2026-09-23,0.0008553158204587,0.0010910769404379678,4.990804496408834,0.7839188867059813
BHARTIARTL,2026-09-24,0.0030603995880453,0.0031569037687841825,4.062671136461087,0.9694307499350704
BHARTIARTL,2026-09-25,0.0010917499615452,0.0012281627963967171,5.858475433337197,0.8889293542747458
LT,2026-07-01,0.0009779740556996,0.0011497356561952338,3.5055777543009747,0.8506077465979994
LT,2026-07-08,0.0037530098981506,0.004985476875199358,5.994142754934138,0.7527885480364455
LT,2026-07-15,0.0016005903838982,0.002127144582981582,5.760415059582055,0.7524596102699704
LT,2026-07-22,0.000898557598204,0.0013373647948470523,4.333346571024243,0.6718866846698799
LT,2026-07-29,0.0021770793143514,0.0028115847047534984,7.139903261046428,0.7743246400048518
LT,2026-07-02,0.0015575546769332,0.0016724398430002611,5.705128320769929,0.9313068469709717
LT,2026-07-03,0.0008798150387905,0.0010362206705502382,6.1071189653535605,0.8490614632531062
LT,2026-07-06,0.0011502226074732,0.0019243651730009733,5.260043841173976,0.5977153523722695
LT,2026-07-07,0.0015463021515706,0.002093807578140652,5.508548260935455,0.7385120618121704
LT,2026-07-09,0.0022273561963884,0.002528811310157507,5.219898567679079,0.8807917725777924
LT,2026-07-10,0.0010484639205906,0.0013253760872878673,5.658155220287314,0.7910689883775435
LT,2026-07-13,0.001203458353273,0.0013618670579663781,4.475055472957741,0.8836826959234012
LT,2026-07-14,0.002211117238764,0.0024187728730854976,4.617816793576999,0.9141483532281383
LT,2026-07-16,0.0013067547876677,0.0017858673980730533,5.108212431159295,0.7317199412888579
LT,2026-07-17,0.0013047734286452,0.0019896038232035955,3.4670491439812197,0.6557955978111744
LT,2026-07-20,0.0018340550740864,0.0019994232564949,5.522480138766082,0.9172920581616122
LT,2026-07-21,0.0007173225746072,0.0011107020515861439,4.875255154955151,0.6458280810617246
LT,2026-07-23,0.0005542257791569,0.000953069336560078,6.475531087584525,0.5815167458406251
LT,2026-07-24,0.0006731915829602,0.0013488712961188419,2.5057036423161283,0.4990776991824198
LT,2026-07-27,0.0006827420062208,0.0015089094561227987,3.20809490789455,0.4524738071263282
LT,2026-07-30,0.0015576123817067,0.0016151420204903151,5.261633466967406,0.9643810649133191
LT,2026-07-31,0.0011324055747323,0.0016747630908104968,3.676445680652407,0.676158664437891
LT,2026-08-03,0.0009551249487139,0.0010019233002252909,4.962152977508977,0.9532914829898976
LT,2026-08-04,0.0005977743596424,0.001033749643725447,3.467190961670854,0.5782583464678442
LT,2026-08-05,0.0008221739161549,0.0013722288059402408,3.974026897581417,0.5991522059555896
LT,2026-08-06,0.0003651966864226,0.0007347233276498199,2.153733788815355,0.4970533433187223
LT,2026-08-07,0.00073554614387,0.0009224002690483064,4.227036857955364,0.7974262026494262
LT,2026-08-10,0.0008437045681322,0.0010316914094299738,4.703908850202199,0.8177877225888315
LT,2026-08-11,0.0007109086906813,0.0009838655558274915,4.35284836690891,0.722566906088487
LT,2026-08-12,0.0012562276468495,0.0014424897165190484,4.618318332228605,0.8708745944345254
LT,2026-08-13,0.0009605381983491,0.001046670117994569,5.2492240426211145,0.9177086283780618
LT,2026-08-14,0.0009068678584068,0.0010363471497677533,4.260618412637905,0.8750618541383842
LT,2026-08-17,0.0013704598994737,0.001599479596885083,4.901468384249279,0.856816118281603
LT,2026-08-18,0.0005058362968052,0.000624541850120914,3.9933450721725094,0.8099317871288655
LT,2026-08-19,0.0006395634044529,0.0008865716035609732,6.121765179321422,0.7213894533549817
LT,2026-08-20,0.0005840390816938,0.0008545603383132973,5.4709762259021915,0.683438085655317
LT,2026-08-21,0.0012739705725908,0.001570705384633596,7.0156871398240135,0.8110818139761987
LT,2026-08-24,0.0012272994808341,0.0014195866536867408,5.705272719979116,0.864547069139273
LT,2026-08-26,0.002652334018609,0.0032543393898165855,4.052169407953063,0.8150145700564088
LT,2026-08-27,0.0009450791928531,0.0014130714622208017,4.732314578387624,0.6688120297665633
LT,2026-08-28,0.0004223154550281,0.0010678309302096316,4.747823210956639,0.39548906393373806
LT,2026-08-31,0.0012424350647659,0.0013170627127052498,5.518917090389935,0.9433378173875528
LT,2026-09-01,0.0017540504953727,0.002471237781811202,4.179502152397235,0.7097862084672134
LT,2026-09-02,0.0007514557034492,0.0009617531730834472,4.58416258936789,0.7813394584807878
LT,2026-09-03,0.0018323185887918,0.002014098659940299,5.374453507844615,0.909746193290309
LT,2026-09-04,0.0010593029867908,0.0014217907596755731,3.9484355820893393,0.7450484394992929
LT,2026-09-07,0.0005664662648647,0.0009737892263321555,4.505676808722009,0.5817134237542702
LT,2026-09-08,0.0009172726594782,0.0016499364487374659,4.0894323352673725,0.5559442366280826
LT,2026-09-09,0.0038409791296908,0.004815637125223357,4.646618564387416,0.7976055981403809
LT,2026-09-10,0.0012239293722746,0.0013746272959073388,4.327785707500204,0.8903717945355735
LT,2026-09-11,0.0009256803738846,0.0012716090919165795,2.1124872469888674,0.7279598579225374
LT,2026-09-15,0.0012174526079714,0.0015875395487794984,3.260746647867886,0.7668801756198002
LT,2026-09-16,0.0006212770364273,0.0008747983724402618,4.700679417425281,0.7101945499672564
LT,2026-09-17,0.0011057958767479,0.0013112944733438792,4.017512817966695,0.8432856991519644
LT,2026-09-18,0.0011895783270009,0.0013942446560921305,4.593976661002481,0.8532063019234507
LT,2026-09-21,0.0005694531634131,0.0008993316240703404,3.8659203930561983,0.6331959737341125
LT,2026-09-22,0.0009584433356203,0.001297798408153317,2.7866314177320737,0.738514802914655
LT,2026-09-23,0.0014838844330013,0.0017027264577560114,4.43412429660003,0.8714755245871266
LT,2026-09-24,0.0010482985158191,0.0012335333296882064,4.039694710733787,0.8498339611821212
LT,2026-09-25,0.0003611100312877,0.0007236552986501698,4.013815953442342,0.4990083427306848
BANKBARODA,2026-07-01,0.0017934973319988,0.0021361779540587105,6.506195570081817,0.8395823618491981
BANKBARODA,2026-07-08,0.0010080384197356,0.001798688631646733,3.2270679640708964,0.5604296385710305
BANKBARODA,2026-07-15,0.0015220312972654,0.002274115580729037,5.026545996278196,0.6692849343996257
BANKBARODA,2026-07-22,0.0011289612334046,0.002580732213645276,4.261395277460118,0.43745772127591104
BANKBARODA,2026-07-29,0.0011937052641367,0.00198747055425137,2.0097119543525888,0.6006153206060145
BANKBARODA,2026-07-02,0.0008139590373242,0.0013635254819874614,4.567115428561621,0.5969518341071127
BANKBARODA,2026-07-03,0.0010930154262126,0.0016212655084779295,5.482968852370911,0.674174230252231
BANKBARODA,2026-07-06,0.0013842932290652,0.0016298570581866644,4.871791750092296,0.8493341315497493
BANKBARODA,2026-07-07,0.0004150964457744,0.0006120427223715113,5.504598979479338,0.6782148216157295
BANKBARODA,2026-07-09,0.001152317023635,0.0019217408017542118,4.757435176500192,0.5996214591390977
BANKBARODA,2026-07-10,0.0013149052940591,0.0015970844564695951,4.386955010948244,0.8233160674331145
BANKBARODA,2026-07-13,0.0014004892518674,0.00205172186463874,4.535247986156175,0.6825921563759293
BANKBARODA,2026-07-14,0.0014865330953588,0.002420360943646065,5.108570210193017,0.6141782692623796
BANKBARODA,2026-07-16,0.0011879465101132,0.0021371884738844204,4.164568582216006,0.5558454598784461
BANKBARODA,2026-07-17,0.0009349440837479,0.001615519919077297,4.265582837730953,0.5787264351911505
BANKBARODA,2026-07-20,0.0023617322764406,0.0036127565745496565,2.399274069389369,0.6537202902287982
BANKBARODA,2026-07-21,0.0020603441572387,0.003056050901732096,3.957482191738586,0.6741851570832628
BANKBARODA,2026-07-23,0.0005520966454547,0.002040553490098374,4.654362618214842,0.27056220193869246
BANKBARODA,2026-07-24,0.0047128035101688,0.005489231704658669,4.776103840269571,0.858554304816297
BANKBARODA,2026-07-27,0.0007318130614457,0.001743933450484691,4.006926863960894,0.41963359395526667
BANKBARODA,2026-07-30,0.000746910770715,0.0015667082024499498,3.1631279475420397,0.4767389163770341
BANKBARODA,2026-07-31,0.0012658054330444,0.0019176167312677625,3.579820573710509,0.6600930271439376
BANKBARODA,2026-08-03,0.0008985023087437,0.0013566587051662441,4.510241468068659,0.6622906006662878
BANKBARODA,2026-08-04,0.0008615505587414,0.0013854216966103187,5.352330471284453,0.6218688222144472
BANKBARODA,2026-08-05,0.0015709416757131,0.002076248290116704,4.106156809151729,0.7566251508507198
BANKBARODA,2026-08-06,0.0010979717883788,0.0016237179185790197,3.258492283261736,0.6762084570327825
BANKBARODA,2026-08-07,0.0012976389297199,0.0016058587711329226,5.448078521694523,0.8080654121311206
BANKBARODA,2026-08-10,0.0020971952394892,0.0025863182071166613,4.435531165216122,0.8108805922327876
BANKBARODA,2026-08-11,0.0010684028260454,0.0015220600101574493,4.049486187607489,0.7019452708273173
BANKBARODA,2026-08-12,0.0015524285909594,0.0021692483540681354,4.157050816033953,0.7156527688717742
BANKBARODA,2026-08-13,0.0016365917529731,0.00204800361298131,4.294807588324598,0.7991156571206868
BANKBARODA,2026-08-14,0.0010896006657439,0.0014417822877900357,3.9337956036456703,0.7557317598997836
BANKBARODA,2026-08-17,0.0020566203089134,0.002408068468917275,3.86480967774228,0.8540539172617901
BANKBARODA,2026-08-18,0.001651179858474,0.0018103722359199433,4.333386049073521,0.912066494233961
BANKBARODA,2026-08-19,0.0005119196624001,0.0006605043917721915,4.684912224263758,0.7750435406289645
BANKBARODA,2026-08-20,0.0007552114983317,0.0008042122689680665,5.25104544308113,0.9390698544064214
BANKBARODA,2026-08-21,0.0008711770544191,0.0011916919699096085,4.512522933967915,0.7310421454674902
BANKBARODA,2026-08-24,0.0010656554736019,0.0011326420367823618,5.885941861009495,0.9408581343398141
BANKBARODA,2026-08-26,0.0009520176404905,0.0015417892010793554,3.6044100677390345,0.6174758779112113
BANKBARODA,2026-08-27,0.0004158029969294,0.0010032922194705613,3.3782923313260413,0.4144385741861128
BANKBARODA,2026-08-28,0.0006408017230403,0.0009728135716936772,2.937165667617267,0.6587096867127978
BANKBARODA,2026-08-31,0.0008669448276278,0.0013930024273473233,4.8364051973110085,0.6223570114509506
BANKBARODA,2026-09-01,0.0012096376985621,0.001422204881813282,4.5117516521731424,0.8505368769511161
BANKBARODA,2026-09-02,0.0007652741939795,0.0011246764663706422,4.869038760875145,0.680439412455262
BANKBARODA,2026-09-03,0.0012198571157313,0.001453886191548882,4.607446478357052,0.8390320527301648
BANKBARODA,2026-09-04,0.0004954093325827,0.0008458057699915171,4.0320112612598,0.5857247020053654
BANKBARODA,2026-09-07,0.0009501292046428,0.0011005349679878674,4.755931692724345,0.8633339532863207
BANKBARODA,2026-09-08,0.0008393967718888,0.001169824199075183,4.804564657744671,0.7175409540616394
BANKBARODA,2026-09-09,0.0037189719580624,0.004047741155523503,6.466935429994792,0.9187771191810357
BANKBARODA,2026-09-10,0.001475545016874,0.0016605098605848353,4.659657074102576,0.8886096083490342
BANKBARODA,2026-09-11,0.0006224493615304,0.0008835816491169289,0.0871601518896745,0.7044616218008711
BANKBARODA,2026-09-15,0.0016442654118135,0.0019102696136948972,3.593674259193185,0.8607504406841899
BANKBARODA,2026-09-16,0.0009022416960929,0.001095063120072755,4.423307530802172,0.8239175254417809
BANKBARODA,2026-09-17,0.0009656648948416,0.0012089528252004723,3.912501991220929,0.7987614361060535
BANKBARODA,2026-09-18,0.000920211229612,0.0012486003660974621,4.490298948667061,0.7369942013457419
BANKBARODA,2026-09-21,0.0007812771414645,0.0011530915408071876,4.252389381584955,0.6775499722403566
BANKBARODA,2026-09-22,0.0006079115594891,0.0008153304524608085,6.154377350558882,0.7456014400717128
BANKBARODA,2026-09-23,0.0004242782021828,0.0009454565173579335,3.9535705241249097,0.44875485481705724
BANKBARODA,2026-09-24,0.0012718380247875,0.0016679925965260862,4.741203722188962,0.7624962049809729
BANKBARODA,2026-09-25,0.0005439870968592,0.0013735336761847585,5.577932523319998,0.3960493334027484
KALYANKJIL,2026-07-01,0.0005028667051238,0.002259360743332087,2.289688316859764,0.22257034721342295
KALYANKJIL,2026-07-08,0.0034366717080271,0.003499971292662927,6.237695146440137,0.98191425604875
KALYANKJIL,2026-07-15,0.0016233835510564,0.0029776422956776785,7.493335828038265,0.5451909228361279
KALYANKJIL,2026-07-22,0.0013860165375265,0.0032499150630111878,5.990903685838833,0.4264777726967102
KALYANKJIL,2026-07-29,0.0019967007299903,0.004169134235331006,6.855781049528116,0.47892454818782615
KALYANKJIL,2026-07-02,0.0003451856843566,0.0006545909298642637,4.279435896838149,0.5273303808657689
KALYANKJIL,2026-07-03,0.0006037564110843,0.00188923404204458,1.868869074019488,0.31957735126924697
KALYANKJIL,2026-07-06,0.001813899980238,0.0020956670625248202,6.864184890525069,0.8655477831734625
KALYANKJIL,2026-07-07,0.00101911413131,0.0015560300716247928,2.4768781473910355,0.6549450103145179
KALYANKJIL,2026-07-09,0.0021585254857416,0.0033510813288706756,5.116710361011625,0.6441280511890857
KALYANKJIL,2026-07-10,0.0033126647869788,0.0039465564668823404,5.586765367366208,0.8393810692377359
KALYANKJIL,2026-07-13,0.0009158025061898,0.003876999561296202,4.506517509263286,0.23621424034508237
KALYANKJIL,2026-07-14,0.0065431567092231,0.008602375906582195,5.769871138244217,0.7606220398037404
KALYANKJIL,2026-07-16,0.0037231801254048,0.003938875200943348,7.630773769807155,0.9452394238114248
KALYANKJIL,2026-07-17,0.0037405637275558,0.004433345484213749,6.439486289799184,0.8437338666420641
KALYANKJIL,2026-07-20,0.0012979488353167,0.0028982102212328723,7.1838134870981225,0.4478449581771761
KALYANKJIL,2026-07-21,0.0013595899526432,0.0035268312846985415,1.8918611865417083,0.3854990054505576
KALYANKJIL,2026-07-23,0.0011926753050475,0.0036066890722048846,5.454492101543205,0.33068425948854513
KALYANKJIL,2026-07-24,0.001528967812526,0.0037844030137637505,5.5850240601512215,0.40401823140008974
KALYANKJIL,2026-07-27,0.0017230547904772,0.0021353691018006537,8.149023497801032,0.8069119240435909
KALYANKJIL,2026-07-30,0.0049238863732009,0.00541121450628475,6.35186083373351,0.9099410802292437
KALYANKJIL,2026-07-31,0.0028219019531446,0.005067341790989848,8.786317145926619,0.5568801295705323
KALYANKJIL,2026-08-03,0.002239871266728,0.004069067916913109,6.3297059183920314,0.5504629837752179
KALYANKJIL,2026-08-04,0.0053670630210395,0.007454824771379654,5.7922032906318135,0.7199448928222394
KALYANKJIL,2026-08-05,0.0021339399567292,0.0030091108587128033,0.0344355462822398,0.7091596344981547
KALYANKJIL,2026-08-06,0.0025635068750595,0.003646492064432381,6.738625610072678,0.7030062947520879
KALYANKJIL,2026-08-07,0.0034336517003738,0.004481152528372476,7.013162405060406,0.7662429874086162
KALYANKJIL,2026-08-10,0.00308860455222,0.003797724661271534,6.459906339880198,0.8132776406138643
KALYANKJIL,2026-08-11,0.0026464012272725,0.0029807696703278773,6.403424127509149,0.887824796936223
KALYANKJIL,2026-08-12,0.0029724080400236,0.0036750434840413836,5.160705569570954,0.8088089441474834
KALYANKJIL,2026-08-13,0.0037523324922676,0.004453962671244023,5.726780078563374,0.8424705749093194
KALYANKJIL,2026-08-14,0.0016286913093552,0.002254570569477823,5.38818844220504,0.7223953560843377
KALYANKJIL,2026-08-17,0.0030071663175001,0.003654879811574064,5.402418196592493,0.8227811781873587
KALYANKJIL,2026-08-18,0.0017996182104767,0.001945303690981978,5.335955229236024,0.9251091327381707
KALYANKJIL,2026-08-19,0.0017289424844213,0.0019633269999794526,6.355138097523371,0.880618707143229
KALYANKJIL,2026-08-20,0.0021019355034527,0.002984639192924745,7.277459270606167,0.7042511230286919
KALYANKJIL,2026-08-21,0.003314649545351,0.004032662138181214,5.591750862245578,0.8219507193444061
KALYANKJIL,2026-08-24,0.0013446937991745,0.0015307086620874426,5.586554958273546,0.8784779445493747
KALYANKJIL,2026-08-26,0.0003764354706437,0.0005691047448024148,6.6994384062738845,0.6614519982158875
KALYANKJIL,2026-08-27,0.0010818628754017,0.0031503726284878683,6.193935478098147,0.34340790851810377
KALYANKJIL,2026-08-28,0.004167468798617,0.004459921058935606,7.153893643788256,0.9344265836874697
KALYANKJIL,2026-08-31,0.0012875535233983,0.0025385115740552936,7.700898784567123,0.5072080570983659
KALYANKJIL,2026-09-01,0.0022129283685386,0.0027797084404841232,4.993606242932853,0.7961008918450415
KALYANKJIL,2026-09-02,0.0055760341522764,0.0061561667338994154,7.30834038990057,0.9057639913440828
KALYANKJIL,2026-09-03,0.002926828683991,0.0036138309044615818,8.571344051953131,0.8098964122470647
KALYANKJIL,2026-09-04,0.0019914578729446,0.002971211526338821,5.9352066924974185,0.6702511266165252
KALYANKJIL,2026-09-07,0.0005599065363801,0.001792132172642926,0.0794336033323375,0.31242480042885695
KALYANKJIL,2026-09-08,0.0038460745294659,0.004711094304939099,6.420899115024186,0.8163866567972723
KALYANKJIL,2026-09-09,0.0012225594686561,0.002742700163539681,5.861145334423152,0.445750317482129
KALYANKJIL,2026-09-10,0.0010872128034873,0.0028320018045185752,5.9982827112491295,0.38390258147173756
KALYANKJIL,2026-09-11,0.0041946097206328,0.006057288945233435,6.3774730913535835,0.692489620118518
KALYANKJIL,2026-09-15,0.004041879473751,0.004257923522656337,7.141008765974485,0.9492607023691783
KALYANKJIL,2026-09-16,0.0019147722383995,0.002101042912675218,7.403007171326996,0.9113437078548086
KALYANKJIL,2026-09-17,0.0035863497816369,0.0038242972391029236,7.981604745816162,0.9377800828259261
KALYANKJIL,2026-09-18,0.0009336020205508,0.0022114021083185073,5.716991738419733,0.4221765083061654
KALYANKJIL,2026-09-21,0.0015132019158257,0.0025379535359972144,5.065995219964965,0.5962291643101857
KALYANKJIL,2026-09-22,0.0020028849127381,0.0030444069562555053,6.7036805070070455,0.6578900066637495
KALYANKJIL,2026-09-23,0.0013287978398294,0.0028726715523817487,6.496561120562193,0.46256518213078907
KALYANKJIL,2026-09-24,0.0015471453958333,0.0025618171613196084,3.2516278357090895,0.6039249869949171
KALYANKJIL,2026-09-25,0.002338684186335,0.003652109197087905,4.934463617196188,0.6403653505759918
CANBK,2026-07-01,0.001489290924882,0.001774505076579806,6.961658481382504,0.8392711548351669
CANBK,2026-07-08,0.0048397149581237,0.005424969755214157,5.363217501774136,0.8921183299634169
CANBK,2026-07-15,0.0016758587111186,0.0025802109334346628,4.336587227861413,0.6495045383315895
CANBK,2026-07-22,0.0009890084980369,0.0023442875884290876,3.656216004846763,0.42188019205426786
CANBK,2026-07-29,0.0019316019089194,0.0022985395849890746,4.548335307840571,0.8403605147955637
CANBK,2026-07-02,0.0007985437942279,0.0012732516943817563,4.8344568308870555,0.6271688447394081
CANBK,2026-07-03,0.0018083428606721,0.0020324284322258365,5.419147069702605,0.8897449140148436
CANBK,2026-07-06,0.0013012509427985,0.001664476714284804,5.182753572290773,0.7817777993713924
CANBK,2026-07-07,0.0009865408972187,0.0012956824523133298,4.377880080126005,0.7614063889321925
CANBK,2026-07-09,0.0011261550590068,0.0013654497669580736,4.884088235539906,0.8247502663650745
CANBK,2026-07-10,0.0042936542109515,0.004696479093630199,4.953206144010954,0.9142283241024011
CANBK,2026-07-13,0.0019878675699336,0.0025469296464218174,3.214158357889474,0.7804956735755759
CANBK,2026-07-14,0.0023324336252506,0.0033379605935335214,5.298557257100507,0.6987600841571099
CANBK,2026-07-16,0.0012867723016935,0.002235988839360294,4.121094202024316,0.5754824349041204
CANBK,2026-07-17,0.001463811304523,0.002191176594913443,4.697085369094436,0.6680480742269084
CANBK,2026-07-20,0.0022538954990255,0.003163917723030841,4.332149615475225,0.7123748770768934
CANBK,2026-07-21,0.0025346082093699,0.0029945379568504208,4.755321538386562,0.8464104465837985
CANBK,2026-07-23,0.0019526560752212,0.0026265334823135688,3.49662444679084,0.7434346785867785
CANBK,2026-07-24,0.002839575537404,0.00359894776824927,3.432191188655789,0.7890015972044321
CANBK,2026-07-27,0.0014240851396288,0.0019608993231072,2.5507093756950514,0.7262408237115531
CANBK,2026-07-30,0.0010841238025581,0.001705074988854813,3.610775934131249,0.6358217730272584
CANBK,2026-07-31,0.0010118352834349,0.0016023377542305104,4.735826764557727,0.6314744071675532
CANBK,2026-08-03,0.0010315257167256,0.0015234418685332117,4.2427423641270785,0.6771021185854407
CANBK,2026-08-04,0.0018935213713304,0.0020990548704048297,4.107065298305653,0.9020828364363863
CANBK,2026-08-05,0.0003932926789653,0.001179178392000787,0.2942960179672255,0.3335311108423343
CANBK,2026-08-06,0.0006144036896785,0.001489124608056517,2.275680240575878,0.41259387317517315
CANBK,2026-08-07,0.0006421131514608,0.0012841533855073783,0.0,0.5000283912401138
CANBK,2026-08-10,0.0009351654462844,0.001668273364546074,4.403263756909395,0.5605588785138054
CANBK,2026-08-11,0.0019738239705034,0.002330488264064754,4.51329943487897,0.846957266826449
CANBK,2026-08-12,0.0018933382299168,0.0021425468202713655,4.084276748622504,0.8836858135389537
CANBK,2026-08-13,0.0012130857913941,0.0015223488000065486,4.804035020453462,0.7968514123628446
CANBK,2026-08-14,0.0011741092698908,0.001329875715582217,3.525934064129131,0.8828714263548885
CANBK,2026-08-17,0.0015481517268772,0.001749626957868197,4.944592408999791,0.8848467497114464
CANBK,2026-08-18,0.0009859201588645,0.0010840668839305915,4.974855895753048,0.9094643268593975
CANBK,2026-08-19,0.000835350162107,0.0009280942971783062,5.505696645465774,0.9000703534616288
CANBK,2026-08-20,0.0014401120645964,0.001725416332434103,4.337081027090627,0.8346461300530205
CANBK,2026-08-21,0.0011992274805898,0.0014409759695169237,6.364805122708615,0.832232810233353
CANBK,2026-08-24,0.0006971025022544,0.000782628651576431,4.560160072479809,0.890719373549949
CANBK,2026-08-26,0.0016210930519122,0.002327656556551131,4.023125846750692,0.6964485578208152
CANBK,2026-08-27,0.0014902295361336,0.0018507467946848666,2.5890954546929668,0.805204439858207
CANBK,2026-08-28,0.0007195967332787,0.0010804472765767758,5.007825052067959,0.6660174437744218
CANBK,2026-08-31,0.0016441113509913,0.0019720594101914953,4.574102750960488,0.8337027487582891
CANBK,2026-09-01,0.0030798570463449,0.0032791687106611296,5.738101340267014,0.9392188441941904
CANBK,2026-09-02,0.0021151498325861,0.0030600697837907527,4.0572635269864135,0.6912096723382221
CANBK,2026-09-03,0.0025624028483464,0.002926571865911459,6.531610742645807,0.875564642096482
CANBK,2026-09-04,0.0024902424559948,0.0029364139805178246,5.713277455890442,0.8480556462803844
CANBK,2026-09-07,0.0019660952246194,0.0020565030804897727,6.344811975140048,0.956038064456076
CANBK,2026-09-08,0.0010591707531434,0.0013685801905014602,3.76550411372661,0.7739193950741828
CANBK,2026-09-09,0.0021069344964741,0.0025693858587075022,6.230131700503309,0.8200148254625981
CANBK,2026-09-10,0.000599607043701,0.0007856002248065379,5.538124851824955,0.7632470368101784
CANBK,2026-09-11,0.0008157277987148,0.001089770095496764,3.412633427010388,0.7485320088022384
CANBK,2026-09-15,0.0028877078735305,0.0031535710840888613,4.947807259560021,0.9156945559591927
CANBK,2026-09-16,0.0013657072331349,0.0015560891000287356,5.366520735692849,0.8776536209331972
CANBK,2026-09-17,0.0013693983270314,0.0016252901349512404,5.161756037194953,0.8425562289360002
CANBK,2026-09-18,0.0008724810627584,0.0011236398271377698,4.8587280952110525,0.7764775168043458
CANBK,2026-09-21,0.0009166259951772,0.001000982211972649,5.9262767994966605,0.9157265575886638
CANBK,2026-09-22,0.0010161731964678,0.0010995640861576842,5.8578347126970955,0.9241600460221602
CANBK,2026-09-23,0.0010269667021185,0.0012691969962870368,4.887134242601096,0.8091468110331433
CANBK,2026-09-24,0.002061899506882,0.0024007998003170664,7.194300275764709,0.8588385864617664
CANBK,2026-09-25,0.0016589020443101,0.0021955970506768075,3.9822090771059626,0.7555585137075732
HINDALCO,2026-07-01,0.0003901358060279,0.0009839756797053578,0.0023326268180316,0.39648927719913
HINDALCO,2026-07-08,0.0018383190904015,0.002048717710092285,5.107814357258794,0.897302288814935
HINDALCO,2026-07-15,0.0010636388143168,0.001333001707841785,5.2294374809184045,0.79792757057971
HINDALCO,2026-07-22,0.0008923892678189,0.0016056532017582332,4.996054475113196,0.5557795835624467
HINDALCO,2026-07-29,0.000683603817664,0.0013962165759315826,3.843348975513402,0.4896115899554382
HINDALCO,2026-07-02,0.0005589984093983,0.0006992733104569981,4.833377836244908,0.7993990347393297
HINDALCO,2026-07-03,0.0013258182574509,0.0020249718952640963,0.9986585365416624,0.6547341523858469
HINDALCO,2026-07-06,0.0006904611612024,0.0008939553029544463,4.091399136178727,0.7723665365824046
HINDALCO,2026-07-07,0.0011879235873398,0.0013387894263011096,4.678992609472653,0.8873117489595574
HINDALCO,2026-07-09,0.0007394604536648,0.001071109333578691,4.491169888510206,0.6903687891451599
HINDALCO,2026-07-10,0.0005462366518606,0.0010891921200813497,4.920962382374563,0.5015062465011247
HINDALCO,2026-07-13,0.0008924447225819,0.0012771953535028482,4.69317688254944,0.6987534993251209
HINDALCO,2026-07-14,0.0031334090440441,0.0034417446298845504,6.704607748612237,0.9104129971866062
HINDALCO,2026-07-16,0.001301289565233,0.0014045079710977672,5.997659013211251,0.9265092060787014
HINDALCO,2026-07-17,0.0010494112092486,0.0014719158964586053,5.0676058617645,0.7129559588108658
HINDALCO,2026-07-20,0.0010743255413016,0.0016135872014531908,5.750116440070081,0.6657994934107474
HINDALCO,2026-07-21,0.0005297487806812,0.0011371291335403567,4.845258181302771,0.46586510278904864
HINDALCO,2026-07-23,0.0008848421283845,0.0015787323686288857,5.313460000340442,0.5604763327637206
HINDALCO,2026-07-24,0.0006066116666606,0.0015262136372230445,4.325766429042395,0.39746183094283827
HINDALCO,2026-07-27,0.001027480336633,0.0013223095245332368,5.795409386960782,0.7770346636470695
HINDALCO,2026-07-30,0.0010505278661612,0.0015659031058884395,4.034485627342511,0.6708766731547969
HINDALCO,2026-07-31,0.0027432592236847,0.003204988318065856,4.860134383614418,0.8559342348368372
HINDALCO,2026-08-03,0.0010757429587823,0.0019093389441123489,4.544248286766198,0.5634112068469921
HINDALCO,2026-08-04,0.0012084944249337,0.00203397326372168,5.263125459005368,0.5941545282274001
HINDALCO,2026-08-05,0.0042425811697792,0.005280061517863297,4.729486258981112,0.8035097991615942
HINDALCO,2026-08-06,0.0020624863983588,0.003092676230185157,4.114005819247836,0.6668937337276072
HINDALCO,2026-08-07,0.0008570078705061,0.0012653575824520347,2.293470900001327,0.6772851266638584
HINDALCO,2026-08-10,0.0008313616476082,0.0010479564987079268,5.035355056289399,0.7933169445804512
HINDALCO,2026-08-11,0.0011926565202761,0.001341721120000699,5.355338488465626,0.888900459639093
HINDALCO,2026-08-12,0.0015679587594793,0.0019095414051659178,4.638507277797169,0.8211179685538486
HINDALCO,2026-08-13,0.0006197033662972,0.0009665492626562211,3.4698473763643194,0.6411503171542059
HINDALCO,2026-08-14,0.0007390403449325,0.001086415285455832,3.107211903858644,0.6802558421501016
HINDALCO,2026-08-17,0.0005684873277268,0.0010072271171514494,4.468791381482988,0.5644082829447102
HINDALCO,2026-08-18,0.0006663082340596,0.0009771754635475838,0.383842638375237,0.6818716381197326
HINDALCO,2026-08-19,0.0005158256078535,0.0006631426268743504,4.773306235197013,0.7778501742299195
HINDALCO,2026-08-20,0.0007896531270389,0.0009079493105732146,3.913290599279912,0.8697105860902842
HINDALCO,2026-08-21,0.0010331301992145,0.0011994799789836511,5.792628547014788,0.8613150843000287
HINDALCO,2026-08-24,0.0007490195779404,0.0010529297096671772,2.8571802160706175,0.7113671226706664
HINDALCO,2026-08-26,0.0003840901293753,0.0010201759364950134,0.5234046769264914,0.3764940101360423
HINDALCO,2026-08-27,0.000633305637741,0.0009197057903545473,4.678985561133606,0.6885959014097978
HINDALCO,2026-08-28,0.0007964619786685,0.001231080904117685,3.642558773463135,0.646961524628086
HINDALCO,2026-08-31,0.0011075272795457,0.0012679623621988693,6.249368048841052,0.8734701538183305
HINDALCO,2026-09-01,0.0010100832578484,0.0011871197045253091,0.1976232007351273,0.850868917429266
HINDALCO,2026-09-02,0.0009439313006351,0.0012584462666943195,3.927548531635342,0.7500767618109068
HINDALCO,2026-09-03,0.0004812181360468,0.0008823120009651052,0.7762956036911027,0.5454058604217397
HINDALCO,2026-09-04,0.0008673255691881,0.0012331678152120902,3.281286331106232,0.7033313377862772
HINDALCO,2026-09-07,0.0005391152780555,0.0008210647177145841,3.39348633971204,0.6566050963145947
HINDALCO,2026-09-08,0.0010065430332428,0.0012873194603548108,6.602181153041603,0.7818906372823546
HINDALCO,2026-09-09,0.002395311838132,0.0025308757796947824,6.647434436352537,0.9464359560234398
HINDALCO,2026-09-10,0.0032745196286766,0.0036660977230521447,6.749044756220704,0.8931894008407546
HINDALCO,2026-09-11,0.001374303921867,0.0015195133601522996,4.121606415874836,0.9044368795344153
HINDALCO,2026-09-15,0.0020405238326417,0.0024378594364729547,4.633314021256841,0.8370145555208419
HINDALCO,2026-09-16,0.0016371202810372,0.0019942675381243607,4.382488889821097,0.8209130669483478
HINDALCO,2026-09-17,0.0008073289893009,0.0010679826474414564,4.3292891642417155,0.755938302213993
HINDALCO,2026-09-18,0.0018761152170471,0.0023004614535010073,5.397265452991915,0.8155386451669917
HINDALCO,2026-09-21,0.0030421184918126,0.0033948714194453468,5.839637290143654,0.896092404085696
HINDALCO,2026-09-22,0.0011383742741432,0.0015149843809264092,4.325140932361469,0.75140990790089
HINDALCO,2026-09-23,0.0019398423432637,0.002405205751523322,4.446243323372972,0.8065182540142826
HINDALCO,2026-09-24,0.0010049553772905,0.0013516686809587424,3.465559071870065,0.743492389405429
HINDALCO,2026-09-25,0.0010094230166254,0.0017744749028524064,6.169915423220069,0.5688573081550986
PNB,2026-07-01,0.0013057444326486,0.002417010290269206,5.505502872897711,0.5402312261166115
PNB,2026-07-08,0.0029408078315373,0.0032540506659064538,4.7399748261915855,0.9037375669496848
PNB,2026-07-15,0.0021848089726363,0.0027455222394602084,4.81930064477149,0.7957717264988722
PNB,2026-07-22,0.0009596120857588,0.001090874449712734,4.41978641775329,0.8796723454394775
PNB,2026-07-29,0.0004578367532769,0.0008830667581213729,3.9318108944850056,0.518462221645504
PNB,2026-07-02,0.0020669622050996,0.0025200664939718917,4.832014265278201,0.8202014550186922
PNB,2026-07-03,0.0014570582181475,0.001741581867353112,6.098388989633281,0.8366291849156444
PNB,2026-07-06,0.0017032207523062,0.0017547808418394539,5.529803929236218,0.9706173624056632
PNB,2026-07-07,0.0013583056492302,0.0017073964652353974,5.316956227530342,0.7955420295677673
PNB,2026-07-09,0.0021342568062774,0.002347591378553571,5.495241588332009,0.9091261902624581
PNB,2026-07-10,0.0014319693320656,0.0016001216479430472,6.176826976011772,0.8949127923532523
PNB,2026-07-13,0.0026136899843058,0.003077657369323062,3.688045885673935,0.8492465764246808
PNB,2026-07-14,0.0006191059514871,0.0016625997482181678,3.327087768742225,0.37237221535165327
PNB,2026-07-16,0.0005218739580715,0.00186927210276238,2.480166092166294,0.2791856559033236
PNB,2026-07-17,0.0010639099544886,0.001812555800972509,3.577169112676893,0.5869667316822851
PNB,2026-07-20,0.002805144181501,0.0030209483064490518,4.824230556773122,0.9285641119752502
PNB,2026-07-21,0.0015509867928915,0.002051359821552521,5.623108593815173,0.7560773963670957
PNB,2026-07-23,0.0010682498776121,0.0013430792997594072,3.860188845146821,0.7953736445818659
PNB,2026-07-24,0.0013511323756988,0.0017615415475733772,6.455379770313332,0.7670170354823939
PNB,2026-07-27,0.0013323023842663,0.0014306431302441185,5.090965336460707,0.9312611622710982
PNB,2026-07-30,0.0009507650610331,0.001592938677285247,3.6860432520175026,0.5968623115193823
PNB,2026-07-31,0.0015546288182803,0.0017806609719095425,3.422719173753717,0.8730627799480266
PNB,2026-08-03,0.0016057110604791,0.0020180055653342545,4.712458784489215,0.7956920873075671
PNB,2026-08-04,0.0020039151717897,0.0026356448224362653,5.925768260251171,0.7603130568774344
PNB,2026-08-05,0.0022729505527148,0.002407308421558324,4.347623863311995,0.9441875134734292
PNB,2026-08-06,0.0010164554995433,0.001437306904953313,3.6137122912557462,0.7071944732473938
PNB,2026-08-07,0.0021805712165482,0.0024147955307620823,5.945468862980924,0.9030044940740951
PNB,2026-08-10,0.0010520612343293,0.0014058579499166089,4.1815907153714456,0.7483410641819859
PNB,2026-08-11,0.0013289847199847,0.001699465258208752,2.028249040236458,0.7820016993965849
PNB,2026-08-12,0.0022013694687199,0.0027392971157907658,3.962958986979988,0.8036256658797746
PNB,2026-08-13,0.0011173016890744,0.0014934011955184535,4.262212353920127,0.7481590964486367
PNB,2026-08-14,0.0018014147679915,0.0022838911340956575,5.148709748890058,0.7887480892143304
PNB,2026-08-17,0.0009676491720309,0.0013447480923355908,3.496002708592788,0.7195765344796018
PNB,2026-08-18,0.0013564743917604,0.0016729331870410917,3.7578622881373938,0.810835963006741
PNB,2026-08-19,0.00099547571761,0.0011705200721459266,5.043309392326287,0.8504559138272478
PNB,2026-08-20,0.0021830553317402,0.0024288198409154623,5.439292280149276,0.8988131993015054
PNB,2026-08-21,0.001575502774333,0.001808071063358876,5.303411026720623,0.8713721524894984
PNB,2026-08-24,0.0009263813614039,0.0010772026279720552,4.411400428790049,0.8599880257885262
PNB,2026-08-26,0.0028555211403174,0.0035125099021697122,5.756059343036789,0.8129574634233817
PNB,2026-08-27,0.0007716614640158,0.0016549148011379355,5.508728270550097,0.46628470751799317
PNB,2026-08-28,0.0010506592981171,0.0014676431669462125,4.4062404624776805,0.7158819812470162
PNB,2026-08-31,0.002012169579399,0.0024992917564851344,4.458419824565601,0.8050959133433881
PNB,2026-09-01,0.0023563116648626,0.00280304393319875,4.6902679252437025,0.8406260197904383
PNB,2026-09-02,0.0016689001302646,0.0019612441453426264,5.535969146785108,0.850939509100763
PNB,2026-09-03,0.0027608307826123,0.002965002242392412,6.9279075623814705,0.9311395260141965
PNB,2026-09-04,0.0023584376708369,0.0029448240354397427,4.835995126352718,0.800875584569426
PNB,2026-09-07,0.0018547605659598,0.0022018485669808322,4.0630376142350215,0.8423651806822673
PNB,2026-09-08,0.0009883688459397,0.0012449455987480062,4.681118937146616,0.7939052493005834
PNB,2026-09-09,0.0003893974771475,0.0009975149194321304,4.8191217067883425,0.390367572015041
PNB,2026-09-10,0.0033609423237095,0.003898022936106784,4.878864409872962,0.8622171749113149
PNB,2026-09-11,0.0022419208594917,0.002472507154134706,6.617793234748213,0.9067398877866126
PNB,2026-09-15,0.0026481798046034,0.0030257428787306036,5.766931199013168,0.8752164049426423
PNB,2026-09-16,0.0023142078844836,0.0026665550529234943,4.968172504931312,0.8678642812742245
PNB,2026-09-17,0.0028939409203031,0.003382400923782325,6.111116447233451,0.8555877867568072
PNB,2026-09-18,0.0008832687814073,0.001443062307594324,5.2109645421434125,0.6120794485165126
PNB,2026-09-21,0.0026221982028485,0.002703816171433337,6.412509597612127,0.9698137878428437
PNB,2026-09-22,0.0014486391731256,0.0017498632569578937,6.916616465139617,0.8278585011517035
PNB,2026-09-23,0.0010845934164848,0.0013989542316432927,4.744816728172854,0.7752887063437192
PNB,2026-09-24,0.002033546726503,0.002350122771424631,7.217107888821832,0.865293826871128
PNB,2026-09-25,0.0017952246814351,0.002371742266599608,6.270434333277253,0.7569223295113481
MARUTI,2026-07-01,0.0007160772379842,0.0011538892288938372,3.2742428156711405,0.6205771057163427
MARUTI,2026-07-08,0.0023347590598149,0.002518323942601894,4.875042396185986,0.9271083121270978
MARUTI,2026-07-15,0.001741303376103,0.001941857753820334,6.989876196340683,0.8967203558948789
MARUTI,2026-07-22,0.0004905794361932,0.0007584060329549286,3.779126846722854,0.6468559252908195
MARUTI,2026-07-29,0.0015653297309322,0.0019093790481159241,4.736170282240327,0.8198108869356171
MARUTI,2026-07-02,0.0008981235523132,0.001395552583660314,5.186876092881386,0.6435612407793074
MARUTI,2026-07-03,0.0014104092608249,0.0019253915622835583,5.84406147178097,0.7325311320841784
MARUTI,2026-07-06,0.0010083961411198,0.0013309035017363955,4.183574425559344,0.7576778780761878
MARUTI,2026-07-07,0.0006678567435329,0.001020841848146534,4.659328888840151,0.6542215571838843
MARUTI,2026-07-09,0.0028568688404893,0.0029796989962977533,4.884157972040758,0.9587776631260175
MARUTI,2026-07-10,0.0056803412350892,0.006528312204223454,6.913317262412074,0.8701086984495527
MARUTI,2026-07-13,0.0024055837926045,0.0026517432593275497,5.200304389668011,0.9071707014405789
MARUTI,2026-07-14,0.0005753612893526,0.0009286428165763143,2.432172581093485,0.6195722177379464
MARUTI,2026-07-16,0.0014952935621107,0.0017608539777637339,5.182593869597709,0.8491865770776218
MARUTI,2026-07-17,0.0019370023230922,0.0020750856325908755,6.345612069956065,0.9334565729095865
MARUTI,2026-07-20,0.00110825342098,0.0012798909146049468,5.322611425279934,0.8658967794314528
MARUTI,2026-07-21,0.0033170976571557,0.0033680737869161113,5.468805347138036,0.9848649011317872
MARUTI,2026-07-23,0.0014931469467796,0.0015785055070882267,6.588679475971768,0.9459244456700804
MARUTI,2026-07-24,0.0006695306503221,0.00111219772215553,4.0894572482471965,0.6019888703103032
MARUTI,2026-07-27,0.0008975266758795,0.001245618688380942,3.059199856300615,0.7205468930833939
MARUTI,2026-07-30,0.0008163112098794,0.0016760492133302595,2.805100009434992,0.48704489306576754
MARUTI,2026-07-31,0.0011617307838233,0.0025184147728903547,2.706577504472439,0.46129446043949124
MARUTI,2026-08-03,0.0011171068532002,0.0011865271193417964,5.090147100107342,0.9414928955183882
MARUTI,2026-08-04,0.0005686915069403,0.001050615352820583,0.0,0.5412937336329001
MARUTI,2026-08-05,0.0003248596792529,0.000743479223700289,3.2888466567014984,0.436945201556644
MARUTI,2026-08-06,0.0009320922266432,0.0014791096265155857,1.4444246379186887,0.6301711583332585
MARUTI,2026-08-07,0.0007397463334483,0.0010058853975789637,4.810069836562534,0.7354181055106018
MARUTI,2026-08-10,0.0012923360390486,0.0015375769480389146,3.2881397488617052,0.8405017002218299
MARUTI,2026-08-11,0.0008160205202701,0.0009282934652576692,2.992003901964151,0.8790544701761902
MARUTI,2026-08-12,0.0017608009579758,0.00232708715990038,4.633588775572795,0.7566544942180755
MARUTI,2026-08-13,0.0008438541714701,0.0013144027921805838,4.534727045225304,0.6420057660332207
MARUTI,2026-08-14,0.0012525322840834,0.0014093894440417195,3.0540688168865175,0.8887055947371801
MARUTI,2026-08-17,0.0010523758794764,0.0013542923597749871,3.851213462066573,0.7770669840087189
MARUTI,2026-08-18,0.0008011691049259,0.0009921120444475657,4.368959473694089,0.8075389361611996
MARUTI,2026-08-19,0.0006414166399289,0.0009021351525464609,5.672445431007947,0.7109983887872792
MARUTI,2026-08-20,0.000632819129639,0.0009798566258064005,3.8084648733233295,0.6458282905605743
MARUTI,2026-08-21,0.00140856162446,0.0018277909214468356,5.121011259826975,0.7706360765513685
MARUTI,2026-08-24,0.0004061254700939,0.0008315534689135488,2.7926875272641105,0.4883936935823453
MARUTI,2026-08-26,0.0014538693059908,0.0017742094801612913,6.768260465051012,0.8194462504273342
MARUTI,2026-08-27,0.0040543742123153,0.00617986261862522,6.753548526158219,0.6560621914305987
MARUTI,2026-08-28,0.0008743731052842,0.0009232091498199073,3.8112650044058967,0.9471018625137827
MARUTI,2026-08-31,0.0018126857881213,0.002071503941151546,2.8935954384285547,0.8750578515016634
MARUTI,2026-09-01,0.0040757266077199,0.004950948219834319,6.063427785490513,0.8232214167362654
MARUTI,2026-09-02,0.0011801060393583,0.001378344183679434,4.606577580666875,0.8561766018470472
MARUTI,2026-09-03,0.0019205934467557,0.0022303971356458577,3.4485490789750575,0.8610993154811206
MARUTI,2026-09-04,0.0011462015855273,0.0013474401361823732,3.5711290814597163,0.8506512124351355
MARUTI,2026-09-07,0.0012944735751355,0.0015525640339054598,3.762335137453337,0.8337650150759092
MARUTI,2026-09-08,0.000612382269186,0.0010005510668030947,4.424096163812523,0.6120449915091789
MARUTI,2026-09-09,0.0010880066786685,0.0014030776175016392,4.196640583746259,0.7754429727172445
MARUTI,2026-09-10,0.0025306224912444,0.0031489966823127144,5.583780748963064,0.8036281859102619
MARUTI,2026-09-11,0.0015560985530948,0.0017481575828204813,3.4436778918495707,0.8901363174503909
MARUTI,2026-09-15,0.001796819662748,0.002150906228543723,4.70916215250943,0.8353779625086406
MARUTI,2026-09-16,0.0018617630185145,0.0020118836519381436,5.304795572154104,0.9253830442535654
MARUTI,2026-09-17,0.0019258968797811,0.002370608364473529,4.420230655445867,0.8124061775209371
MARUTI,2026-09-18,0.0006811107648484,0.0010288548842008196,4.455692429283078,0.66200858382226
MARUTI,2026-09-21,0.0009163482048254,0.0010836654389284547,4.258215535026065,0.8456006548769327
MARUTI,2026-09-22,0.0008866328863068,0.001026014363521919,4.473751724600321,0.8641525088043845
MARUTI,2026-09-23,0.0006364446764366,0.0010702500822312535,3.1910159211063047,0.594669121734373
MARUTI,2026-09-24,0.0017259689689976,0.0021641149921881007,6.8226674057387875,0.7975403225927942
MARUTI,2026-09-25,0.0006800557771918,0.0014690970336324839,5.1392373618781635,0.46290732444697447
NATIONALUM,2026-07-01,0.0022212900930917,0.0032303414054672204,5.741483983899108,0.6876332295194116
NATIONALUM,2026-07-08,0.0022276199610106,0.002309893387955391,6.593024925230539,0.9643821540103131
NATIONALUM,2026-07-15,0.00062909505068,0.0016422854731433522,0.2359842446844688,0.38306071688980187
NATIONALUM,2026-07-22,0.001669333426691,0.002128877500402886,4.145409145760656,0.7841378502873377
NATIONALUM,2026-07-29,0.0011097535066468,0.0022775291651748217,4.6866959171188824,0.48726203976475363
NATIONALUM,2026-07-02,0.0034204101340158,0.0035616136302564216,6.837787546394316,0.9603540667519133
NATIONALUM,2026-07-03,0.00067877128647,0.0014347145602465767,5.23690910186786,0.47310545614964916
NATIONALUM,2026-07-06,0.0011233915366591,0.001957627407717326,5.367497020962821,0.5738536006547951
NATIONALUM,2026-07-07,0.0008532167392578,0.0014232647153159144,3.9872920872182,0.599478600204331
NATIONALUM,2026-07-09,0.00089381182916,0.0015094922112456866,4.959413781199171,0.5921274866482383
NATIONALUM,2026-07-10,0.0036241498998005,0.0043770188175177695,6.992604955882532,0.8279950466047515
NATIONALUM,2026-07-13,0.0018096097306152,0.0021102505173366524,6.225665193126082,0.8575331297153803
NATIONALUM,2026-07-14,0.0014574467464945,0.0019194085930943276,5.874512661654937,0.759320736469619
NATIONALUM,2026-07-16,0.0011093728891939,0.0016645764063793298,5.920384531550459,0.6664595779096318
NATIONALUM,2026-07-17,0.0023381801241372,0.0026041566127940866,4.57355420599781,0.8978646340430688
NATIONALUM,2026-07-20,0.0031035104404849,0.0034592650763335922,4.969876784321065,0.8971588970493845
NATIONALUM,2026-07-21,0.0010678920244475,0.0017372664170919204,6.424939366322446,0.6146967522892011
NATIONALUM,2026-07-23,0.0023205015188058,0.0026371163258668497,6.975459591702224,0.8799390061198855
NATIONALUM,2026-07-24,0.0004981208543452,0.0019553726252487225,5.075448091215623,0.25474472124301073
NATIONALUM,2026-07-27,0.0008108859569777,0.0010594071888426649,5.738697141535753,0.7654148145469368
NATIONALUM,2026-07-30,0.0029282630214338,0.0033103158468142354,4.520669864022757,0.8845871986058027
NATIONALUM,2026-07-31,0.0014817424981081,0.0020772061761037152,4.963452276149728,0.7133343406899809
NATIONALUM,2026-08-03,0.0032314941923135,0.003738081134909232,6.201176270489696,0.8644794148888817
NATIONALUM,2026-08-04,0.0014325363015758,0.001569396495688046,5.9162117191637495,0.9127943802039367
NATIONALUM,2026-08-05,0.0011233791997566,0.001456931650673352,5.407478392947616,0.7710582711532187
NATIONALUM,2026-08-06,0.001037230910402,0.0013127961571614696,4.185242270338668,0.7900928904642003
NATIONALUM,2026-08-07,0.0005419453528467,0.0009560002480954217,1.5143043264763425,0.5668882972848419
NATIONALUM,2026-08-10,0.002343053452706,0.002758460792905066,5.237793616852964,0.8494061103686811
NATIONALUM,2026-08-11,0.0011442190804657,0.0018986622046150224,4.475928059724234,0.6026448926430833
NATIONALUM,2026-08-12,0.0006220453040829,0.0014022647386593326,4.303555926801992,0.44360047495569255
NATIONALUM,2026-08-13,0.003382314466637,0.0034918373956754683,5.680435244497865,0.9686345849969678
NATIONALUM,2026-08-14,0.0014484260345018,0.0021196273233701456,4.8270675234057485,0.6833399525152586
NATIONALUM,2026-08-17,0.0008558599626794,0.0017096101434241858,4.655068978510592,0.5006170359782695
NATIONALUM,2026-08-18,0.0012169189103427,0.0017497561887995917,3.4390681310625277,0.6954791291108728
NATIONALUM,2026-08-19,0.0009552393938607,0.0013948804250819014,5.302604048837825,0.6848181225316231
NATIONALUM,2026-08-20,0.0008458810206616,0.0009589626732406706,4.930596629048468,0.8820791927208927
NATIONALUM,2026-08-21,0.0006681467238831,0.0009012519190674983,3.24817377049475,0.7413540096252044
NATIONALUM,2026-08-24,0.0008537676496946,0.0008954087857432372,5.378902638825,0.9534948319564759
NATIONALUM,2026-08-26,0.0011833675135969,0.0017518009014200826,4.875527477765026,0.6755148445451838
NATIONALUM,2026-08-27,0.0010974044360504,0.0015684351733373377,5.120688538246058,0.6996810927896547
NATIONALUM,2026-08-28,0.0013256616970893,0.001502801648251969,3.993552454634615,0.8821268586119033
NATIONALUM,2026-08-31,0.001869220117111,0.0020945798450968493,5.770869417730076,0.8924081464292762
NATIONALUM,2026-09-01,0.0021315065826072,0.002551243497546921,5.508462642561275,0.8354775170056061
NATIONALUM,2026-09-02,0.0009369021663641,0.0013592249095484904,4.477813719630426,0.6892914923662794
NATIONALUM,2026-09-03,0.0013459131070738,0.0018415776651228958,4.493795754833104,0.7308478662418952
NATIONALUM,2026-09-04,0.0004518205710296,0.0016514988411956617,0.0,0.2735821302196545
NATIONALUM,2026-09-07,0.0026326728456533,0.0029997046014025924,2.6744020320570945,0.8776440334899387
NATIONALUM,2026-09-08,0.0010021293545521,0.0014452289538277427,4.814433503574602,0.6934052572763112
NATIONALUM,2026-09-09,0.0032903646204231,0.0034940022916906447,6.005169455929759,0.9417179342578478
NATIONALUM,2026-09-10,0.0006798720782466,0.0009963452685054842,3.890147792053625,0.6823659425476138
NATIONALUM,2026-09-11,0.0025437008271273,0.003152300827917577,8.532022414603379,0.8069346696227845
NATIONALUM,2026-09-15,0.002213228447892,0.0028841440337878223,4.9828023972633595,0.767377919397912
NATIONALUM,2026-09-16,0.0018632792086434,0.0021550368357768058,4.918032928576537,0.8646159442429027
NATIONALUM,2026-09-17,0.0018802540231227,0.0020615105658537344,7.295768560462433,0.9120758604232666
NATIONALUM,2026-09-18,0.0019443706258843,0.0021816812100289825,5.123681769590443,0.8912258202280938
NATIONALUM,2026-09-21,0.000703353936448,0.0008999795415365289,4.536476494715429,0.7815221391001496
NATIONALUM,2026-09-22,0.0018960531647812,0.0023209325706123928,5.360002659153512,0.8169359113612311
NATIONALUM,2026-09-23,0.0008609357143174,0.0015115513771770657,3.7865846834019687,0.5695709238314223
NATIONALUM,2026-09-24,0.0013192220309959,0.0020750598711028454,5.079414541682102,0.6357513098139017
NATIONALUM,2026-09-25,0.0006674199009182,0.0017903100297186098,6.015401701018159,0.37279571126745076
ADANIPOWER,2026-07-01,0.0009229992754717,0.0012856171993783517,0.0,0.717942538352791
ADANIPOWER,2026-07-08,0.0011966256811076,0.0023242904084071854,5.8444391108556095,0.5148348402502924
ADANIPOWER,2026-07-15,0.0041369596154305,0.005397223574657053,5.258625839083421,0.7664977294725775
ADANIPOWER,2026-07-22,0.001455712151708,0.002017090201695698,6.481947485017445,0.7216891691230433
ADANIPOWER,2026-07-29,0.0009039603036848,0.002325840851501707,1.4254087047515709,0.38865956933431073
ADANIPOWER,2026-07-02,0.0016022845898642,0.0019281816206526874,5.1689364054235964,0.8309821920830406
ADANIPOWER,2026-07-03,0.0015474248947156,0.0017989938526837429,5.744011718037627,0.8601613020562289
ADANIPOWER,2026-07-06,0.0021664656290123,0.00287950174490986,6.665505991086824,0.7523751749211456
ADANIPOWER,2026-07-07,0.0008652304597484,0.0011829038791530547,5.08435786277942,0.7314461259252061
ADANIPOWER,2026-07-09,0.0023081152605753,0.0027364551955193516,6.600111340580422,0.8434690487001535
ADANIPOWER,2026-07-10,0.0010452980874615,0.0017790726545904377,4.701799423622382,0.5875522198401386
ADANIPOWER,2026-07-13,0.0019299469681357,0.002716431454990296,5.882366422405425,0.7104714402383455
ADANIPOWER,2026-07-14,0.0022650106244799,0.0031414306638821664,5.0885311982405526,0.721012451594526
ADANIPOWER,2026-07-16,0.0021270334947795,0.003581942648230442,5.8873129070960255,0.5938212036505668
ADANIPOWER,2026-07-17,0.0013414597697872,0.002024221783194793,5.091106710860636,0.6627039492036283
ADANIPOWER,2026-07-20,0.0015056753725804,0.0023118099276386336,6.065079381890054,0.6512972172060665
ADANIPOWER,2026-07-21,0.0014889165934059,0.002364030355183633,6.289916159085964,0.6298212669482597
ADANIPOWER,2026-07-23,0.0007426722449917,0.00199688174891803,2.7919282467591757,0.3719159862090492
ADANIPOWER,2026-07-24,0.0013094311237341,0.001847996134313994,6.153315140749102,0.7085681075951936
ADANIPOWER,2026-07-27,0.0008566903313212,0.000970978477567838,5.795554658667683,0.8822959016219253
ADANIPOWER,2026-07-30,0.0022865170902646,0.00305626616674129,5.155727581394939,0.7481406937480756
ADANIPOWER,2026-07-31,0.0010915406660941,0.0017713682496130184,4.084574870754055,0.6162132951928901
ADANIPOWER,2026-08-03,0.00552055178346,0.005707975083549121,4.897372615556915,0.9671646604363618
ADANIPOWER,2026-08-04,0.0012110074803433,0.002401642250485676,0.1335824867554388,0.5042414123495712
ADANIPOWER,2026-08-05,0.0007489436235117,0.0018857470355464257,3.6938842664378178,0.3971601754604808
ADANIPOWER,2026-08-06,0.0015598569720514,0.0023047568836075103,3.6411917065488977,0.6767989210253885
ADANIPOWER,2026-08-07,0.0017362187980006,0.0021346992510736396,5.391312066824989,0.8133318064019438
ADANIPOWER,2026-08-10,0.0010006500991463,0.0017621834573213447,4.688759705303913,0.5678467216275912
ADANIPOWER,2026-08-11,0.0011990613984442,0.0019721079172507106,4.8649745946523115,0.6080100322885957
ADANIPOWER,2026-08-12,0.0018332094433088,0.002195139305089399,5.215850469332654,0.8351221442113173
ADANIPOWER,2026-08-13,0.0014096815186422,0.001827743015257129,4.134162045405686,0.7712689950801888
ADANIPOWER,2026-08-14,0.0009623587169535,0.0013017874415026981,4.64109955176303,0.7392594875877864
ADANIPOWER,2026-08-17,0.0005747325283856,0.002157324758034065,3.5361662318709857,0.26640983294019416
ADANIPOWER,2026-08-18,0.002594728221423,0.003424219723164579,5.0187572382479875,0.7577575130094211
ADANIPOWER,2026-08-19,0.001103558621658,0.0012704701109781148,5.631408813009078,0.8686222620447069
ADANIPOWER,2026-08-20,0.0031377923604013,0.003442571191814549,4.615180194740412,0.9114676750511577
ADANIPOWER,2026-08-21,0.0010647495093721,0.0014317794684525762,4.994496521149624,0.7436546848397324
ADANIPOWER,2026-08-24,0.0009494358129244,0.0012862190970540444,4.217763423978681,0.7381602520900112
ADANIPOWER,2026-08-26,0.0007520496348289,0.0010785882162307266,0.85410623401505,0.6972537095361935
ADANIPOWER,2026-08-27,0.0012093919087353,0.0014445300432790469,5.741472396000786,0.8372217070612189
ADANIPOWER,2026-08-28,0.0014515749958699,0.0017880740610068976,4.381379527288921,0.811809212786461
ADANIPOWER,2026-08-31,0.007087794558288,0.007469850759718379,4.640870262823805,0.9488535696736219
ADANIPOWER,2026-09-01,0.0008442414796221,0.0013408501826508603,5.193203393568675,0.6296314760184728
ADANIPOWER,2026-09-02,0.0014176207211702,0.001780497627626356,3.840955628709112,0.7961935467783128
ADANIPOWER,2026-09-03,0.0027690706093687,0.002927908747788828,5.414330793841051,0.945750311193925
ADANIPOWER,2026-09-04,0.0013768421553793,0.0017362009419209874,4.633000886838295,0.7930200486217445
ADANIPOWER,2026-09-07,0.0011275201418891,0.0017362320629996902,5.3580894776499335,0.6494063586990106
ADANIPOWER,2026-09-08,0.0012821509800533,0.0018847105303116973,4.270657529228255,0.6802906650292102
ADANIPOWER,2026-09-09,0.0008674104981052,0.0016047478545897352,5.073042546121914,0.5405275948020877
ADANIPOWER,2026-09-10,0.002345403894088,0.002597962826816792,6.455915243146521,0.9027857788718843
ADANIPOWER,2026-09-11,0.0007815852402337,0.0015212390437620534,4.763392205775837,0.5137820012171294
ADANIPOWER,2026-09-15,0.0022713993414564,0.00235577126813387,4.474322569373558,0.9641850090376959
ADANIPOWER,2026-09-16,0.0017772540809457,0.0021506047361442094,4.78732968494777,0.8263973621355057
ADANIPOWER,2026-09-17,0.0009539031871199,0.0015227584684199865,4.586629828458211,0.6264310505589697
ADANIPOWER,2026-09-18,0.0018855403816946,0.0024337204148112816,4.109487675662244,0.7747563648722612
ADANIPOWER,2026-09-21,0.0011011691865261,0.0013327255522026563,4.739417336965612,0.8262535258712099
ADANIPOWER,2026-09-22,0.0011426724938487,0.0013488885768690162,4.985605353530547,0.8471214846381334
ADANIPOWER,2026-09-23,0.0004856387197946,0.0013295185579027988,5.081101061718776,0.3652741188965826
ADANIPOWER,2026-09-24,0.001772795108999,0.0018828326816636904,6.580758445694408,0.9415574343188795
ADANIPOWER,2026-09-25,0.0012078568443834,0.0014463495981114833,4.83529189172619,0.8351071179198403
